particle_id,birth_time_s,x_mm,y_mm,z_mm,vx_m_s,vy_m_s,vz_m_s,mass_amu,charge_state
1,5.881456753561207e-07,-0.14790264184562493,-0.27887114894377557,-1.5,134.32511755882027,35.0124673046817,1959.6285811837352,100.0,1
2,7.801309701043152e-07,0.08009184858246424,0.15790549484612112,-1.5,112.06530850932239,102.65570364774028,1958.6516942538378,100.0,1
3,7.341582979366403e-07,0.10765373017272338,-0.4011871265613601,-1.5,16.637035244135305,-131.81545308032113,1960.0411173375028,100.0,1
4,6.737510599970912e-07,-0.4849767121099817,-0.04017110159777707,-1.5,78.90904694613717,66.07592393376989,1961.8411303804603,100.0,1
5,2.722034342985517e-07,0.15779615871599836,0.41203820036815236,-1.5,115.18119716042197,-12.08244016973823,1961.122278881755,100.0,1
6,4.2303970149919377e-07,0.34595138361528854,0.02055299631887473,-1.5,-140.9268230670477,-42.683142260359574,1959.012778460912,100.0,1
7,4.906482662202744e-07,-0.40835545413217494,0.030124910775155812,-1.5,91.95750262434123,137.47672076493276,1957.5641126729276,100.0,1
8,1.3677852282023542e-07,0.14799153358288317,-0.4696922218391134,-1.5,163.31133968768148,-28.249656246771913,1957.5353507708323,100.0,1
9,1.1595200395230603e-07,0.15551065016543886,0.2569868252641097,-1.5,-33.264676471735115,92.85421795947498,1962.0613756385135,100.0,1
10,7.696808735112113e-07,-0.3090932065892788,0.2662681094203641,-1.5,-116.83692016800573,97.81205760996377,1958.6207447430684,100.0,1
11,4.868281149256884e-07,0.3528767566912448,0.08515628647168971,-1.5,-90.79110085095164,50.40115652399622,1961.7925439998612,100.0,1
12,5.737287546511715e-07,-0.4646442952829543,-0.10769296937853742,-1.5,124.28006023655271,-48.571505355636994,1960.0021841215425,100.0,1
13,6.797813207062159e-07,-0.45932443430206865,-0.0074932353939183806,-1.5,68.12314076866657,-28.04840917803675,1963.1571029086097,100.0,1
14,2.9736384955872215e-07,0.015198333196986465,0.001987274470373836,-1.5,-149.43896612351386,73.1088676999054,1957.4821519323502,100.0,1
15,3.268892962927459e-07,0.3568890687707132,0.21489331869393866,-1.5,-28.74415548188179,12.624412275263275,1964.2880857976177,100.0,1
16,5.772251461165626e-07,0.28398375695437256,-0.25999921303533563,-1.5,-151.59155150040456,16.90931637255761,1958.6085271946624,100.0,1
17,3.315005490547116e-07,-0.3588183894842012,0.03881600990965838,-1.5,96.09480621161609,58.70904672307283,1961.308828899251,100.0,1
18,1.7111991285808618e-07,-0.037308408264127194,0.4270540838679807,-1.5,41.235727554035584,-10.259416043676149,1964.0793378633316,100.0,1
19,2.274290264813463e-07,0.18136147760713586,0.351847955573969,-1.5,2.941515292876544,-42.94464849020237,1964.0673081439866,100.0,1
20,5.159411640415516e-08,0.34109406974104506,-0.1871386512165692,-1.5,97.72461870571681,57.369218215669044,1961.2679464994774,100.0,1
21,6.909929247870546e-07,-0.29297663487072667,-0.28206219489617324,-1.5,-103.92819772253844,70.78314052905007,1960.5106383289842,100.0,1
22,5.645277801653468e-07,0.2027578775434133,-0.07685870420590847,-1.5,43.49638231225586,7.3282599346212836,1964.04369798592,100.0,1
23,2.268780086181203e-07,0.18265752934852914,0.39986671505537424,-1.5,-28.03134620150463,67.84823672658943,1963.1668667409185,100.0,1
24,8.051428008212366e-07,-0.40411106193680374,0.03625956657087659,-1.5,55.18456752123736,45.36844996561826,1963.2395812842972,100.0,1
25,3.940614614703608e-07,-0.16980355685196583,0.3139342543076792,-1.5,-87.2182940815199,68.05854626587598,1961.4214972116056,100.0,1
26,1.51325868820617e-07,-0.2322921534020774,-0.36701142555063,-1.5,84.63299541599484,137.62387401018808,1957.884115992434,100.0,1
27,4.814051526950697e-07,-0.33856184774022025,0.1704222893214028,-1.5,-98.38280224956144,129.6464026018403,1957.7859742014848,100.0,1
28,3.535717391265639e-07,-0.27284954800598327,0.2546530816315244,-1.5,-93.09275238112569,4.54276337170005,1962.3267793670825,100.0,1
29,7.590408605062201e-07,0.0816888596950141,-0.1424255870109654,-1.5,120.92708207834363,-64.04347435179547,1959.7674250989835,100.0,1
30,7.763962685866531e-07,0.17228292082541216,0.3565260940314346,-1.5,-17.50765239366756,44.998680790182284,1963.9454898496897,100.0,1
31,5.573848354216305e-07,0.14279989352293987,0.0033106625202486764,-1.5,39.71598550149687,117.4902448220134,1960.6203021323224,100.0,1
32,6.953735864749113e-07,-0.24209660322825982,0.3417740704355958,-1.5,-85.95667611021099,18.375458171603373,1962.5715473926548,100.0,1
33,4.859118061297342e-07,0.1664057569353506,0.004472180669238264,-1.5,-60.709627172898685,-70.70933598325878,1962.327143276438,100.0,1
34,5.741772403649643e-07,-0.19801473041939713,0.4535267594642376,-1.5,11.92200842381027,130.17022507499968,1960.185415843409,100.0,1
35,3.3779022260987624e-07,-0.24085155790353566,-0.19815746069771756,-1.5,-73.12964595275969,56.90944967767108,1962.352327102944,100.0,1
36,4.2535644966558264e-07,-0.27811772445882527,0.014931245912028596,-1.5,-32.682075240656694,-18.83473331247088,1964.176779479165,100.0,1
37,5.833586266870795e-08,0.05971262505917733,0.46531966618287135,-1.5,-128.30834492852435,36.0747887258012,1960.0124653956216,100.0,1
38,5.748371297135184e-07,-0.028667310620416386,-0.13301281197938605,-1.5,-92.19454763740654,-116.5694269505277,1958.9091404025075,100.0,1
39,3.1928649378979346e-07,-0.033648881634048736,0.015173566719172542,-1.5,156.48643890761144,5.604147468138572,1958.288506383904,100.0,1
40,2.1968441862781948e-07,0.17956003368477091,0.30666311867023294,-1.5,-60.233128989138436,-55.87450023587977,1962.8202405369932,100.0,1
41,6.550159450683984e-07,-0.03151147176985192,-0.16142090967874556,-1.5,93.77822641195148,140.00126343111162,1957.2987959825787,100.0,1
42,1.0191755707686117e-07,0.44768711617076,-0.03641881266293696,-1.5,36.31449593310144,37.532133180858814,1963.8446686614882,100.0,1
43,2.8544765086120027e-07,-0.34868145998743755,-0.25378800850662286,-1.5,-1.3935258259197063,-23.281527287961566,1964.4004975663806,100.0,1
44,3.6576133768346606e-07,-0.06511344602372801,-0.21170895954619645,-1.5,-99.34611037571831,-9.533183190930044,1962.0022311500043,100.0,1
45,7.551224263820574e-07,0.049206430246373487,-0.186641060893426,-1.5,-157.05723210104495,1.857400225889305,1958.2499488510884,100.0,1
46,1.631959667450081e-07,-0.16919581922651494,-0.17853156140052734,-1.5,8.498375215796546,62.15404866342465,1963.5370987377771,100.0,1
47,1.3342935519327514e-07,-0.18320216951964666,-0.3862758175700533,-1.5,-161.64673548960283,-22.382921009136897,1957.7493772234443,100.0,1
48,6.903186801161473e-07,-0.3927557236681014,0.17847308410167226,-1.5,115.42208244184906,40.027524013347936,1960.7368070376706,100.0,1
49,6.503422019331986e-07,0.15247450689020303,-0.3847861766538606,-1.5,4.216397086787516,140.8468179426801,1959.478931281773,100.0,1
50,4.4866134304202135e-07,0.12213132320713546,0.08266131675876334,-1.5,146.28926495943,-12.09719303472891,1959.0473182504911,100.0,1
51,6.018408955479161e-07,-0.08313272097867073,-0.3533556221519386,-1.5,-138.2294952405086,-83.23783223943136,1957.9012631375888,100.0,1
52,1.0534852828228141e-07,0.07817198398706822,-0.010813460167952628,-1.5,-15.847619464272633,-116.44499657029257,1961.0208316071482,100.0,1
53,8.549620248533942e-07,0.23527031354894923,0.06176416684013428,-1.5,-160.85381472034726,24.523453241300533,1957.7890429760723,100.0,1
54,5.990192012495255e-07,-0.2006396412918462,0.11889156289335356,-1.5,116.7792854312292,-43.9897763085473,1960.571545325655,100.0,1
55,1.0587099886170398e-07,-0.20899324693187338,0.11287602051910271,-1.5,112.46391242766794,-105.41182468840387,1958.4824487044693,100.0,1
56,2.70839202409024e-07,0.042182601918543575,0.2546924167625383,-1.5,-16.340140146124888,147.5106576807257,1958.924932700775,100.0,1
57,3.49608424895492e-07,0.26543550603731025,-0.26497713942310125,-1.5,148.09023824007463,49.56525791791138,1958.322203523123,100.0,1
58,7.2845085202074e-07,-0.3997526182183917,0.16329298574788348,-1.5,38.13596540338072,-46.23421264743733,1963.6245394651583,100.0,1
59,3.896250627620815e-07,-0.2881563564101661,-0.2720901310208541,-1.5,142.62448917272226,-7.653804543361311,1959.3399298310549,100.0,1
60,6.028565169405114e-07,0.3194096916913085,-0.029642203675256842,-1.5,-12.769088556838998,-61.26148041024428,1963.5420208545331,100.0,1
61,8.900590848115418e-07,-0.09739142837523779,-0.419178702797736,-1.5,-64.71416991452088,-33.55897330673182,1963.1859712694068,100.0,1
62,7.843575063508079e-08,0.23492710174600606,0.037021405486724175,-1.5,-13.939636371691929,-34.702280784430705,1964.1829661496188,100.0,1
63,3.9786063452436513e-07,0.4578534428507098,-0.03843971486210567,-1.5,124.51012325994269,-6.656931996096791,1960.5780271971641,100.0,1
64,2.823631001285601e-07,-0.22019925134030657,0.3632640292284564,-1.5,110.12218940239012,-84.86329106510155,1959.6133831694851,100.0,1
65,8.485260933499114e-07,0.15131204841359136,-0.19535273554226512,-1.5,32.54833882348497,-124.10578193855835,1960.3447775315906,100.0,1
66,7.022038437622049e-07,-0.10225278280292464,0.27879537110934893,-1.5,-101.73835334966796,126.14936239969848,1957.8429283499684,100.0,1
67,3.3651152755430283e-07,-0.32287985093881516,-0.2809509105042904,-1.5,-5.365628288303521,163.5490722453933,1957.7119801612478,100.0,1
68,8.901341521393982e-07,0.20885711028090082,-0.45060785447756807,-1.5,-38.01664840820199,137.1165873047768,1959.379254303727,100.0,1
69,2.230189243668461e-07,0.26934672607630433,0.1593152039605126,-1.5,-43.35436059361345,89.98573017832608,1961.9980260051038,100.0,1
70,5.203744226639308e-07,-0.3301499293495976,-0.1450235350653953,-1.5,52.65118836309331,82.15396767014434,1962.1141312946447,100.0,1
71,7.860086188712368e-08,0.4410446724701842,0.09247215555922834,-1.5,78.0656912283664,-32.95051234625444,1962.7107015185115,100.0,1
72,8.348612366026359e-07,0.21173409270429064,-0.41928322767167786,-1.5,-20.35299077180741,165.45041451863332,1957.4537548479623,100.0,1
73,7.884156561107798e-08,-0.27731807627864336,-0.0736134547169915,-1.5,52.003047352454175,90.15113074649312,1961.78024838597,100.0,1
74,4.8273589493489565e-08,0.012311903551836794,0.2939456219281906,-1.5,88.57961481462539,13.831728111337675,1962.4921965202507,100.0,1
75,3.5287486581287754e-07,-0.013370175339354563,-0.38893060042108013,-1.5,38.38168527267404,-150.02004638063968,1958.4264393093022,100.0,1
76,6.99997164330309e-07,0.3205010341357954,-0.24639335814619245,-1.5,-96.87603117433828,73.84394667825738,1960.7588817570147,100.0,1
77,1.4422018466346355e-07,-0.3886847483535936,0.1475148488138979,-1.5,156.5543500143483,-54.78301682917041,1957.5246723412738,100.0,1
78,5.71513252290292e-07,-0.015614600215134892,-0.1477034404372388,-1.5,61.76787075540461,-120.14989392256427,1959.888267070057,100.0,1
79,5.954667567390801e-07,0.34418177384115617,0.27865223279610707,-1.5,-49.330551029715856,-74.16549261507448,1962.5186018752534,100.0,1
80,5.241384307635133e-07,-0.3096342304931099,0.03467747130277635,-1.5,-115.94208156162445,-53.717403629952514,1960.3788308733967,100.0,1
81,1.7208950401969145e-07,0.29267016137268154,-0.27169829162714276,-1.5,94.95364269533898,-64.42568964302988,1961.1849536744455,100.0,1
82,6.08518761469838e-08,-0.20018154669547786,0.4002953766591317,-1.5,-22.909707855105008,21.863137796954803,1964.2836950801675,100.0,1
83,1.5054015075789942e-07,0.2443117395451267,-0.17665842876508378,-1.5,58.14193326923209,-44.738939798595716,1963.1686705750847,100.0,1
84,3.334039945259433e-07,0.42570618694004997,0.13993458376973172,-1.5,49.189855516457364,-104.8860896406164,1961.1202289967594,100.0,1
85,3.1483242047849774e-08,-0.17365297746070532,0.3624677105774499,-1.5,-145.15381136553157,-26.328317078322105,1958.9922095383672,100.0,1
86,3.759574267464846e-07,0.23701870085528162,0.007018755984288898,-1.5,67.17056616546458,155.29626927134345,1957.2389915535468,100.0,1
87,3.079452332585562e-07,-0.2763606049536163,-0.3326431289859221,-1.5,116.62603830511736,-69.85270634633287,1959.8296489418353,100.0,1
88,2.2356933977532176e-07,0.443438600589986,0.15085883231035155,-1.5,-34.210747994206656,-26.768776807418107,1964.0586405644926,100.0,1
89,8.522768425528266e-07,0.33052229361279756,-0.23878944503613997,-1.5,142.2913897307367,-79.11815076470465,1957.781081963507,100.0,1
90,2.909296062502778e-07,-0.338766606814927,0.20163414942962662,-1.5,-43.63206095601968,18.11227194385013,1963.9708437570791,100.0,1
91,5.03409185352019e-07,-0.2977577158334559,0.33533110706427316,-1.5,83.60598498019459,125.08070032267312,1958.7695484534195,100.0,1
92,5.384078465838902e-08,-0.09211846191063837,-0.475420260462459,-1.5,61.73985565296763,48.43315843598935,1962.9711423385716,100.0,1
93,8.828206053462814e-07,0.3432981092122892,-0.07082699029851668,-1.5,-15.998659187192422,-56.26721518610034,1963.6678256939344,100.0,1
94,5.443433857469922e-07,0.24035175982129753,-0.2898515427106014,-1.5,-122.8875522195488,82.97048400540547,1958.935382946443,100.0,1
95,8.592095088757154e-07,0.0673475188481002,0.07942351998362919,-1.5,129.8828945414295,107.36079626585207,1957.2984901125412,100.0,1
96,7.309844511900067e-08,-0.21351896804364187,-0.2629964521489897,-1.5,127.38115568069148,5.896990317954711,1960.3960194177025,100.0,1
97,2.8633568652207996e-07,0.04362857363314293,0.01235023048032851,-1.5,-18.09276266362517,126.34191359388535,1960.3886500066164,100.0,1
98,6.113017620791642e-07,0.13769374401349085,-0.4141631969194264,-1.5,-7.126328374379775,88.06035280288005,1962.5513690026726,100.0,1
99,7.213770182170508e-07,-0.04034448858634928,-0.22445462842490252,-1.5,-86.20943421766626,-0.2906292606529746,1962.6464621150276,100.0,1
100,3.80873931489318e-07,0.32384164254545517,0.20893706691081745,-1.5,150.59458590944183,11.809132500581336,1958.7228240234704,100.0,1
101,8.04163654483855e-07,0.3216061257081597,0.3582875535316688,-1.5,91.12768258225032,-74.78888705015373,1960.9986369467774,100.0,1
102,8.395525936667073e-07,-0.04775872748692232,-0.25924746125662246,-1.5,-99.21733134326682,-18.45459566713311,1961.945115268522,100.0,1
103,2.7741504372722784e-07,-0.31692572610335273,-0.20302236635123655,-1.5,-130.56691718707648,-106.11192259647413,1957.3210841058435,100.0,1
104,7.211395814573044e-07,-0.18673668774114036,-0.4516767579395729,-1.5,-98.2891939445371,72.31283662774275,1960.7456169219693,100.0,1
105,3.6759744232789293e-07,-0.36940416370011464,0.05244569621671603,-1.5,-154.37660739753863,-12.661117295213963,1958.4230506873112,100.0,1
106,7.342350804279847e-07,0.05498189337473855,-0.4205277957340127,-1.5,43.315673935936665,-92.12111614490516,1961.8997779238937,100.0,1
107,6.876178533754296e-07,-0.3843858179057657,-0.12888174599431187,-1.5,36.323774609168545,-28.11263683895182,1964.0019219222354,100.0,1
108,8.16878948796721e-07,0.20904467380699132,0.14577709463769573,-1.5,-15.113310621107846,-152.6084975942271,1958.5442350302517,100.0,1
109,7.007813224958807e-07,0.2710998533547717,0.3021066669401341,-1.5,61.62805901267641,35.05673557952489,1963.259100042317,100.0,1
110,6.256892551567052e-07,-0.03932791756358808,0.3942688500745069,-1.5,140.57710421373469,-68.17120406835049,1958.3166370566541,100.0,1
111,8.258152529723975e-07,0.2515286828660833,-0.3982519799811883,-1.5,129.9820420263914,-20.840789403659176,1960.1233676770994,100.0,1
112,1.7441090775547098e-07,0.22626006492966555,-0.15724767877856746,-1.5,36.71202417250459,-18.268520612132498,1964.1109374732205,100.0,1
113,7.777003879695414e-07,0.4469065739769714,-0.2106828158140063,-1.5,75.93426168985003,-18.148620440268303,1962.98698460888,100.0,1
114,8.807825169345192e-07,0.20099613612699668,0.4076758742250289,-1.5,-92.36109210151487,-47.672747093946974,1961.7874564071572,100.0,1
115,3.706189951256862e-07,0.3824670084000635,0.21877071715952331,-1.5,13.198326530198962,-94.9070962158623,1962.2007373178735,100.0,1
116,5.578351354386571e-07,0.36334564359101157,-0.3363807126558598,-1.5,-85.15178074826682,2.962941662065521,1962.6904191640203,100.0,1
117,8.704041093765027e-07,0.016904588842476552,-0.37784977027066846,-1.5,-143.83542121356624,51.57726543070694,1958.587359185476,100.0,1
118,3.143161979113996e-07,-0.1761855899894898,-0.17037321378671516,-1.5,-30.29476345285758,107.60446225733492,1961.355855849666,100.0,1
119,3.4662859233874113e-07,-0.017673342094017164,0.028100996209644253,-1.5,-2.4545285316188186,161.41745738330619,1957.8947024821655,100.0,1
120,7.14744602647793e-07,-0.04886281298148368,0.4153148482421571,-1.5,82.78676909479302,-93.24803358626262,1960.5775785113099,100.0,1
121,7.582730985861186e-07,-0.32162253975712796,0.04979767635480259,-1.5,-40.87909681733769,129.08281586770997,1959.8672945781796,100.0,1
122,6.084191174394698e-07,-0.30652443587312334,-0.13376314871971393,-1.5,35.859693440390814,-57.5433213200321,1963.368568258123,100.0,1
123,4.586240450227078e-07,-0.19024647132027536,-0.119117211883404,-1.5,59.88641468968131,146.31107017376507,1958.1675041595279,100.0,1
124,9.003244352298954e-07,0.40077017995996844,-0.06812924873406682,-1.5,-103.1761182993207,-118.9184950616202,1958.2202037592951,100.0,1
125,3.569684694344993e-08,0.3031592817314502,-0.13501687231483722,-1.5,-13.013990402577921,-115.51135723797438,1961.0968993573401,100.0,1
126,1.344622919731331e-07,0.08125455940058372,-0.3226463214109123,-1.5,-25.168552937511553,141.00339370080616,1959.3105606753663,100.0,1
127,4.5955119729437514e-07,0.029732792356525754,0.4736334199689711,-1.5,34.01394985231249,38.36053336704828,1963.8698548939976,100.0,1
128,3.895868392580014e-07,-0.4292908440492962,-0.1542953945537183,-1.5,-46.88079373281903,-2.359024115530908,1963.9780834954179,100.0,1
129,6.990673864277634e-07,0.34335582541821913,-0.03800801391466578,-1.5,-32.04209035489518,124.9828791475328,1960.2973934155534,100.0,1
130,3.389460000959e-07,-0.29206561644534235,0.08679964475784606,-1.5,18.298228126179993,-57.83554418084447,1963.6021773625325,100.0,1
131,3.6375857227838196e-07,0.11851201050646532,0.22984652447277187,-1.5,-143.07966686514163,88.17762780232906,1957.3365068763842,100.0,1
132,9.055619754807931e-07,-0.21747966380257905,-0.09167216492510578,-1.5,-21.329446690477216,29.110225639836973,1964.2074574069836,100.0,1
133,8.10696967065838e-07,0.35301063763924884,0.018413431883483825,-1.5,12.331215122403277,159.83144427856158,1957.987522130712,100.0,1
134,4.560077105351679e-07,-0.35740160103552776,-0.2145926736758455,-1.5,101.4036016523618,30.83852973076188,1961.677746451263,100.0,1
135,7.933430833360666e-07,-0.2668514723298375,0.39933274414140435,-1.5,-99.76613229427613,19.957612838176715,1961.902571180071,100.0,1
136,8.937742883024896e-08,0.014546473637557721,0.38093658129538266,-1.5,-153.6080161934378,47.130900013593504,1957.9572369924622,100.0,1
137,5.643786885203999e-07,-0.041101153934884026,-0.3147900366876479,-1.5,127.20751382968447,32.21933461252393,1960.1513842477902,100.0,1
138,6.97298156073008e-07,0.13905323512033554,0.030404976177740746,-1.5,-48.675359916656404,-62.32798764244005,1962.9465651309918,100.0,1
139,9.023004722553809e-07,0.12016287952869856,0.2769421106842563,-1.5,-112.47228036807087,106.563431988032,1958.4196453717138,100.0,1
140,7.975052638611599e-07,-0.20444874721668582,0.33606884513901125,-1.5,-106.64407122896243,-128.7791299763885,1957.4106017952308,100.0,1
141,8.938789696956517e-07,-0.1565000829457307,0.16969919709206943,-1.5,95.36956775931164,-26.109966105786278,1962.0489803981673,100.0,1
142,8.381523977634108e-07,0.4417267167519463,0.1501012871063283,-1.5,-45.10989324592792,145.40931132451814,1958.630775817025,100.0,1
143,4.918120605658088e-07,-0.16731751318465515,-0.2097049624893829,-1.5,-155.0828757239825,-23.803929078257738,1958.2635064984865,100.0,1
144,5.189343638272484e-07,0.02770769171750482,-0.11980750890269698,-1.5,22.383279341147553,5.703220792709982,1964.4031532108313,100.0,1
145,8.720819520993408e-07,0.3147462967555981,0.28722332910381454,-1.5,-76.40828395545908,28.002243905629193,1962.8527542190634,100.0,1
146,6.295376719566637e-07,-0.1957790388705902,-0.07662087171540369,-1.5,31.29516908750308,66.07751354137994,1963.1779493622337,100.0,1
147,1.4263254568692566e-07,0.2618718531055898,0.16120696533149365,-1.5,-65.3193518285191,-127.33621622355618,1959.319309500292,100.0,1
148,3.48454150005653e-07,0.10048716117540125,0.031079091526300683,-1.5,-6.63056961443821,-163.55167501585183,1957.7078871507435,100.0,1
149,2.4853651075524546e-07,-0.05487570749024541,-0.28813754929190455,-1.5,-16.718790158943687,-117.42407374820287,1960.9552149975607,100.0,1
150,1.8119616158520858e-07,0.10720886708482957,-0.0006381242592216868,-1.5,0.3774789166905889,74.906597191017,1963.1103243254215,100.0,1
151,4.885071197526882e-08,-0.3468901894077407,0.05270448175650287,-1.5,-111.097523756365,-12.43888405935583,1961.3556282950558,100.0,1
152,4.1326874192866213e-07,0.17850845254913644,-0.014904315487301556,-1.5,68.29692134318742,-53.10383002577794,1962.6331292520686,100.0,1
153,3.232484592676918e-07,0.4070832851049194,-0.18632016087785574,-1.5,8.009634330906707,145.69888641180907,1959.112290432168,100.0,1
154,2.1815082135860375e-07,0.3917808382568663,-0.06676267062148412,-1.5,-152.5163077587201,7.115356974092835,1958.5968022614838,100.0,1
155,3.655839100921192e-07,0.35210237206887535,-0.2449280817852502,-1.5,74.07733952987059,-69.46168468335803,1961.9125639016784,100.0,1
156,3.241342119775012e-07,0.22467039036476733,0.3304936352745903,-1.5,55.68681801936532,-0.5416887019647288,1963.7494675081034,100.0,1
157,4.766997611096955e-07,0.23813379942069662,-0.38291791936206915,-1.5,38.68939781582331,-12.089252115684285,1964.120736295522,100.0,1
158,8.507407825049742e-08,-0.02596785854815176,-0.2612462204977247,-1.5,14.34453351552859,-143.73911816956766,1959.220913152008,100.0,1
159,6.076279840819991e-07,-0.171282869938077,0.23312853037151832,-1.5,125.71014868996407,65.15489587362514,1959.4297855055117,100.0,1
160,2.2011247783099273e-07,-0.22024896558167872,0.0031355729063790604,-1.5,-150.67246973351118,47.21214149408254,1958.1833690505284,100.0,1
161,1.851550937571812e-07,0.22439058108639184,-0.2083477359335725,-1.5,119.64887904952428,31.757960426469545,1960.6348114725174,100.0,1
162,3.595688405432949e-07,-0.38637309003945286,-0.14740886223590877,-1.5,103.84168211699128,67.37775669795337,1960.6352106456716,100.0,1
163,6.706637659168254e-07,0.25910378905675874,-0.04917157092610689,-1.5,-68.21511673311987,-73.52576022578222,1961.9770505024871,100.0,1
164,1.8972740491320443e-07,0.36117374255883056,0.20145850569516086,-1.5,-27.223455072108255,-21.00619415363094,1964.2379971803946,100.0,1
165,2.1629376240264135e-07,0.15836839544283313,0.06176587713960263,-1.5,107.76044154781759,-16.45636368369425,1961.5122129616886,100.0,1
166,7.971770141263413e-07,-0.27312146273206944,0.27150860399149324,-1.5,-78.6105683965667,5.3238177424107755,1962.9583087185385,100.0,1
167,7.773725498310743e-07,-0.35275717190834643,-0.05191428709462024,-1.5,-89.43574815106159,37.93386922995831,1962.1354578071403,100.0,1
168,5.10305726023756e-07,-0.08962690067482315,-0.048842283197075106,-1.5,69.3436183343376,110.44065738824705,1960.2060121472143,100.0,1
169,4.7550531545547143e-07,-0.41834624211427457,0.035506654459874464,-1.5,140.90859132956697,-85.25918574232857,1957.6232851093193,100.0,1
170,3.6011161411562634e-08,-0.3599072088746855,0.3159463231992818,-1.5,-98.00986549576596,-103.70387404985779,1959.3501113988495,100.0,1
171,1.19627923631391e-07,-0.07274100858812926,0.4170330152124524,-1.5,9.505615576707074,154.3108730076325,1958.4460891253202,100.0,1
172,6.760777872161176e-07,0.16998950508322466,-0.11960977427152139,-1.5,116.88177922438865,-95.51442416966249,1958.7314595745406,100.0,1
173,2.204822587788283e-09,-0.1715726035492963,0.02717011835021122,-1.5,-150.88201438793797,6.174002488368938,1958.7265724683582,100.0,1
174,3.8623417604132694e-07,-0.38350386650786966,0.17327359680298968,-1.5,38.04205300708763,-119.4652915342596,1960.5341447135706,100.0,1
175,8.548484141263338e-07,0.08381383736709559,0.3722342540461791,-1.5,68.58492684761197,-97.23431233458294,1960.9321463478177,100.0,1
176,2.3857093894657347e-07,0.1224321707569888,0.4329375613596274,-1.5,-22.319100544360946,-50.71911130140083,1963.757295534715,100.0,1
177,4.250736231038098e-07,-0.36951428819879645,0.11528174944038161,-1.5,-14.340661280539146,-18.807010323744628,1964.3965811573921,100.0,1
178,8.329742483159366e-07,0.38230301566376246,0.27103757586358773,-1.5,-9.566684093674509,-162.45694842914483,1957.786889507812,100.0,1
179,5.141879644414941e-07,-0.20155141768937204,0.1456924790172375,-1.5,-10.192975314065919,-153.52172959725831,1958.504651018691,100.0,1
180,4.4325401514945765e-07,0.3780757288290917,0.009777648392980565,-1.5,-141.22138425674416,44.34556699323971,1958.9546389803895,100.0,1
181,8.555911241008734e-07,-0.1953180690259274,0.3828666192448805,-1.5,-97.99344946046018,50.119626668482624,1961.4531840325894,100.0,1
182,2.5980130681513735e-07,-0.18662309422419954,-0.29355185438799,-1.5,29.96835820429604,46.80719177919549,1963.7525991250568,100.0,1
183,7.635978171333357e-07,0.02332428569914937,0.36582778206728,-1.5,-121.06260035823213,-119.58514722349358,1957.1552124510129,100.0,1
184,1.28853630852933e-08,0.3187161822678413,0.07480983758881227,-1.5,-128.8655148036509,105.3049639672311,1957.4774149206373,100.0,1
185,5.447480546277419e-07,-0.38887594704955925,-0.19741456773984303,-1.5,-8.512936303305088,-72.84792253908891,1963.1693753630545,100.0,1
186,5.662205420103177e-07,-0.2700725258397622,0.27512315635613493,-1.5,-114.54989747525886,-72.48205075976759,1959.8566170952909,100.0,1
187,3.6315237795184683e-07,-0.19079583808472506,-0.24614093636917778,-1.5,102.5128686600715,8.020656620308547,1961.8460864941962,100.0,1
188,2.976575932735982e-07,0.28045215094658377,0.3188580087543832,-1.5,-98.91434773887411,-38.912076644140285,1961.6613082713245,100.0,1
189,8.348785577684111e-07,0.4539284234916613,-0.18663582114146116,-1.5,153.27065593613264,-73.792172238234,1957.1602151105058,100.0,1
190,2.266113926881766e-07,-0.37148573741918284,-0.007758850743678121,-1.5,-133.23650052898128,-35.23996549111128,1959.6988202336365,100.0,1
191,3.569775512385959e-07,-0.01857564100127996,-0.29916451184119613,-1.5,-10.749340095536208,-161.85826424393568,1957.8303400064017,100.0,1
192,4.5215575471081835e-07,-0.4317896464857105,-0.13139856952044654,-1.5,-1.6465813678911438,106.05728235196982,1961.6733744168637,100.0,1
193,1.5542202319719356e-07,-0.19890117783299566,-0.34171350114376253,-1.5,8.848707231563221,-145.92006704192795,1959.0922185239112,100.0,1
194,7.048363115751231e-07,-0.09791327186391251,0.3111558488761378,-1.5,-43.59872928685607,-141.00336665338676,1958.9871075796066,100.0,1
195,8.231026395716968e-07,-0.42567262947300194,0.20723484730944036,-1.5,78.25203162217802,-13.000568111392209,1962.9368026102914,100.0,1
196,7.375530064505168e-07,-0.36717885609393563,0.12751426636426008,-1.5,-110.40734143348426,44.1935941930616,1960.9361110082143,100.0,1
197,2.3124241970514528e-07,0.3792377624913866,-0.28098507143680124,-1.5,160.6004726558809,42.166879316608686,1957.5093176630187,100.0,1
198,1.6773324573704064e-07,-0.27650024742789836,0.1611609357650427,-1.5,68.89341877749906,-69.10557078223087,1962.1140138131987,100.0,1
199,8.784093677742833e-07,0.23861387046649826,-0.06324659000156928,-1.5,118.51851311182118,-97.72763007042494,1958.52392342721,100.0,1
200,1.906683765196033e-08,0.3965694412391413,-0.24588018294165698,-1.5,-65.63647545241591,-87.45681594769587,1961.493422038577,100.0,1
201,4.4941052407242634e-07,0.03737281926125022,-0.46213447138624,-1.5,66.93302627521622,10.087465358788156,1963.3724810392978,100.0,1
202,2.6924374383744784e-07,0.06370439698898417,-0.400938920874471,-1.5,46.714379287204146,85.35081176446056,1962.1280009125526,100.0,1
203,2.2154079473966263e-07,-0.466209586032506,0.16209796507731628,-1.5,-28.074047784524797,21.2972088001803,1964.2228903575187,100.0,1
204,6.280420876878524e-07,-0.23350834221417577,-0.3615808592427459,-1.5,-66.76037440761861,118.16917275420504,1959.8449901167369,100.0,1
205,2.7979669989253163e-07,-0.3050081980446535,0.1778187689675578,-1.5,-54.0636349267112,147.4594807117716,1958.2507784226354,100.0,1
206,5.239958129654368e-07,0.22030709016022734,0.07443289631821103,-1.5,-138.4327421700737,-38.097837905427674,1959.2851290479232,100.0,1
207,3.465654102298437e-08,-0.19708028536748462,0.3034234652044887,-1.5,127.9766849332272,-107.6015665279314,1957.4108299640034,100.0,1
208,5.777869176183216e-07,-0.3667856246513151,-0.0462999454744884,-1.5,-34.914889901419514,-70.2846920316295,1962.9707839892376,100.0,1
209,6.920106923583808e-07,0.08546792491158181,-0.23218033087704953,-1.5,-50.56626434608458,-79.053299572451,1962.2963372036654,100.0,1
210,5.222596360081688e-07,-0.17812619684649902,-0.16886880852740355,-1.5,96.1755257509757,-39.355091851384714,1961.7886561141147,100.0,1
211,6.467530040745226e-07,0.3770959528725857,0.19193628953530179,-1.5,61.520841881232826,-86.86259790444605,1961.6532214858073,100.0,1
212,7.304195918067427e-07,0.2650397779188141,0.24115723609449877,-1.5,-59.241062050903864,-116.77292352481712,1960.1703668724,100.0,1
213,6.152309997964541e-07,-0.3054421785869709,-0.3653986244707802,-1.5,33.52581855114435,-88.81458266431375,1962.2439388778273,100.0,1
214,7.389625132781544e-07,0.3739905954096051,-0.07287225300582918,-1.5,-20.971248870104578,-113.41499510545668,1961.1503083323798,100.0,1
215,8.802342647251913e-07,-0.3770195302116808,0.20947269794880752,-1.5,79.97637727675885,-150.71174666603173,1957.115999311408,100.0,1
216,2.995202811097927e-07,0.1678591715353873,-0.22470208762443786,-1.5,-37.51374965026067,-85.558201463961,1962.3164370242534,100.0,1
217,6.592344104574258e-07,0.04147635740702851,-0.36696126509029003,-1.5,-20.509929157964137,-27.286150144675357,1964.2423717765455,100.0,1
218,5.077287810269524e-07,-0.43233438477131103,-0.0005982484919030049,-1.5,-122.67667193845432,59.01494562264488,1959.816561982624,100.0,1
219,6.42477642045715e-07,0.21739089133617695,-0.16615991168210803,-1.5,136.8816473185013,-72.25785513768459,1958.431899062208,100.0,1
220,6.182401881811183e-07,-0.28799236888359153,-0.19774928287977803,-1.5,-54.76880224614578,41.12743161543888,1963.3446459894328,100.0,1
221,5.146640414911147e-07,-0.1927481372851642,0.14643704878828462,-1.5,-166.80843788498726,-11.347704025095846,1957.4114184120467,100.0,1
222,7.684745758231303e-07,-0.38178538435497544,-0.027987358192335172,-1.5,-72.83268984555812,-51.50102220657765,1962.5127592623874,100.0,1
223,3.058547890798934e-07,-0.023172620974002547,-0.41832185961477425,-1.5,37.54114154438829,-119.90796044259164,1960.5167762557335,100.0,1
224,4.5508908438477445e-07,0.25169473842968254,0.4158217322748277,-1.5,-67.98121138569897,-61.73462630977838,1962.3915707827161,100.0,1
225,5.734969122360525e-07,-0.29882881652699816,0.3241975823160782,-1.5,20.587232719710354,156.25751757962888,1958.206587751897,100.0,1
226,6.123437770090449e-07,-0.022706193220436776,0.19938440379922043,-1.5,46.23744128308789,144.33196376348263,1958.68416788565,100.0,1
227,2.2961590325163951e-07,0.2143723057937835,-0.3136014277662931,-1.5,125.08774470627152,-85.34594298426701,1958.6940578882034,100.0,1
228,8.265730396002017e-07,0.06006859688446468,0.3726650208939142,-1.5,-75.885567718515,-36.28568576946187,1962.737378226239,100.0,1
229,6.376673420377873e-07,-0.17258950490351768,-0.22669669482661384,-1.5,-41.03350997840561,-61.28107693263906,1963.154137334855,100.0,1
230,6.920964702106152e-07,-0.09420773172140164,-0.366290994789202,-1.5,-63.00482330858302,-137.77723160196933,1958.6886207251225,100.0,1
231,3.7214016783776044e-07,-0.48059502655430425,0.10156396868923648,-1.5,38.48270501353948,22.06431189677522,1964.0380683228861,100.0,1
232,4.3699068963919066e-07,0.29339593560394855,0.2601032227845435,-1.5,-83.89346519490212,57.13440244403347,1961.9150931732713,100.0,1
233,3.802817831436624e-07,0.2798078691959824,-0.22937757484701005,-1.5,21.735512507082063,35.173866595081,1964.103778538939,100.0,1
234,6.575610025823044e-07,0.048622080775961043,-0.30674655002815254,-1.5,90.91382219935444,-73.58481936166756,1961.0541138782341,100.0,1
235,1.375037976821438e-07,-0.07014769789135031,-0.23365845070521737,-1.5,113.04007412451872,-74.04111682280801,1959.886002023507,100.0,1
236,4.318179734723613e-08,-0.054004700442341805,-0.2971966319803674,-1.5,62.15805891159667,-70.85935449911017,1962.2763856955632,100.0,1
237,3.155749039209409e-07,0.17853461157105602,-0.05903892970540966,-1.5,128.4173296928225,8.828879560405882,1960.317404551213,100.0,1
238,2.241767345379034e-07,0.23939660078419817,-0.08362112880502137,-1.5,-86.50695755483055,1.8060485157459045,1962.6325613189792,100.0,1
239,8.53495780094264e-09,-0.07745796748740587,-0.4744763297500732,-1.5,66.83331015615029,148.7040655723752,1957.76242067365,100.0,1
240,6.469065647464219e-07,-0.12876828473569182,-0.03721827418309016,-1.5,133.23638250396195,59.15284829800361,1959.1228376958966,100.0,1
241,4.1149457273971377e-07,-0.2228416990814258,0.30432036194183354,-1.5,56.91672952123052,101.68820754811475,1961.0796211812487,100.0,1
242,1.1803176796477476e-07,-0.16203759620295496,0.13948853936246214,-1.5,34.493118675880154,-26.752313512569216,1964.053926131324,100.0,1
243,3.756804308325935e-07,0.43329175135216413,0.0697410262493076,-1.5,-22.590963758464827,107.43247494833355,1961.4691427471068,100.0,1
244,1.0644395547789468e-07,0.27098900170420137,0.04161865906096776,-1.5,-121.28683153562886,88.6148411408094,1958.7879417363606,100.0,1
245,7.475068311001975e-08,0.03847693991503271,-0.06714194659651382,-1.5,-35.261543168086654,-103.59945598706793,1961.4884813729395,100.0,1
246,1.5518479580572216e-07,0.4670643647277523,-0.03721068239436592,-1.5,130.54394236466322,-48.090328419108666,1959.6068191580077,100.0,1
247,8.474487692137787e-07,0.3115425218667883,0.33956241395756687,-1.5,141.338468305328,-81.66553813794103,1957.7455053003891,100.0,1
248,5.199683129674067e-07,-0.13998749974047797,0.14996006078221857,-1.5,-35.72821644877973,68.33943568385912,1963.0248348775244,100.0,1
249,3.788126578550315e-07,0.05049859184074973,-0.0884195357885677,-1.5,76.15037386756381,42.28863395399935,1962.6069597003539,100.0,1
250,6.956807657875531e-07,0.09902632392565212,-0.20602161097776633,-1.5,-33.027004985718925,7.345660270805598,1964.2475771864886,100.0,1
251,9.719205004356977e-09,0.27481377646219424,0.11513344852375965,-1.5,-39.71067984882075,98.8416470578858,1961.6489688471177,100.0,1
252,7.378015819890814e-07,-0.1328614027627892,0.4001053196158124,-1.5,18.95076034451999,-162.31900921952644,1957.729985006739,100.0,1
253,1.858268546114672e-07,0.3142655998377693,0.2394566328333867,-1.5,-166.99509159502165,24.42498488710465,1957.276001427128,100.0,1
254,8.836194011712288e-07,-0.29684875773953434,0.2887175161808303,-1.5,-66.76563517425684,127.37493630697709,1959.2680423634492,100.0,1
255,8.432948545458761e-07,0.32368667388835287,0.09722540057905917,-1.5,-50.94146366481405,118.94574038646486,1960.2729821098217,100.0,1
256,1.5165631260804362e-07,-0.05478023027204484,0.3776349687004254,-1.5,-144.0543888425078,-63.28864212040268,1958.227812870581,100.0,1
257,5.22015507827074e-07,0.22374365163657897,0.33734760543807685,-1.5,-8.974206743056262,-110.03727328670308,1961.434308960433,100.0,1
258,5.495853584643866e-07,-0.34472513419342443,-0.2108177188286727,-1.5,78.88121515580842,-14.875512544206622,1962.898305895703,100.0,1
259,9.022674383002352e-07,-0.3021960680149131,0.25176806031902454,-1.5,30.92411037922323,148.49521317672375,1958.6745919950522,100.0,1
260,6.813393696495437e-07,-0.30761892104563765,-0.21778969373875623,-1.5,94.71893801263299,5.373120408392278,1962.246859756684,100.0,1
261,4.954219407674067e-07,0.014483536796212922,-0.3581505514072524,-1.5,123.51556730998477,-109.00584990324441,1957.619706578654,100.0,1
262,4.0998544946855527e-07,-0.3492986204790834,0.01032320995881484,-1.5,111.95757899733842,27.332635098958605,1961.1557087160961,100.0,1
263,3.9417927540865593e-07,0.15109217395554225,0.362507951774654,-1.5,-62.79660295236431,35.8452836435963,1963.2078312201907,100.0,1
264,8.335242600096643e-07,0.34138802569443794,0.06558154343455651,-1.5,101.90796510069534,76.8940620489695,1960.3865323289629,100.0,1
265,4.0751958667841496e-07,0.4180547588645784,-0.2567625824588879,-1.5,144.1074396735853,48.9331256128081,1958.635208841763,100.0,1
266,4.561932336306764e-07,0.4407198624788303,-0.17502320656164905,-1.5,-131.2046691516653,-79.24383492143588,1958.5502382338518,100.0,1
267,4.984444069689918e-08,0.20619615662835963,0.42982485100197415,-1.5,-27.160124129839403,-107.81896891933093,1961.38998770376,100.0,1
268,8.192806454722181e-07,0.3884644918709998,0.018236318176683617,-1.5,19.467813358897498,57.169495486242894,1963.6104347082196,100.0,1
269,5.608998642211464e-07,0.45961029563613515,0.011584293168174008,-1.5,61.87635590444316,77.1988951125661,1962.0461088974225,100.0,1
270,3.7476502446008624e-07,-0.2544918325467351,0.08555158357708369,-1.5,45.01540492615781,-151.3238337777114,1958.1848730179388,100.0,1
271,6.750464130883839e-07,-0.3185907194501165,-0.1377577886947872,-1.5,136.57300149398483,-75.86689924240501,1958.3169598224895,100.0,1
272,7.866113152477297e-08,0.05955250853456275,0.26094206825454386,-1.5,-91.85698960196274,16.709196507371377,1962.319133698562,100.0,1
273,7.289307635252059e-07,0.2995353670187066,-0.3654969578561459,-1.5,22.2956536656157,-53.84608527843207,1963.674308329653,100.0,1
274,5.884474078952966e-07,-0.18567779474354762,-0.2478824545789017,-1.5,-73.26614066863866,87.48294055899649,1961.222091964295,100.0,1
275,8.625115863958975e-07,-0.29432853091771816,-0.101530918394131,-1.5,3.0070380184407264,-119.02697592433877,1960.927541494278,100.0,1
276,8.540445643993568e-07,-0.07765330574366858,0.26152787312533976,-1.5,18.16774895217833,-18.56859070378806,1964.3671822252115,100.0,1
277,4.797766610390286e-07,-0.1535349154801996,-0.17182400952458374,-1.5,-77.38654654433813,-52.399450826846575,1962.314680736277,100.0,1
278,6.141243334395199e-07,0.14553047483693643,0.3370439213156504,-1.5,78.72641531599112,47.12742016126922,1962.3950784861258,100.0,1
279,2.5269543902532624e-07,-0.46580448614065945,-0.15338167164831443,-1.5,64.48514742321095,32.398149810320575,1963.2130072706848,100.0,1
280,4.5303331308005327e-07,0.33792801549570894,0.04627907410827469,-1.5,103.29587386922142,-37.28548290038261,1961.4670635706862,100.0,1
281,7.792459858998036e-07,-0.27013828071233353,0.3397243555883571,-1.5,143.43956734131564,-68.12415962412894,1958.110690349903,100.0,1
282,7.627881089375863e-07,-0.3067381237739597,-0.2249192911832615,-1.5,92.10396385441747,74.77015006957292,1960.9537400884828,100.0,1
283,3.3507305856185747e-07,0.2276837289540757,0.4435378064470954,-1.5,-98.19737563060642,-47.67036478931164,1961.504039762918,100.0,1
284,1.5603860594662172e-07,-0.40448182035689617,-0.10649574912543844,-1.5,1.7262199843545252,-102.74463154186387,1961.8495984962822,100.0,1
285,3.2217081012100666e-07,0.15881941722646936,-0.14947508853860697,-1.5,-60.03803307499322,-30.159372414200107,1963.389704848785,100.0,1
286,5.576667950502049e-07,-0.17583233971678713,0.21465212885836568,-1.5,-48.11068842682303,-155.63775673150258,1957.7731065179166,100.0,1
287,2.408266068773031e-07,-0.050284578827434825,0.2573242398456267,-1.5,-84.40696758825318,55.06277617718057,1961.952303387712,100.0,1
288,2.1818262697287534e-07,0.3826667434442672,0.10199882503465656,-1.5,-2.657509461091137,-133.08326749062994,1960.0242518457808,100.0,1
289,5.075912408358015e-07,0.10868107751578242,-0.03477605588112189,-1.5,-12.922878444834774,146.3518937444561,1959.0373678611245,100.0,1
290,2.968801167926825e-07,0.4752633618855647,0.025937729575827653,-1.5,76.5810831667471,-79.7880420339044,1961.4235881918864,100.0,1
291,8.765370597532712e-07,-0.2622713428185227,0.3350912043045527,-1.5,-77.52880070763005,-142.10915757282623,1957.8579005282556,100.0,1
292,7.764591833803457e-07,-0.05361491384871878,-0.49087227279849455,-1.5,-76.1121072300661,-138.9290917851883,1958.141706019989,100.0,1
293,7.593377487025031e-07,0.38746203707600546,-0.012900288003663399,-1.5,84.30692980058555,138.03250786718473,1957.8694171536633,100.0,1
294,8.151004277381384e-07,0.4363355613702743,-0.10752962767548566,-1.5,-44.1833352976105,30.383853346211065,1963.8070018726244,100.0,1
295,3.0645248916852636e-08,-0.03369165583242518,-0.08204643482735671,-1.5,42.82395702900289,-48.00468305393421,1963.4854074770712,100.0,1
296,4.2352931211826626e-07,-0.15219296603579408,-0.4101125380767498,-1.5,-57.588433484706755,141.04378399743732,1958.6228604789114,100.0,1
297,1.0766534533885037e-07,-0.02887069377040689,0.3088749145046573,-1.5,3.799355722498215,-31.387700234631104,1964.284516926254,100.0,1
298,5.691417808932517e-07,0.11249103085626541,-0.40835353444229744,-1.5,-87.35537471461708,41.04653500077715,1962.166533895385,100.0,1
299,6.382591152722722e-07,-0.20529571778106934,0.290441304342526,-1.5,-126.88773780298457,-24.246008854782282,1960.286948208345,100.0,1
300,7.148913090344277e-07,-0.009200240440336039,0.156792196545429,-1.5,-66.75847625183417,-64.39041108079363,1962.3482023013935,100.0,1
301,8.222505749707514e-07,-0.3491979058852137,-0.18224892597577635,-1.5,-4.758366399070886,-99.76929740725586,1961.9981476826642,100.0,1
302,1.4206635188526637e-07,-0.050042745088541445,-0.08960198362357653,-1.5,-82.5693003995747,-78.85572487818206,1961.2183385721214,100.0,1
303,6.962206782082513e-07,0.2254928467662364,0.018995064624402674,-1.5,-120.24310378124125,-64.83888497728822,1959.783355693707,100.0,1
304,8.924730631956641e-07,0.3920141133381158,0.27832440196385994,-1.5,95.06908940543777,51.43524092848361,1961.5630427025233,100.0,1
305,6.647824018408467e-07,0.46203888309614016,0.11276347151694639,-1.5,-102.50272951433409,58.34327563119066,1960.9952929308283,100.0,1
306,9.071623490672319e-07,-0.21147437760541493,-0.42962005860468,-1.5,121.5988589351975,-75.35576230200225,1959.3234834655746,100.0,1
307,1.7221554123397966e-07,0.4009321640507294,-0.0524678070836915,-1.5,-36.178287577399885,-162.3193795364368,1957.4873784525416,100.0,1
308,5.279705383720243e-07,0.19168698094843986,0.20830268638773533,-1.5,15.670384093499296,-1.2699224472260044,1964.4760402268773,100.0,1
309,8.281505792530021e-07,-0.18652079640571198,0.01753675531203492,-1.5,23.84486154579073,165.76135025086916,1957.3880258157815,100.0,1
310,8.710520250335748e-07,0.32754646517965536,0.011656398117207353,-1.5,-133.82376748163946,64.78745163772362,1958.9045590925152,100.0,1
311,7.129195935282826e-07,0.0688499530970543,0.42105843867862464,-1.5,-1.8494764823073873,135.58813617347002,1959.8534952980228,100.0,1
312,3.616877192059732e-07,0.10448936015458343,-0.4323298893048533,-1.5,163.71013888667983,4.720791229158311,1957.7001789911565,100.0,1
313,3.7205789176473023e-07,-0.1527160872100011,0.11487608776323469,-1.5,-61.94419482753102,96.1280339966658,1961.2076901932737,100.0,1
314,5.901340953710774e-07,-0.048488457026526724,-0.4820647747163836,-1.5,6.497919428943522,161.49577896852284,1957.8789995003717,100.0,1
315,1.6786812095789714e-07,0.44358164746215173,0.014456736809760755,-1.5,40.947082182738434,85.68981577159744,1962.2420539270586,100.0,1
316,1.101634721074067e-07,0.39074185142384765,-0.19502613729998283,-1.5,-99.84657255615349,25.91383667301024,1961.82884607292,100.0,1
317,4.955883347158131e-07,-0.02674533643175206,0.39101264604410363,-1.5,-81.71869218427135,-82.30716522340227,1961.1121518584068,100.0,1
318,1.507818350365883e-07,-0.29163750013849254,0.13880498183259968,-1.5,-77.31706422590517,112.64838615922187,1959.7820539389938,100.0,1
319,7.847004485116429e-07,0.09436129086007794,0.33036266492522504,-1.5,-18.867496597627657,-64.07041100660899,1963.4032408732837,100.0,1
320,7.24308456891521e-07,0.20901644105640105,0.42974748509837357,-1.5,31.67080484960694,-132.650040605737,1959.7995339099368,100.0,1
321,7.560539415532488e-07,-0.026357027228568884,-0.06615723001727353,-1.5,-158.09302054553427,-9.307241908316007,1958.1453619098304,100.0,1
322,1.629351422448757e-07,-0.1928134401686905,0.055533484334880305,-1.5,-57.127036690798136,-20.90732337685528,1963.5968709931974,100.0,1
323,6.234828375930024e-07,0.021595359822045728,0.20178055703829298,-1.5,-22.456742517366123,0.17110629956060933,1964.4105863348107,100.0,1
324,1.226733899051081e-07,0.0040725118555322345,-0.3439556588574236,-1.5,6.1888343952549985,76.32490588903181,1963.045973311881,100.0,1
325,6.477362022754054e-07,0.00629025481847138,-0.23789450752861685,-1.5,109.64599760312637,97.43913316274822,1959.0550418005714,100.0,1
326,6.362630466444239e-07,-0.02626758733889677,-0.438041961902934,-1.5,161.40467510387035,44.38050580357791,1957.3942341351076,100.0,1
327,6.368032345575708e-07,0.13502501307944484,-0.3368702683192704,-1.5,-44.78784172576104,-124.21866226693574,1960.096186273595,100.0,1
328,6.133043847122405e-07,-0.08955058541688965,0.3157049509147633,-1.5,94.55267685274606,-108.56443472299229,1959.2567062739352,100.0,1
329,5.792061084257034e-07,0.247764398322245,0.3827203878266343,-1.5,71.78016159363919,34.907513781350474,1962.916799089897,100.0,1
330,9.124612398245498e-09,-0.24594277243921153,-0.007160406827481806,-1.5,83.67115983184358,-9.92130035575175,1962.7312579866293,100.0,1
331,5.486655051958681e-07,-0.19129546259913469,0.06027268470229482,-1.5,136.05647572350608,98.1769729107523,1957.3612859331595,100.0,1
332,2.858774180982076e-08,-0.43586001489528553,0.11603249301915415,-1.5,-139.4753331422498,-31.36728561106833,1959.330500733448,100.0,1
333,5.168750791601785e-07,0.06813367921457127,-0.30657091356199784,-1.5,-23.85765756098716,155.42931645744954,1958.2353857561159,100.0,1
334,2.915381329904644e-08,0.2197080399247323,0.29624163589070723,-1.5,-40.943136449820436,123.76174232885491,1960.2091666400065,100.0,1
335,7.134697080929207e-07,-0.010583204931023979,0.03659790010487992,-1.5,-97.6601380562611,-63.19278462310165,1961.092158893238,100.0,1
336,2.677110069771689e-07,-0.17230663384743825,-0.38965236598448183,-1.5,39.78418846175627,-156.43094728416648,1957.8967958874516,100.0,1
337,2.0848859439590886e-07,-0.2582563557118784,-0.14573410002923362,-1.5,146.7514428507344,-39.67309699697398,1958.6483466059005,100.0,1
338,4.1928720947300785e-07,-0.31847377969016893,-0.36390861536972824,-1.5,-33.012035578732295,-140.00015776072289,1959.2660481925502,100.0,1
339,5.879839799588608e-07,-0.22798886180262196,-0.22392545407760592,-1.5,-56.91546546788031,149.9800443537349,1957.9785244870172,100.0,1
340,2.7891222221878677e-07,0.14967810678310034,-0.31753240996705634,-1.5,-25.677938390476633,-83.59684421020052,1962.591525861722,100.0,1
341,3.880028737307201e-07,0.07118786806886986,0.1150008874542632,-1.5,-131.92660204919105,50.833354002306194,1959.4449795946714,100.0,1
342,2.1919670130493673e-07,0.12257873215924385,-0.0018151417412118531,-1.5,104.28790173829566,-85.85276328070466,1959.8894414875094,100.0,1
343,2.4208088003388087e-07,-0.06849340277781901,-0.3124283439173409,-1.5,-133.5228489970435,54.78085210964423,1959.230459467182,100.0,1
344,6.706469684561697e-07,-0.21469229489507047,0.04793267018092072,-1.5,47.60096042736557,126.72855052799916,1959.869207195622,100.0,1
345,6.756627280270341e-07,0.193701579986663,-0.14378821030777025,-1.5,102.94401761093364,-110.0431510575672,1958.7512145266362,100.0,1
346,8.533403079953526e-07,-0.20344482471027053,-0.3998693892893598,-1.5,-94.8501795247748,-93.35940491487547,1960.0257016743913,100.0,1
347,5.80830258017107e-07,0.07071092427485433,0.18491862503651046,-1.5,-18.86152306586172,-64.69959073178656,1963.3826657513575,100.0,1
348,5.627572269164292e-07,-0.36389582734272913,-0.07149122013074738,-1.5,-0.8137289486677839,-169.94483866376493,1957.1743345759662,100.0,1
349,4.916754205248847e-07,0.0074730868941515665,0.44527394979224044,-1.5,-35.723311311341774,138.3967523388952,1959.3324042227064,100.0,1
350,7.376461963998737e-07,-0.241482012007052,-0.2444438664530195,-1.5,-150.64780851914125,-80.20277140476304,1957.1116573955373,100.0,1
351,6.414628483811668e-07,0.3377653667628769,0.016213116161218653,-1.5,98.29614408539857,5.135343659130032,1962.071553886243,100.0,1
352,3.4431457485599303e-07,0.41088418730238313,-0.26069175532258027,-1.5,-51.087540996943254,26.803169593266016,1963.6916610101423,100.0,1
353,5.225147040105868e-07,-0.3728708656945658,0.3251264334652925,-1.5,67.85311281291496,153.51576361334804,1957.3559082777817,100.0,1
354,2.3020916517155685e-07,0.241617934369876,-0.026631794657016265,-1.5,18.754708350608254,49.8752300396959,1963.8161850359882,100.0,1
355,1.2683281621518094e-07,0.13982565083279697,0.11727498706822247,-1.5,35.817544860626455,8.79862479792431,1964.1927028547768,100.0,1
356,4.827398660565484e-08,-0.4696959536039667,0.04609338318622281,-1.5,-37.50744606610682,149.4316902949438,1958.488357813578,100.0,1
357,5.369317986059495e-07,0.2077924242782162,0.35805612255872316,-1.5,-16.278756087601426,66.65023773194466,1963.3405293470225,100.0,1
358,2.898372148127088e-07,0.18695711715318516,-0.46040418401362787,-1.5,74.17078388154034,128.07515238421388,1958.9560322851275,100.0,1
359,3.9506914729213344e-07,0.45181042167308644,0.09482370412619617,-1.5,119.74322307030415,0.3943549693294255,1960.8862004917635,100.0,1
360,5.432663706097085e-07,-0.4070605280625953,-0.19144450061325546,-1.5,60.04054156476042,2.4963195204194726,1963.6196648087414,100.0,1
361,4.481281178548835e-07,0.3004263764760501,-0.040678653489908276,-1.5,-78.20549394199638,54.3231036861554,1962.229901767202,100.0,1
362,2.3370832921253567e-07,0.3431668139319337,-0.10109832095090948,-1.5,-88.36567524314738,-130.56301387807537,1958.2027711940425,100.0,1
363,1.4716593905153078e-07,-0.09785218834950103,-0.005679785192413166,-1.5,0.03271482977452417,-34.883133526993056,1964.229225979292,100.0,1
364,8.431369026965769e-07,-0.028826483422538924,0.27034179640158096,-1.5,-45.363525037373705,117.03430181193181,1960.525034030861,100.0,1
365,5.863931745036775e-07,0.017334137114871275,0.42085242640444,-1.5,-49.57498294094864,-100.1422645122505,1961.3584920128433,100.0,1
366,7.144730103078749e-07,0.3453544232208573,-0.15512838746346538,-1.5,-34.714092071740296,63.186323841308386,1963.215654623095,100.0,1
367,1.885211514283371e-07,-0.10569798340847532,0.4776013334743281,-1.5,-154.47334233801305,67.16440573209121,1957.3043236491635,100.0,1
368,8.366469257352239e-07,-0.3785194172596901,0.08562947113796965,-1.5,36.55998025484295,-157.86339649235788,1957.8446828484107,100.0,1
369,3.240241875775627e-07,0.38713633353046883,0.23791119510882008,-1.5,-137.02129781892035,-31.31619147799482,1959.5044644913323,100.0,1
370,2.9477768796008365e-07,-0.22625370148550283,0.4147718932950864,-1.5,61.773319301901275,-130.18118569805054,1959.24735604742,100.0,1
371,6.500165462895683e-07,0.34445380279104926,-0.14039763465782515,-1.5,48.61425556315596,155.95310368300125,1957.7355719999089,100.0,1
372,6.730660454916984e-07,-0.1114026685958716,-0.4475954523982517,-1.5,-40.73616633010878,149.0705290145148,1958.4513852526925,100.0,1
373,3.004266526201031e-07,-0.3508106916144323,0.3022243268500296,-1.5,-31.645164444154382,-111.66735842889449,1961.1074093213115,100.0,1
374,6.876770072244234e-07,0.2669555059019869,0.2660014031436901,-1.5,148.00584769858813,-84.92068377947585,1957.114210458751,100.0,1
375,7.490019856822453e-07,0.344158430068517,0.3036631588803358,-1.5,-63.70583034852809,-21.82542704783656,1963.3844514460013,100.0,1
376,6.238686920874772e-07,-0.08943225858646994,-0.3227616946605217,-1.5,150.08285631395012,-27.02385120306556,1958.6112768931287,100.0,1
377,4.12749201751664e-08,0.36183173734288127,0.04671402645284565,-1.5,15.225780024748007,-109.17959737758753,1961.4436717390681,100.0,1
378,4.4789242957187307e-07,-0.42027550099576644,-0.1769241633833126,-1.5,89.88211180475632,83.91248518360365,1960.686917147651,100.0,1
379,1.940319470544542e-07,-0.038290856873965086,0.31706903522762186,-1.5,-85.91375125454788,-100.95480091225788,1960.0612852113245,100.0,1
380,2.3101650932338887e-07,-0.2030588323445681,-0.3188564182192575,-1.5,13.088972748288596,-14.929591694290089,1964.4386150629314,100.0,1
381,3.3199841422071987e-07,-0.36565734086592877,0.23585725276781833,-1.5,-28.246268984615828,135.80435285118887,1959.6358366546704,100.0,1
382,1.6587243015177021e-07,0.1616298064338991,-0.3261332460926115,-1.5,127.15202208456355,-35.610086987349426,1960.0963168300407,100.0,1
383,8.023226540089483e-07,-0.09042715315071843,-0.3714335084414883,-1.5,-7.588274420167599,118.03636555388684,1960.9750433812983,100.0,1
384,4.52118012627675e-08,-0.1410944865981383,-0.20986689430298106,-1.5,9.384779690057313,-19.144256983880233,1964.4232511352627,100.0,1
385,5.718515202164209e-07,-0.4760231432696259,-0.0748152706480982,-1.5,148.6049287655873,-11.358963989689403,1958.8774426568364,100.0,1
386,3.218746823357601e-07,0.10041600639041887,-0.18751457371700517,-1.5,10.943346951675075,134.84515116848073,1959.875076281643,100.0,1
387,3.251497224526434e-07,-0.2794724502761084,-0.12842359497475708,-1.5,-15.008855666219745,-125.43299630092116,1960.4730510661693,100.0,1
388,7.621221842332671e-07,-0.416138265843469,-0.039154028058307234,-1.5,-133.12293149325404,-41.563022514142,1959.5826306987574,100.0,1
389,6.259071238429751e-07,0.2795480448742589,-0.02246959303649227,-1.5,29.11055662765254,117.12067445953178,1960.828551753851,100.0,1
390,7.519655491221868e-07,-0.023861484561992705,-0.08404953150422492,-1.5,-94.34474402096129,-41.973722860486994,1961.8232749488375,100.0,1
391,5.500129704016315e-09,-0.1247239833337576,-0.012697289108398792,-1.5,95.07273056390281,12.8522970764074,1962.195015952572,100.0,1
392,7.041692411914085e-07,-0.18781987992138677,0.3677033693842687,-1.5,-6.217805853423615,24.35087835390334,1964.3781865719986,100.0,1
393,2.4184775823948494e-07,0.09237447771556498,-0.3728333168351796,-1.5,-101.37258043481653,-126.93609239901457,1957.811051825121,100.0,1
394,1.959703937572825e-07,0.03587793696704586,-0.08531606948111943,-1.5,-114.13540277951239,-115.06303381429737,1957.8424079450162,100.0,1
395,8.292252363959818e-07,0.06344769536330873,0.27994918073050135,-1.5,-73.06333161403275,59.20359766410302,1962.2869234297048,100.0,1
396,6.106671528041906e-07,-0.0641425535258251,0.14980425024896055,-1.5,-17.47428258933533,-85.79395907401819,1962.5868980252887,100.0,1
397,8.329786313587687e-07,0.12348823136976407,-0.23021540252051514,-1.5,62.929729700226055,16.835483853617575,1963.4586071189283,100.0,1
398,4.409337118483065e-08,-0.035409353549091256,-0.14322833856659975,-1.5,-158.0156383375289,7.24261817162542,1958.1603327585142,100.0,1
399,7.406299961912639e-07,-0.2493759083971869,0.2954607298678119,-1.5,125.96202265356767,-30.26383765975443,1960.2629811444324,100.0,1
400,6.118456618495244e-08,-0.07215173613555867,0.1882222143134404,-1.5,-52.01494669082074,97.52661223274045,1961.4271058322017,100.0,1
401,2.432850532781737e-07,-0.2033543105719148,0.13432868829702937,-1.5,19.470757648094217,124.66895865574854,1960.4825494276738,100.0,1
402,8.756025181618183e-07,-0.43165145854935255,0.1368366274844513,-1.5,59.60139774327797,83.65778827942742,1961.851761503242,100.0,1
403,7.410642542535779e-07,0.37266213255629127,0.24968647010008407,-1.5,-6.34381713342337,109.83356688481668,1961.4559974252973,100.0,1
404,3.5064754593275726e-07,-0.41157156421281016,0.0553967750526865,-1.5,-52.96238407899753,149.90730056736405,1958.0950113248862,100.0,1
405,3.220491046304774e-07,0.2797198415402145,0.026379866167873182,-1.5,-44.422832959939036,-106.1704396787183,1961.1648925871511,100.0,1
406,2.3354115705555416e-07,0.006194544144664026,0.2544723593225549,-1.5,-66.38101362210273,-79.15942725544674,1961.8207441999443,100.0,1
407,6.54648357336722e-07,0.07286793964775391,-0.04438983024683944,-1.5,-17.631221511975905,98.95131988506836,1961.9661216716077,100.0,1
408,3.721683022624488e-07,0.0915761561089821,-0.0897955067189844,-1.5,-35.53203621903969,90.51802226671359,1962.1307928660574,100.0,1
409,1.5440397122427708e-07,0.2734214772742132,-0.10853462940326189,-1.5,104.87890489707738,-19.27279175972087,1961.642745525165,100.0,1
410,6.233365038625778e-07,-0.24002998033295136,0.28601074997700027,-1.5,123.55159713231374,66.53858457646949,1959.5205806203583,100.0,1
411,1.2146187690664475e-07,0.26363368364317114,0.13135914234527882,-1.5,15.965281393714493,129.6588262779854,1960.190548090763,100.0,1
412,3.8032745621418716e-07,-0.09455247330421747,-0.1677559660710331,-1.5,-98.39307588987671,97.28763876179315,1959.6599715836458,100.0,1
413,1.347570475762483e-07,0.3311742376769886,-0.35123524342431073,-1.5,-91.99222794500385,-72.56166900828983,1961.0419476529758,100.0,1
414,8.282775223037828e-07,-0.46789958941734106,-0.10796221370225827,-1.5,16.535164964078735,162.42703156943844,1957.7429182610474,100.0,1
415,2.861191753689632e-07,0.06806090549772595,0.33910306277946656,-1.5,-8.612658013797475,144.6173545360596,1959.1898655196899,100.0,1
416,4.0207461688475293e-07,-0.18661711437803244,0.15901471738338807,-1.5,-122.50522151271217,-70.9691773625515,1959.4308185880755,100.0,1
417,5.311448086394406e-07,0.18729035052346565,-0.09574616798593462,-1.5,86.56968510010232,-72.17961776660238,1961.3029033443222,100.0,1
418,4.4250633885949874e-07,0.02625429855476888,0.4188340655756249,-1.5,158.9742432697845,21.127318813013886,1957.9821533003574,100.0,1
419,1.7297490810887424e-07,-0.37697043702589833,0.034509119352648256,-1.5,-12.799885745970046,168.6680459232732,1957.2430966733402,100.0,1
420,4.472848098923865e-07,0.180504007064418,0.4203409489584261,-1.5,90.92702913634442,-36.954207118417074,1962.08561184644,100.0,1
421,3.357165240603123e-07,0.05232167724798256,0.2638984068029535,-1.5,-80.3241516422943,10.92489407153494,1962.8657528263625,100.0,1
422,6.336553661541684e-07,-0.0500509892998361,-0.0580918924814076,-1.5,32.02525073580085,-10.904983199113252,1964.2476297358405,100.0,1
423,3.732575597365695e-07,-0.4216860304847246,0.23225387320605062,-1.5,29.44400094231774,61.49476915516954,1963.355477350241,100.0,1
424,5.878180920690725e-07,0.08391163889841219,-0.09278190795276703,-1.5,21.321859182069215,67.63357246885438,1963.2586086560914,100.0,1
425,8.920124025508863e-07,-0.19287619012166135,-0.185803430214869,-1.5,-27.73087842428135,-78.77801718468307,1962.7629272676818,100.0,1
426,4.0002315318803677e-07,-0.09341536883564341,0.12988858125417144,-1.5,1.8318267577456604,-20.564366695296222,1964.4304613549655,100.0,1
427,4.792407128123173e-07,0.3527974386272791,-0.1503503506195927,-1.5,-134.93277627487274,52.980737419486374,1959.1833690635938,100.0,1
428,2.1222467038523848e-07,-0.06222674537403425,0.22299516342900108,-1.5,86.72400177986765,85.3137208792336,1960.7686765172368,100.0,1
429,8.095554493890378e-07,-0.21181841438859084,0.09107253206716222,-1.5,26.277020925052405,-87.2107316611428,1962.426327972738,100.0,1
430,1.60809433156248e-07,0.20094728209932244,0.3713116931360847,-1.5,-61.76854886180584,-13.648549488752295,1963.5202188249784,100.0,1
431,2.550483216340141e-07,0.4566777761480121,-0.015692547326323924,-1.5,-73.57678114978125,-132.8905242964086,1958.657665875789,100.0,1
432,2.1638688046212032e-07,0.26589391386172184,0.16854733791632112,-1.5,-83.9128671841528,77.35659430938304,1961.221016179441,100.0,1
433,1.7162256272932472e-07,-0.31934493078995807,-0.020953948242302067,-1.5,-11.365506380273981,53.83079101031979,1963.7684072899367,100.0,1
434,1.7660427661675254e-07,-0.10052389721590474,-0.3991642880176709,-1.5,57.55649450293325,42.16161089659631,1963.2429637651244,100.0,1
435,1.430697028529073e-07,0.07000733597479186,0.49328346476715607,-1.5,-10.820752375463368,135.32980737215004,1959.842351012136,100.0,1
436,3.2282994769942947e-07,-0.38536860973193854,0.039690005428597235,-1.5,35.47269387611787,-13.02917940343355,1964.1754541637506,100.0,1
437,1.1705335676795487e-08,0.04186152931524675,0.3356422823463488,-1.5,0.010120878649204672,-125.73544052575433,1960.5111285477299,100.0,1
438,4.891931660020703e-07,-0.33087484046717663,0.2260568730131323,-1.5,-114.1414127180756,-16.582737199972083,1961.1501821624497,100.0,1
439,2.902743478365155e-07,-0.2774360398675758,0.10454130796547456,-1.5,-25.429352105932924,-5.484180005599407,1964.3667066225873,100.0,1
440,2.947182169229617e-07,0.4787603521498381,0.07161205876938799,-1.5,-35.1422568742891,-74.76683887628735,1962.8011177529831,100.0,1
441,3.13973962119789e-07,-0.13636830315954204,0.35540630234842446,-1.5,21.85199913935963,112.40600973822046,1961.198782728175,100.0,1
442,6.2058379807418e-07,-0.21118372869998214,-0.26515616964727423,-1.5,-79.82789417159519,0.3875569129366143,1962.9163617887286,100.0,1
443,3.790401981256002e-07,0.17028852711317186,0.29451550910286545,-1.5,-107.80113592918903,48.141991376532275,1960.9881565233406,100.0,1
444,1.588828555733151e-07,0.3282512162854028,-0.2101718509099995,-1.5,15.248164578131432,44.83612554237861,1963.9680500429424,100.0,1
445,4.3291194678674654e-07,0.3068971605310955,0.15173802544340417,-1.5,-151.39063270026674,-45.549795438399876,1958.167352074961,100.0,1
446,6.562140756679758e-07,0.14984142603416936,0.41201911600860525,-1.5,-7.91477107274458,29.542111222005982,1964.3008696046397,100.0,1
447,5.114643391932853e-07,-0.23956369060173993,-0.33991362441019163,-1.5,-19.135488161421215,76.82422115714881,1962.9429839917798,100.0,1
448,2.947934829915333e-07,0.04052084373294703,0.030456283754390124,-1.5,-160.71529148879804,8.03446395675816,1957.9375191095169,100.0,1
449,4.294951062175458e-08,0.10785725987178194,-0.1998143633404748,-1.5,-132.35198814852254,-21.784091195314257,1959.9545124492197,100.0,1
450,2.932573400803447e-07,0.16839478350859008,-0.15407136261322052,-1.5,-76.21990741339305,-7.7411470918135254,1963.044545246421,100.0,1
451,6.627666249493804e-07,-0.02174642258608943,0.3862996547509954,-1.5,32.52884543318043,100.46098631130428,1961.6989449735338,100.0,1
452,8.710636878432336e-07,0.03348530405589824,-0.17529776642842287,-1.5,105.29362529885229,24.48781919250243,1961.562358287075,100.0,1
453,1.5257093899940688e-07,0.1657582715275054,0.35095421630458407,-1.5,-101.57997522191882,74.71021787203374,1960.4879949251306,100.0,1
454,4.858805952772227e-07,0.3707566032147422,0.05206464950993497,-1.5,-30.864262079005357,73.20016882934304,1962.9320973675592,100.0,1
455,5.044040856609124e-08,-0.23751278081368632,-0.23456714990303348,-1.5,123.69961141280206,30.75845953567742,1960.399349512605,100.0,1
456,3.6385977912316174e-07,-0.27009715287855224,0.3709579536362533,-1.5,-154.06814224432256,-68.77201635736557,1957.2804355987562,100.0,1
457,7.276259124931672e-07,0.28181984915764574,0.3337862980734174,-1.5,-50.11513081538053,112.39028997996292,1960.6810507187824,100.0,1
458,6.703655496281853e-07,0.20901282003476035,-0.37551117625540986,-1.5,-60.76572166181822,-27.320717129671955,1963.4088702439362,100.0,1
459,2.2990571002299308e-07,-0.23227076497691024,-0.36421716754188044,-1.5,95.46591147259687,-37.11082671288966,1961.8670527213417,100.0,1
460,5.0378507626979e-07,-0.18159394731145428,-0.39095818048686737,-1.5,-36.803721854898974,25.63864120369177,1964.0268410592016,100.0,1
461,1.2026751867097816e-07,0.38038745218213565,-0.19292847981440697,-1.5,-104.41708245759622,82.56763287152374,1960.0237103563743,100.0,1
462,2.3514251832875718e-07,0.4480630204128254,-0.12838355368786708,-1.5,-146.72995992283936,-18.36097613478244,1958.9656657743012,100.0,1
463,2.9562176469271645e-07,0.2646623129481016,-0.028263162346379447,-1.5,29.73124940440741,-25.69337729058613,1964.1459185708143,100.0,1
464,6.503883407640055e-07,-0.11169219621135941,-0.039671923547643276,-1.5,-99.65880722572876,95.17837806794715,1959.6995904364605,100.0,1
465,3.804429804853435e-08,-0.08729981131808302,-0.4045296859500214,-1.5,-75.57707178609598,-13.703750007429198,1963.0368309642345,100.0,1
466,4.598257512552729e-07,-0.36909534903657276,-0.2928577859574859,-1.5,98.74570310791107,-127.29528122180255,1957.9219810203158,100.0,1
467,7.265114560795484e-07,-0.466066417099321,-0.10030198173936246,-1.5,-7.31775613050915,-143.48596482943032,1959.2783147394637,100.0,1
468,6.132149290343915e-07,0.05035468237009386,-0.3717566733927699,-1.5,51.296855713346964,-125.8135266586646,1959.8349102334525,100.0,1
469,3.703483588830547e-09,0.05992934043571609,0.15963951468548615,-1.5,92.42781016707048,113.3264728866326,1959.0884351445002,100.0,1
470,5.352732922722604e-07,0.060657792852503174,0.3005259868984437,-1.5,0.0879147989259908,-71.46149914082997,1963.238786464261,100.0,1
471,5.965268733151688e-07,-0.07436199354031736,-0.0073454016685200706,-1.5,-131.50545865179984,68.37922797023867,1958.9394788489778,100.0,1
472,3.4137841635834007e-07,-0.08026396263830116,-0.10443092797349501,-1.5,126.79305772287294,-62.8813029260699,1959.434292984007,100.0,1
473,7.285150441637498e-08,-0.12786664572473755,0.10796505053457192,-1.5,14.018649076040793,128.87547296076468,1960.2570944172994,100.0,1
474,1.9550993525449715e-07,-0.019810966565730528,-0.3816086428599035,-1.5,132.3876171606561,47.87005907999867,1959.4885206431632,100.0,1
475,1.0136119898636013e-07,0.44176232110436237,-0.2267003148246026,-1.5,100.19204977279804,-126.21554265801288,1957.9184038718263,100.0,1
476,2.9618440334539826e-07,0.2689770377257563,0.4015566531936996,-1.5,-110.93768131389626,7.832180234999101,1961.3884811743935,100.0,1
477,1.1606653957132774e-07,-0.2662511973164406,0.04317689324136098,-1.5,-108.72015183405412,-96.39807250606736,1959.1581422816348,100.0,1
478,1.8030306721719447e-07,0.21726542480872565,0.3963798543564314,-1.5,-64.63575475066047,142.35019332907225,1958.3084353423799,100.0,1
479,4.318995849734189e-07,0.06824711458448193,-0.05514178151204289,-1.5,26.914398336772226,160.07895336063703,1957.821143546893,100.0,1
480,4.757272768816529e-07,0.28341797587377904,-0.10375230539316832,-1.5,19.332723834890274,126.62555021193089,1960.3585136624324,100.0,1
481,7.06359486345289e-07,0.3677023647558872,0.006677725320927871,-1.5,78.57534907623054,-54.39732299093533,1962.2130699888583,100.0,1
482,4.884222543441693e-07,0.2942419606387144,-0.1427803971246373,-1.5,-136.84180113877264,-44.4546818121421,1959.262970862311,100.0,1
483,2.902675081667603e-07,0.25622274996856476,0.337714194060099,-1.5,85.1435719307408,-92.67178582597937,1960.5039654478717,100.0,1
484,3.948777360179958e-07,-0.09545436908272727,0.3068886087349543,-1.5,5.885011733560736,-21.21973401185022,1964.4155303274033,100.0,1
485,8.063172440293493e-07,-0.15378552451726352,0.05098224454602497,-1.5,40.68587896834876,119.85180406388696,1960.4574697200999,100.0,1
486,2.5780107562289403e-07,-0.34606364537584083,-0.2008271366990602,-1.5,57.371247199949735,-19.350198214580697,1963.6057129907495,100.0,1
487,1.9257905997043418e-07,0.12264921654908344,-0.35405805693817083,-1.5,-29.024147502878918,38.83886055322121,1963.9405357695507,100.0,1
488,1.5057620728102128e-07,-0.14205074239197946,-0.05828753186000286,-1.5,58.592594026810524,22.859644461779368,1963.531927636121,100.0,1
489,7.973133197958553e-07,-0.3343925709551872,0.31580303411209926,-1.5,50.72269027257238,-66.3162590053979,1962.7640328753664,100.0,1
490,6.659601283155237e-07,0.08307300184486528,0.002832027258676482,-1.5,-13.272395235548428,-58.15856754605496,1963.6330387350467,100.0,1
491,2.2854326548663948e-07,-0.2474684087136396,0.14814227389851675,-1.5,-50.255553718123814,125.19896445800647,1959.9012436562355,100.0,1
492,7.742298842375145e-07,-0.1199917789424265,-0.3225043322117787,-1.5,-23.97696307226723,-140.79132586903725,1959.3407549653023,100.0,1
493,4.0206802422321783e-07,-0.23482779635819553,0.2518668181171925,-1.5,-5.023924468382643,-125.92864068344007,1960.492291212768,100.0,1
494,3.4596070261189804e-07,0.20820235373770646,-0.17949635883510576,-1.5,33.82237624661844,61.543462969282324,1963.2834067696167,100.0,1
495,3.424394602168178e-07,0.1758481253812055,0.0030912268315022307,-1.5,51.99429356069839,-134.85118075022558,1959.215414076136,100.0,1
496,1.6650880369011866e-07,-0.13991566735705074,-0.19528730740960043,-1.5,-49.4325352217897,130.7964267342085,1959.5565838937239,100.0,1
497,4.3683578817876425e-07,-0.2429557766789916,-0.31425850624946383,-1.5,-53.19620232089907,-59.417274982499514,1962.91951892033,100.0,1
498,3.47432141716328e-07,-0.21158266858379488,0.3395795996663888,-1.5,-62.92040830878414,-85.11920712050475,1961.6852522929269,100.0,1
499,6.45516524734041e-07,-0.09537865253281701,0.1490895808656109,-1.5,-100.2441523899901,73.81599075757313,1960.590624196245,100.0,1
500,8.147090629826336e-07,-0.12638823589754924,-0.23066320143357724,-1.5,51.771907945768355,-82.98291427157217,1962.1026455699975,100.0,1
501,3.7184574216739224e-07,0.4020398485492501,-0.014851928574492477,-1.5,-5.886267144445182,130.75274783128322,1960.1740629494627,100.0,1
502,3.2786832451275287e-07,0.1899312965729872,0.3507490788720321,-1.5,23.41442608558151,22.398642065916487,1964.2717102658728,100.0,1
503,6.69976938619808e-07,-0.09020137506541334,0.3745595044162035,-1.5,57.19236161009651,90.22552580421876,1961.6324004596129,100.0,1
504,1.4664776257658082e-07,0.12462716731774498,-0.020463204385719316,-1.5,-74.98728099906896,-133.03545266538853,1958.5943332626625,100.0,1
505,4.148374565817156e-07,0.40312173136882706,-0.22708569881159898,-1.5,45.11339333960197,67.00601287650316,1962.8775464215569,100.0,1
506,6.958971561215109e-07,-0.050402131849995195,-0.04222111450900076,-1.5,-8.444786551267619,-22.20941920953206,1964.39525389994,100.0,1
507,2.5610280008494445e-07,-0.042878659964326216,-0.3388937100441226,-1.5,-72.22323753240806,-92.0798244663443,1961.0503298367219,100.0,1
508,1.2596644714975255e-07,0.07888031983432933,0.4185094574846803,-1.5,135.82755777178212,-59.645636731575934,1958.929952508453,100.0,1
509,6.702943276482955e-07,-0.3329096788449496,0.19872251317333475,-1.5,-19.36224266354132,26.985746735636255,1964.258170225668,100.0,1
510,4.4582114363735785e-07,0.10808927320801077,-0.18460818412131832,-1.5,24.827348354075482,-121.2149756837413,1960.6386252213401,100.0,1
511,7.652054614668848e-07,0.03634454807224428,-0.12575795567860015,-1.5,-12.376556762610514,21.155958585662717,1964.386044677867,100.0,1
512,4.365321505173447e-07,-0.2497000051721488,0.248425364281185,-1.5,144.5356562775345,-38.36063648403621,1958.8392460585155,100.0,1
513,3.232872645260681e-09,-0.09328477124519394,-0.39600409539648523,-1.5,-57.10488075852625,-65.78617782799533,1962.6065570221836,100.0,1
514,4.817319300726462e-07,-0.39095127710172217,0.2605633664933724,-1.5,21.197603455010466,-161.52510801024158,1957.772608694936,100.0,1
515,8.274140670906122e-07,0.025646725096202527,0.18162384166455373,-1.5,145.36856855345502,-48.947821597385406,1958.5416452819484,100.0,1
516,6.466125267250709e-07,0.2790057070897294,0.0763307109982242,-1.5,-26.677227696234993,-95.20105412749533,1962.0495332895111,100.0,1
517,8.578951013197182e-07,0.3171070628036026,-0.28660229799632464,-1.5,30.27486304986418,-9.139946339340291,1964.2843939497043,100.0,1
518,2.9464806781851794e-07,-0.4766831537508522,0.144822975574002,-1.5,25.951161858931656,-50.767210511828964,1963.7114130648501,100.0,1
519,2.9047895633620645e-07,0.2945442397088622,0.18235954781312008,-1.5,-14.866250012471918,-30.28992777609591,1964.2491698234255,100.0,1
520,5.366647020373626e-07,-0.21471807864900383,-0.44902819287494383,-1.5,48.58821174429326,-156.33705278585037,1957.7055953007482,100.0,1
521,1.4841702517622413e-07,-0.01848537086522746,0.21690246786594086,-1.5,47.8964441806268,-95.29419035778069,1961.6417191182081,100.0,1
522,1.5937553593483235e-07,0.21646380880357888,-0.13083444471484176,-1.5,-0.8983844411427495,-3.0369811702282927,1964.5363971983056,100.0,1
523,3.2170343275885193e-07,0.3379823430370418,-0.27773783818599446,-1.5,0.3436484929673578,85.98216592745345,1962.656423145495,100.0,1
524,7.606782733589233e-07,-0.32321531244516244,-0.11151312003712686,-1.5,-53.62211484282515,-87.16512427070188,1961.8716054259992,100.0,1
525,8.550701848256551e-07,-0.4053606334843602,0.04577041272512229,-1.5,-138.8986913302684,-92.45499229373895,1957.440296461896,100.0,1
526,7.97742789986892e-07,-0.22186020570095732,-0.13478799001116873,-1.5,-88.74965908459053,-128.97024437794303,1958.2909539554112,100.0,1
527,4.1156805852314636e-07,-0.12728540428339954,-0.2846544620180539,-1.5,54.21076895131568,86.50990248805675,1961.8844297173432,100.0,1
528,6.547277084552088e-07,-0.20523040902066858,-0.38498793061755004,-1.5,-71.22625988008357,103.48210057418063,1960.5181868654984,100.0,1
529,8.625417184711801e-07,-0.051537516105229816,-0.2945420733674246,-1.5,-5.431456862243685,-65.76343853162595,1963.430405106069,100.0,1
530,8.341379193736469e-07,-0.23538295490664402,0.3778921212378495,-1.5,-75.80594046415479,-88.41641639129662,1961.0837011634658,100.0,1
531,4.755478009135363e-07,-0.18574906226840984,-0.45062205854460663,-1.5,100.08799131824009,99.96275559890941,1959.439493261551,100.0,1
532,8.591975966295124e-07,0.4380392293976927,0.1524765751730199,-1.5,-53.028262519335044,-106.63671084455613,1960.9257766525907,100.0,1
533,2.2495058766735844e-07,0.055294187350861015,0.021917856170225503,-1.5,89.99205619663375,57.94716999796018,1961.6209729651803,100.0,1
534,4.120648384821796e-07,0.3019801119249357,0.07670037557225352,-1.5,-25.19726414140994,-0.17167338483590444,1964.3773452863297,100.0,1
535,5.78254438889424e-07,0.3519990512163699,0.06418675720529396,-1.5,167.2694961574234,12.441642010986754,1957.3654251226171,100.0,1
536,2.0973008525027653e-07,0.18066867113899912,-0.13644738080758262,-1.5,-30.921964074181215,116.15065319070878,1960.8585222211464,100.0,1
537,3.053914844493853e-07,-0.2855848651977162,0.16666617850865825,-1.5,-119.30990521233296,62.13059859060313,1959.928116412214,100.0,1
538,4.6473667266363784e-08,-0.37300339934469334,-0.2648102429384488,-1.5,79.38909447942098,122.19210084087155,1959.1272925555304,100.0,1
539,1.578992505221032e-07,0.15185480432996357,-0.059268223546684935,-1.5,-69.86234083356162,-32.68175510978448,1963.0243102117536,100.0,1
540,2.6950083767466237e-07,0.32237846862343417,-0.18195621917133475,-1.5,9.89255804667503,25.29591139310296,1964.3511754338165,100.0,1
541,6.141210835841749e-07,0.3953775585513943,-0.04448508280081676,-1.5,-90.96518968623718,133.41315057871773,1957.8916087935354,100.0,1
542,6.669434298652737e-07,0.3373654999183838,0.08536123256708654,-1.5,-47.86809017034816,-118.55138133832783,1960.3743270590821,100.0,1
543,1.8572480195034354e-07,-0.08739027999390626,-0.37726277332821,-1.5,90.14411164088001,-75.91031592007133,1961.001006970553,100.0,1
544,7.927108412253365e-07,0.42141498000714855,0.07867806642969395,-1.5,-69.13629442483871,-152.64164408009867,1957.3793673051368,100.0,1
545,7.3781959078589e-08,0.00787450570033666,-0.2936024055529401,-1.5,-68.00101541565746,-18.76942381029222,1963.2719773119568,100.0,1
546,8.395663235755346e-07,-0.12808888886200484,-0.37938201088382134,-1.5,147.6903277700416,67.3286385109701,1957.8221849252725,100.0,1
547,9.009650975920743e-07,0.27698227920524454,-0.3015567240601,-1.5,78.85289718878887,-37.07160474610405,1962.605717660227,100.0,1
548,6.49445571112264e-07,-0.3972999228805736,0.1486365979458365,-1.5,34.49012174266777,125.78770777207441,1960.2043695344,100.0,1
549,2.7550799391093574e-07,0.0720400733854098,0.04289079741975716,-1.5,-118.70095493198312,-19.146595438750538,1960.856133796529,100.0,1
550,4.952570951643199e-07,0.11417580893939286,0.05759211373307089,-1.5,-119.1167974167682,-27.88157524793504,1960.726164613763,100.0,1
551,4.39086698196009e-07,0.4024617872191694,-0.19738009877331233,-1.5,-148.32442208627268,76.3742181604833,1957.4422420289388,100.0,1
552,7.620979474355018e-07,0.13459459489205133,-0.002371596046978248,-1.5,37.46742424879803,-142.10132163788109,1959.0346328676937,100.0,1
553,5.298365441297694e-07,0.18953438035002074,0.43898564935562284,-1.5,-117.71715906133801,-102.03983881480319,1958.3523247932962,100.0,1
554,5.46701653197552e-07,0.476226777933372,-0.10111680685359763,-1.5,-9.501665859722142,1.433890929506761,1964.5154487987168,100.0,1
555,5.371969942144919e-08,-0.08215010768112263,-0.20540135882680263,-1.5,-103.0007608382397,-97.52061576045085,1959.4116104163968,100.0,1
556,2.0858906177220042e-07,-0.2286268576891007,0.29701496872126065,-1.5,32.60512130312752,5.737920621669869,1964.2599798901058,100.0,1
557,2.837685735207529e-07,-0.06783440337183226,0.08125891825038842,-1.5,-125.19439784297892,-114.01518778033075,1957.2276786235886,100.0,1
558,3.533633250501788e-07,0.32959431258222527,0.16887703676961668,-1.5,84.9267465809268,108.26579337899202,1959.7140740335892,100.0,1
559,7.268312255860455e-07,-0.3363056842346415,0.22756173676385086,-1.5,-21.83978202960657,71.21198313839793,1963.1263748532663,100.0,1
560,7.123023955804304e-07,0.2873377642840636,-0.03278814617645212,-1.5,-101.64949525194586,-122.7649301083208,1958.0626747672443,100.0,1
561,2.167234647336895e-07,0.34868206367497123,-0.026834461468378087,-1.5,-49.81313284420721,-2.0144625371791225,1963.9062808604342,100.0,1
562,2.6362046827623394e-07,0.009833816332550756,0.17909267775030152,-1.5,134.4903276677314,-6.5346810381786415,1959.9191146508283,100.0,1
563,5.517134973680691e-08,0.11609999456127036,0.45628040111650275,-1.5,-102.1253865010259,-86.08807226813552,1959.9929937403613,100.0,1
564,6.702889161445437e-07,-0.0006452897320436046,0.20629164096662117,-1.5,-127.72548786797952,35.590068455540326,1960.0593952843235,100.0,1
565,8.265471248472371e-07,-0.17257035352980074,-0.41723077366128525,-1.5,48.52109282951822,127.03591514620821,1959.8267438933794,100.0,1
566,9.647086924017178e-08,0.030602181951899704,0.0321753790216584,-1.5,-126.57972619143442,-50.130947846913074,1959.8157431889874,100.0,1
567,9.264152445659075e-08,-0.05816370509837359,-0.4926526363677711,-1.5,-43.84577964789511,33.247800153057916,1963.768168002064,100.0,1
568,7.547900443637132e-07,0.3624893469190779,0.2503599657977415,-1.5,98.09604947133776,-102.769579987934,1959.3950251986842,100.0,1
569,2.835143048398747e-07,-0.4230547199058348,0.03783446534299365,-1.5,102.32182139432803,-136.44677089704436,1957.121817834661,100.0,1
570,7.969848762157705e-07,0.0709015115263572,0.4311012614437873,-1.5,-19.664996229233736,57.46245193646038,1963.5999187224686,100.0,1
571,7.297219731208163e-07,-0.2599526273787457,-0.25470399893193685,-1.5,12.592173051696653,169.02247633380975,1957.213868216234,100.0,1
572,7.204031848685354e-08,0.2867477465585583,-0.11528794075619933,-1.5,96.23967296042953,95.45315662045216,1959.8571137982974,100.0,1
573,4.239119449614252e-07,0.45270247511014183,-0.04690369265375655,-1.5,-159.69558536980315,16.427725025711347,1957.9685227628167,100.0,1
574,3.372205075520911e-07,-0.20735932516036495,0.14381898559490447,-1.5,-143.94184240831225,-41.47314001922047,1958.819545268828,100.0,1
575,2.155551913209824e-07,-0.06683754688460693,0.43507713206120535,-1.5,-59.28760361825615,-12.99070594778833,1963.6011580466932,100.0,1
576,7.979476247512451e-07,-0.28868813698291584,0.2186523803239037,-1.5,-138.65384132401257,43.78544445120986,1959.150640815156,100.0,1
577,4.887408797263004e-07,-0.0692811913800968,0.3321177755377045,-1.5,13.839860120574658,122.23118307781986,1960.6838813080938,100.0,1
578,5.1711596834048386e-08,-0.23114725909089706,-0.10232980822006171,-1.5,97.84358640283006,-55.63326022696655,1961.3120249522974,100.0,1
579,7.015059165685771e-07,-0.0013506076812719741,0.2162630596599215,-1.5,73.93755334360662,20.350660955592566,1963.0416131784784,100.0,1
580,6.151808127297653e-07,0.013868203847049653,0.4650832234861239,-1.5,93.17507526084096,-77.0925513251013,1960.8132063372213,100.0,1
581,3.7626743358060993e-07,0.2599423443093338,-0.1893734015011029,-1.5,-158.3310240156263,63.19888631025653,1957.1281189205365,100.0,1
582,2.978589379067297e-07,0.12182976353889555,0.12865505754443915,-1.5,71.23641617833442,-13.410135160832173,1963.2011683857481,100.0,1
583,8.662600696551812e-07,0.038398880372132016,-0.20172523416957366,-1.5,-133.49858826308616,105.31637181350241,1957.1662870144514,100.0,1
584,7.496999398835111e-07,0.19411724831645924,-0.13516283324850228,-1.5,-20.22784548566386,-118.44686606224202,1960.8606427926418,100.0,1
585,6.476655149098481e-07,-0.19463806167261385,0.3951708474615643,-1.5,-51.48072036729844,12.080935722679133,1963.8271493918858,100.0,1
586,1.6295273302185972e-07,-0.2665654130790382,-0.1232398835500814,-1.5,16.20579913981748,-31.025648634228954,1964.2270916233683,100.0,1
587,2.664926459159081e-07,-0.4588259021082531,0.0335559538360463,-1.5,-116.94606344082639,-120.91261498453177,1957.323949694947,100.0,1
588,7.421620313702972e-07,-0.10516943871183597,0.26661156923564855,-1.5,-162.03057653532244,27.97471608158778,1957.6457273454553,100.0,1
589,7.390757552851198e-07,0.2724400504987138,-0.1655626103042602,-1.5,-56.155357564929595,149.57053381597635,1958.0317968554264,100.0,1
590,4.0425339600277994e-08,-0.29861028797811556,0.02227833925774992,-1.5,3.7522888210580283,-107.70672080772465,1961.5806047388369,100.0,1
591,7.228272574039648e-07,-0.3283179290618512,-0.2715834740362011,-1.5,-17.70852003287772,2.907588790209253,1964.456983624687,100.0,1
592,5.371393414774545e-07,0.041221157852701036,-0.37444883005341023,-1.5,5.977529366368664,167.62994039439448,1957.365003899931,100.0,1
593,4.418496870896428e-07,-0.45087865950456124,-0.19502433173079528,-1.5,71.52281616650647,18.803454062128452,1963.1465057781797,100.0,1
594,4.372479399851142e-07,0.2677324561611595,0.2583496275748028,-1.5,-106.43950523016946,89.75724517214373,1959.5988249975032,100.0,1
595,4.758548656586688e-09,0.034834474246421734,-0.4870074194761819,-1.5,-45.85979447799861,97.50208898428099,1961.5818892313082,100.0,1
596,7.813328667570804e-07,0.11031918423602781,-0.2609730004776985,-1.5,-148.58885358742887,-33.84843984846185,1958.61913652847,100.0,1
597,8.162913910595125e-07,0.4372042675343964,0.043489187956041626,-1.5,19.173318648257506,100.1571089772462,1961.8904718764154,100.0,1
598,1.5950477674518576e-07,-0.30807694529751667,-0.0839868487911524,-1.5,93.64802972104306,-51.90223335923797,1961.619099358441,100.0,1
599,5.441136301822564e-07,-0.06031577689210392,-0.38108560542864905,-1.5,-89.15599669368424,-117.45066534528733,1958.9971505159563,100.0,1
600,6.54900386905426e-07,-0.17569924847462884,0.001509303572172607,-1.5,-28.440159243192554,58.58415276409821,1963.459279092201,100.0,1
601,8.492277438814744e-07,-0.0393524314707997,0.39035857759891596,-1.5,56.254918690101775,4.532447074416071,1963.728119499443,100.0,1
602,2.7162857332160334e-07,-0.008670059809380787,-0.3723836463031821,-1.5,143.09304043825966,-41.4286795392774,1958.882674525429,100.0,1
603,6.079141013424883e-08,-0.010762291060175944,0.004746014237663605,-1.5,95.40850250914359,131.52036643600835,1957.808187011085,100.0,1
604,5.56180933107865e-07,0.11578988598753157,-0.05746093454055277,-1.5,36.50803140280682,45.7410602809746,1963.6670301539402,100.0,1
605,6.926855749943731e-07,0.04096949536758169,0.007564208780919354,-1.5,-101.42163988111643,-25.905126739554444,1961.7481646833683,100.0,1
606,1.993167183340507e-07,0.4267045823235376,-0.23361910468754968,-1.5,-69.93006979390626,-26.839173095312937,1963.1104733030973,100.0,1
607,4.6320896745150497e-07,-0.052437604782152036,-0.09664254563059992,-1.5,12.829944478644398,166.7883146226641,1957.403978972184,100.0,1
608,5.2085664442507276e-08,-0.28887931983372467,-0.215690478813884,-1.5,31.886562313080706,-36.75252797184575,1963.936298635387,100.0,1
609,1.415467741186538e-07,-0.22217625601606258,-0.27698441768212445,-1.5,-133.3845051596446,87.39832354460121,1958.0560239919187,100.0,1
610,6.643753794228602e-07,0.35380772519149595,-0.05510098970018269,-1.5,-122.54249861771488,65.26465477477167,1959.6267877164235,100.0,1
611,7.806181945160968e-08,-0.4449361447085061,-0.20559967410315527,-1.5,-14.3018592424468,96.16971302332509,1962.1315270351658,100.0,1
612,7.481841749848928e-07,-0.46524340838339545,-0.1466398098042367,-1.5,-3.4754259507852514,-50.9359678489887,1963.875437714897,100.0,1
613,9.691417963946811e-08,0.44291370200864244,-0.0918522661902336,-1.5,77.57028908461304,107.11432075169499,1960.08230919198,100.0,1
614,8.091621935423106e-07,0.16557129761165387,0.29561252087555856,-1.5,-66.22963088676131,111.81287154260559,1960.23590519512,100.0,1
615,9.941542189166258e-08,-0.13604705217138874,0.25312100288605127,-1.5,-104.07957212746953,51.620058243662136,1961.1007364535903,100.0,1
616,6.783816186190034e-07,0.459759562530374,0.025854665218046493,-1.5,70.2675643356111,-16.281785850899144,1963.2143691196784,100.0,1
617,1.4668401118125476e-07,0.39982780242665833,-0.16486902497775968,-1.5,-44.79305170298297,-136.89599584321772,1959.2514782710664,100.0,1
618,5.329418355942235e-07,0.07955579904573123,0.18223610106568774,-1.5,89.3587233645088,24.743678208660285,1962.3496261404343,100.0,1
619,2.674308937998884e-07,0.3830185816621417,-0.29767038996369355,-1.5,-155.54625163450956,-48.53208516175013,1957.7699779541103,100.0,1
620,2.793002606881446e-07,0.24980161396874626,-0.1662394337283459,-1.5,31.37188240671909,-52.23536124469562,1963.5937864782588,100.0,1
621,3.533631524998958e-07,0.3661140198954272,-0.0702734095944982,-1.5,26.222578096351565,-82.93679760552644,1962.612328063556,100.0,1
622,8.803836515644711e-07,-0.01174483175839417,0.4096812554040687,-1.5,41.55668337974525,-64.58658513035074,1963.0371624994282,100.0,1
623,1.6770196032636125e-07,-0.15743886132239554,-0.009369386431310365,-1.5,47.967237791937954,-1.9684166123060587,1963.952279384808,100.0,1
624,6.197212347850871e-07,-0.032779737809174994,-0.29084619727024374,-1.5,-41.53955150983485,-32.16993643019714,1963.8362577151308,100.0,1
625,5.621378360970264e-07,-0.08431855394280324,0.30152682159503796,-1.5,-85.73636269023196,-72.42719288294167,1961.3303811724015,100.0,1
626,2.889665681845665e-07,0.10046416186655738,0.09260104268741064,-1.5,12.287889092102846,-147.72646710691748,1958.9382800292358,100.0,1
627,6.768933077947579e-07,0.33369007552581764,0.016736545570816774,-1.5,135.0962618200002,29.6807576986993,1959.6635779977196,100.0,1
628,7.786854383039347e-07,0.4504332852082188,-0.05878019208314022,-1.5,17.81920108753981,47.63161131357701,1963.880595133626,100.0,1
629,7.226796388328733e-08,0.28492683050004386,0.12565987808248072,-1.5,132.9559826152867,61.66357797961696,1959.0644696139243,100.0,1
630,8.033972324165274e-07,0.12472425144922106,0.11100374157489692,-1.5,-121.11400591687556,17.0128152747969,1960.7282442891783,100.0,1
631,6.011403751876038e-07,-0.38799135763117254,-0.06908998095832981,-1.5,73.98813540568993,-99.58114879202175,1960.6179222098785,100.0,1
632,5.508117052828922e-07,0.42246294577188936,-0.07627297385935111,-1.5,53.16163296198826,56.3461736905756,1963.0110126429188,100.0,1
633,6.52616781450226e-07,-0.2753671002652074,0.3965705267638142,-1.5,-70.35490440379681,-26.748370443365726,1963.096533125941,100.0,1
634,7.583182525353875e-07,0.19823995862295926,-0.13275997955484306,-1.5,155.7306218205321,26.078103087549756,1958.1831355194734,100.0,1
635,1.9364764699310285e-07,0.1700982343841054,0.2651081189657527,-1.5,-134.46611721488216,-101.54524723792406,1957.2993415292085,100.0,1
636,6.881913346903647e-07,-0.15964303343499878,-0.11177097137813162,-1.5,-132.56020570435152,50.072395696721806,1959.4218109735693,100.0,1
637,5.719558482144746e-07,-0.03475084361224907,-0.2092540931815815,-1.5,83.83899524868418,-113.38262063093967,1959.4715334703596,100.0,1
638,6.032887595370538e-07,-0.12971398744904822,-0.08161130871929441,-1.5,101.58132845475734,67.75246614682017,1960.740707821032,100.0,1
639,7.519648850363459e-07,0.33378794108283916,-0.2694539579625943,-1.5,43.29384892006283,-1.3831139158764874,1964.0613574702074,100.0,1
640,3.544140324114098e-08,-0.3200962498490058,0.0809526553784473,-1.5,-66.63550671580857,98.4747394588538,1960.9374597878866,100.0,1
641,7.566666286520302e-08,0.27036639712716093,0.039564877908904915,-1.5,-146.9833064916804,48.22548399599067,1958.4390459169915,100.0,1
642,6.055507167184196e-07,-0.3652783634784209,-0.006939854025481469,-1.5,74.63600692570661,-114.9967539931082,1959.7496011754577,100.0,1
643,1.2599146369066923e-07,0.2025691172210278,-0.14196322007867346,-1.5,53.54109767798557,11.02123084246306,1963.7782893178864,100.0,1
644,8.211235827952528e-07,0.1488596034266244,-0.16802367770073695,-1.5,-24.814065007169145,-124.11588290543298,1960.4572925862362,100.0,1
645,7.136163460012427e-07,-0.3905902381739883,-0.2941690127502856,-1.5,-98.790325078723,-126.6853820274707,1957.9592876047054,100.0,1
646,7.910684620122801e-07,0.4147426602353637,0.24853220098156265,-1.5,73.2035527074132,97.96913923622164,1960.7285824138073,100.0,1
647,3.8558845678502956e-07,0.11926667321172127,0.0504873232483151,-1.5,-41.24659375246297,12.808419830842372,1964.0641407936216,100.0,1
648,7.497709853414224e-07,-0.20254617049023138,-0.17899598072632522,-1.5,10.835628592002566,10.20819779119806,1964.4825446200848,100.0,1
649,1.8767511048472106e-07,-0.45850579857152185,-0.047722489803189355,-1.5,144.16817334956843,-79.66056388999573,1957.6217761916903,100.0,1
650,6.914865783098628e-07,-0.22402913572595615,-0.3890707736808823,-1.5,-99.08827224828171,57.22489508927931,1961.203740550941,100.0,1
651,4.432711249510222e-07,0.12712364187141653,-0.369948881084225,-1.5,-9.909827928221157,108.5783485209804,1961.5111072356997,100.0,1
652,3.6025770535897496e-07,-0.23859625252082536,-0.37839578903439425,-1.5,6.987570011484648,106.52585057180173,1961.6362311324237,100.0,1
653,4.605167247748006e-07,0.003661550887534852,0.17239271480558843,-1.5,20.182202790910527,31.082725381983575,1964.1893567422328,100.0,1
654,9.418464175955387e-08,-0.38454845828791884,-0.2771777239468696,-1.5,-54.77496873392141,98.97461234249205,1961.2794332215854,100.0,1
655,3.052561181965374e-07,0.2782263511705034,0.11059018431380216,-1.5,-126.8689522766646,-43.67864633129608,1959.9514614063835,100.0,1
656,7.670661598236447e-07,-0.12762529258428962,0.05020046456250616,-1.5,-110.3628785372887,86.4602475816443,1959.5300321493457,100.0,1
657,2.418640652188474e-07,0.3957595023096165,0.29686723941845206,-1.5,-138.51306718359945,30.46857461678567,1959.412943319081,100.0,1
658,1.4440692701118505e-07,-0.2697975143388685,0.07153059862849874,-1.5,120.43170454531719,-26.02647424243108,1960.6713425367723,100.0,1
659,5.095698038289914e-07,-0.08259311773624894,0.22350634722866902,-1.5,130.43064473035636,-58.87143647454344,1959.3201083918825,100.0,1
660,4.0121338904374204e-07,0.2993876013861056,0.01055585436320736,-1.5,-155.28350372353822,52.86680682783216,1957.6785794591772,100.0,1
661,4.201077956001866e-08,0.4191828175686289,0.03564339095800248,-1.5,130.36791465123014,-96.07386376759916,1957.8527283216133,100.0,1
662,5.369712275257566e-07,-0.44682522582605433,0.0821888413549687,-1.5,45.637814421059375,162.33267985540675,1957.2885779087258,100.0,1
663,8.87545408521135e-07,-0.11695202349598686,0.2814528890555668,-1.5,-80.40919963344719,109.8530692254385,1959.8163051832666,100.0,1
664,2.3770686461153503e-08,0.1846999004760992,0.13828631040105802,-1.5,-106.15595153767921,-118.34169424450705,1958.0958719180735,100.0,1
665,4.082430223016664e-07,-0.05204826151877133,-0.14727308884703766,-1.5,136.1312518650867,31.060882943867945,1959.5705626699241,100.0,1
666,7.506421812328676e-07,-0.06391031781851968,-0.41122035030491155,-1.5,-119.1765528094637,81.5348979293703,1959.224922245078,100.0,1
667,6.677973451142692e-07,-0.1317830993281614,-0.4647535547825148,-1.5,98.98397753844803,102.75029378509633,1959.3513813463564,100.0,1
668,2.123211302713693e-07,-0.44259995754576603,-0.1925486051772889,-1.5,-147.17591529862943,21.351590075212076,1958.9018979579866,100.0,1
669,7.25488172518071e-07,0.16376057987234677,-0.3589922936361478,-1.5,65.11176425225646,0.7049415590032314,1963.4595100178378,100.0,1
670,5.432370882410594e-07,0.2895905173860591,-0.33735600473720273,-1.5,2.461415494047561,-119.21498958910081,1960.916880940436,100.0,1
671,6.581903469212059e-07,0.04021356595990742,0.24527307060143108,-1.5,21.30442822707964,-144.29847817204825,1959.1164735158754,100.0,1
672,1.667500332368076e-08,-0.26080782286314214,-0.4074159820007036,-1.5,84.58373224809368,144.41775730531606,1957.3968401629795,100.0,1
673,8.731525487270049e-07,-0.460429757948476,0.123918753263441,-1.5,-83.93560440198483,-94.56205792270943,1960.4657910254969,100.0,1
674,4.393158818718712e-08,-0.06175444607612965,-0.4032250450002246,-1.5,4.015542704051367,81.70057340580202,1962.8352396439407,100.0,1
675,6.657113352969373e-07,-0.07415848264305647,-0.48334741580316637,-1.5,-18.304651998699892,141.9446667845186,1959.318743224994,100.0,1
676,8.868518999673233e-07,-0.19412789087860108,-0.37634034813209266,-1.5,104.38284687262468,-119.14660912584594,1958.1423832496732,100.0,1
677,2.991753857745859e-07,0.14017278793398674,-0.43928879108632424,-1.5,-85.43604123473766,-137.97701716009104,1957.8243822825048,100.0,1
678,1.9006107470452373e-07,-0.16208568071780222,-0.02362990278114024,-1.5,-116.1261932527642,-104.88467379637075,1958.2970149365449,100.0,1
679,5.933736000606601e-07,0.06472325696293302,0.1785838223259021,-1.5,75.63831399153054,-15.445384660441595,1963.0215413528556,100.0,1
680,6.93377889591445e-08,-0.13142989936232932,-0.25516007504464544,-1.5,62.266940311187525,47.128071069840445,1962.9862606059294,100.0,1
681,6.177624020452578e-07,0.27770300811355497,0.1981277581357747,-1.5,97.82178964286405,84.56860076761623,1960.2786372098753,100.0,1
682,2.5684277255225295e-07,-0.06414316501379158,0.4871513961960145,-1.5,131.71614834244718,40.86951461973892,1959.6922782178606,100.0,1
683,7.047627000621647e-07,0.37822741822058353,-0.22207394964326296,-1.5,0.8100520209970391,99.71654696172547,1962.0064322891208,100.0,1
684,4.530507025689161e-07,-0.015084108575045945,0.1322146674584578,-1.5,71.25173605029651,12.028065276552557,1963.2095665062486,100.0,1
685,2.0006203424318086e-07,0.22523686485165814,-0.06029140299592898,-1.5,24.023231759541094,101.96285379992473,1961.7440574771556,100.0,1
686,8.116953128918737e-07,-0.09020116498677308,-0.22801426325216506,-1.5,-28.500198574662093,-51.49996949018549,1963.656990945681,100.0,1
687,3.5102935563098e-07,-0.042987481853091654,-0.25542131206770224,-1.5,49.2444410700694,-73.5906511769004,1962.5424039620616,100.0,1
688,3.2478281037665386e-08,0.02584810091810307,-0.311949836453615,-1.5,-64.07888294828653,-114.64188078811502,1960.1439799656541,100.0,1
689,1.3173282475292087e-07,-0.46124072447287306,-0.12113689871240635,-1.5,44.689770513934036,157.1194958928407,1957.7358286265087,100.0,1
690,2.2737295011333187e-08,0.0947173634012334,0.3447635184366777,-1.5,71.12447578406015,2.795141611777943,1963.2490372833356,100.0,1
691,8.750138900271696e-07,0.12566320576260406,-0.09999624503649004,-1.5,-74.45421917244025,126.44616318851895,1959.0511027863606,100.0,1
692,2.7115918822215855e-07,-0.005996047898913744,-0.09313762905278239,-1.5,25.24789122969685,-82.16417096373745,1962.6576062228548,100.0,1
693,8.849162323038899e-07,0.47910989730619524,0.03011844832626202,-1.5,26.66391159014795,-108.68242760186298,1961.349140774128,100.0,1
694,6.771497831683032e-07,0.12579900702516927,0.299525406112126,-1.5,27.33665874948555,153.2151965943081,1958.3643932851498,100.0,1
695,6.489197401459652e-07,-0.07126272831622613,-0.23625975927553594,-1.5,135.18817630298298,-94.432746910003,1957.6056547642675,100.0,1
696,3.751071945417562e-07,-0.16835052734451,-0.4282803700105346,-1.5,-137.42993561449998,12.923213556191012,1959.683466689074,100.0,1
697,5.20121279744864e-07,-0.020599565149901487,-0.48911855321435393,-1.5,-24.735931766261604,-75.02832823606856,1962.9498643388442,100.0,1
698,5.606396328536353e-07,-0.34187906934466583,-0.0621817244771832,-1.5,119.57129633185596,-64.68203816143604,1959.8296419074115,100.0,1
699,2.8930292769286343e-07,0.24151399200739812,-0.03193217842860858,-1.5,107.75603128114619,-127.423095819017,1957.4384482380449,100.0,1
700,8.814145390139877e-07,0.1760576486279544,0.3093826729074846,-1.5,69.28717675878572,-76.7339976236021,1961.8166242061536,100.0,1
701,6.570799734385864e-07,-0.01936545189437681,0.13591369918879917,-1.5,153.09876482489838,46.76968800486177,1958.0057841485427,100.0,1
702,7.96779568360543e-07,-0.38708094938837434,0.10577687730837117,-1.5,85.95477548910421,58.492037045792124,1961.7858559075662,100.0,1
703,5.330314936002391e-07,-0.38901753021031804,-0.19135357459850744,-1.5,-59.36897363090878,87.94629439554416,1961.6712417064782,100.0,1
704,7.915218975486221e-07,0.3081783786053987,0.2270529176935499,-1.5,-33.77293040589521,154.82678155243133,1958.137212544628,100.0,1
705,3.6374689953673597e-07,-0.27201654094875466,-0.182888393107873,-1.5,16.65732156830647,37.968399495462926,1964.1013773591358,100.0,1
706,8.683366860890424e-07,0.3609442527259861,0.0869135111064392,-1.5,86.86806058655495,17.553459275071884,1962.5389428960486,100.0,1
707,2.750520864434539e-07,-0.02104095501389519,0.18449942645665307,-1.5,-17.030560207219192,84.98989469331792,1962.6257829971505,100.0,1
708,1.8278610110961607e-07,-0.023325252381849952,-0.39645663338121107,-1.5,-39.52821667572961,-24.667469385748905,1963.9863345519161,100.0,1
709,2.0592333807364228e-07,0.10772971422173777,-0.020150591227610017,-1.5,98.29199193309353,19.551602898267745,1961.9810665274179,100.0,1
710,5.044747991169723e-07,-0.42262496666957705,0.06556184268218636,-1.5,67.37348409897858,107.559015151377,1960.434941069497,100.0,1
711,6.421612020318865e-07,-0.26037426405803865,0.09367880600900044,-1.5,12.843074052580667,117.68376286852796,1960.9688609644252,100.0,1
712,1.306233070981222e-07,-0.38540655390973433,-0.1294559065563841,-1.5,-14.689716826756312,-160.67190873093207,1957.9024583033854,100.0,1
713,4.922562344335456e-07,0.10878310814447854,0.4152024307797798,-1.5,-1.9747743252910102,123.25471058010999,1960.6676574198668,100.0,1
714,8.671255048336183e-08,0.24959844847749327,0.40638146322170166,-1.5,-45.49370917489069,51.89760247638976,1963.326322226859,100.0,1
715,9.086237968622525e-07,0.1352428058388747,-0.1476913529643058,-1.5,87.08581055289008,-5.198609991358135,1962.6009075511595,100.0,1
716,8.502315788397794e-07,0.42607179173829585,0.23587438485750484,-1.5,-87.22824440796475,-102.90436872793971,1959.9018369653975,100.0,1
717,4.2407387773190306e-07,-0.31777019241961846,0.26675198261782324,-1.5,0.24759217166588254,-18.159423299699473,1964.455003381261,100.0,1
718,3.7069450053495733e-07,-0.15929068959771325,-0.15909683805075975,-1.5,77.46979199226303,50.81344109521457,1962.3531057887797,100.0,1
719,7.582439528851742e-07,0.03457975919702692,-0.25120382325829,-1.5,-62.35272315539888,-37.13914634749915,1963.1979288879195,100.0,1
720,6.933825891113394e-07,-0.03294169746256304,0.32028792133471196,-1.5,115.66679697494683,13.07974029586152,1961.0873001316083,100.0,1
721,8.179428341724248e-08,-0.13295136962998996,-0.37160506256170267,-1.5,160.0032836134629,-51.19082412976629,1957.3430294723396,100.0,1
722,5.424686568839115e-07,0.3825571197935373,0.22637600198604843,-1.5,-62.166085840016706,145.1898349830518,1958.1799140669013,100.0,1
723,2.1773891889589376e-07,0.17750220203449865,-0.07994001378849097,-1.5,-57.445917415660475,31.71312548644827,1963.4427749517645,100.0,1
724,4.6822756010721017e-07,-0.10654650935944926,-0.30495980155213753,-1.5,-22.634776856312108,38.15599578034036,1964.037951040867,100.0,1
725,6.06211707138026e-07,-0.2828476109463684,-0.11822065179483035,-1.5,-43.49704596152061,91.06335541475481,1961.945146674432,100.0,1
726,6.248488506067059e-07,0.32931604066263065,-0.047284609185573735,-1.5,65.65990297666193,-107.85480661628088,1960.4768307983115,100.0,1
727,5.156640102434955e-08,0.3890371786412837,-0.24960888346656623,-1.5,-111.14098418421229,-66.91541007132923,1960.2508247149603,100.0,1
728,3.7632942068037275e-07,0.35560593876487623,0.29500009239375014,-1.5,48.96256853378108,-116.7976139998738,1960.4525677793488,100.0,1
729,2.410822307550889e-07,-0.11679318594281482,0.35176444413860386,-1.5,2.9574228317098012,135.76218947537663,1959.8400873094665,100.0,1
730,1.0432432651746366e-07,0.1789132037861447,-0.4206713559125712,-1.5,159.04511846276117,-44.867775735395625,1957.5762614161054,100.0,1
731,7.74343636154628e-07,0.49326428046604254,-0.07920808707217876,-1.5,-116.45381453502438,-39.117008777278116,1960.6941768084823,100.0,1
732,3.9895100210467786e-07,0.02197664840478744,0.11157472351199373,-1.5,-112.9212103456883,126.97798074274775,1957.1762002759717,100.0,1
733,6.843150691754813e-07,0.2652724452238185,-0.32858931569662003,-1.5,74.47432004262303,142.989936079245,1957.9123422922626,100.0,1
734,4.556722064886525e-07,-0.1983331279772764,-0.43218968016734327,-1.5,117.51651438088334,72.99874552275958,1959.6617918064337,100.0,1
735,7.67280474303061e-08,-0.22902480522851837,0.4296731784500799,-1.5,-167.60808311143728,-16.530149954390915,1957.30620263778,100.0,1
736,2.224648968681555e-07,0.4435508766320677,0.09184696376812117,-1.5,38.0375278248147,-14.777500085170143,1964.1150827368392,100.0,1
737,1.8853863303483961e-07,0.10585870421346892,-0.044196807815305314,-1.5,-20.486964418125932,-39.84302049424093,1964.0280304193618,100.0,1
738,4.528871626779364e-07,-0.4148165784742402,-0.1755717160922622,-1.5,130.6546618118163,64.59820726679015,1959.1247324330545,100.0,1
739,8.327561235638654e-08,-0.04552687784996066,0.2405844959689481,-1.5,-74.54606915257096,-116.9302566000734,1959.638610798295,100.0,1
740,4.320913216528408e-07,0.17583429855249533,0.2254002668905449,-1.5,-5.84103319671596,-127.2420157404992,1960.4052229137783,100.0,1
741,4.5669490567693216e-07,-0.314861988431331,0.17097073641864793,-1.5,-12.018223064524516,-83.74755457679711,1962.7162799760206,100.0,1
742,7.218311890330701e-08,-0.3995993388348423,0.14813950696420752,-1.5,-35.4405502896402,155.79896955004898,1958.0306266114537,100.0,1
743,3.2723491490706523e-07,-0.3049395893310435,-0.25074584151561413,-1.5,63.750044364915425,-132.21070463165233,1959.0481228623264,100.0,1
744,3.698494729869797e-08,-0.3075994531637593,-0.23126345900505638,-1.5,-118.90532143970667,64.01901940830038,1959.8919296617992,100.0,1
745,2.461683864404538e-07,-0.24589192560761475,0.3826055820772544,-1.5,-18.906164304455146,0.045838365861081434,1964.447973634392,100.0,1
746,1.531869070381321e-07,0.4550422475990251,0.13959064119944117,-1.5,-141.82825694221347,13.935542882814556,1959.3631190882984,100.0,1
747,6.833464862945425e-07,0.35140948737581323,-0.2849962473350444,-1.5,-130.49297842862416,78.30657841803445,1958.6354813041191,100.0,1
748,4.01680960416713e-07,0.0910380203511881,-0.09465075774408398,-1.5,15.562894639036829,-32.30267910478205,1964.2117043483981,100.0,1
749,3.5039343740129856e-07,-0.3180797658066728,-0.20685535078782366,-1.5,-118.1464995169999,47.6818304448822,1960.4033090064495,100.0,1
750,8.666031320758866e-07,-0.42319258233539,-0.052450143558725695,-1.5,8.22759756528812,-154.964418036854,1958.4002711516698,100.0,1
751,5.793196598897998e-07,-0.19965596529158783,0.25173682696390143,-1.5,24.682568401917433,-7.363663707872727,1964.3700856865066,100.0,1
752,8.30265205992427e-07,0.48972444362537076,-0.04863689254827827,-1.5,40.66616703469613,-127.0213082673104,1960.0064123290256,100.0,1
753,7.477423655004455e-07,0.27245105777275036,-0.12220854049399804,-1.5,26.212956049171616,-46.00640397678259,1963.8252412051386,100.0,1
754,6.547013363372477e-07,0.20443983898565074,0.28323275626637684,-1.5,-32.4568367667579,151.72086439744348,1958.402568247836,100.0,1
755,7.074623562986022e-07,-0.3168644253623214,-0.18387675926278899,-1.5,-39.184516696441484,83.36452638703896,1962.3782040314406,100.0,1
756,4.6872946402004244e-07,-0.13252575524317917,0.08494738198650427,-1.5,-63.90591822716061,-141.1115552830881,1958.422030321162,100.0,1
757,1.5608848503531725e-07,-0.11927929415001838,0.19138064272543281,-1.5,61.528475323839,154.93282517044938,1957.4532823735942,100.0,1
758,7.667885770492507e-07,0.43571287233463135,0.23373199185540094,-1.5,14.40593679552471,-61.414083999357686,1963.5259268819686,100.0,1
759,5.820935634264019e-07,-0.23611676833357106,-0.1080480988006848,-1.5,122.27818351379486,-36.13998997453456,1960.3967030239921,100.0,1
760,7.46357562338851e-07,0.06489335981150882,0.3220697052693749,-1.5,58.593521064951055,-62.96203112923563,1962.655310591094,100.0,1
761,5.434173180193833e-07,0.09948522196507613,-0.3289309914287397,-1.5,-129.58004780949204,2.4293048190572692,1960.2592675342507,100.0,1
762,5.492274216928731e-09,-0.01311258489315806,-0.3221545741044813,-1.5,-10.73966329266072,98.92533523237137,1962.017258830221,100.0,1
763,3.1069432100578713e-07,-0.4185831510701427,-0.09592893396732183,-1.5,122.613447506385,65.04342667595502,1959.629705174674,100.0,1
764,4.1128888653451697e-07,-0.28220103156706483,0.24265996465654624,-1.5,-97.21861046785203,-45.78959622309585,1961.597599132543,100.0,1
765,8.95248131601488e-07,0.16783909723202878,-0.16732739088475052,-1.5,-71.32840603308406,-53.111628668890326,1962.5250825553921,100.0,1
766,5.383279769569841e-08,0.10564487822662948,-0.3892641401507685,-1.5,-33.37359346574963,69.75397741916603,1963.0165236593198,100.0,1
767,2.804519970296958e-07,0.20114017511840282,0.2950522793494095,-1.5,-17.905114356724766,64.39547358550107,1963.4016186526135,100.0,1
768,6.907339114128035e-07,-0.21624997435202942,0.06124338597075228,-1.5,12.598424913348268,57.97453122987728,1963.64292061579,100.0,1
769,8.335800887010777e-07,0.05498503935163926,0.10589980595001847,-1.5,88.34422769180887,41.43670759531396,1962.1140596212365,100.0,1
770,2.916712852247935e-07,-0.18603267816037442,0.0523997795540347,-1.5,-45.892459132085826,-121.87439879202365,1960.217793863739,100.0,1
771,3.597149021771407e-07,-0.3017575239386003,-0.30010953088310255,-1.5,142.90378959511602,-80.64454954338021,1957.674193990009,100.0,1
772,3.13663394718749e-08,0.418797841203837,0.12277543494881374,-1.5,-74.90984420228935,47.03136827444382,1962.5467769981824,100.0,1
773,6.819772138293484e-08,0.17004181991229597,-0.15653578390235245,-1.5,-86.64592709196506,100.58233451075841,1960.0482043992874,100.0,1
774,7.598696122428658e-07,0.28908421694274306,-0.019373303522407546,-1.5,47.47619961948249,12.992281630125644,1963.9222228372146,100.0,1
775,3.4753596582452884e-07,0.12896457205915055,-0.13993973415675845,-1.5,-70.37700600290945,147.11706004288328,1957.7581397957554,100.0,1
776,2.3639679986899946e-07,-0.27906733938228684,0.409405994209966,-1.5,96.03900844207561,-116.98201227380517,1958.6998248654554,100.0,1
777,5.526777533633544e-07,-0.1476348255110162,0.3642384086674472,-1.5,-69.11037617823403,71.74022783960976,1962.0118200154031,100.0,1
778,6.837080810680876e-07,0.35745787135821233,0.19826713322808853,-1.5,-39.82539538417829,51.10998323143832,1963.4701407871491,100.0,1
779,6.191063781620605e-07,0.14091867316732606,0.42506542555691373,-1.5,109.030418228134,-47.60319533119156,1960.933346639143,100.0,1
780,3.749815489660584e-07,0.21103578556585528,-0.3312968385794328,-1.5,-37.12872674978799,-98.80651998923257,1961.7013063980173,100.0,1
781,7.848173023212822e-07,-0.2849402566647058,0.05131184167320799,-1.5,-19.300211897023154,-84.71383752076008,1962.6167108784557,100.0,1
782,7.819026421259696e-07,-0.33324736455432774,0.19197937492306286,-1.5,-69.10706168504758,144.9914361222308,1957.961946449063,100.0,1
783,4.252722065312965e-07,-0.4002851260541479,-0.22746109434370596,-1.5,76.33235534790923,137.6588275220411,1958.2228435493312,100.0,1
784,5.786191060684929e-07,0.19838687488308934,-0.3043137610633015,-1.5,-100.49368344156264,-38.918651851031576,1961.5809043709048,100.0,1
785,7.462977556688187e-07,0.23583592295060377,-0.3894783752914707,-1.5,-68.91775908309954,18.415286230356898,1963.2433639215872,100.0,1
786,7.810086241323749e-07,-0.44452406896064706,0.12103499859581915,-1.5,-63.83823362460267,-130.4880746412467,1959.1607459752358,100.0,1
787,5.458986620600318e-07,-0.43188826852398543,-0.06310448961678905,-1.5,-123.68249654489051,-0.18871278872072678,1960.6417038056795,100.0,1
788,4.60916598427231e-07,0.05049960972607044,0.25501117814769403,-1.5,109.08273779063069,73.2643251394597,1960.13942903154,100.0,1
789,5.737873549580512e-07,-0.13761255250467766,0.08956319106598556,-1.5,127.39018867449767,47.431074586301804,1959.8304312514376,100.0,1
790,1.4634185423219844e-07,0.057424156036914795,0.12067392841593881,-1.5,-46.02834101080092,-117.10937601909852,1960.5050553717892,100.0,1
791,2.5189103386781993e-07,-0.0346687089340916,0.055800132377173364,-1.5,-14.04106799284967,-118.91109394507973,1960.8866072296316,100.0,1
792,7.654827924179678e-07,0.21075622496046204,0.29469250606213865,-1.5,-68.89835919721645,-113.9559375080432,1960.0204964930151,100.0,1
793,3.1787300354095274e-07,0.15836787272714456,0.24432801638772933,-1.5,67.27018292347685,73.05535605276367,1962.0272484620536,100.0,1
794,9.076796252819777e-07,-0.1438991939887944,-0.0018899308582150077,-1.5,127.44968793317383,-104.18904711622352,1957.6298183703886,100.0,1
795,8.234973382305987e-07,-0.16311481172948727,0.32050911930318554,-1.5,-6.552525872527638,79.47083492291979,1962.9199517727347,100.0,1
796,2.3581609805492742e-07,0.09603131234146631,0.11000205455887663,-1.5,-58.05440122017422,114.73265731918731,1960.3263478588397,100.0,1
797,5.477186676647781e-08,0.27056924676663746,-0.07897387020265026,-1.5,-68.24221078910655,94.13410718922741,1961.0953716727888,100.0,1
798,6.721831884112277e-07,0.0028367465875073143,-0.04312058899673416,-1.5,-49.073011751409446,56.88096615211689,1963.1020557967381,100.0,1
799,8.662386749005929e-08,0.233512113392783,0.1329695561446948,-1.5,95.17529321223782,-135.93906326273995,1957.5176936383857,100.0,1
800,1.8816024467630946e-07,0.13972872848849874,-0.371691612952028,-1.5,68.86559218204512,70.06543876378048,1962.0809490870622,100.0,1
801,2.1796676692660066e-07,0.02675967812238309,0.4037516165010114,-1.5,-97.83754241453448,-10.155404802021131,1962.0749142970365,100.0,1
802,8.300661073586059e-08,-0.22533853195680953,-0.3281363030554151,-1.5,141.0777204607207,-31.386394821264012,1959.215469843953,100.0,1
803,1.1274354294449642e-08,-2.475470587492065e-06,0.06039884679213124,-1.5,-74.79073067748924,-33.67884925383705,1962.8258628782626,100.0,1
804,3.3643855716341745e-07,-0.10103546595606326,0.07165849357954789,-1.5,61.93027522424081,-83.82727339984783,1961.7723913622417,100.0,1
805,2.5767250470507095e-07,0.3873482730331407,-0.267190593085729,-1.5,101.20842099451329,-20.031918373249617,1961.8279394565202,100.0,1
806,8.101970622494843e-07,-0.2822345563458762,0.00047044337044373956,-1.5,79.72137907407763,34.367596648875356,1962.6198450757697,100.0,1
807,8.159717680697272e-07,0.06690877953973638,-0.3628352839070182,-1.5,-53.879458628464754,-146.38789767561266,1958.3362514180626,100.0,1
808,6.929598142616048e-07,0.001535677086820854,-0.40414145054680667,-1.5,33.54953848239694,0.40984625037887507,1964.2524142176333,100.0,1
809,6.037353693316765e-08,-0.14914553186943025,0.026812707044220018,-1.5,106.40672224998511,73.74666727741752,1960.2684318204024,100.0,1
810,3.892367270426295e-07,0.21068620629475668,-0.33591524563091735,-1.5,-21.31251805527522,123.92719369367414,1960.5104216768361,100.0,1
811,3.685032637361795e-07,-0.27080562837103367,-0.40111356217344096,-1.5,-94.87213177938078,-136.45923017985984,1957.4962179724605,100.0,1
812,8.941195864328282e-07,-0.3450284235646294,0.3565876124762272,-1.5,-37.83119054022488,1.9975341544959324,1964.1736423101045,100.0,1
813,5.886827188495516e-08,0.19049381747566116,0.008671861130014646,-1.5,98.1647172415632,132.29723444166197,1957.6195790587362,100.0,1
814,8.493473865740356e-07,-0.23399110512635862,-0.04757165972818098,-1.5,17.715107004211152,-109.11236190840515,1961.4265098975106,100.0,1
815,3.0251428193599575e-07,-0.15261529001466992,0.2562167091891137,-1.5,40.964957794120586,141.00467567054454,1959.0438586050343,100.0,1
816,6.307994334706287e-07,0.22796701455348542,-0.2727753217289504,-1.5,131.45983810664546,-106.05468340198723,1957.264417844357,100.0,1
817,7.48334724722568e-07,-0.11171614231341573,0.3068512690020191,-1.5,-12.657442997709275,-121.73993420931329,1960.7224341608382,100.0,1
818,2.8928548287884823e-07,0.16366770253739957,-0.24735611968912485,-1.5,50.58544832557673,17.97189312127428,1963.8053390653233,100.0,1
819,7.009654190848767e-07,-0.04332894855168275,0.401565081102306,-1.5,20.04689090724713,60.94311232924255,1963.4911116403632,100.0,1
820,6.952931758614284e-07,-0.34077209770726524,0.09622434903605984,-1.5,159.10806834033767,-37.59161727362667,1957.7243879478772,100.0,1
821,2.387411606211046e-07,0.0799254528192622,-0.12516608182061606,-1.5,-46.93379128587138,112.05067556317718,1960.7792205160429,100.0,1
822,6.026746642534692e-07,0.18269028312240418,0.43281389037848983,-1.5,60.44754026531705,-12.615731959005958,1963.5682377878143,100.0,1
823,2.8516588642796394e-07,-0.204134758703957,-0.0034661009448227077,-1.5,129.01561876551725,-1.9317981265006725,1960.2970500760032,100.0,1
824,7.341259551263991e-07,-0.14376216913294276,0.0671582882368839,-1.5,58.296043267006155,-106.7108489218069,1960.7722081689983,100.0,1
825,7.545026365393166e-07,-0.13162490652187164,0.17444258536702878,-1.5,-15.210022215099547,134.02156505836578,1959.903100051034,100.0,1
826,7.673619219907313e-07,0.40806894679089534,0.13538820751561306,-1.5,-82.45393995437242,-62.80048903750167,1961.8029291008775,100.0,1
827,5.668346425946968e-07,0.15912993314367807,-0.3780735930945101,-1.5,106.12359875326153,-16.421739221751974,1961.6017420808744,100.0,1
828,5.979406431961059e-07,-0.3330301578284944,0.3067684368026187,-1.5,112.10164433469119,112.35916711382193,1958.1169334769254,100.0,1
829,3.4608765933445284e-07,0.13651638372013464,-0.27181388754042285,-1.5,35.36959949891612,-10.638273938069029,1964.1917179402412,100.0,1
830,3.946136113136489e-07,0.15050406245591566,-0.41968453850126847,-1.5,-159.4216735822774,-31.31882732261951,1957.8092724556939,100.0,1
831,2.3227897217791193e-07,-0.3905556793635331,-0.27372772372154563,-1.5,-10.611900131108278,-2.835181640951093,1964.5082426874164,100.0,1
832,2.5934802867528764e-07,-0.1149858863682972,0.2964281958752575,-1.5,-55.527970754970724,-124.6626660402237,1959.7931397026855,100.0,1
833,2.223408384620231e-07,-0.3884396219379553,-0.03600426109349177,-1.5,-102.92417626724307,31.272986788619505,1961.59167527372,100.0,1
834,1.4702389462316298e-07,0.13341021566069403,0.05814050722521183,-1.5,77.60337119063426,-62.118353681003995,1962.0225057786522,100.0,1
835,5.176196703258304e-07,0.4260945897572776,-0.10042129424298926,-1.5,-48.29699605336264,137.1493269225352,1959.1505170769929,100.0,1
836,1.6759254617563406e-07,-0.19806393232900135,-0.2003273816374455,-1.5,152.3024838751202,52.414630579975736,1957.924908205819,100.0,1
837,3.591226104037823e-07,-0.11542692735718056,-0.31220699101239135,-1.5,117.9277664903672,-51.411640520991426,1960.322211111139,100.0,1
838,7.643403455242461e-07,-0.17919834224422193,-0.020241877436074102,-1.5,148.2679685815756,41.20825430064344,1958.5024318433505,100.0,1
839,4.086765765445174e-07,-0.29563437860293695,-0.2710381461074064,-1.5,-112.55138459446022,-95.37499382814387,1958.9918536441858,100.0,1
840,6.39848861599256e-07,0.0069368810866955385,-0.2995323915499376,-1.5,-86.91284201128417,90.69706889491435,1960.5186777619651,100.0,1
841,3.2057266217718043e-07,0.16488147007302284,-0.023399985115917468,-1.5,127.48291907558277,16.010669753829063,1960.3328926649508,100.0,1
842,8.837997676656758e-07,0.1717888475577474,-0.08908717260897511,-1.5,-116.17881420547374,32.243128588219996,1960.8355744566613,100.0,1
843,6.789984736044451e-07,0.04383241711880631,0.4124884170411888,-1.5,108.38792038153383,39.0327420985563,1961.1582776578143,100.0,1
844,9.831285648742845e-08,-0.3667463343124802,0.2521997040785058,-1.5,-43.40308171612764,105.84590753755589,1961.2052678445532,100.0,1
845,1.7086775770415356e-07,0.15440883210620138,-0.06303627950299347,-1.5,122.85723108040719,73.07835294432279,1959.3312485050433,100.0,1
846,6.242150333430104e-07,0.29798400259973984,-0.17625308235960216,-1.5,-25.843564810209354,-21.759018426735146,1964.248441908797,100.0,1
847,3.36399963255231e-07,0.3852193174203428,0.0932158741430001,-1.5,42.80548260210923,37.75292733474239,1963.7096764549972,100.0,1
848,4.844112281429972e-08,-0.046622582867676156,-0.2964260304956143,-1.5,-105.44478896889143,-94.99144514020036,1959.4058558898953,100.0,1
849,1.314354631225884e-07,0.024938059440396152,-0.11813942147753446,-1.5,-72.45716705428909,-39.93006199889966,1962.7961777416836,100.0,1
850,7.604064370024892e-07,0.30361823740994215,0.24212868723698705,-1.5,-121.57672259283468,16.874275656176017,1960.7008047151905,100.0,1
851,5.347248886062908e-07,-0.1854479649741761,0.3975784592555419,-1.5,-164.52235548271213,-27.30896214772372,1957.447292112604,100.0,1
852,6.048787084574577e-07,0.17262635260538417,0.2314381633473199,-1.5,-18.535358929634487,-33.13819818240478,1964.1719849740002,100.0,1
853,5.2117991974376e-07,0.18487673884788514,0.2782195778484471,-1.5,-69.77845605002982,-61.15069103120943,1962.3467701514458,100.0,1
854,4.650358543183047e-07,-0.022857880959076992,0.07951285622887096,-1.5,-59.921242941171556,78.58558585268457,1962.0517415722518,100.0,1
855,3.3401133804088167e-07,0.3466261830988243,0.27273171163547616,-1.5,-13.152867601126347,-47.15560415726345,1963.9288778712335,100.0,1
856,1.994816255932881e-07,0.13131481879223675,-0.3062564606094574,-1.5,146.08684025441556,-1.9773342219321037,1959.0987753352272,100.0,1
857,1.5911090084752635e-07,0.17177473989704367,0.3124243385549498,-1.5,28.914831177779742,-93.12278890212174,1962.1175716534376,100.0,1
858,7.870911711445699e-07,-0.31153932930667966,0.09305855415265958,-1.5,-12.833271350120574,-112.28477272428755,1961.2854772385483,100.0,1
859,4.4000397634434133e-07,-0.002235946047112458,-0.4066541447543165,-1.5,113.44806610910965,-29.457339510732474,1961.0392876511128,100.0,1
860,4.0755545009592917e-07,-0.06569310985105563,0.0604393463877043,-1.5,128.18174005099166,49.43654174383427,1959.7292558218446,100.0,1
861,2.8887190084869284e-07,0.19752900610630267,-0.09935531034515636,-1.5,166.88296649161302,34.63866766532833,1957.1314530361676,100.0,1
862,9.007674662599213e-07,0.43845917309685695,-0.20929888296818838,-1.5,-60.868839286829825,-54.73995084994523,1962.832598173097,100.0,1
863,5.694908582038666e-07,0.4213780914060866,0.13350026433228487,-1.5,-23.496815914342267,-127.40132020283656,1960.2627603254093,100.0,1
864,2.706416056124214e-07,0.057954139549377545,-0.4308554122553708,-1.5,-27.32927550634623,124.00659780187809,1960.4307589578452,100.0,1
865,2.012550751042528e-07,0.35351493069183293,-0.053372479224690725,-1.5,-48.776174943052126,-142.19570855611968,1958.7788419043839,100.0,1
866,7.175506328928116e-07,0.23479924110058017,0.23032051532841655,-1.5,-122.54483938342142,-72.9326835609883,1959.3562392467622,100.0,1
867,5.002515634799704e-07,0.3218979265400885,-0.30955292916840904,-1.5,-142.25805795115076,-76.31224667685396,1957.8948828323826,100.0,1
868,7.89391361828125e-08,-0.21237178205962046,-0.1514215590441386,-1.5,-162.50299908273496,47.321443325417896,1957.2344628472204,100.0,1
869,2.849968663315488e-07,0.07836661730383152,-0.4389892871828611,-1.5,-51.020019998020494,119.81482222998481,1960.2180113955515,100.0,1
870,7.403962340897608e-07,-0.1829467747915467,-0.18437015487601874,-1.5,81.59310035367218,4.896459651205302,1962.8377102867396,100.0,1
871,6.740464424469679e-07,0.25204615333140773,-0.3030175957133489,-1.5,-63.14446121426029,24.90758885950221,1963.365904588673,100.0,1
872,3.6555125723872347e-07,0.15138037217587103,-0.09444238572457017,-1.5,-156.84492339624384,-26.151709577858377,1958.093216462667,100.0,1
873,4.1896522572196095e-07,0.31790496997550066,-0.3590450713468047,-1.5,-152.50137955747982,-0.5756637569776928,1958.6108046547777,100.0,1
874,8.623021714563004e-07,0.005838554411880812,-0.3663795011002412,-1.5,149.4825567551764,61.943036239200545,1957.863966610943,100.0,1
875,4.1080495105367217e-10,0.17229089126358815,-0.04364858751626964,-1.5,1.6053310836300216,1.787162057102769,1964.5374812484554,100.0,1
876,4.76274226548076e-07,0.4337400982498695,-0.08035273445262239,-1.5,-102.9103223859368,-7.396567102978364,1961.8277301046708,100.0,1
877,4.422473628082094e-10,0.09763609216977263,-0.011329369988207572,-1.5,12.496047081285802,1.2760830453383896,1964.4987927421932,100.0,1
878,5.93356324347544e-07,-0.08928472222880593,0.2795457451750899,-1.5,-119.7605991557479,30.024586401492556,1960.655301007142,100.0,1
879,6.047756199451958e-07,-0.3252602634013923,0.033881041446057254,-1.5,-80.53690991273315,130.21436529611734,1958.5635837210823,100.0,1
880,6.647726217461439e-07,-0.4116608865807619,0.24353012500869298,-1.5,-36.034677491083286,-103.51499924732089,1961.478889311601,100.0,1
881,7.050810315180634e-07,-0.016075152502812627,-0.4188881422811097,-1.5,-22.551073102605578,-13.91963061559339,1964.3601959038922,100.0,1
882,1.47079504688171e-07,0.22810868792673916,-0.312558417455301,-1.5,-107.20460850591188,-37.948076968458146,1961.2446052534144,100.0,1
883,7.564275396916233e-07,-0.10337635221780932,0.4277627343558712,-1.5,107.66105002458848,109.41665309624373,1958.5327111383538,100.0,1
884,7.122958789129357e-07,-0.1552992975981877,-0.021695964583096406,-1.5,46.83307747421905,6.063044000045797,1963.9712799880447,100.0,1
885,8.717323622226358e-07,-0.17170647119912477,-0.1563614959880534,-1.5,42.99144673312176,-115.74116227447534,1960.6552489229916,100.0,1
886,4.46709851091556e-07,-0.4716545115853531,0.09680669671602113,-1.5,-66.79324191340537,48.21574503889734,1962.8110431295145,100.0,1
887,2.1898666169055832e-07,-0.39107469354498725,0.011726782608602338,-1.5,-40.10259916477162,-122.79416243440299,1960.2873925724243,100.0,1
888,6.786854870317605e-07,-0.45634914332527127,0.019851038246760412,-1.5,-90.30183306995963,-120.67531323338207,1958.7486653438623,100.0,1
889,2.550399345413609e-07,-0.4623058700094327,0.1012184395812207,-1.5,-136.31530643375928,-55.87654339770187,1959.0072065706972,100.0,1
890,3.8985994438411433e-07,0.1263953678832721,-0.05589181197387293,-1.5,-129.87977142595926,-29.858168304927062,1960.0135257252555,100.0,1
891,2.2978482936797415e-07,-0.2124984746570688,0.2086736435591035,-1.5,41.739233737106716,-144.14274624911414,1958.7991196998566,100.0,1
892,5.303115234348643e-07,0.18673473762120127,0.16784391051113587,-1.5,29.324355943045788,-12.264655032082306,1964.281789013888,100.0,1
893,6.251530467630361e-07,-0.01335808431610125,0.02387815710699367,-1.5,-74.97624470260313,-135.28855623038692,1958.4404140921736,100.0,1
894,3.83768780137101e-07,0.05416010778276803,-0.4717262476634692,-1.5,15.876386741080772,-2.2055413214777677,1964.4735585386886,100.0,1
895,7.468789196757016e-08,0.21704234590844454,-0.3098125251382123,-1.5,-39.05733804966935,-107.20369726525034,1961.2228781816884,100.0,1
896,5.35052627870045e-07,0.10093609071818016,0.4054294492259172,-1.5,-168.1302396999196,29.42576364429258,1957.11002071895,100.0,1
897,2.928054219495833e-07,0.12223240208737242,-0.23084804857202085,-1.5,86.99811294127832,144.33429078521934,1957.2971739402055,100.0,1
898,2.341883134096536e-08,0.17032513901792495,0.4106230620304162,-1.5,106.5064289724212,20.268362715831408,1961.545018684632,100.0,1
899,8.248463110584968e-07,-0.24766800740180436,-0.3417494518021687,-1.5,15.549999095834986,-10.007044345143264,1964.451919202332,100.0,1
900,5.389823659685465e-07,0.3045827134494427,0.179601595845329,-1.5,31.8852262341434,-74.71319582585194,1962.8587715328927,100.0,1
901,5.419406962137552e-07,-0.3122393435619517,-0.1346642256625637,-1.5,159.68336510347171,7.854132016576999,1958.0226816320665,100.0,1
902,7.420881481981004e-07,0.030798970319588267,-0.2719351849087749,-1.5,6.632073510095007,21.231952098371107,1964.4130182009028,100.0,1
903,6.521819737307743e-07,0.16378254906563097,-0.30234066130629716,-1.5,-7.868513069260175,166.3036803623147,1957.4714451726134,100.0,1
904,5.239587719826286e-07,0.27819452287233865,-0.21922550727450466,-1.5,-44.25358935903887,0.9437916067449067,1964.0402275290535,100.0,1
905,1.3028461843729926e-07,0.2694898146600774,-0.004941042121482741,-1.5,147.0612676340801,-45.251061621349415,1958.5041769805164,100.0,1
906,1.4423476947357652e-07,-0.36807999183098405,0.2864098370039469,-1.5,41.95899459926742,-12.061210286809102,1964.053781403342,100.0,1
907,5.740913350992934e-07,-0.03289057710939734,0.14007764654794413,-1.5,87.97091904244465,-6.039776980066217,1962.5590245297058,100.0,1
908,8.118105064580971e-07,0.16981571737729448,-0.27165447852236885,-1.5,-126.0047096918873,83.07413794603701,1958.7329544902534,100.0,1
909,9.852402434567784e-08,0.4126593762143183,0.26868042009180937,-1.5,3.3445040399567736,142.1356821567047,1959.387544212912,100.0,1
910,8.422662028026282e-07,0.01815234609203601,0.4827902873581311,-1.5,61.13128258174865,21.912757809262022,1963.4653252861976,100.0,1
911,3.747458107933583e-08,0.06582766763255207,-0.027377818488376476,-1.5,59.01064501216816,143.96265838308898,1958.3681428762707,100.0,1
912,7.079205299595203e-07,0.20543209675750745,0.17277927529016848,-1.5,41.267076125626545,130.90160359185145,1959.7385246178262,100.0,1
913,7.262573915028225e-07,0.05053257116873785,0.2276343808138374,-1.5,52.24550926539567,-23.051859831575765,1963.708813644741,100.0,1
914,3.7142544233502405e-07,0.13246158435314592,-0.13245860158502504,-1.5,116.39962767187096,-77.6226572332883,1959.5507485206972,100.0,1
915,4.822279435616683e-07,0.3569335576401395,-0.11260596770046592,-1.5,-107.35661262608669,-65.74329983800386,1960.5013803917593,100.0,1
916,6.294020789522588e-07,-0.4334697431849635,0.045745084373713676,-1.5,111.93478061861167,6.096642256985785,1961.3379928271377,100.0,1
917,6.282071748852193e-09,0.46329238461319194,0.12359691399541817,-1.5,94.76309756733937,-125.74857704207268,1958.2187153067116,100.0,1
918,2.828266877932419e-07,-0.2821725358076488,-0.16822836955114415,-1.5,-38.18531526071857,-34.69022843407404,1963.8614401265081,100.0,1
919,1.0665628751989822e-07,0.4349912662351661,0.0797753375640336,-1.5,-118.73177865008536,68.3939462248048,1959.7546578907568,100.0,1
920,8.84442660823891e-08,-0.3620591678165079,-0.11039517748882162,-1.5,-23.95219299041595,44.108255059661445,1963.8976654990638,100.0,1
921,6.351653710563441e-07,-0.35456800548970063,0.2620053276406114,-1.5,73.81355557584762,114.23056010716793,1959.825559690705,100.0,1
922,8.515760336043038e-07,-0.03363213765171247,0.23176520311576662,-1.5,-8.930229298948602,-126.46733183074161,1960.4437128493162,100.0,1
923,4.842334634386549e-07,-0.2000500395864066,-0.22459250421974736,-1.5,51.14997450128692,113.50372145493456,1960.590184508361,100.0,1
924,3.9022890426981797e-07,-0.14259817542797984,-0.29529409152095953,-1.5,-162.76947889648275,11.612721622679091,1957.7498634152457,100.0,1
925,1.9372811171070207e-07,0.23576252686339744,-0.3109569643412134,-1.5,-107.4606485850322,112.683367276776,1958.3584845505131,100.0,1
926,4.221504922513159e-07,0.2435739367620391,-0.04717835319822455,-1.5,95.18301524874757,-30.4369909294034,1961.9956853819663,100.0,1
927,5.6812193199899635e-08,-0.29742785112334036,-0.02846424676259948,-1.5,-145.77896213144805,68.71985045135276,1957.9170979946912,100.0,1
928,5.258540727505758e-07,-0.06891192978462332,0.10520841957762253,-1.5,115.0218843034254,115.49764810580427,1957.7649362677453,100.0,1
929,4.438406619329094e-07,0.3624282773581538,0.15996824876547994,-1.5,-10.134651819178249,114.86486893674493,1961.1518648444285,100.0,1
930,4.803759636371995e-07,0.05623470770187174,0.3944740559891794,-1.5,71.56739439543104,68.01793326982252,1962.0563078258692,100.0,1
931,3.423734238388767e-07,-0.18265358975831714,0.2384041177932043,-1.5,-151.49116216355685,77.50994940174058,1957.155058189362,100.0,1
932,4.903976991918559e-08,-0.44422158738869383,-0.1270355709280776,-1.5,-36.623170617097855,-131.16708168353685,1959.8130590244332,100.0,1
933,4.084251918648635e-08,0.3839202252730501,-0.12882530481217722,-1.5,99.31515891609224,-3.6615937374051297,1962.0235417055792,100.0,1
934,2.4671973819202425e-07,-0.40933242314424023,-0.14248357026107236,-1.5,-49.80310798379409,1.0933004293626214,1963.90726394997,100.0,1
935,5.650992920834971e-07,0.2886731713853978,0.29003296414890223,-1.5,-54.05036800270148,-112.13813647150677,1960.5909523237124,100.0,1
936,5.73427743214598e-07,0.4308023515695289,0.15047402687458086,-1.5,-114.48171139673748,117.64141196099261,1957.6689511287727,100.0,1
937,6.169713649877567e-07,0.4118722096886279,0.18290096171825473,-1.5,-87.52799433688041,-7.18447970078681,1962.574971746283,100.0,1
938,9.72498689899543e-08,-0.19942639497838174,-0.26882361788566245,-1.5,-157.98019440617406,-45.873000478429006,1957.63919358717,100.0,1
939,3.119644947593863e-07,-0.24528123252705586,-0.37624757982781487,-1.5,69.36981602955198,-74.79491840903609,1961.8885888526756,100.0,1
940,4.942280479455729e-07,0.19363042162699617,-0.010491041248670745,-1.5,74.81237389706783,-21.233333050625212,1962.9991188346412,100.0,1
941,2.922870183025998e-07,-0.2392694381419581,0.006594411164253667,-1.5,72.18134343632046,-134.0607369075144,1958.6298421972624,100.0,1
942,6.302952345720999e-07,0.2896216459281885,-0.2854936934867509,-1.5,-55.75870351357631,103.87887791947551,1960.9980703638662,100.0,1
943,7.293731874433492e-07,0.21063793813342083,0.00832445582316371,-1.5,27.859115056312305,62.39690797148408,1963.350142447854,100.0,1
944,7.401470983506314e-07,-0.36357649773473977,-0.22296347845969083,-1.5,-60.2666249241978,-50.80461301436956,1962.9569815670536,100.0,1
945,5.2246575056319265e-08,-0.00762074298997231,-0.49753730544002633,-1.5,27.072025308889366,52.68374605542998,1963.6457966276334,100.0,1
946,3.9478829820423004e-07,-0.4130966197663448,0.037254955587408885,-1.5,-16.382287101817315,165.01201500945615,1957.528018148901,100.0,1
947,6.062956117690067e-07,0.14572563198450827,0.3510854150267869,-1.5,-87.80544825082451,-4.123273429413783,1962.5713969534534,100.0,1
948,7.595870574971433e-07,0.3706963010094317,-0.026981938093043684,-1.5,-14.429768267343414,-14.121805368662805,1964.435196861177,100.0,1
949,8.122033026191669e-07,-0.17412630035239146,0.22040429317526267,-1.5,101.5168146586436,102.55412157711811,1959.2320625069506,100.0,1
950,5.169177057283619e-07,-0.037737954949571495,0.3752094197805642,-1.5,-116.78938783077376,-84.22793251885645,1959.2547513123052,100.0,1
951,1.7742122072766617e-07,0.08055212730526852,0.3494640500196746,-1.5,-112.43941225457482,-97.2420599535739,1958.9064925651664,100.0,1
952,1.5832225912775626e-08,-0.2582744055066571,0.32661134324928714,-1.5,-119.51112195621397,70.40885047724456,1959.6359283727606,100.0,1
953,5.000195827858653e-07,0.07020439563607385,-0.3484987018843358,-1.5,-125.86394329260412,115.92573697191447,1957.072501864069,100.0,1
954,7.439023662751785e-07,-0.08362908955983195,0.006161547511103367,-1.5,98.73404777047793,54.03070986931921,1961.3122027020597,100.0,1
955,3.9059073912460266e-07,-0.023385059145712452,0.384841534973476,-1.5,22.874676990913528,50.93887333710308,1963.7452142785323,100.0,1
956,4.3542735129172635e-07,-0.04567828923811659,0.38421191369682606,-1.5,-34.36835037881726,6.600391475039943,1964.227211294749,100.0,1
957,1.9747472223803302e-07,0.04554940945650588,-0.098263045819065,-1.5,-73.21265946425567,-23.415585665206212,1963.0346158711154,100.0,1
958,7.449563019728583e-07,-0.28389806306670334,-0.37348835895208155,-1.5,97.8447948556704,-87.74156073847332,1960.1380310847908,100.0,1
959,2.2110439823778442e-07,0.416333153545796,0.1860058942449363,-1.5,-35.38320592666788,72.97879546201162,1962.8640835313574,100.0,1
960,3.621534245396736e-07,0.14220227685707756,-0.054823939612636846,-1.5,34.31399602721436,90.99361121983966,1962.130474423133,100.0,1
961,2.2861505544598204e-07,0.09888809760282109,-0.33294911216607376,-1.5,-10.184614091465763,6.009302271749357,1964.5033591694737,100.0,1
962,3.634528962880848e-07,0.002341975857258909,-0.27064094489499496,-1.5,-47.92203432159852,-140.33484785316196,1958.9341222641053,100.0,1
963,1.6309052512239553e-07,0.052782406529168095,0.21329245563453383,-1.5,-4.972536076054413,-47.98395549522914,1963.946562451773,100.0,1
964,7.611909356337027e-07,0.007994521329683417,-0.43733160555319417,-1.5,-62.58538625304457,-158.46605881929483,1957.1369047401788,100.0,1
965,8.892552279696477e-07,-0.07379323950368785,-0.12863105316344137,-1.5,76.2787818921692,-56.57290971333571,1962.242171493046,100.0,1
966,5.477217224779872e-07,0.18846010074616237,-0.39548496056159194,-1.5,30.542992386449523,61.893105762487885,1963.3261714094492,100.0,1
967,3.6300540030335417e-07,-0.0058475909986824524,0.31655427897236993,-1.5,-23.725866348635417,18.239638729335113,1964.3109950084688,100.0,1
968,2.556156080253178e-07,-0.25813532272812234,-0.412403904578535,-1.5,40.39046018244863,140.76575196298856,1959.0729695615412,100.0,1
969,1.2982041125907386e-07,0.12433544074767304,0.2299728023523346,-1.5,-47.073350608833906,160.29639970269687,1957.422399527231,100.0,1
970,6.90574967467503e-07,-0.4784964913780372,-0.06853520159901663,-1.5,-144.9882425723912,33.731352459912586,1958.8909851349886,100.0,1
971,1.3186370319463358e-08,0.37867021087539693,0.26087744738245555,-1.5,-68.46872115694555,34.677974421806006,1963.0391637915084,100.0,1
972,1.7879462999319397e-07,-0.16357082828409736,0.21774761968805098,-1.5,-35.77247110517441,158.08377922533344,1957.8414479530759,100.0,1
973,6.752881180289863e-07,-0.2173238449474314,-0.12990426172740738,-1.5,-134.59539195686634,65.23982678626805,1958.8366781666628,100.0,1
974,2.1857492535671798e-07,0.43239938837173586,0.24035762120624138,-1.5,-100.21775912357951,-24.709313827182985,1961.8254603385515,100.0,1
975,5.281787910289275e-07,0.46707036771524985,0.015511176110624818,-1.5,-17.625197736255863,-123.84238670303718,1960.5523971387718,100.0,1
976,7.221668975469689e-07,-0.3402325507834958,0.33349974770648116,-1.5,7.867131132696957,123.71942724634006,1960.6235992244176,100.0,1
977,5.7180621849458806e-08,-0.00710980153747274,0.1865057897865179,-1.5,114.41704503181677,-13.99401762896293,1961.1543013090325,100.0,1
978,3.901105943656251e-07,0.3339561300345935,-0.18068914363123695,-1.5,40.70060958065215,30.95316613002537,1963.8733788491613,100.0,1
979,5.481172791004039e-09,-0.06380266002869057,-0.4151340264633629,-1.5,-47.22963438537607,-96.1658315174581,1961.6153498457618,100.0,1
980,7.600585829249457e-07,-0.2671578461773496,0.21504969063166787,-1.5,-106.17186484635005,-1.3296115774386388,1961.6674166418304,100.0,1
981,5.30137965666664e-08,0.28406619355710394,-0.4042014796688641,-1.5,82.46603475069786,-95.24453404924496,1960.4951206550784,100.0,1
982,2.102790027803842e-07,-0.3433243127335874,-0.336944528343143,-1.5,-52.558198652138316,-3.700818065533506,1963.8322805082462,100.0,1
983,5.942241778629471e-07,-0.1036804762162704,-0.33119306329814996,-1.5,131.58206487271633,81.69066903177209,1958.4243873744795,100.0,1
984,4.048298648051694e-07,0.23692601556585707,-0.3679620638753573,-1.5,-55.318160276047465,-154.92265760520874,1957.6394350263647,100.0,1
985,8.644652375426091e-07,0.4187275029417086,-0.2561663009045217,-1.5,-0.6577387869516806,11.613460324012777,1964.5045128950765,100.0,1
986,7.422766245932049e-07,-0.006498401425067775,-0.18837026271519824,-1.5,-114.25270579174098,32.28564122140636,1960.9480469549212,100.0,1
987,5.496633536828058e-07,-0.09913877231391205,-0.2500420076069191,-1.5,-66.84678345605077,-139.90401509840518,1958.410493325405,100.0,1
988,2.537450835520003e-07,0.3050330538966812,0.25469259200801037,-1.5,-40.36613474820905,11.887270483759508,1964.0882246559258,100.0,1
989,6.692695537372471e-07,0.2558467100296063,0.14710255512329143,-1.5,133.92578208060968,4.641212613470221,1959.9631706503326,100.0,1
990,4.835307558850822e-07,-0.13177843947438872,0.36047223032472847,-1.5,9.2306271690844,-166.5127654474733,1957.447721072323,100.0,1
991,1.4510204770548187e-07,-0.47762717434770324,-0.03963872736670406,-1.5,-136.73297640062557,20.80688781176006,1959.6643725011552,100.0,1
992,6.913243221208308e-07,0.24251024255245654,0.34233575579853975,-1.5,-38.00968382819406,-13.408496035239432,1964.1254446790015,100.0,1
993,7.878656259534564e-07,-0.0697153327025482,-0.4092431828703724,-1.5,-54.24849077717798,140.21262400258593,1958.7778862302994,100.0,1
994,3.274701494898633e-07,0.2959056901389917,-0.2688748767592761,-1.5,-31.775944291445754,-57.639448614363985,1963.4360874736794,100.0,1
995,5.19802330572131e-07,-0.15818744125970138,0.13842185059748455,-1.5,-1.0679377501564997,-138.7895332131824,1959.6299679392434,100.0,1
996,5.342990860220118e-07,0.3226322558048251,0.18858177025785866,-1.5,-34.98727701088768,-115.13844993904479,1960.849895851064,100.0,1
997,8.154110634257261e-07,-0.0527308468631713,-0.3427278926324689,-1.5,31.26390604957525,106.88187074515011,1961.3801569687278,100.0,1
998,3.042867682668919e-07,-0.3335386242780234,-0.023405708494023233,-1.5,103.28128456270203,-6.769604493223599,1961.8104992532317,100.0,1
999,4.6736911920560186e-07,0.23809281097739549,0.2434414667363328,-1.5,-49.688134348204706,37.05249743276341,1963.5609203702138,100.0,1
1000,4.945928865423722e-07,-0.3522430911830031,0.0803606752499726,-1.5,62.496124892858255,66.38900815219472,1962.4219781270479,100.0,1
1001,3.9227942734530796e-07,0.307132382849966,-0.2243278090392108,-1.5,17.283890736477243,35.20225479471506,1964.1474880070764,100.0,1
1002,5.599986654388181e-07,0.0009207674531166339,0.4045568234018187,-1.5,20.807544982215347,33.7327437354017,1964.1391076851014,100.0,1
1003,2.5914473967196917e-08,0.4193578254336242,-0.2540568469787933,-1.5,140.28957350706196,-60.46199490953791,1958.5904291104093,100.0,1
1004,7.085769140672557e-07,-0.02990201591208201,0.35163263772463393,-1.5,121.31942918523791,-86.37136496385811,1958.8861298407774,100.0,1
1005,6.337730414335808e-07,0.058524811032989434,-0.33614000201074645,-1.5,-15.942857171026843,-153.09655432389343,1958.4995676858105,100.0,1
1006,6.929756493062636e-07,-0.374292318010518,-0.23542056998226885,-1.5,26.904117486080708,121.28040341297708,1960.6071810733563,100.0,1
1007,7.45080928461154e-07,-0.008631235869111535,-0.008482174349907256,-1.5,155.74006768183398,-55.37701110374733,1957.5729115989025,100.0,1
1008,4.994501682421865e-07,0.14016958107591987,-0.374142817020164,-1.5,39.71069478252774,-1.0911507621071277,1964.137254973805,100.0,1
1009,6.868115506750915e-07,-0.3225535282187231,0.27364972273896887,-1.5,37.95079003360167,-159.84806472139473,1957.6571763224483,100.0,1
1010,2.9563492894745256e-07,0.20828865612703962,-0.18326374452497454,-1.5,-144.44591817167966,-88.6241366264508,1957.2159884378852,100.0,1
1011,3.803663894650039e-07,-0.06382832452334894,0.15477142958536114,-1.5,-86.12208502077473,-139.85992870411994,1957.660714495922,100.0,1
1012,7.478377909821844e-08,-0.11578675295254195,-0.06765657705303375,-1.5,-52.62348834766008,101.95711212915896,1961.1855603248096,100.0,1
1013,7.09761837666738e-07,-0.1039762265669716,0.04971875691221526,-1.5,-30.396681326327016,-106.6806955106758,1961.4047408007955,100.0,1
1014,6.159630113462495e-07,-0.005405921063410301,0.027503649917909972,-1.5,127.55503558657036,105.43347244839273,1957.5563292151044,100.0,1
1015,6.522409870891565e-07,0.22427517787251242,-0.1267597537294077,-1.5,66.0150053106312,-58.99484970394194,1962.542971006846,100.0,1
1016,6.548927626996463e-07,0.06844883530378144,0.19079255500039002,-1.5,13.372278315100683,138.68169520110143,1959.5922677574904,100.0,1
1017,3.106143751880424e-07,0.005101541811084848,0.13455272108779848,-1.5,-30.614777124305824,-158.4373991268637,1957.9003070242559,100.0,1
1018,3.7777336895751396e-07,0.14799783988402557,0.2267423218127172,-1.5,39.890369987229604,-87.71674746160204,1962.1742575171988,100.0,1
1019,2.518855068927324e-07,-0.27192738140219436,-0.09611091705273318,-1.5,93.63817458207457,13.634941797992651,1962.2587155849847,100.0,1
1020,4.087483390686547e-07,0.14905689708143063,0.0588255728516853,-1.5,-17.819903570507456,36.719683096726044,1964.1149157256928,100.0,1
1021,4.944939134367094e-07,-0.19241206303325262,0.2713958918017539,-1.5,100.30699256578552,69.72298948069884,1960.7372333503572,100.0,1
1022,4.5747552843701153e-07,-0.3256432426788443,0.15451648065436957,-1.5,19.064288115727514,116.20937069472176,1961.0061757545561,100.0,1
1023,4.449181108931026e-07,0.13066176937229296,-0.3046616540410252,-1.5,95.8112336251866,-74.76644805378861,1960.7762422119388,100.0,1
1024,5.756115925316889e-07,-0.3479992987712311,0.3078728380708077,-1.5,-124.69822485847672,-7.143682229866117,1960.5643592566591,100.0,1
1025,8.347153659124088e-07,0.2841635839066212,-0.1948636566484943,-1.5,137.0253366173041,-67.66155085903563,1958.5860353648998,100.0,1
1026,3.156886295542494e-07,-0.035463840180831555,-0.321811079527878,-1.5,33.23116548882439,-48.22627556635702,1963.665756245544,100.0,1
1027,2.8730397375228956e-07,0.3558381612488279,-0.33278352621454377,-1.5,-15.45718281846331,-20.778766573696924,1964.3682456772517,100.0,1
1028,1.4458125025083488e-07,-0.17602181572357758,0.2599529402882109,-1.5,99.14924170929163,83.20690220721892,1960.2702174852532,100.0,1
1029,5.26332967589723e-07,0.3683322991853455,-0.28931474637511867,-1.5,61.14702700329624,121.9834981821898,1959.7944671638465,100.0,1
1030,2.703162831932285e-07,-0.11376417829950204,0.32960197912911615,-1.5,14.75355596761089,116.77464271882691,1961.009765827374,100.0,1
1031,8.240087688627385e-07,-0.1348152207322394,0.3765437622650766,-1.5,17.93975166429106,-13.703005905353141,1964.4092443290713,100.0,1
1032,3.6329578631657967e-07,0.16478068700254886,0.10046296830222881,-1.5,92.05817296077859,-89.5602707962568,1960.3360775520496,100.0,1
1033,6.17493432971782e-07,-0.3298838689589394,-0.22453335277711253,-1.5,-58.73123389044616,138.378843196899,1958.7790136172393,100.0,1
1034,3.8728079937624324e-07,-0.18799501282476613,0.34003410884392327,-1.5,21.854559533962348,-84.81578807384759,1962.585525929283,100.0,1
1035,6.571091990749861e-07,0.17879087144010014,0.010744945570300746,-1.5,19.757940343019897,69.39645131665465,1963.2134480499535,100.0,1
1036,4.282213583425616e-07,-0.2392336754745929,0.1209291576637401,-1.5,-63.35963088100376,25.60471932040268,1963.350004912338,100.0,1
1037,1.3762099617888181e-07,0.18010178627618817,0.07333074794775493,-1.5,-95.65921420618278,35.71092742897819,1961.883618022677,100.0,1
1038,8.51752975706085e-07,0.4696667636797165,0.045710423152032977,-1.5,-109.97436557756438,77.44772412147515,1959.928767891922,100.0,1
1039,4.6590324056846457e-07,0.19813294817303173,0.39195207043400865,-1.5,-5.686494390447231,-105.2799863545048,1961.707693444891,100.0,1
1040,2.887099376586145e-08,-0.4441785987583922,0.08274405837762305,-1.5,-61.77287950743949,65.50124378386664,1962.4747093112453,100.0,1
1041,3.1357917454194656e-07,0.15622401437530073,0.3063412240975623,-1.5,-36.442478694123935,152.72700023276806,1958.2542468772178,100.0,1
1042,9.405546226068131e-08,-0.14608708804869103,0.23948387098747964,-1.5,20.775364399379747,156.26337848695178,1958.2041331393536,100.0,1
1043,8.515142942601651e-07,0.22765363096957925,0.2871077697049044,-1.5,-5.029031407273669,-127.27039620868555,1960.4056318420737,100.0,1
1044,9.772037201164818e-08,-0.13628177059890745,-0.024109319155748363,-1.5,-91.84951787895255,-33.638456842835474,1962.1022925812936,100.0,1
1045,4.105449722686197e-07,0.13335119675790927,0.30449712051877037,-1.5,-38.093950621382454,115.21698190835306,1960.7873888497236,100.0,1
1046,6.614540905714932e-07,0.18952620042314416,0.4546987189961073,-1.5,-138.7295579668699,13.08785391233449,1959.5908001652838,100.0,1
1047,6.699640638054036e-07,-0.21295637319659208,-0.25114810304390506,-1.5,-79.79145544895636,53.77510455073001,1962.1811455709249,100.0,1
1048,2.7793130717788235e-07,-0.4661872184843302,-0.17836097144057958,-1.5,37.240286864295065,47.488722064228774,1963.6117917187967,100.0,1
1049,2.2799235798804415e-07,0.05996232361048717,-0.2707172454031043,-1.5,44.38081646015366,-101.80935098327117,1961.3970749057485,100.0,1
1050,8.307122470009933e-07,0.3647685235273126,-0.07411824321185742,-1.5,-13.058936757149262,-99.34079778295,1961.9822008195567,100.0,1
1051,3.7471030283687105e-08,-0.27170009937657336,-0.3568800440043464,-1.5,35.5988141673477,-58.84695405663614,1963.3346751622012,100.0,1
1052,4.1423586024942653e-07,0.09442105805305762,0.054683683340338976,-1.5,116.0568128938332,-66.67008273034276,1959.9742861873945,100.0,1
1053,7.046926926320678e-07,-0.05861596060781547,-0.46203343762206717,-1.5,17.805853385854494,-138.46436108925556,1959.5723662471557,100.0,1
1054,7.012310181377992e-07,-0.05436034731387604,0.3875775392444169,-1.5,30.683533702306846,166.2349066695255,1957.2526057793982,100.0,1
1055,3.3628908257285866e-07,-0.042527976288377706,0.32753079088009424,-1.5,-72.42222874637139,62.61412602417288,1962.2048257691572,100.0,1
1056,5.121669045238051e-07,-0.12253960447799632,0.08171393804163599,-1.5,-54.11005184963208,146.39985013384782,1958.3290000497232,100.0,1
1057,2.2767133751913162e-07,0.22503393920212272,0.01625521172654442,-1.5,-113.3983297711027,28.048352489618402,1961.0628228065193,100.0,1
1058,4.576589749101939e-07,-0.11463216862246836,0.28993548558863613,-1.5,21.747170802876635,-52.42198002600297,1963.7189928394428,100.0,1
1059,5.640114911132065e-07,-0.16316757763870354,0.033675086283406964,-1.5,-49.166343377050204,156.86714386579737,1957.6487570860224,100.0,1
1060,6.22431470528458e-07,0.22877620944370516,0.16893961161349189,-1.5,-25.12510736646366,32.3044025997899,1964.1126344531838,100.0,1
1061,8.780089973224316e-07,0.23615244179242217,-0.12051256096382763,-1.5,102.23170950018438,13.73234108998497,1961.8290921094501,100.0,1
1062,3.9244187624301525e-07,0.4256514605936494,-0.014341473737955362,-1.5,159.3567415709916,-8.293932666962046,1958.0474779389092,100.0,1
1063,5.51636542111653e-07,0.4157768966840753,0.18833307359985918,-1.5,57.97370608568725,-37.73833515402974,1963.3206955891399,100.0,1
1064,6.409074980864061e-08,0.03006118173765023,-0.04268696719525968,-1.5,164.39621418398917,-10.035605983464743,1957.6226545584948,100.0,1
1065,3.720719817612229e-07,-0.06319941870730234,0.4634886631399518,-1.5,-63.037266300117274,-47.70772162959059,1962.9476719007191,100.0,1
1066,8.418593119701963e-07,-0.16839602277728533,-0.1507170140013552,-1.5,133.1483758130025,52.222911873691174,1959.3257931645578,100.0,1
1067,3.7539048631628543e-07,-0.326815704819784,0.3344332468442385,-1.5,-58.6417476789627,-118.58287512567826,1960.0797262923302,100.0,1
1068,6.093391056752773e-08,-0.23521665840445644,-0.18820255128241786,-1.5,133.9518666638642,-53.72447136685155,1959.2304266879253,100.0,1
1069,6.215519995100228e-07,-0.2643376415417678,-0.02847414711957898,-1.5,-23.14481114629187,169.43480980636508,1957.0818708498157,100.0,1
1070,8.387420624338767e-08,0.020117161633344052,0.008365102158619058,-1.5,-90.9277242519256,16.624007436851116,1962.3631360187228,100.0,1
1071,5.342484937167034e-07,0.14977160480951127,0.19267855998738043,-1.5,-124.14885502466291,-14.415235285941824,1960.5592439540937,100.0,1
1072,2.517662463313282e-07,-0.2515701370231278,0.17441415042476174,-1.5,-55.67693000753619,142.40160271631967,1958.5798807490314,100.0,1
1073,7.622365773915298e-07,-0.07554515072611895,-0.32363524725832593,-1.5,-41.9355465014987,-13.06548922373678,1964.0478581738014,100.0,1
1074,6.094460514857907e-07,0.3031120008327343,-0.10406699021976233,-1.5,41.32806394319846,-88.1577060271527,1962.1247402407596,100.0,1
1075,4.8456551884233014e-08,-0.4608373624690098,0.0618373079351214,-1.5,40.04507450854158,-68.44290309192594,1962.937912235149,100.0,1
1076,2.3877953144862557e-07,0.13852751552806164,0.11614736079413664,-1.5,8.883794067145102,73.04431394181447,1963.1604347759949,100.0,1
1077,6.775429630638902e-07,-0.12400219174060158,-0.036392706816714304,-1.5,-109.9785785826125,64.291244750996,1960.4042017827464,100.0,1
1078,2.5428666764602394e-07,-0.44741420414037836,0.04325786324745,-1.5,73.16788245180265,-150.98154334129097,1957.3615713030467,100.0,1
1079,1.0325644308763018e-07,-0.08057617246848771,-0.1639115374562207,-1.5,108.2533221724327,-76.83472263053517,1960.0487060027492,100.0,1
1080,8.929186109048028e-07,-0.13024573698439096,-0.17918552187899778,-1.5,-99.6011185928224,-126.77224730977328,1957.9125876180528,100.0,1
1081,6.073922408277725e-07,0.12541997025445295,0.28363869062840846,-1.5,14.464015013468654,-136.06030474503845,1959.7682699769655,100.0,1
1082,5.024272210806058e-07,-0.26080828778170256,-0.30479631935496626,-1.5,54.92306876925268,-25.37278441869119,1963.6071309184895,100.0,1
1083,3.3270422229290783e-07,0.028049058105864447,-0.2765969013506031,-1.5,-50.55780617522495,-142.22130640456507,1958.7318077024884,100.0,1
1084,5.600121424924418e-07,-0.37425653212322524,0.3136962597396164,-1.5,-1.7852195836611564,150.31514522119085,1958.7790728855314,100.0,1
1085,6.794942826086739e-07,-0.30199386082382434,0.34390306470941395,-1.5,-110.41000215880683,-107.85223241976387,1958.466444351676,100.0,1
1086,7.970413341945655e-07,0.007309919407270577,0.3321021199657171,-1.5,28.12759737637584,51.90889189912825,1963.6515962547348,100.0,1
1087,1.7167518826384634e-07,-0.14208848976236318,0.4611508700372283,-1.5,8.85631967441594,102.58252082808109,1961.838851253719,100.0,1
1088,2.0679119909178033e-07,0.20638960543936657,-0.16203677444119272,-1.5,-68.8727722867926,137.78058280891364,1958.4908318663377,100.0,1
1089,7.026042701357509e-07,0.26462721840228165,-0.26243837745340864,-1.5,15.549599516778166,38.21523061337585,1964.1056724041518,100.0,1
1090,2.8259825976047564e-07,0.14346466501098082,-0.07561141762980349,-1.5,-56.73568237594929,92.86580458982327,1961.5224421222795,100.0,1
1091,6.010406480048053e-07,-0.4070075666643056,-0.23421671185426346,-1.5,165.33419433610925,-9.178701880028203,1957.5478645185558,100.0,1
1092,3.109086629744139e-07,-0.3335326899766557,0.008294575930721056,-1.5,-87.83729687962933,132.88717194121097,1958.0701966672384,100.0,1
1093,8.089027485694292e-07,-0.06728172896496694,-0.19999469241368348,-1.5,-12.900411537785516,158.1068033599507,1958.1238736044215,100.0,1
1094,2.6702233344515833e-07,0.29827922330705053,-0.1530259739824979,-1.5,-100.41799350624309,-66.72748462441886,1960.8357798760223,100.0,1
1095,1.791285354900504e-08,-0.1555963184959398,-0.05618856389321371,-1.5,-32.27546824477522,-156.6926372545475,1958.0140443433818,100.0,1
1096,2.27192904503568e-07,0.03177254702243223,-0.08737622765825886,-1.5,-64.22638032096172,135.0801703952259,1958.8367992007388,100.0,1
1097,9.317416606614559e-08,-0.1472769053576414,-0.08538543199337091,-1.5,-21.722105320779782,-148.3933862475758,1958.8059728631986,100.0,1
1098,2.604408401599468e-07,-0.214307933548383,-0.005416164406543498,-1.5,17.507308797857288,89.88921415340987,1962.403299422336,100.0,1
1099,3.8122592061014266e-07,-0.14922178791532317,-0.36274682920437407,-1.5,-107.20985822894943,107.18140060776366,1958.681056202979,100.0,1
1100,3.524887535911635e-10,-0.20931703716293265,0.42597206329176146,-1.5,-62.71730361446154,-52.54664112282998,1962.8343477227443,100.0,1
1101,6.473249283878473e-07,0.45662949547475506,0.2013202872954043,-1.5,145.55250490095585,-6.81588012315151,1959.127688120745,100.0,1
1102,4.4414062033710485e-07,-0.023228159676003415,-0.26024522362557523,-1.5,-43.52031493669634,156.8483554218482,1957.7839160273545,100.0,1
1103,6.95786700370161e-08,-0.2297706052722105,0.36999779772534125,-1.5,102.71117782131086,16.788839158952563,1961.780271869504,100.0,1
1104,4.1787281709241183e-08,0.00844884253170177,0.03986167783566783,-1.5,-75.4856265348758,145.17967614323595,1957.7124579691763,100.0,1
1105,6.870286698506831e-07,-0.3457933272868587,-0.3402799328057494,-1.5,13.325536653633598,134.8955945498066,1959.8568557193348,100.0,1
1106,2.581354684676921e-07,-0.154044369056978,0.35648128960032194,-1.5,-69.57571187123875,-126.28271827863018,1959.240970796574,100.0,1
1107,5.544770184952336e-07,-0.11817152597229293,-0.34949246875267426,-1.5,2.926064309502352,83.36355442785454,1962.7672409654033,100.0,1
1108,7.472360155349297e-07,0.01945032779506607,0.31165354891556724,-1.5,129.71366006290492,-43.938913771814256,1959.7594302658092,100.0,1
1109,1.936321867371032e-07,-0.4115442113762056,0.2192183528710854,-1.5,98.09161835154411,12.885068545074018,1962.0462012103321,100.0,1
1110,3.8725385857824467e-07,0.025755009394830834,-0.424448676695456,-1.5,-10.886123963252818,132.09403142503047,1960.0627401777401,100.0,1
1111,5.489557381745838e-07,0.12053541226934908,0.10873586081964795,-1.5,-11.70064585380081,76.54009139937484,1963.0124797263288,100.0,1
1112,1.3083812270443227e-07,-0.13254624895808265,-0.46020757957519975,-1.5,-117.7980223030399,-16.781415179893376,1960.932251841502,100.0,1
1113,6.583197930068785e-08,-0.29169870137429177,0.049453428864017324,-1.5,-91.3947786818062,-37.938256010143824,1962.0450987239676,100.0,1
1114,2.8946778948206327e-07,0.21243963208865294,0.2991979941668199,-1.5,-52.905863390551126,1.8947814798665366,1963.8255181375393,100.0,1
1115,3.0363333660539076e-07,-0.02401195062210165,-0.06036030448337359,-1.5,61.03188376713488,21.872217781102474,1963.4688695060338,100.0,1
1116,2.2513312434004975e-07,-0.09233509147953664,-0.4842180331936171,-1.5,80.98365787867088,68.1043619930224,1961.6872149504989,100.0,1
1117,2.7119989577588958e-08,-0.12151879105329283,0.08018102935263922,-1.5,-33.89176171470889,-156.62237357852152,1957.9923561772744,100.0,1
1118,8.649961546544705e-07,-0.2255695657431785,0.20895534556133127,-1.5,88.37517856877295,-51.84026763288422,1961.865362539137,100.0,1
1119,1.8425139502932545e-07,0.34581625717918424,-0.10628586674226345,-1.5,-12.652865157797633,153.3872977330173,1958.5008369065336,100.0,1
1120,6.470830668926092e-07,-0.02246563917701549,0.18483757073726292,-1.5,121.57786631755486,97.91313897579434,1958.3271243343663,100.0,1
1121,3.277677983430187e-07,0.3667095504150793,-0.01944189400348599,-1.5,163.1687672529847,-14.621354737249732,1957.696466678356,100.0,1
1122,5.651094602371544e-07,0.3029141917190206,-0.13449249614977138,-1.5,-60.33852814534992,86.96475271898781,1961.6854182238062,100.0,1
1123,6.411083185734053e-07,-0.023235753923136492,-0.3887880515064805,-1.5,137.55185519115096,22.858834220081096,1959.5842026046503,100.0,1
1124,2.2554969252324637e-07,0.026419688746475625,-0.23264855845452312,-1.5,-18.326760480549893,-33.11808518341002,1964.1742816130661,100.0,1
1125,6.008669265810047e-08,-0.07585983592359215,0.09754926150542291,-1.5,53.79353790982884,66.12460835963527,1962.688736838972,100.0,1
1126,7.719324174898016e-07,-0.09824809568011453,0.36075468345603634,-1.5,-55.978968430636485,66.66835843778726,1962.609225328054,100.0,1
1127,4.491478263567096e-07,0.13439376834897762,0.31722515267391144,-1.5,165.10405175036405,20.817999828849825,1957.4781095186916,100.0,1
1128,7.122915326407369e-08,-0.08853227972686858,0.24726534606902664,-1.5,42.59273644430135,110.46157603394859,1960.968481462263,100.0,1
1129,4.889434657592233e-07,0.34850790830928435,-0.07655486177597716,-1.5,2.7333725342704196,122.1732479011835,1960.734431899944,100.0,1
1130,6.600712271850501e-07,-0.04285498545882637,0.4266318075646576,-1.5,67.07002365606397,-39.14407830088518,1963.0034740995443,100.0,1
1131,1.892493268882694e-07,-0.1487043156345831,0.008780392155326775,-1.5,-43.161635002640374,61.708195685416094,1963.0951220242182,100.0,1
1132,4.829288105016443e-07,-0.2453601666252365,-0.16301588224156527,-1.5,-155.40797974378768,13.471397373225638,1958.3360711458333,100.0,1
1133,1.0425310384856027e-07,-0.16895748019269335,-0.32849816166234447,-1.5,38.28320334258452,-120.67493811644498,1960.455365959285,100.0,1
1134,8.593676282891369e-07,-0.022778448946155595,-0.18142297910930952,-1.5,2.3085999417316714,60.39528635420982,1963.6090155676698,100.0,1
1135,2.6555801762415556e-07,0.2302222316231254,-0.3921135550250603,-1.5,-40.454819688599606,120.55840864085816,1960.418925621786,100.0,1
1136,7.292968836464392e-07,0.09868321487346858,0.17910890857722306,-1.5,19.558105210547488,-110.23390936696812,1961.3462855937448,100.0,1
1137,3.0333624459525063e-09,0.15026590133389853,-0.25588463989392224,-1.5,-160.87652923999875,-25.06454800715372,1957.7803239993552,100.0,1
1138,1.93111121323015e-07,-0.1448616984540569,-0.18916077824317215,-1.5,6.331852781322643,-1.1879236656988519,1964.528386851117,100.0,1
1139,2.529727079457328e-07,0.024519400121700834,0.05089978527071244,-1.5,-24.790557558793807,24.54186671102288,1964.2292155704215,100.0,1
1140,3.0979020487719793e-07,0.2120164087815281,-0.12757564003820773,-1.5,113.8191938810172,-69.13299051932472,1960.0201802512804,100.0,1
1141,5.871940679915867e-07,-0.3839000603353212,-0.2892097788341362,-1.5,-103.77100473854145,-31.82510779876812,1961.5381789185958,100.0,1
1142,1.8987705325972685e-08,0.02236328288242756,-0.461915696517428,-1.5,102.91573981967666,39.677222790491754,1961.44012265354,100.0,1
1143,9.532825640377385e-08,0.07889674833852042,-0.1821046582838238,-1.5,-5.621429640233062,78.21892995616541,1962.9731238077213,100.0,1
1144,9.030268164358712e-07,0.08759964153659523,0.26631864447510606,-1.5,-131.81486933521202,-103.04083389079466,1957.4015206490878,100.0,1
1145,1.8878589838396923e-07,-0.4568745537612069,0.04922103310910105,-1.5,136.63807505512332,84.89332079126001,1957.9418905566104,100.0,1
1146,1.8615022816784327e-07,0.13674087151148906,-0.4776346083399032,-1.5,-52.78258179447668,-19.598606315598616,1963.7319521655004,100.0,1
1147,7.714736359571076e-07,-0.20928321985602186,-0.3673949085119365,-1.5,-163.51953361237898,-16.386017438077374,1957.653224354569,100.0,1
1148,3.6555651380050157e-07,-0.11148257512618975,-0.3953178647660225,-1.5,131.85527464299093,-98.19175792845174,1957.648040759593,100.0,1
1149,7.157048109780374e-07,0.17110962832453838,0.0827800141782271,-1.5,-21.839226073875828,163.8532312319743,1957.5720811978972,100.0,1
1150,1.1381058055933904e-07,0.3247895526518023,0.2007530634661748,-1.5,5.88890955770099,125.45230553374647,1960.5204222467614,100.0,1
1151,3.367482656174449e-07,-0.1721754309997337,0.037944371599878034,-1.5,104.7047630538446,-115.64903702217195,1958.334879201158,100.0,1
1152,3.044073122689649e-07,-0.017495074296142058,0.29880258643255075,-1.5,84.24146136434305,83.1680134688056,1960.969082874328,100.0,1
1153,8.738979353745011e-07,0.18274048038011398,0.3488820256188468,-1.5,-29.889052529684218,-34.20056993858455,1964.0138115147981,100.0,1
1154,7.410821765139255e-07,0.3206072429018714,0.33192294830823627,-1.5,125.05303388743128,109.6925365620527,1957.483734901586,100.0,1
1155,3.9940384294866663e-07,-0.4281042393175799,0.2191424610025435,-1.5,-50.1141778074264,-38.11283061446679,1963.5297979891648,100.0,1
1156,5.82761613501506e-07,-0.40673811340047444,0.014658855874365684,-1.5,-90.64140066213928,-123.2491914203294,1958.5727097982274,100.0,1
1157,4.983613328074054e-07,-0.020093198272377006,-0.056317531530690114,-1.5,53.59749266692931,56.44544518546016,1962.996308392801,100.0,1
1158,4.202912232827951e-07,-0.2688178667263605,-0.336925127836571,-1.5,-109.56554993498888,12.677544732526169,1961.4402760199275,100.0,1
1159,2.3189447148295345e-07,-0.3091191121607791,-0.10698887777202735,-1.5,71.36219063466605,144.81040526086358,1957.8944482637814,100.0,1
1160,5.280954656273125e-07,-0.04810457413828274,-0.09796118213422572,-1.5,-137.96869390386803,-96.64554636773893,1957.303646380876,100.0,1
1161,1.1495292150870508e-07,-0.28104690030245605,0.30069431901913707,-1.5,-21.135133700759226,58.86956066451333,1963.5429629159505,100.0,1
1162,7.17741556226362e-09,0.20097255228616906,0.12193201944619823,-1.5,-86.429196041593,-79.33813304178764,1961.032570097493,100.0,1
1163,5.726835881703432e-07,-0.23999511177679703,0.187284427921691,-1.5,-93.2169545423141,91.24056784210501,1960.203827266909,100.0,1
1164,5.683808494778592e-07,-0.0774744987389847,0.3205141171101215,-1.5,-7.076144023656828,-104.7556042428059,1961.731245056675,100.0,1
1165,4.859541757595986e-07,-0.34219518453018627,0.13353848998721873,-1.5,-113.33651319180156,14.982262670210659,1961.2097421869332,100.0,1
1166,3.8659210014717654e-07,-0.12601664842904897,-0.2687585794612504,-1.5,-110.95245521872472,-108.6016712851504,1958.3943719131598,100.0,1
1167,5.190826004641944e-07,0.45103839175704435,-0.009912361598761462,-1.5,22.762718371247733,-82.4962030695806,1962.6740741645274,100.0,1
1168,1.7522269999435757e-08,-0.09599199619990267,-0.22599136686909244,-1.5,-19.51696758040842,-169.92797122148406,1957.0786542290903,100.0,1
1169,8.296380834451349e-08,0.08511072759469168,-0.4289826009420866,-1.5,28.71529689192684,85.29355500500142,1962.4764272380824,100.0,1
1170,9.064847796725377e-07,0.3869208260235627,0.019325358120117084,-1.5,89.41507121769486,-87.52135112044581,1960.550495244465,100.0,1
1171,3.131123926279287e-07,0.09292373315704698,-0.050053245417782256,-1.5,-19.424557624582967,-112.85853746665151,1961.1983386052796,100.0,1
1172,5.024744781008248e-07,-0.08531535464819809,-0.2331392308995843,-1.5,-84.47781913649897,-147.97527060804893,1957.1356886093888,100.0,1
1173,1.0785671611047033e-07,0.42767613539901544,0.20053556650387896,-1.5,-9.546269781264021,-131.27885244825075,1960.1244904085213,100.0,1
1174,5.532149989882913e-07,0.3237003785403933,0.3791882749438234,-1.5,41.50262493979687,77.89146725290475,1962.555410101439,100.0,1
1175,2.7038573569477265e-07,0.16183185464653205,0.45723977575129693,-1.5,108.862388698386,-48.52311752451023,1960.9201344416645,100.0,1
1176,7.050680935622111e-07,-0.23555315193522258,-0.3306872623538914,-1.5,-122.24123155944181,9.447941055683964,1960.7093369448646,100.0,1
1177,6.849091213920033e-07,-0.207450837508694,-0.006573125934142314,-1.5,-61.70049839661341,-53.15384471434431,1962.8502244327824,100.0,1
1178,9.741353352680852e-08,0.29528771941815,-0.059675611499004785,-1.5,143.6034013987798,-63.544289298803136,1958.2526580271358,100.0,1
1179,5.3616160782116984e-08,0.2435413153697059,0.4197405308772739,-1.5,74.73717138785213,84.18954673991702,1961.3107254330716,100.0,1
1180,7.8280770443947e-07,-0.12789691334534783,0.28980950243542086,-1.5,-95.05697002807214,-46.8311636064967,1961.6789494793675,100.0,1
1181,2.511575871268917e-07,-0.2629687403691381,-0.21135121265429554,-1.5,131.11773018222001,-57.612926110597634,1959.311659191301,100.0,1
1182,2.0559512739454525e-08,0.2862660638597975,0.08350303347989058,-1.5,-18.707699711509633,-118.92406221079251,1960.8468516599962,100.0,1
1183,4.525024718201381e-07,0.26708094872421867,-0.09554592189067118,-1.5,34.80669435975143,-151.83244412722274,1958.353565933443,100.0,1
1184,8.591065467117264e-07,0.43626390305164464,-0.1127590048615397,-1.5,-16.00921472257394,-91.7383358187908,1962.3305198287308,100.0,1
1185,2.1571207439626483e-07,0.0028879815969969926,-0.0981982049404278,-1.5,110.5514707887149,-87.38550884320986,1959.4783569656481,100.0,1
1186,4.1447065399377115e-07,0.1857456743959628,-0.1443497318660601,-1.5,-60.65219767455142,-74.06353269460169,1962.2051855777402,100.0,1
1187,4.6772960348232275e-07,0.08061992796058964,-0.43103030017119803,-1.5,-49.749411364127766,153.06891762313296,1957.9346742914424,100.0,1
1188,2.9745684204404873e-07,-0.2046674842864331,0.05761221665723553,-1.5,-105.90606659279157,95.89873788408651,1959.336781514912,100.0,1
1189,3.566822426555264e-07,-0.2776984436993331,-0.27966562279854035,-1.5,-14.28580024634612,-114.13955744086968,1961.168366970224,100.0,1
1190,3.5311064128295746e-07,0.401701864234798,0.056309542140764376,-1.5,48.52844575685566,-127.02188267863738,1959.8274713707146,100.0,1
1191,3.793844364827905e-07,-0.1460792167341377,0.42080527947323343,-1.5,119.73095699564524,-28.759321528130975,1960.6760787106778,100.0,1
1192,1.3075009258096247e-07,-0.45891495337663757,-0.07522145024238867,-1.5,39.34270096937805,-98.34263567120367,1961.6814634786674,100.0,1
1193,6.712440457348547e-07,0.23248884389299052,0.2684882146951099,-1.5,70.7607379768005,26.763796245282748,1963.0817363109593,100.0,1
1194,2.874269117432493e-08,0.11248611286738325,-0.2542399357346054,-1.5,-99.32857211911634,-41.85030222030651,1961.5798921356677,100.0,1
1195,4.3528753983960007e-07,-0.2052560719618384,0.36094386703483516,-1.5,67.65017984233805,76.43396159508484,1961.8854678467628,100.0,1
1196,8.919060486884698e-07,-0.016009876145147244,-0.3628078273140113,-1.5,60.93802627982024,107.4813266451869,1960.6497921969242,100.0,1
1197,5.010717593547658e-07,-0.09431288672259786,0.22452433968004523,-1.5,69.43901824280911,42.06235242550672,1962.8607356407226,100.0,1
1198,7.171793935521909e-08,0.16765411638039457,0.35740281065031126,-1.5,-40.28507490607553,33.09527331487542,1963.8470159078472,100.0,1
1199,5.354077815798864e-07,-0.189028065879822,0.3845898614776503,-1.5,-141.94791902772172,-86.75252323444425,1957.482585941006,100.0,1
1200,4.4671285130832145e-08,0.12685364804550472,0.33459770969293623,-1.5,62.79100638310511,25.848741289369244,1963.3650751598093,100.0,1
1201,4.4726511268695977e-07,0.0366463024019421,-0.2105759151182533,-1.5,76.87486348037153,115.40580281537515,1959.6390081613358,100.0,1
1202,4.989408941326684e-07,0.41519107011464634,0.11141688473279648,-1.5,-24.743209019651363,139.76803402591884,1959.4044902822056,100.0,1
1203,2.701651460313596e-07,0.27250746486252836,-0.1388952032825906,-1.5,66.11168854000869,-95.0962460305442,1961.1219326945018,100.0,1
1204,6.409752506630413e-07,0.36858134415792765,0.03713422645463548,-1.5,97.16044241655418,-124.97230404441152,1958.1509282783545,100.0,1
1205,4.11920097222008e-07,0.14450564128311733,0.014441456666869168,-1.5,61.57019143397118,79.99993163003741,1961.943528425858,100.0,1
1206,8.803722281664231e-09,0.4644985417842103,-0.08479236153203337,-1.5,38.55053410121927,151.43288218226493,1958.3143835402461,100.0,1
1207,6.917151333271879e-07,0.34272053979185657,0.19543851799069217,-1.5,-13.32042536996106,22.0735687016503,1964.3697742784752,100.0,1
1208,2.270671608221133e-07,0.46581722285516375,-0.09758741929974198,-1.5,49.505876250282874,-98.65894564604919,1961.4354098279232,100.0,1
1209,4.420947668669744e-07,-0.381309621968428,-0.2720610647624271,-1.5,119.89713226900469,62.6389315508388,1959.8761002150031,100.0,1
1210,5.57065281519342e-07,0.16187379469884117,-0.332990820340957,-1.5,-78.36344299210086,-64.16446772660868,1961.9264456523124,100.0,1
1211,8.971184387125519e-07,0.4586514747113674,-0.1183228996261372,-1.5,100.97317210237061,13.51317004843739,1961.8957920891105,100.0,1
1212,1.879419726413678e-07,0.4244323494062614,-0.2182224550187297,-1.5,-40.92555489589786,-153.76944084536154,1958.0841004115985,100.0,1
1213,2.0834072501394312e-07,-0.22932049982883446,0.2870012227865637,-1.5,-33.7485841257214,81.97477432262886,1962.5377590534135,100.0,1
1214,7.235900058276553e-07,-0.06510500027676402,-0.26006907265929124,-1.5,-113.93012769761287,-4.1171771279944664,1961.2282531927367,100.0,1
1215,8.71738179738328e-07,-0.023406317873257726,0.40604930849686016,-1.5,86.81978019843791,-90.43753621559763,1960.5347903252516,100.0,1
1216,1.9020250393693795e-07,0.24332530693324272,-0.09803309003816138,-1.5,-42.71009779352583,15.005557303283576,1964.0173031474587,100.0,1
1217,5.27252208331415e-07,0.3066386045405969,0.0895778226214577,-1.5,108.35401329451378,-88.31265060343448,1959.5595346435634,100.0,1
1218,2.419523734592918e-07,0.35748590561496923,0.12624227022017345,-1.5,-151.99292420643832,-45.063630710685025,1958.1319430632038,100.0,1
1219,5.841516943194443e-07,0.23885939045399732,-0.3915137193549748,-1.5,108.3632305946467,13.317539963352436,1961.50282682706,100.0,1
1220,1.1820218890238764e-07,-0.13397447028409168,0.09183283030924047,-1.5,91.3353953825037,108.0477161786028,1959.4378844058929,100.0,1
1221,3.708479633837563e-07,0.009381688946304879,0.1651872421676369,-1.5,107.99926799299563,55.70607741675913,1960.7769575650227,100.0,1
1222,7.944846573688262e-07,-0.06636327901166598,-0.3732422184542683,-1.5,33.89576893833827,48.40667898371427,1963.6499577429724,100.0,1
1223,1.2838838390465412e-07,-0.31887153446654465,-0.00983332366602949,-1.5,-112.14615776319619,33.14430553763857,1961.0553231807387,100.0,1
1224,8.833627829490251e-07,-0.47453079304073303,-0.11441340110196578,-1.5,148.41519000641617,-66.67722476050955,1957.7896632017769,100.0,1
1225,2.3568063262853685e-07,0.27073009046654145,0.33847937168647485,-1.5,79.94614978009206,119.45494467599346,1959.2734407412167,100.0,1
1226,5.52716111167584e-07,-0.289770314974917,0.018730740237402673,-1.5,-4.2987176932048845,80.31265725456034,1962.8919186692467,100.0,1
1227,6.972738651116267e-07,-0.16456129975374098,0.2539088484508012,-1.5,-134.48223706736488,79.51120407245844,1958.3170791795787,100.0,1
1228,7.411394812128099e-07,-0.23946992784119894,-0.35915164381779274,-1.5,51.533692632341534,-15.041826787987182,1963.8053132214218,100.0,1
1229,5.410662376534785e-07,0.1764352259554812,-0.027349787717374095,-1.5,55.440760472521575,158.01868812841812,1957.388490450103,100.0,1
1230,8.14934384435566e-07,0.14426342162075795,-0.3078695141349551,-1.5,-18.30222638121741,51.49482215941619,1963.7786530223796,100.0,1
1231,8.118215053850757e-08,-0.009090341900483877,-0.3657472074680905,-1.5,-3.6647754953973255,-133.83086803126463,1959.9717228696688,100.0,1
1232,7.287985611766337e-08,-0.387950374898382,0.08335110460108072,-1.5,-76.34896627521648,93.48553664065416,1960.8275232803742,100.0,1
1233,5.508745962351099e-07,0.2887018119315436,-0.4038340717967235,-1.5,119.03078274403346,58.950877414226454,1960.0433038781482,100.0,1
1234,5.412541815973341e-07,0.17194518559605587,0.10568814648342659,-1.5,80.48074621916443,-41.39799829122621,1962.4531437697099,100.0,1
1235,3.441037922933366e-08,0.29423451334039896,0.37298404491780174,-1.5,7.365074958339115,-157.84192856801485,1958.173885926099,100.0,1
1236,3.9070248348877806e-07,-0.31150443652604104,-0.08062021640373582,-1.5,116.15680829073118,67.67991814542111,1959.9337516440883,100.0,1
1237,8.094404271812513e-07,-0.2581763925830481,0.09510127748575985,-1.5,-11.58177493179795,-87.57744753398403,1962.5517418501333,100.0,1
1238,7.652854299236479e-07,0.3270498633506993,0.307966175483079,-1.5,11.386161466329487,152.91202996421825,1958.5457749783168,100.0,1
1239,2.8376841790248283e-07,-0.16031184520182137,0.18231100153693006,-1.5,43.63519606989274,-55.5606722145919,1963.2682617597463,100.0,1
1240,2.28565955603703e-08,-0.2766444971481846,-0.3035323092165415,-1.5,-116.24135585601458,-27.89142579730103,1960.898595496942,100.0,1
1241,8.064335171323394e-07,0.24192336108599446,0.04566775801937118,-1.5,56.461692339407115,-119.24907452062936,1960.1033191620984,100.0,1
1242,4.4623262752767944e-07,-0.3093253735428038,-0.08087373114371244,-1.5,-132.10281390813734,-68.75802930602474,1958.8860268605815,100.0,1
1243,1.6836359687474474e-07,0.2051274030475657,-0.12473142350480027,-1.5,51.61114390072115,52.23561366635291,1963.1660695815547,100.0,1
1244,5.945447983412207e-07,0.0012090139443362811,0.2878551185460853,-1.5,-127.85545234610261,97.89465608171255,1957.928217755224,100.0,1
1245,5.780347257455916e-07,0.4269315640459146,-0.1331785600475731,-1.5,-36.54001519503245,-99.97991372727795,1961.652907730306,100.0,1
1246,7.845487473261174e-07,0.31873402261215233,-0.10470285600602702,-1.5,-16.6367275831978,156.48337023755136,1958.2261004287914,100.0,1
1247,8.206326654419679e-07,0.16335039999599962,0.3665644912722669,-1.5,137.93882559819528,-88.3436830062326,1957.698025828196,100.0,1
1248,7.993142629267053e-07,0.43915607762707776,0.0028287141086384177,-1.5,142.7667085384854,20.75630318931696,1959.2345773482898,100.0,1
1249,3.111930611963175e-07,0.372913561053578,-0.2794786143886445,-1.5,157.91841420614654,12.419011505062675,1958.1421881145363,100.0,1
1250,7.204890463293665e-07,-0.31856324170102535,-0.34585328843004765,-1.5,7.066850978322902,162.70930556900504,1957.7765520520043,100.0,1
1251,3.942719561708011e-07,0.16324274033102487,0.04061051316622588,-1.5,45.80287059656142,13.879255520659736,1963.9558929816724,100.0,1
1252,6.189270559908023e-07,-0.37164505918678964,-0.2312062209240085,-1.5,40.97398554248389,-34.48641090301425,1963.808826295962,100.0,1
1253,1.9223017610604037e-07,-0.1645776489976523,0.06251315803587017,-1.5,55.47020180365814,77.06794944927563,1962.242817325541,100.0,1
1254,8.705997124715147e-07,0.2600775550694494,-0.18238670690234873,-1.5,-157.70526298066122,5.7787925341133075,1958.1902210590215,100.0,1
1255,7.279895913979437e-07,0.0703045322463549,-0.4650760730904179,-1.5,-5.581475487686422,-8.677661089404436,1964.511855804268,100.0,1
1256,5.205527035950682e-07,0.26795822639790406,-0.08243761983086921,-1.5,-110.02039269813898,-2.5345398795567107,1961.4541482186826,100.0,1
1257,2.576254275617522e-07,0.023578957774031597,-0.2137706755717663,-1.5,33.22259743149312,-127.57388475658684,1960.1108257479088,100.0,1
1258,3.3137643219861305e-07,0.3147897721209833,0.24116367261352273,-1.5,49.988572476197014,-102.79170449283049,1961.2109255190737,100.0,1
1259,1.9779352653943593e-07,-0.23273902434666172,-0.23450208890969904,-1.5,-95.41059438538794,-30.78579935750273,1961.9791893144734,100.0,1
1260,2.1636273349305644e-08,-0.32504483075103113,0.0900656767500037,-1.5,69.74680455657075,-5.439304990117837,1963.2929184106745,100.0,1
1261,5.37986907973722e-07,-0.3495429273322919,-0.06181010657275376,-1.5,-31.958543838063097,-117.19055663623932,1960.780026208236,100.0,1
1262,1.3832851801130738e-07,0.27490365495795854,0.16101662670723266,-1.5,-86.70903167969912,-34.74742343672153,1962.3168568444316,100.0,1
1263,4.82229309982923e-07,0.1545154604751712,0.2568347959282805,-1.5,88.72952333741199,-33.77922827773447,1962.243440985702,100.0,1
1264,1.0590664006042936e-07,-0.07650035458599386,0.10602011589003221,-1.5,-47.66651166491145,35.55427027348038,1963.638735561394,100.0,1
1265,6.375396480154321e-07,-0.3478518975559487,-0.21821040302788897,-1.5,76.31628930266724,-37.97568052973978,1962.6887063264785,100.0,1
1266,1.9035476145279916e-07,-0.23693927144505128,-0.013755523354704159,-1.5,78.31163166641575,-31.780628576779765,1962.7201956109636,100.0,1
1267,5.412525464286081e-07,-0.09972319212050242,0.4276621360864869,-1.5,-61.431309128482916,78.04230320379095,1962.026727502849,100.0,1
1268,1.0590620085824121e-07,-0.1976687186893196,-0.4106155893647255,-1.5,-72.96612221668623,150.57081277611934,1957.4007411909115,100.0,1
1269,4.03018027629671e-07,0.3680706852634233,-0.20486423803546236,-1.5,-1.9690909836958543,-116.49390512703349,1961.080972070017,100.0,1
1270,6.117006769356906e-07,-0.2487703576627738,-0.338794242705944,-1.5,138.85986324310747,49.70153690167201,1958.994890722242,100.0,1
1271,1.0788965476930352e-07,-0.2973988793851252,0.1324450379867486,-1.5,43.10071950400049,-154.89917041152216,1957.9483806398448,100.0,1
1272,2.7857747448982295e-07,-0.005643697201465285,-0.17145471227222756,-1.5,-120.88801901123843,-62.137021412321694,1959.8312079604393,100.0,1
1273,4.769457904977613e-07,0.08646541925514879,-0.40521633728709733,-1.5,-113.52467330899358,-54.13494897707526,1960.508822248823,100.0,1
1274,1.6729339520460943e-07,0.4555862829855419,-0.14061584851210232,-1.5,58.50556844558822,-157.8926792861644,1957.309450892941,100.0,1
1275,9.061811408261866e-07,0.27496991268810156,0.011952607886964384,-1.5,84.45387497036741,104.72196321062988,1959.9270750948701,100.0,1
1276,1.6769238820531475e-07,0.2759591159241907,-0.16618250104566687,-1.5,108.77090409475747,65.20418279069196,1960.4414276471352,100.0,1
1277,7.492372589543979e-07,-0.04221658505865408,-0.15481865278753693,-1.5,39.773793035221644,135.80089747799195,1959.436002501203,100.0,1
1278,1.9663163257395315e-07,-0.07539801745729356,0.24709503828263535,-1.5,-22.340672327291912,71.76898001214758,1963.1004544174787,100.0,1
1279,3.8010515291923575e-07,-0.26597248779175936,0.4147908160330929,-1.5,-14.04821474586202,-11.21235378450622,1964.456723130137,100.0,1
1280,5.639421013424301e-07,-0.38864220301500507,-0.1630748500873811,-1.5,22.372718690368334,88.78220292541462,1962.4042570704546,100.0,1
1281,6.019451630400528e-08,0.09360772934552104,-0.3281906230890537,-1.5,74.80119857044512,-13.27849051298243,1963.0694711721876,100.0,1
1282,5.03942573400182e-07,-0.04089534013040004,-0.22571923201109423,-1.5,120.38494801028226,-92.58097869011893,1958.660132065661,100.0,1
1283,3.4874521563277226e-07,0.05147328458800351,-0.4689326058070716,-1.5,-50.040085969627,155.2483215123059,1957.7556626734338,100.0,1
1284,3.314637893590251e-08,-0.35853120792752496,-0.175228861920837,-1.5,92.73983985846495,-30.330728004421353,1962.114332883759,100.0,1
1285,4.927036180184248e-07,-0.3528349760783802,0.08229888949482808,-1.5,-49.09867756005756,-63.21728113859874,1962.9075835335266,100.0,1
1286,6.654098912046635e-07,-0.21995419928656426,-0.23819853105262373,-1.5,94.72179686793794,-76.74975492430417,1960.7525449641266,100.0,1
1287,8.24249675217912e-07,-0.3025075564538912,0.3417698127458517,-1.5,149.68048163461773,9.192760431361338,1958.8069156605027,100.0,1
1288,8.442455681105434e-07,-0.2667997431569065,-0.2357248446844945,-1.5,11.689882166954632,13.614783586458891,1964.4569912800198,100.0,1
1289,1.4185886540675622e-07,-0.3171711497941382,0.35981103185051116,-1.5,-125.03111533918907,-38.16114237059186,1960.1847447820169,100.0,1
1290,7.492248644122793e-07,-0.39619095917878766,0.08391402590746797,-1.5,71.13838775919126,-86.21552352722591,1961.3565457499258,100.0,1
1291,3.3501753887092765e-07,-0.31385646941131495,-0.04532732491022459,-1.5,138.79192082289765,68.11978755560659,1958.4457571053126,100.0,1
1292,1.8737815830338602e-07,-0.0612028927925933,0.0662691842658116,-1.5,105.63345978348062,-99.04878529680956,1959.1947827032232,100.0,1
1293,6.146209285847492e-07,-0.04619536759856113,0.04921157076588958,-1.5,-146.05749429464825,-23.530248040022737,1958.9606484188687,100.0,1
1294,8.832246648444224e-07,-0.19139976498018146,0.18571792593167238,-1.5,-21.520644563301374,38.20279984670652,1964.0495651096953,100.0,1
1295,2.727674992792813e-07,-0.30827604053800794,-0.24174462957566195,-1.5,154.01112666367644,-64.35732109652,1957.4350549510439,100.0,1
1296,6.389724692053963e-07,0.2723964152922899,0.04212211008464361,-1.5,29.35401756605526,-19.53162426088669,1964.2225290360036,100.0,1
1297,1.5890043826979964e-07,-0.016796622532375235,-0.23744143894957576,-1.5,35.3119653715064,97.52097505328813,1961.7991769782118,100.0,1
1298,4.06131793509289e-07,0.1800228463672915,0.45757783240995203,-1.5,-39.578864787421175,135.47775255351632,1959.4623186709455,100.0,1
1299,7.377274845529886e-07,0.33276689661393866,-0.15363202573664975,-1.5,-147.29388525500298,-49.55662726800329,1958.3824800907603,100.0,1
1300,6.168444602581729e-07,-0.3039258585662104,-0.3577457419024924,-1.5,-120.41163808896938,-103.83444131791975,1958.0941582250475,100.0,1
1301,6.383530230991101e-08,-0.1102190647614906,-0.22322415402068269,-1.5,20.632385343108083,87.0829944223201,1962.4994631906595,100.0,1
1302,8.326715874362198e-08,0.26158817447940563,-0.22433952073298433,-1.5,-119.96007864861953,-44.656882945555964,1960.3644121954303,100.0,1
1303,5.840409888685733e-07,-0.0398248702108496,0.39494395423795925,-1.5,-110.31109086560978,-22.641911227796523,1961.308770529037,100.0,1
1304,8.376050454336091e-07,-0.0779571699986527,0.060677295713662004,-1.5,-2.763661480688463,50.99752490036528,1963.874970789991,100.0,1
1305,3.9672107067331807e-07,0.2428991909370033,-0.2934828308808629,-1.5,-103.48049855829608,102.8434936961844,1959.114159126165,100.0,1
1306,8.014482155883845e-07,0.08919467510454647,-0.294706624574397,-1.5,-82.00220412286882,7.087689428206387,1962.8139721949433,100.0,1
1307,9.030343258931441e-07,-0.17602785746566332,-0.29289517117877006,-1.5,97.71870999540619,80.36177625719883,1960.4607430141907,100.0,1
1308,2.96063071300012e-07,0.1975252835918461,0.1799964094647323,-1.5,13.486010011864874,-70.09420024027531,1963.2417622118696,100.0,1
1309,1.6203981564920825e-07,-0.1257118283012647,-0.08532177447259347,-1.5,-29.369503426496177,-80.54279336352447,1962.6674646948761,100.0,1
1310,7.229896304066831e-07,-0.10578724867800289,0.3483886970272253,-1.5,8.990232315482094,92.96003908272398,1962.317735006944,100.0,1
1311,1.0876497445752193e-07,0.10751500930468903,-0.2931219187966891,-1.5,-76.11149094663307,-82.78367289958963,1961.317717942013,100.0,1
1312,1.1491137690942122e-08,-0.2640791196470916,-0.20234074885316444,-1.5,124.18796960772877,100.83342190263309,1958.0151315805113,100.0,1
1313,4.936787817908482e-07,-0.39020554008332137,0.12031612411529606,-1.5,-9.389641865679376,-84.3164788185524,1962.7062572609805,100.0,1
1314,2.741518275500805e-07,-0.03306574905732674,-0.2729908842996346,-1.5,-162.14881025447315,-40.90345398667981,1957.4084798659553,100.0,1
1315,4.066437955477488e-07,-0.2949071139952809,0.029910653729644035,-1.5,-6.8635382338121245,-97.42838419509394,1962.1095504742282,100.0,1
1316,1.3332120715433336e-07,-0.38696462677038035,0.06513300012791,-1.5,54.90273560037122,-147.35966890949138,1958.2349460339562,100.0,1
1317,7.373152638003132e-07,-0.20077078579504476,0.20616455606042047,-1.5,-16.661462094836335,1.1192177195877915,1964.467976144862,100.0,1
1318,5.977058183531376e-07,-0.22833975537636855,-0.38299767458147455,-1.5,97.02227442534853,-92.1629431435574,1959.97600914975,100.0,1
1319,7.284836916783506e-07,-0.36789347042056897,-0.053804105933245076,-1.5,14.992779782335234,-82.25761751630284,1962.7588204313518,100.0,1
1320,8.32823222478955e-07,0.16920341351760199,0.31104920897680555,-1.5,-32.51461414418487,128.83084750626452,1960.0404839859823,100.0,1
1321,3.0364973048265967e-07,-0.060125900625968044,0.17083737038069072,-1.5,45.40490324839493,33.14154882373765,1963.734533680329,100.0,1
1322,8.118946196613532e-07,-0.15849091381810837,0.4427640723558431,-1.5,-154.39366882105136,20.56140523601293,1958.3546946119916,100.0,1
1323,8.257667429193176e-07,-0.2664085406731796,0.22103167397265433,-1.5,-110.65918827773264,-90.26204418934643,1959.3418776963365,100.0,1
1324,6.005097520677723e-08,0.29771173562791414,-0.15983211929515054,-1.5,13.398095919213631,-121.29493238615086,1960.7450922211458,100.0,1
1325,7.600570396484411e-07,0.1953232202726613,-0.24856839342240708,-1.5,96.68282114850506,66.41470767535576,1961.0341162165676,100.0,1
1326,8.929594407120832e-07,0.10108252423318598,0.4272544545399037,-1.5,-55.01706961335923,-65.33319252035311,1962.6813246863048,100.0,1
1327,6.336908623037676e-07,0.11161167117980957,0.3366610079571769,-1.5,26.1410845801377,-122.05038452190024,1960.569721688357,100.0,1
1328,8.511469645298097e-07,-0.16295020430220913,-0.3656040932355516,-1.5,130.78506783939164,31.67579465731768,1959.9247935390797,100.0,1
1329,8.690330330351914e-07,0.32713406430566844,-0.012503899645279594,-1.5,48.41906697463111,-116.7910060572975,1960.4664600863646,100.0,1
1330,1.8347618930220925e-07,-0.27506119178017463,-0.2993922452952425,-1.5,139.96971997912988,-1.563175679945497,1959.5456923064817,100.0,1
1331,8.241418301480864e-07,-0.19070719761363006,0.15131033785368989,-1.5,86.12465189185329,-139.0978534631801,1957.714896956289,100.0,1
1332,8.521600447189899e-07,-0.286249285920691,0.16449013821648892,-1.5,0.4166310027976241,66.3587987992603,1963.4178420567177,100.0,1
1333,3.75673379470031e-07,0.24821630817290266,0.36516451099959146,-1.5,76.647313756514,-62.66839842811548,1962.0425957146028,100.0,1
1334,1.18551533092705e-07,0.28387849390042036,0.18798994710504752,-1.5,-46.932021136278244,-25.768451416045878,1963.8092215309036,100.0,1
1335,4.850792245378473e-09,0.1287600698352059,-0.3661253628159772,-1.5,55.22793653921417,107.1966585859695,1960.8345258281624,100.0,1
1336,3.8767611465294395e-07,-0.2710903740279826,-0.19552063513776655,-1.5,-93.21242541010945,-37.553933383168086,1961.9669803803397,100.0,1
1337,3.964810567943878e-07,-0.2938069272976756,0.32730659833085624,-1.5,15.617659515755216,127.88155264392168,1960.310098803442,100.0,1
1338,1.8879445368141658e-07,0.164157950256005,0.3701912026172394,-1.5,-42.11514436956525,-38.06788253555294,1963.7185229049812,100.0,1
1339,4.5525404176580484e-08,-0.01782109616735061,-0.31548253146236005,-1.5,141.287679041951,58.68211439073305,1958.5728190362754,100.0,1
1340,7.180636856872733e-07,-0.02047769515832324,-0.33455708425034597,-1.5,79.53701096812573,-52.82031280119147,1962.2174101531084,100.0,1
1341,1.8453369082349252e-07,0.1753150661358838,0.43288538282691363,-1.5,-41.034368049937946,-43.00980744860672,1963.6393822105188,100.0,1
1342,5.788767464546735e-07,0.18444953594446864,0.37643228075295804,-1.5,-60.831370712718446,-15.35760071188218,1963.5368534111392,100.0,1
1343,1.8914668484864439e-07,-0.2742392650833186,0.11641563496100613,-1.5,14.184343724439826,-153.77189119559253,1958.4601849762912,100.0,1
1344,2.4066797680920023e-07,0.3125627788451486,-0.37176548943031423,-1.5,-12.08067605478754,-151.39324859105838,1958.659599780737,100.0,1
1345,3.323712583979083e-07,-0.36868819333609115,-0.24133793450635493,-1.5,36.53633312631487,90.92276156452328,1962.0936353949307,100.0,1
1346,6.032570888213081e-07,0.26737558739204303,0.0023588055515642325,-1.5,-46.15145462833973,16.753710309936956,1963.925314947763,100.0,1
1347,1.8122071486378212e-07,-0.2205513438981785,-0.09638433216473227,-1.5,56.19551306691836,62.18984614897246,1962.7500537799622,100.0,1
1348,3.3816854780938465e-07,-0.16794208004741373,0.09332233983134285,-1.5,-110.1647089736288,-62.61815121390603,1960.4479055311415,100.0,1
1349,9.027472522265415e-07,-0.3258743737183529,-0.29357758693005104,-1.5,62.391249783209936,139.40626859262923,1958.5929925570806,100.0,1
1350,7.340262751265331e-07,0.17853012725956163,0.3745313759344211,-1.5,58.172042629542354,-105.7789347592278,1960.8263861657006,100.0,1
1351,7.583713120175807e-07,-0.3383827213152683,0.21811167605176132,-1.5,-161.9839165187801,-38.74673222131521,1957.4660119137543,100.0,1
1352,2.799191632997525e-07,0.454005140265455,0.17325257704147012,-1.5,124.25306951994894,-75.8144023075789,1959.1392593135758,100.0,1
1353,8.155780129650266e-07,-0.04307716155225386,-0.2518461256317519,-1.5,22.340777063648318,-147.729728810655,1958.8491782605047,100.0,1
1354,4.885721913499605e-07,0.2652187448706436,0.40449439688717653,-1.5,-168.69385220949556,-18.948095713696354,1957.191007582468,100.0,1
1355,9.067780420864948e-08,-0.25650168654004674,0.2324779652409082,-1.5,-16.9949532670531,-6.161082351064883,1964.4557767722451,100.0,1
1356,5.906143591241172e-07,-0.3111175882197806,0.28328660811757617,-1.5,87.13335518093992,51.017698389604114,1961.942470902771,100.0,1
1357,2.133394647868954e-07,-0.05710881260326805,0.3776637651944832,-1.5,-11.366291953966407,122.76962803200207,1960.6661398887452,100.0,1
1358,2.2376353328842146e-07,-0.33352046395956464,0.3324698673412366,-1.5,-62.1463014536727,-151.78686887456013,1957.6802266762102,100.0,1
1359,3.635446909191113e-07,0.4053901195395881,0.007405852566204799,-1.5,-79.65921599620722,-141.75669119000264,1957.7979303482427,100.0,1
1360,7.725041629356757e-07,-0.2679515526746872,-0.15182642554180428,-1.5,71.32124390493328,70.39536494960853,1961.981411488803,100.0,1
1361,3.796834402447103e-07,-0.4381598254823785,0.12266352949535878,-1.5,125.67601586798928,-49.213547398574505,1959.897153437937,100.0,1
1362,6.35638472607651e-07,-0.24884774449664157,-0.2552130474691468,-1.5,147.85197143323668,-15.481843515920145,1958.9061726715718,100.0,1
1363,5.691866685313513e-07,-0.21775952245961536,0.1093555141951031,-1.5,-164.45653147080728,-29.567092847658603,1957.4200168955208,100.0,1
1364,5.38835575462457e-07,-0.47421433570794264,0.06266012285310416,-1.5,77.49951174446105,-122.79072161178964,1959.16552405139,100.0,1
1365,8.099436530007346e-07,-0.2233099487369738,0.014233331964384572,-1.5,-46.85624687329362,-85.20343745581353,1962.1310233113368,100.0,1
1366,4.972556289604704e-07,-0.24564731784327037,0.04590198809660217,-1.5,72.18374467506771,-52.46137458857573,1962.5112986801103,100.0,1
1367,6.65055802804475e-07,0.15648668147196643,-0.10116908244259057,-1.5,23.48327742064397,104.95648835063743,1961.592709382052,100.0,1
1368,7.553430566679387e-07,0.19290765065973808,-0.021397472448250104,-1.5,-70.28069342369972,87.27961725177319,1961.3404036042289,100.0,1
1369,4.079887957483238e-07,-0.4277948535602362,-0.12997064645546155,-1.5,-143.6770079006195,-44.66194035420536,1958.7688773182645,100.0,1
1370,1.4006616555735247e-07,0.16788006577638176,0.05044395499315396,-1.5,-78.2155069560919,47.628067418054016,1962.4034213004609,100.0,1
1371,5.409762790193762e-07,-0.3783105117516946,0.1272002131433136,-1.5,-67.25708904919951,-149.65083745104678,1957.675764034729,100.0,1
1372,3.206714836798203e-07,0.2915633218900085,-0.0736385926078906,-1.5,136.80274735523426,-33.866733784304664,1959.4773126844245,100.0,1
1373,8.939029346365473e-07,-0.13441810380410776,0.28460188517574686,-1.5,-142.36224085409995,-34.475723894576916,1959.0706222867707,100.0,1
1374,1.6496184173457572e-07,0.3729287428600355,-0.31004770589248215,-1.5,-72.24400335127926,39.079627211694685,1962.821151552761,100.0,1
1375,6.478654195129995e-07,0.24732215696811102,-0.13968294377513665,-1.5,118.76041855674993,65.2954923056331,1959.8586040668654,100.0,1
1376,8.278388535525022e-07,0.051814841160310134,-0.05358381154417264,-1.5,-9.778427553739304,24.774706355037218,1964.3583895373392,100.0,1
1377,7.526326410617037e-07,0.08579594498146463,-0.42231832706352335,-1.5,-111.09295413732609,-61.35318232449617,1960.4355201908147,100.0,1
1378,5.616170764089789e-07,0.11705340022478897,-0.42838343748882945,-1.5,48.99618378360446,-42.91505817946056,1963.458927001588,100.0,1
1379,1.7043780705265373e-07,-0.04097685837843295,0.26048668375421996,-1.5,-79.62437918047092,58.197952270982746,1962.0617326826698,100.0,1
1380,7.798891468218601e-07,-0.22565968133792447,0.3609162623426785,-1.5,81.01560406687386,8.371879451086611,1962.8498846825416,100.0,1
1381,3.5053077733312283e-07,-0.22270844653615396,-0.39384132894526075,-1.5,-34.379436043796744,144.26180759994642,1958.9333504515762,100.0,1
1382,6.120046368264414e-07,0.2606088271948946,0.28907577230310016,-1.5,-8.164119803137966,154.87507864580536,1958.4076040059758,100.0,1
1383,8.196916537496688e-08,0.015224971016137397,-0.18274114677318576,-1.5,-24.206875118381877,167.60533018041195,1957.2265496764164,100.0,1
1384,2.471663371733798e-07,-0.25852658474674733,0.38865616362237226,-1.5,-49.85733702315221,-160.65889667480408,1957.323747143105,100.0,1
1385,3.1954711195412335e-07,0.0796583879726954,0.209635043692934,-1.5,132.82311336902129,40.9414046434893,1959.6160614280823,100.0,1
1386,2.3097692861014424e-07,-0.32535034850415473,-0.3359597250808129,-1.5,-33.99503473539122,26.82040968320919,1964.061681695332,100.0,1
1387,7.925239037126851e-07,0.007372648839883461,-0.29781558693509264,-1.5,60.77327991742444,-133.2183661694609,1959.0744655651426,100.0,1
1388,7.418878099245647e-07,0.06222272136388493,-0.11916266329591696,-1.5,11.38403973547724,157.1711684200019,1958.2085981128066,100.0,1
1389,1.8206734264998313e-07,-0.19329716528508753,-0.014640666095754576,-1.5,-150.15861731607623,-69.76424966140857,1957.549137411635,100.0,1
1390,8.411361624709043e-07,0.05121051992137587,-0.1438948866851597,-1.5,69.53610773676272,-139.12254117210307,1958.3725218979073,100.0,1
1391,6.056159388867325e-07,0.020669873808343852,-0.18036450362525389,-1.5,53.88366573103692,80.10852306927602,1962.1652482309376,100.0,1
1392,2.51780162311761e-07,0.19024869725690524,0.3371378719645578,-1.5,16.413353581012668,-64.77639445372256,1963.4021256003396,100.0,1
1393,3.17745197650101e-07,0.45388115944750923,0.20327002242257755,-1.5,-9.145527901112203,8.363951376522017,1964.4998574453784,100.0,1
1394,8.496960791353853e-07,-0.23675378450968532,-0.059539552474791084,-1.5,138.88573505186687,65.83325448140727,1958.5173018050211,100.0,1
1395,4.734714491834282e-07,-0.4501707095797102,-0.1953131717694983,-1.5,49.059143632111855,110.39580667943068,1960.8210659210627,100.0,1
1396,7.427450109956777e-07,0.09954099002035131,0.44631709971233063,-1.5,112.888795557271,108.86458549103963,1958.269110242416,100.0,1
1397,1.789773183417828e-07,-0.26308747475694044,-0.2280944555001674,-1.5,29.67610951973681,104.47634593364248,1961.5344269041666,100.0,1
1398,6.527463236571154e-07,-0.19896239222912462,-0.026463865375962257,-1.5,62.910810624478025,89.17861226372759,1961.5052106194921,100.0,1
1399,2.7905057299832744e-07,0.05633119110685209,0.3477678023871902,-1.5,114.3431497106546,-14.262122570708222,1961.1566796766026,100.0,1
1400,8.041529428583352e-07,0.16274549901007554,-0.14090048595617338,-1.5,1.819838938906121,130.20772926938233,1960.2183352093407,100.0,1
1401,1.032079444874421e-07,-0.15468817070503507,0.25685430289315736,-1.5,61.4056581360316,58.39385099588605,1962.7105720357451,100.0,1
1402,2.841795652745602e-07,0.06228148584124232,-0.42910435126292734,-1.5,-35.45271136946048,-83.048864008177,1962.4625544732405,100.0,1
1403,6.448656387740796e-07,-0.25931910791748597,0.315477482905922,-1.5,65.33523279002266,94.82699548247841,1961.160991492073,100.0,1
1404,2.2400103784988255e-07,0.2650935201207416,-0.13027278183656274,-1.5,137.4285632816242,38.00770172985971,1959.357570957811,100.0,1
1405,5.378515788102798e-07,0.1057216235978659,-0.2932269529426501,-1.5,55.94220727563672,-8.249511922322244,1963.724955604604,100.0,1
1406,6.853156213187265e-07,0.21182509606050212,0.34743830891150035,-1.5,-52.25468313218244,-99.43073724355614,1961.3251293062274,100.0,1
1407,7.263152909864954e-07,0.2397479557555621,0.2307512527143045,-1.5,-129.85861689376173,-61.34143955100561,1959.2823312831615,100.0,1
1408,5.068502915885023e-07,-0.4471321360084284,0.19386840089376747,-1.5,54.37723774952998,107.85194323367337,1960.8223684519673,100.0,1
1409,8.200744694667536e-07,-0.16539670113986737,0.05964080671417922,-1.5,-70.11211524383442,3.011899756345717,1963.2851311060308,100.0,1
1410,6.545948549299574e-07,0.20132578353760894,-0.3448641097155208,-1.5,63.900367874743374,-5.581896570587104,1963.4915002826672,100.0,1
1411,7.29701333941356e-07,0.44244403134659954,0.04360185880860351,-1.5,-112.39092338264602,65.66274590040354,1960.22191866333,100.0,1
1412,6.009350251548543e-07,-0.150844735108697,0.38290942893709895,-1.5,91.6057512323763,13.65757686998398,1962.354489688681,100.0,1
1413,7.758569644483185e-07,0.03659875703096977,-0.011335183745209788,-1.5,79.62789992747014,-133.002342138919,1958.4134039586315,100.0,1
1414,4.856853862117398e-07,0.08964546225094976,0.039419547147157875,-1.5,-113.17733015462844,11.627374378707849,1961.2416940219937,100.0,1
1415,8.19563302610216e-07,-0.14273763121639224,-0.19486191562736033,-1.5,-116.8644377609744,26.87544295176253,1960.8757482357441,100.0,1
1416,8.052016830863455e-07,-0.21067395780754214,0.3987365524089621,-1.5,110.28671278660346,75.650177791848,1959.9814228326038,100.0,1
1417,4.796328063611804e-08,-0.36359197286585765,0.3206900121101323,-1.5,20.082594413250437,-4.608684418502016,1964.4308935912443,100.0,1
1418,1.3910814609940946e-07,0.10077259141057736,-0.35294767629526513,-1.5,-64.82482893923525,-94.87710723612655,1961.1755052370083,100.0,1
1419,5.646215645995893e-07,-0.13584866495683956,-0.11412407008931152,-1.5,77.07020618732041,105.1066995521496,1960.2107160439741,100.0,1
1420,9.579690782922665e-08,-0.09530596520640629,-0.1256311260026526,-1.5,54.50339132735174,-14.371910174520542,1963.7301532537215,100.0,1
1421,2.0104738511730952e-07,-0.07708432680878755,0.32271081563477605,-1.5,117.46781980090357,-83.3514139024535,1959.2516784164854,100.0,1
1422,2.1724294708351051e-07,-0.34799841244135327,0.29047919416145696,-1.5,-51.34149651626737,-16.393075612351467,1963.7995325576308,100.0,1
1423,7.278628434994743e-07,0.2359165428348046,-0.16313409560857225,-1.5,65.89100292814119,-12.323353366321452,1963.3949671324574,100.0,1
1424,3.538602035866002e-07,-0.29042634602159295,-0.13640544059257445,-1.5,-82.72052488539863,52.8706334643463,1962.0844266101024,100.0,1
1425,5.444817195557304e-07,0.1887066323153644,0.40155945079613936,-1.5,60.24603911283635,-4.252851780817087,1963.6103519509863,100.0,1
1426,4.4745441381499204e-07,0.1248256454051473,-0.059626117095342906,-1.5,70.34853546717125,-11.348199771499075,1963.2461863418202,100.0,1
1427,8.238569741245873e-07,-0.46237736966961945,0.011438041903115478,-1.5,-150.04602858374793,-40.84371387432138,1958.3746491949207,100.0,1
1428,8.149636733715104e-07,0.3174553709039448,-0.0038332272590564714,-1.5,28.39526488664117,16.11842144036267,1964.2675967618109,100.0,1
1429,7.24728471098223e-07,-0.11593469526327375,0.12307078293137806,-1.5,-14.680009966781977,-105.49769842796276,1961.6493109625658,100.0,1
1430,8.931740189535768e-08,-0.29706640336658385,0.33972581313392286,-1.5,-46.66378350870998,-119.33260909362055,1960.3559640998092,100.0,1
1431,7.458320040213122e-07,0.36930768224612054,0.05557772900759845,-1.5,10.539594936388372,-166.90319932858412,1957.40785868929,100.0,1
1432,7.54266636277944e-07,0.12027611700973166,-0.1529586970529811,-1.5,-88.38059470877688,-94.22152045725232,1960.2868315192493,100.0,1
1433,3.8759134811921856e-08,-0.2699769317648409,-0.3991912795443165,-1.5,-79.55843174972892,58.6747839380382,1962.0502062723776,100.0,1
1434,8.334834856505809e-08,0.238957960005627,-0.07415612865484544,-1.5,-157.77221938868368,7.20969600305917,1958.180081948247,100.0,1
1435,3.9959230446717916e-07,0.16024654511129327,-0.0835432803414685,-1.5,103.77590024790499,58.39539360095654,1960.9267775212968,100.0,1
1436,4.921284015388256e-07,-0.22683860755570037,-0.3222639489868909,-1.5,32.01743129858289,-31.699603783646946,1964.0222263200412,100.0,1
1437,3.5428728832268725e-07,0.34915625407408324,-0.1333591679949215,-1.5,149.90321273297485,53.320281272666854,1958.0856111731855,100.0,1
1438,7.966847222665606e-07,-0.33465204031612444,0.13398668891047696,-1.5,146.05553077309622,-44.71015957109606,1958.5918589200373,100.0,1
1439,7.811483620246093e-07,-0.09183134289680242,-0.12214930919844354,-1.5,8.334488303997167,44.203309535683175,1964.0239026032586,100.0,1
1440,1.2398622722660639e-08,0.18512132144838608,-0.0228764487775979,-1.5,-59.30098571747803,100.84229532075352,1961.052653763664,100.0,1
1441,5.763322553651498e-08,-0.2326026748707395,0.061850489353558566,-1.5,74.37564139307037,-57.52038121543064,1962.2876843058289,100.0,1
1442,6.611594864489194e-07,-0.31526954183373906,0.08638806465320531,-1.5,-48.46087911537033,-67.1983300620464,1962.7911793918295,100.0,1
1443,3.8638897485766977e-07,0.26839506643966277,0.3677436235136804,-1.5,-154.71315944834097,73.20329890597776,1957.0688290371716,100.0,1
1444,8.132110248132911e-07,0.1834122407724604,0.09173224225846345,-1.5,69.70304261156343,50.34523143878039,1962.6563962620144,100.0,1
1445,7.543657449827097e-07,0.183178334087654,0.38479448926318677,-1.5,-95.20940864025032,115.05515627651808,1958.8544524253687,100.0,1
1446,6.220822538744852e-07,-0.03763091653472099,-0.16151808382448268,-1.5,82.89436045847793,-111.38065993027946,1959.626535813344,100.0,1
1447,6.41873183383628e-07,-0.2711896391608179,0.01665016849775962,-1.5,58.328445363005265,-128.21557013741852,1959.482545546656,100.0,1
1448,4.0269941841839217e-07,0.29110667186174777,-0.17782856958736837,-1.5,-87.1536246445479,102.47214101824385,1959.9278028265699,100.0,1
1449,4.325709348246983e-09,0.146763164415844,-0.41057468963833416,-1.5,-51.43983269915376,-122.8735027508557,1960.0176867058494,100.0,1
1450,1.5347215286924377e-07,-0.17352638537205312,0.4409509672313573,-1.5,-138.72890975711186,92.3641313522855,1957.4566261103391,100.0,1
1451,6.553890039252974e-07,-0.042067719441003064,-0.20255054819904664,-1.5,-101.22631417628139,72.5313195678276,1960.5881074989122,100.0,1
1452,8.468225577386132e-07,0.3763107164193464,-0.2884602413261543,-1.5,132.64700450114375,76.09988610363749,1958.5777660838535,100.0,1
1453,2.770833004749819e-07,0.3061253891247114,-0.3161855808795562,-1.5,164.52824717479973,33.48547645770689,1957.3508793811393,100.0,1
1454,3.802957237453491e-07,0.15373373928476675,0.43919038049622144,-1.5,125.71128301186607,97.58242876907468,1958.0826410509774,100.0,1
1455,9.393552648701282e-08,0.07380944445474613,-0.3313437375947257,-1.5,114.77337155681151,114.31255178042608,1957.849074865849,100.0,1
1456,1.9625240896039221e-07,0.20514890923767978,0.342008437664275,-1.5,-52.251964417988155,108.14911721987679,1960.8637859181229,100.0,1
1457,1.1953001970865643e-07,0.18171771450866578,-0.14493452271768648,-1.5,131.0950240543917,-108.31334755172637,1957.165194784653,100.0,1
1458,4.6615009795269476e-07,0.2755722717238727,0.20744982345277893,-1.5,-33.92297895622977,-14.156828991708094,1964.1950264568347,100.0,1
1459,4.491461959971984e-07,-0.40440921531996316,0.015841580763326073,-1.5,15.112141797562066,-121.51072464067255,1960.7192693584975,100.0,1
1460,2.3577793201665876e-07,0.13523979634042144,0.2933970738424944,-1.5,75.76114834296443,-152.61469435918917,1957.1362471053308,100.0,1
1461,7.807021621262656e-07,0.05494716827451901,-0.012936055989970422,-1.5,5.156691799858378,75.97805529642179,1963.062411109027,100.0,1
1462,7.186542885466688e-07,0.02689903862315289,0.29995779378297277,-1.5,-163.96318397899267,-25.118641683040547,1957.523541213643,100.0,1
1463,1.4952756548101696e-07,-0.10133449096809091,-0.08039345586221229,-1.5,-91.84876996155992,12.062836656631053,1962.3535812117232,100.0,1
1464,2.2975183744099036e-07,0.4117845618301003,-0.23167043165058104,-1.5,103.57935900224925,-58.97133247578142,1960.9199332458338,100.0,1
1465,3.231344692254404e-07,-0.3088742231129172,0.3527624128064485,-1.5,-60.86059595760306,-139.59783228396003,1958.6275090857466,100.0,1
1466,5.629766472121093e-07,0.42167833815633465,-0.23133435334562566,-1.5,123.7256450527295,-5.06902772714444,1960.6324377558171,100.0,1
1467,2.306822089858538e-07,-0.0863264989041401,0.171915377523681,-1.5,-16.00774197445097,48.190058119030844,1963.8825720397579,100.0,1
1468,3.0712876854341854e-07,0.2394611565817104,0.3830046710122897,-1.5,-169.1942555975823,-12.732212663454305,1957.1981199918428,100.0,1
1469,1.9637343830139588e-07,0.10564189188317094,0.25711191369466796,-1.5,-84.45061412631821,-138.49520291707938,1957.8305490539205,100.0,1
1470,5.051242354943083e-07,0.15554707603004947,-0.40522763581253124,-1.5,127.8585285971107,-101.43123353175042,1957.7479888370058,100.0,1
1471,4.2510897907056825e-07,-0.00016296122840814801,0.3432949018484,-1.5,97.9908628100084,-71.81864199463413,1960.7787125868967,100.0,1
1472,1.379649178587469e-07,0.26854372025140305,-0.3381258665750152,-1.5,47.457379115085196,25.179482240781795,1963.804235943019,100.0,1
1473,4.331972531550431e-07,-0.1770399351314493,-0.14294992601532974,-1.5,76.56218538662795,81.79483197235987,1961.341664141556,100.0,1
1474,5.914969145373005e-07,0.1237033043464062,0.09060946213792416,-1.5,-74.61013308630996,-126.17544652685784,1959.0626255943741,100.0,1
1475,3.945063756024316e-07,0.17153969621884316,-0.18807793680906673,-1.5,40.77321774092009,-95.66388129665998,1961.7847111231247,100.0,1
1476,4.743294996077046e-07,-0.2494855999189473,0.3664790551308218,-1.5,-68.64005559350994,111.91094774100813,1960.1473844611687,100.0,1
1477,8.065884956199693e-08,-0.10088084744996514,0.1892973341363606,-1.5,23.32379233587098,-146.2950864835888,1958.9453883781355,100.0,1
1478,4.6880574840726356e-07,-0.0965800619189402,0.207811850302827,-1.5,76.91451339353684,-26.53450314342465,1962.8533730359225,100.0,1
1479,3.7145417631128595e-07,-0.33042299035050376,0.14607185857949634,-1.5,117.20415947331773,-84.58805351781245,1959.21446821688,100.0,1
1480,5.794392523683538e-07,-0.1309671859095382,0.37812577708085354,-1.5,23.919885626690757,73.9288825801376,1963.0016927293236,100.0,1
1481,3.0571565491949897e-07,0.4575936224430922,0.07517093374493393,-1.5,-131.78088056590582,68.0245930800746,1958.9333170171199,100.0,1
1482,1.7381140377654874e-07,0.16274992282055337,0.24631532357813418,-1.5,100.0320640281561,-27.43961527773492,1961.7986491854379,100.0,1
1483,4.6202406953411165e-07,-0.39058224542383563,0.0013331817811984763,-1.5,-99.60857299026165,-83.07583089307548,1960.2524900569315,100.0,1
1484,3.5806033688878994e-07,-0.1333102549307556,0.18780103249149369,-1.5,115.82542933958615,-66.67414640742942,1959.9878352646153,100.0,1
1485,2.504974726285079e-07,0.2689493929261569,-0.15631319532816726,-1.5,103.12149420684179,74.38662917151046,1960.4198206249546,100.0,1
1486,7.517650705349652e-07,0.2682028587696133,0.12318303225927967,-1.5,-55.720151206049884,-142.28026574214672,1958.5874698353532,100.0,1
1487,5.075336908968934e-07,0.1389412301395478,0.4794029104417343,-1.5,-94.7683062077377,-32.875801451777846,1961.9764106847847,100.0,1
1488,2.0651055130189925e-07,-0.10449264458458933,0.39952376710275533,-1.5,-72.68890587973537,101.81909065028474,1960.5515759620523,100.0,1
1489,7.674175716268401e-07,0.3881073478507862,0.03150074643656955,-1.5,-154.30723888003794,52.61671044006649,1957.7625096210766,100.0,1
1490,1.0242183429936173e-07,0.13942642598300625,-0.1576460141084628,-1.5,18.893199420525267,-54.09743868466271,1963.703083566746,100.0,1
1491,3.7693360776269937e-07,0.05765879159283123,-0.08470945521785622,-1.5,131.29959535912087,-60.518145278032314,1959.2118968138104,100.0,1
1492,8.131254302587848e-07,0.4476568007940121,0.0963871785346108,-1.5,-15.857706553040732,127.4671274575543,1960.3351628807582,100.0,1
1493,5.4364234328137e-07,-0.08539953867929535,-0.2160082611405376,-1.5,-32.967793119018616,72.62547651943001,1962.9192421093942,100.0,1
1494,8.606638387016019e-07,0.4763906813184409,0.021477095592241854,-1.5,-119.92203692877553,-3.0657630040145207,1960.8729159285635,100.0,1
1495,6.344278455760893e-07,0.3864154672802595,0.021000819732185576,-1.5,-15.65571198158944,89.52852181808491,1962.4354330090835,100.0,1
1496,3.1881979810221125e-07,-0.1942983580952444,-0.318902274500939,-1.5,-54.1942099555814,-60.589355350431404,1962.8563890136336,100.0,1
1497,2.5153421890843856e-08,0.2681151796915725,0.2174499351292003,-1.5,-14.094461897398165,-46.56804326851382,1963.9363660149725,100.0,1
1498,3.2065815491936314e-07,0.2579195024549769,0.3491267542843045,-1.5,54.43826463936899,-65.80687357588978,1962.681639237335,100.0,1
1499,4.4397886150795256e-07,0.0429569617485148,0.3334728989679098,-1.5,134.42051683962583,15.497863768198258,1959.8735232502431,100.0,1
1500,6.480377471723139e-07,0.2623260701212213,-0.3758587395711068,-1.5,-3.462613995903744,145.94341155210938,1959.1074031800754,100.0,1
1501,5.451500572649195e-07,-0.20951882271889774,-0.03444710844747956,-1.5,-89.98414944070552,-40.385255473867325,1962.0614593472535,100.0,1
1502,1.0729058248466785e-08,-0.3412878913964918,-0.3107032907754345,-1.5,134.40289210619588,-102.38627168934805,1957.25987038747,100.0,1
1503,3.036004139308601e-08,-0.20346409240372118,-0.23704608917662884,-1.5,-36.3013514342329,-20.529414775241072,1964.0962403301844,100.0,1
1504,7.50949615499185e-07,-0.11690051147989795,-0.17346916730869683,-1.5,-11.165209553957055,-157.3238739362178,1958.197595507524,100.0,1
1505,3.9576768845206316e-07,0.21888251234006867,-0.2691979959517466,-1.5,-36.626981846841325,99.13070429488525,1961.6943834177948,100.0,1
1506,4.411053772160656e-07,-0.24553912772544276,0.06059397472177444,-1.5,-84.68147965838709,21.52276605347712,1962.5949923023866,100.0,1
1507,5.542429106748413e-08,0.08060876802192761,-0.23081579741002486,-1.5,49.12319319535343,27.98079626759795,1963.725355847058,100.0,1
1508,6.496713710891234e-07,-0.23996339282117576,-0.01059714568639825,-1.5,49.8888737958832,148.5716101825658,1958.2775245570454,100.0,1
1509,5.886290699850891e-07,0.01337579280818308,-0.11071229281196265,-1.5,89.60415892180583,-44.37583321631063,1961.9926519730918,100.0,1
1510,8.251757170753199e-07,0.12669920142341526,-0.4333699217940768,-1.5,-20.804828729589662,80.84736642971198,1962.7644149793025,100.0,1
1511,5.127451997596162e-07,0.19997947630434154,0.11412476047112834,-1.5,45.768462121203285,-35.973513139828725,1963.6762565386305,100.0,1
1512,3.2831828360431516e-07,0.25560448142236153,0.31521511762066245,-1.5,-75.01022067156718,-36.5622953470293,1962.7658932281993,100.0,1
1513,2.0021799513595758e-07,-0.41714272886689335,0.0002508866863839018,-1.5,-121.6628975352752,44.52991638091155,1960.2623579961335,100.0,1
1514,6.980308973701606e-07,0.15769555703837793,-0.22838353911710932,-1.5,-21.90264301461104,-127.32043628198659,1960.286475747887,100.0,1
1515,4.884573665002633e-07,0.2448707119880908,-0.08050336962830565,-1.5,73.0564474481566,-72.50336405778458,1961.8407947518806,100.0,1
1516,7.4117232721647e-07,0.029699650476065605,0.48323541836127953,-1.5,-127.67316360913381,-22.653487584226227,1960.2550010293146,100.0,1
1517,8.158337997886714e-07,-0.14809941093530826,0.02831872730109524,-1.5,-142.56978407540993,-68.37618803217774,1958.1654270885824,100.0,1
1518,2.676683307227978e-07,-0.08388639056752371,-0.2411112382993457,-1.5,-12.748090921095386,157.74235690504324,1958.1542639133518,100.0,1
1519,3.926762805665629e-07,-0.2615676614075086,-0.2790895714366584,-1.5,-53.12375817531733,24.543412164354365,1963.6671748294802,100.0,1
1520,6.752689352770435e-07,0.4052714204349063,-0.1272043039086341,-1.5,-71.18350333144248,-40.59772087412501,1962.8290858297928,100.0,1
1521,6.538630557835816e-07,0.12682881368666615,0.43203451959050765,-1.5,-88.51785773565229,-66.10991727556387,1961.42992583621,100.0,1
1522,6.401529994268414e-07,-0.14991293442722284,-0.17945767239696095,-1.5,20.80960989866529,33.44015538442672,1964.1440890143122,100.0,1
1523,4.673895045592115e-07,-0.39246005724496363,-0.1298494541582959,-1.5,-151.06646066446714,-38.69627456174342,1958.3398093955718,100.0,1
1524,7.553845656826619e-07,0.09853428896375163,0.4140003149026244,-1.5,52.55859485777921,-125.57732966633164,1959.816627811536,100.0,1
1525,3.45005420019016e-07,-0.43531097524444196,-0.2342392140884138,-1.5,25.601482664907163,-18.35692427069248,1964.2863522620141,100.0,1
1526,6.671232720812144e-07,0.2579479725337931,-0.10542482303038564,-1.5,29.338879719941758,70.74873092185841,1963.045372240758,100.0,1
1527,1.4085073313532622e-07,-0.2603905118320462,0.16493024829366104,-1.5,-25.505806628729975,144.80698557267868,1959.028758600471,100.0,1
1528,5.596712102287202e-07,-0.26012663814477527,0.07625768090002899,-1.5,-160.18726052534157,26.36819186046768,1957.819717514748,100.0,1
1529,6.562594728438149e-07,0.2668982134059275,0.21972346385611016,-1.5,9.729163423864392,104.40811614761881,1961.7384063446655,100.0,1
1530,2.375358386205172e-07,0.043714911206611806,0.41920826104042574,-1.5,-132.9862825185931,90.99899875075769,1957.9190782957235,100.0,1
1531,6.423489786114001e-07,0.015828364128676626,-0.09040200750351711,-1.5,96.1347760312663,-59.22293125040826,1961.2914203446817,100.0,1
1532,4.462988558100268e-07,0.14079331325171504,0.027342735407625902,-1.5,29.960914547917625,-94.39313919894211,1962.0411731504905,100.0,1
1533,8.104967812392605e-07,0.1556968558197844,-0.18736415027769665,-1.5,25.757382034945742,-164.79763786590075,1957.445167071266,100.0,1
1534,1.0664002299049564e-08,-0.043788561437265554,0.12813547363163333,-1.5,108.74277071474235,124.95493838926666,1957.5429904488808,100.0,1
1535,8.557962578730106e-07,-0.3104925785695824,0.36192364675647815,-1.5,-58.792764874532196,25.410826348768694,1963.494585418766,100.0,1
1536,4.931085642034072e-07,0.2854286863951622,0.26317336125310664,-1.5,115.31285055915427,-123.06180114615393,1957.2869043297455,100.0,1
1537,8.922209724500292e-07,0.046041883433508096,0.18305631032917236,-1.5,63.97776279687466,51.98304716716251,1962.8086750727527,100.0,1
1538,8.069517121704042e-07,-0.08389462346609287,0.09110094524273556,-1.5,96.92190797815955,-61.05245712737506,1961.1965805341174,100.0,1
1539,2.665510322171867e-07,0.33337806597218705,0.2733485232012135,-1.5,63.312762350533106,-4.1007001931096845,1963.514187534076,100.0,1
1540,1.807251018302218e-07,-0.25827832649751553,-0.18929548604007876,-1.5,-97.76532119821069,-108.31299016917731,1959.1129432469568,100.0,1
1541,3.47467354282868e-07,-0.02349662375603106,-0.4129659120588419,-1.5,-61.76308075059458,-144.11429651746028,1958.27211532555,100.0,1
1542,2.9230424584694833e-07,-0.4857322473548096,-0.07383691253926719,-1.5,138.03697018753076,-41.464131256538614,1959.2447031819988,100.0,1
1543,8.540623322322508e-07,0.10583637497895068,-0.030598780975352607,-1.5,-63.39602351128601,-79.34949838314034,1961.9117940354586,100.0,1
1544,4.2218229629535044e-07,-0.07832556250012514,0.43536928417400755,-1.5,119.03087576248559,100.9010331020552,1958.3319224279333,100.0,1
1545,8.687136732632514e-07,0.35811180733728915,-0.03227520175543241,-1.5,125.18719730226627,114.92967041691736,1957.1746531047231,100.0,1
1546,8.297701783793803e-08,0.22415376195702216,0.24920736964778498,-1.5,20.141211558125015,-29.41995259870145,1964.2153864207949,100.0,1
1547,7.92595857250736e-07,0.04358584634942368,0.05213674551586587,-1.5,128.84436032757708,56.65406784621953,1959.4904270433128,100.0,1
1548,5.484335204698098e-07,-0.3440145912474065,0.16559909652615892,-1.5,95.11744184225851,83.34191396656207,1960.4642521351686,100.0,1
1549,5.426244642255959e-07,0.13999905494976458,0.4167784932025848,-1.5,13.09422229580229,159.81610449737423,1957.9838202477272,100.0,1
1550,3.1499566815621756e-07,0.3059639404004397,-0.34813445456328707,-1.5,115.52682703996201,88.19676905572635,1959.154962841975,100.0,1
1551,1.1894748171138225e-07,0.21802472562910583,0.32123684036351247,-1.5,-109.11289946852233,103.57390590052893,1958.7700496618309,100.0,1
1552,2.1200870457905469e-07,-0.19241218249449643,-0.07051922147765978,-1.5,119.44519459920059,-4.326407899025135,1960.8996440277053,100.0,1
1553,4.900926823672316e-07,0.15983415877527665,-0.3638834162565616,-1.5,-12.762496779970318,90.90889655871956,1962.392921274572,100.0,1
1554,3.389641026445616e-07,-0.037676909280837945,-0.07159852182389356,-1.5,-45.56377905576524,54.30824193485386,1963.2594946064146,100.0,1
1555,6.188781764668637e-07,-0.17948702502261832,-0.09730254204666329,-1.5,33.70245828767436,127.0096470922277,1960.139275693696,100.0,1
1556,8.28037109087848e-07,-0.2496724402388948,-0.21372137592095555,-1.5,-146.3598241616673,44.94519130152236,1958.5637640670182,100.0,1
1557,2.824135881725801e-07,0.09632397438126998,0.19340036475653258,-1.5,-139.01626122344592,32.49132121694107,1959.3448087121274,100.0,1
1558,4.574398271273193e-07,-0.2890333153534055,-0.3381550505315935,-1.5,-144.77940099882474,-26.25421419863626,1959.0209104420926,100.0,1
1559,4.648945878735608e-07,-0.09695296300147946,0.18821847621808976,-1.5,108.62560994384143,13.72845479668707,1961.485481123772,100.0,1
1560,3.2740274960866925e-07,0.4257295916129368,-0.07325257566660813,-1.5,-100.18009943776465,-57.9939937387121,1961.1256794588676,100.0,1
1561,4.569698262598376e-07,0.3148399963102672,0.2920897701385934,-1.5,102.8369433833962,-17.56573965767193,1961.7668806797535,100.0,1
1562,5.279640315931758e-07,-0.2171963437289911,0.10509774237750266,-1.5,63.77194101774345,-148.03373833931164,1957.915329660159,100.0,1
1563,7.385024804253214e-07,0.26204110620165183,-0.3973028386586554,-1.5,39.6921474643683,-65.35581828893704,1963.0502888901194,100.0,1
1564,2.616769124931397e-07,-0.2658601724946728,0.026709151556771445,-1.5,15.500587697972318,63.79786534967569,1963.441583145262,100.0,1
1565,6.981261355059322e-07,-0.14429738109941476,0.4505883276525766,-1.5,70.28366018846665,-152.88267198423665,1957.3196933520094,100.0,1
1566,5.600789315292036e-07,0.3070770410651462,0.025650018465192798,-1.5,20.38710634729907,-31.070957872355713,1964.1874268352828,100.0,1
1567,6.12722639307321e-07,-0.3852645876714196,0.2400804970702859,-1.5,-160.64465291368614,41.06513360448212,1957.5291151240685,100.0,1
1568,2.5041674820162253e-07,-0.2497140018796361,-0.018622401150424368,-1.5,135.3523390447514,-34.16654210463613,1959.5728304867512,100.0,1
1569,7.57326041939066e-07,-0.043014763132224514,0.4851293049628862,-1.5,104.43756726950299,-47.46663968341601,1961.186630314954,100.0,1
1570,3.1851363411275074e-07,-0.1299942462394387,-0.31949012771781365,-1.5,-57.28025387345479,49.81458714640611,1963.07176783982,100.0,1
1571,7.862340916138547e-08,0.059880337538936054,-0.4825524140760518,-1.5,47.83032076345621,63.11078128779245,1962.9423261947968,100.0,1
1572,3.5412304293853084e-07,-0.03035696008342883,0.2510169095801337,-1.5,160.6927060129269,-12.173940097369856,1957.9180104598047,100.0,1
1573,8.87524079844561e-07,0.21396625119734577,-0.0026773582430492803,-1.5,147.90699749103808,78.66204317892186,1957.3832249516788,100.0,1
1574,7.052488008339585e-07,0.014717611220074527,0.10059178736901658,-1.5,-6.251904833674556,135.3344073660405,1959.8619334368848,100.0,1
1575,4.687262316427152e-09,-0.2875741991749346,-0.09422129954768357,-1.5,-76.35507851882704,57.7194500020203,1962.2058131964595,100.0,1
1576,5.870287457242213e-08,0.07793946276031513,-0.31426127644864355,-1.5,-131.42765218736758,47.56394105448557,1959.5605961587441,100.0,1
1577,3.4661598810739776e-07,0.1767034339073779,-0.16036785584598023,-1.5,-105.65981127462392,-63.2011793731566,1960.67715381023,100.0,1
1578,7.769038145336793e-08,-0.39481686763967794,-0.20430097021241014,-1.5,-88.64531177051562,137.7176298525549,1957.6999640892457,100.0,1
1579,4.1812061720797666e-07,0.39569731223285837,0.061516215374353124,-1.5,8.43288925125939,16.580919469951564,1964.450876391298,100.0,1
1580,2.3483689197213927e-07,0.2226740804188034,0.00048368062552643057,-1.5,9.62149944061995,-100.49440296995365,1961.9433192593403,100.0,1
1581,8.896281948415418e-07,0.19629278002279843,0.40447439369713994,-1.5,39.36136270280917,-165.43761231516174,1957.164879570387,100.0,1
1582,6.483045471025094e-07,0.23618726838808685,-0.15357904033496922,-1.5,77.52013207798069,-142.89991824725396,1957.8006866771887,100.0,1
1583,4.7588653105844074e-08,0.42102608352962634,-0.10977405293004816,-1.5,-39.72063597590013,-81.43564385601445,1962.4484179854403,100.0,1
1584,1.1131795276376997e-07,-0.31060715132349803,0.3014014840921629,-1.5,-89.81542051224966,-77.01430842274003,1960.9730423446688,100.0,1
1585,1.454588999704693e-07,-0.32918863838321893,0.3755574621385976,-1.5,-54.011117450417444,-92.90548766562185,1961.597475482547,100.0,1
1586,3.9951628164803556e-07,-0.028211945772951087,0.4484123611020162,-1.5,149.19684902474623,-70.88443130446001,1957.582433489293,100.0,1
1587,2.0666680857866837e-07,0.029560014402855474,-0.01218485327359379,-1.5,-90.77439800124473,-19.475350454072025,1962.3440079808468,100.0,1
1588,5.949259547356207e-07,-0.02097199319022031,-0.14873814372533847,-1.5,91.59965373654231,-74.4456233666845,1960.9897090150735,100.0,1
1589,4.085971452747079e-08,-0.07836539541429685,-0.32487074953637884,-1.5,42.258116707050334,94.00445155065725,1961.8335048946342,100.0,1
1590,8.803971273213339e-07,-0.17337619916794564,0.44841927379094704,-1.5,73.2227026908085,88.07220461484802,1961.197340619007,100.0,1
1591,7.686575290524271e-07,-0.08438263263768471,-0.29526729506736094,-1.5,75.9341373125743,-136.26642402811953,1958.3357104284532,100.0,1
1592,7.987741885510758e-07,-0.38206159089875086,-0.0819073252826711,-1.5,-94.41200373099066,135.28859067452342,1957.5997182904712,100.0,1
1593,5.243423786588691e-07,-0.03496297680813043,0.053626911153739354,-1.5,-117.76142106269864,-82.68283089879355,1959.2623824924488,100.0,1
1594,2.406204332344516e-07,0.0014204962358632643,-0.30894359433084984,-1.5,164.46552184573653,37.791610373945296,1957.2777453840026,100.0,1
1595,5.061154117586244e-07,-0.25876195508751454,0.24500249403971672,-1.5,57.61028102274245,-61.74286011727079,1962.7231493542718,100.0,1
1596,5.856509783557769e-07,0.41592745235755,0.20981711090162014,-1.5,-137.21525701314187,-18.309266246016758,1959.6555897091919,100.0,1
1597,3.178210508384836e-07,-0.2631106458635616,-0.18862777282980314,-1.5,-140.3917691679593,18.48828707019544,1959.4289016591624,100.0,1
1598,6.814453210503374e-07,0.11508871276612946,-0.012082304865083125,-1.5,-114.81515684812945,-36.06928799127894,1960.8492477719628,100.0,1
1599,1.5574604511396815e-07,0.23041955824051963,0.11317405480703571,-1.5,-79.55549479061791,-64.94970970731687,1961.8526307354705,100.0,1
1600,1.1374515574362238e-07,-0.01851097746203373,0.4430293378848214,-1.5,12.998548012768284,-138.02364182804618,1959.641242246196,100.0,1
1601,6.859870668922294e-07,-0.2966022850187399,-0.18754041582167896,-1.5,165.27089350027288,25.419963931972486,1957.4096769612256,100.0,1
1602,3.507523237160887e-07,-0.34527016317447423,0.04990212520195862,-1.5,49.30923928495789,105.78528073967254,1961.068932895042,100.0,1
1603,5.762397621746624e-08,-0.3205312287097393,-0.24845400657923897,-1.5,93.70247738235214,-30.237885073006517,1962.0700299186196,100.0,1
1604,4.589087120418248e-07,0.14041711691828654,0.35935712156608374,-1.5,129.49117200416896,-6.34257228596236,1960.2563848680395,100.0,1
1605,5.094074500263823e-07,0.23310368340177218,0.10126922409266804,-1.5,163.11448163213865,29.747205789790684,1957.529579826499,100.0,1
1606,4.252251513314088e-08,-0.13548972221663347,-0.1932612159703064,-1.5,55.71051800999606,-51.41492517730474,1963.075681148896,100.0,1
1607,3.485723052307612e-07,-0.21561058713697487,-0.05698381990066343,-1.5,108.4505289755361,-48.292504795671505,1960.948648744178,100.0,1
1608,3.1647441272198885e-07,-0.27737575318487084,0.23030495759279182,-1.5,87.1283754432409,60.2628097332031,1961.6804852528387,100.0,1
1609,2.982405892848218e-07,-0.02263990751866081,-0.4408864754300455,-1.5,-8.946835786504643,-60.19908055805767,1963.5960152474095,100.0,1
1610,8.859455346913657e-07,0.3312296063557989,0.22335137638079194,-1.5,114.94901200332544,90.3957517684197,1959.0887215661808,100.0,1
1611,1.7279733557366814e-08,-0.36035999341817265,-0.2625712074072492,-1.5,-19.67937533366433,9.653115859881215,1964.4166629833915,100.0,1
1612,3.333075794877742e-07,0.03888922473136151,-0.08794649330748243,-1.5,99.079762719455,-125.47266617604555,1958.0227518923937,100.0,1
1613,8.77672447283218e-07,0.40500684672097226,0.2671354246954236,-1.5,-134.98018979450833,-93.05881081061398,1957.6858002140395,100.0,1
1614,5.397707578087787e-07,0.31525651490861917,0.35804590017328164,-1.5,-53.54705922969556,33.719393140913795,1963.519544399849,100.0,1
1615,6.696576803079462e-07,0.4467215685595755,0.026560719698144202,-1.5,104.27635987181029,-25.333957292404968,1961.6059537139263,100.0,1
1616,1.0048962149902383e-07,0.30800081757169134,0.26619592966131067,-1.5,149.70038977870556,-57.11799032021923,1957.994028271796,100.0,1
1617,6.07117695760331e-07,-0.3331933118277639,-0.3648738180482738,-1.5,-64.57938114992713,-95.20528317091947,1961.1676990642002,100.0,1
1618,8.128479106281382e-07,0.21989101233702887,-0.33880308083956373,-1.5,-123.62477739260886,108.18052947329271,1957.6585947819494,100.0,1
1619,2.179231746386093e-07,-0.0444573523589997,-0.26130500003208995,-1.5,-58.777540720818706,-126.99907014639847,1959.5483467255647,100.0,1
1620,7.502696595849823e-07,-0.3124713030214302,0.3376144084293864,-1.5,166.59216923875164,-6.512002562007644,1957.451897042962,100.0,1
1621,3.0188088045926393e-07,0.33874597895226527,0.27664430473881896,-1.5,-107.39425948083604,58.30435288362916,1960.734648475289,100.0,1
1622,7.785422857489545e-07,-0.0601180191776359,-0.17325778318739626,-1.5,138.00280245167255,19.456506802037776,1959.5892317331911,100.0,1
1623,7.610015217993688e-07,0.2955959964888488,0.03833319563642574,-1.5,-106.20337141745155,-19.262001631612705,1961.5715907044641,100.0,1
1624,6.548259162436939e-07,0.2790689933542603,0.09147040538549915,-1.5,82.51918639331628,131.18406356810962,1958.4163529772914,100.0,1
1625,8.349382586893808e-07,-0.26513873060515125,-0.08293316241153119,-1.5,-61.59291014340294,76.69283417517478,1962.074873411404,100.0,1
1626,4.572955415230597e-08,0.15828696838196643,-0.1763092679708096,-1.5,3.4192782915340607,-90.7314314947489,1962.4396556686806,100.0,1
1627,6.055767796355643e-07,-0.35546843319969945,0.00018719694394994424,-1.5,-160.9465568342801,17.406781254363043,1957.8576291640013,100.0,1
1628,7.341826112455766e-07,-0.4670903163861678,-0.057170775090248045,-1.5,88.09039457456367,-132.56938531972068,1958.080367790296,100.0,1
1629,4.407173750983382e-07,-0.09650178454029065,0.37350042784760706,-1.5,-42.94025913537989,-92.63295404487238,1961.883930368063,100.0,1
1630,7.551921747190262e-07,0.18577893833744843,0.22542039293981367,-1.5,83.22743083883553,-74.03037756680946,1961.3785927809588,100.0,1
1631,4.826890125551978e-07,-0.40865542763343443,0.1925957116872676,-1.5,-40.77245983332907,-86.31145752031249,1962.2184447930333,100.0,1
1632,1.1005148564331112e-07,0.25523838353394496,0.027702688376504116,-1.5,105.98231310776619,-34.96081501983071,1961.3665585472818,100.0,1
1633,2.730899285611652e-07,0.3886240464253883,0.1954045561176335,-1.5,-2.3999179909581385,88.47254963283544,1962.5443013143,100.0,1
1634,1.039573987299993e-07,-0.25000119282349237,0.23645081889745895,-1.5,-32.8265179613998,-60.677160570972354,1963.3272748499435,100.0,1
1635,7.724956281566206e-07,-0.204896657388504,0.34341043664804893,-1.5,80.60791820205299,-6.757614273648855,1962.8728905455368,100.0,1
1636,8.626973094733504e-07,-0.09595617441425162,0.15074260505122644,-1.5,-70.07170543630305,-51.97594330748969,1962.6007601345405,100.0,1
1637,1.6382599208080668e-08,0.12708113503768687,0.12691343714712194,-1.5,-134.14754438084444,92.11987582419873,1957.7874376655027,100.0,1
1638,9.05355229990737e-07,0.21619550313467803,0.396556387947415,-1.5,-110.23201867899043,124.69419655779043,1957.476320589573,100.0,1
1639,6.171863573264193e-07,0.07587563946649227,-0.21343862970930833,-1.5,9.109575104439681,-56.358443394511504,1963.709252350178,100.0,1
1640,8.512593211408201e-07,0.35983831461555527,0.2732490319735073,-1.5,67.19477313396506,-55.019504118683294,1962.6184048092844,100.0,1
1641,7.18086044911405e-07,0.34525521260610387,0.3406363532628509,-1.5,-37.86570186852098,140.55529669081082,1959.1385054304592,100.0,1
1642,5.354733159521938e-07,0.08540956456391183,0.44735156796484976,-1.5,44.82577376192863,-30.93263686691571,1963.783875137291,100.0,1
1643,1.961994625767004e-07,0.08955392908635425,0.12763666886240305,-1.5,92.10157240104779,17.20278030276418,1962.3034044146284,100.0,1
1644,5.965951162776394e-07,-0.3249907592597305,0.36872341836728495,-1.5,126.63360988646869,54.43265660606596,1959.6975024243052,100.0,1
1645,5.052579346836212e-07,0.2868532995304375,0.05539103532807436,-1.5,-55.93910722250506,78.29409524127841,1962.1809644371822,100.0,1
1646,2.2223222813336995e-07,0.2922612571454485,-0.12879049895551464,-1.5,70.88221429538889,-26.84378597748692,1963.0762616661402,100.0,1
1647,5.429280739875747e-08,0.1982771996424731,-0.2394279967814599,-1.5,89.66254957943087,74.39630017749829,1961.0811059180971,100.0,1
1648,7.751077419464372e-07,0.019880288782759024,0.34191042900359936,-1.5,-93.79917009727106,17.11782103508729,1962.2237339707735,100.0,1
1649,9.156358986918961e-08,0.20415480616727916,-0.3077307254643874,-1.5,16.73880488856427,-37.11116349673233,1964.117068868593,100.0,1
1650,3.3971960578030664e-08,0.042919409072616564,0.19095242442954863,-1.5,-123.96123255457246,35.12568832668655,1960.3094360608632,100.0,1
1651,2.1149060237922955e-07,0.24225193998970415,0.29510065060916585,-1.5,-120.32641810957944,101.64012749970657,1958.214524471947,100.0,1
1652,2.983852559525826e-07,0.05593353896073647,0.031262621751732736,-1.5,8.638074908106889,26.288369595646962,1964.3440613986177,100.0,1
1653,7.487374910879838e-08,-0.2504435484938809,-0.26741386668580497,-1.5,85.1459688199714,-96.28240624768493,1960.329857066661,100.0,1
1654,4.278993671345497e-07,0.18273913666889194,0.10968878104462942,-1.5,-66.28054319592515,2.916735319313409,1963.4183630889422,100.0,1
1655,3.4976724266532293e-07,-0.46336457239567286,-0.11345562937727303,-1.5,148.78015037385495,-30.627266094171592,1958.6576330978473,100.0,1
1656,9.01578458827797e-07,-0.19600598249182394,0.21030994167302317,-1.5,-28.58357611439341,-159.93805081698278,1957.809001241824,100.0,1
1657,7.191583072014327e-07,-0.36513157161135434,0.09136123338268802,-1.5,-75.61282023865063,-71.46360926464165,1961.7820827585717,100.0,1
1658,1.920184930024246e-07,-0.0902928439214806,0.012631607157339526,-1.5,-13.337116145425846,137.8665264776856,1959.6500270395304,100.0,1
1659,4.309192044205666e-08,-0.44260156145545676,0.08891219245696705,-1.5,-4.589697324859196,-132.49427666846918,1960.060582633786,100.0,1
1660,3.32280965866219e-07,0.48534795259282354,-0.01598279235441638,-1.5,112.46058409351005,119.12919114587051,1957.6961304319955,100.0,1
1661,2.472422203622562e-07,0.3181080348363238,0.04714850705557962,-1.5,-123.35198051603939,114.51717027337561,1957.3153534577611,100.0,1
1662,2.1761905777868144e-07,-0.22401786154804862,0.06390414043538042,-1.5,-57.818018267772864,-154.092277256442,1957.6327370371703,100.0,1
1663,1.4153796109410305e-07,0.06358225229953586,0.4954154472767503,-1.5,82.31689214706105,4.101869078918882,1962.8093107083632,100.0,1
1664,4.6273281696602425e-07,0.14394052001043878,0.3663053106411736,-1.5,49.780060531082896,92.26461590457386,1961.7396546156767,100.0,1
1665,7.893401055307377e-08,0.40230866829964435,0.24106927104292328,-1.5,119.958091462703,79.19508462932012,1959.273202268972,100.0,1
1666,2.1302054753502795e-07,-0.21512087364814553,-0.04264355190902741,-1.5,-89.94557926753593,-46.77377438595757,1961.9213269308354,100.0,1
1667,2.3500020019011645e-07,-0.3137095039550934,0.07562393025605214,-1.5,109.43483298568073,81.11740958983981,1959.8105187637302,100.0,1
1668,9.086237240974042e-07,0.037448718890993764,0.1255861686218592,-1.5,54.59320726043346,133.40557748693806,1959.2436856814231,100.0,1
1669,4.676761396388229e-07,-0.1280241992380878,0.30148449506326574,-1.5,122.3990982480818,-69.61253334494779,1959.4861168723514,100.0,1
1670,6.123033928084357e-07,0.04757208758003674,0.21314179039091097,-1.5,122.60699377226896,94.66130111185231,1958.422847450486,100.0,1
1671,7.664396164323561e-07,-0.29834454507920977,0.35379336770551556,-1.5,-32.850033392220695,-12.805953285687833,1964.2225355424232,100.0,1
1672,4.789214692971574e-07,-0.14579804143517955,-0.02324727390761732,-1.5,-65.28258228996508,158.28154643221353,1957.0637247608245,100.0,1
1673,5.074603626607529e-08,0.04261648078352982,-0.1802724565278416,-1.5,-50.06373029218232,-139.72330263163883,1958.9242731348934,100.0,1
1674,1.838818201311117e-07,-0.055412437267746625,-0.20157504865443177,-1.5,-15.62474365998136,-21.727321403915855,1964.3566573197195,100.0,1
1675,3.9610397103482545e-07,-0.3433937894403614,-0.25912575665532706,-1.5,100.98951273228704,65.41750311425733,1960.8505692353312,100.0,1
1676,6.243194594291421e-07,0.29580573598297066,0.0696970611812072,-1.5,-13.388306560202443,148.40033826947226,1958.880133932418,100.0,1
1677,2.786345091189516e-07,-0.32820534255003014,-0.06959543937496389,-1.5,-106.64149177175932,120.27587139322645,1957.9516320020332,100.0,1
1678,1.7836399783166828e-07,-0.09415325640846801,0.37989232702541453,-1.5,101.0441337568341,-27.37982433151306,1961.7476174368194,100.0,1
1679,1.1890736899914428e-07,-0.2768483374916288,0.4025565502156008,-1.5,-16.22047146210649,-77.32727941492311,1962.9494834126438,100.0,1
1680,2.6943481674967953e-07,0.13419273539440132,0.19228280341296802,-1.5,-44.404086849220974,-36.312842186448826,1963.7013369730032,100.0,1
1681,5.064993679633702e-07,-0.37145366902174076,-0.0052556847442171315,-1.5,42.31873175070844,25.056730922344254,1963.9232600701657,100.0,1
1682,4.2100198479810146e-07,-0.2541670362080559,-0.00584224923678148,-1.5,-36.7191285219965,-129.88349006563237,1959.8967500547285,100.0,1
1683,8.009287842340443e-07,-0.2716693057638936,0.029603997377132447,-1.5,-29.187433693791927,-73.87336455694772,1962.9325271107864,100.0,1
1684,6.5532474581586e-07,-0.4786712497253471,-0.027483180045770623,-1.5,107.4227311220121,6.683868528475503,1961.5883790963674,100.0,1
1685,8.151287681297442e-07,0.32047334049818693,0.016124262736752167,-1.5,121.50282710794644,-28.925725367752776,1960.5646257348562,100.0,1
1686,3.0739314321369145e-07,0.013731407135694722,0.3751445835792114,-1.5,37.41000366233978,-30.9514279767282,1963.9388450250472,100.0,1
1687,8.440987700567726e-07,-0.14852012829993955,0.09089218621948357,-1.5,-36.91329721342995,109.39321752850347,1961.143497736391,100.0,1
1688,8.075251984091252e-07,0.06271171841544701,-0.47638995541019086,-1.5,-22.26544863423477,124.72458193304874,1960.4492634916298,100.0,1
1689,5.71352248666809e-07,-0.08407935343444373,0.3764791672160698,-1.5,-1.8899308844913618,-43.89568970734931,1964.0475765246877,100.0,1
1690,6.939809857042716e-07,0.06976228893412238,-0.09838933311337351,-1.5,-0.27838076235875064,-159.54502147379458,1958.0496916302222,100.0,1
1691,2.8976061199225994e-07,-0.25487457202758973,-0.1770151574705686,-1.5,-106.09238851115025,-69.53515587261312,1960.4393776559125,100.0,1
1692,3.54739162184788e-07,0.40409062333619494,0.030227952172831366,-1.5,124.43249877749352,-40.79895247446133,1960.1697082117932,100.0,1
1693,7.909921661599819e-07,0.12301233572192892,-0.06495715106905832,-1.5,-2.50037521142727,-88.1990732506837,1962.556485268043,100.0,1
1694,2.1847488072789699e-07,0.3391930033560655,0.08588736011369517,-1.5,-1.1868678733978886,-74.74435843384707,1963.116185683643,100.0,1
1695,3.276184840877269e-07,-0.22868983494769551,0.058137238244963974,-1.5,98.74121095317437,-6.193092166928035,1962.046152651625,100.0,1
1696,1.8998343189232032e-07,0.16175139953434922,0.3116428529940136,-1.5,-56.20270598664907,-112.64590683032542,1960.5013240955188,100.0,1
1697,6.581823816171877e-07,0.09587658585101805,-0.3157812573369068,-1.5,58.50218827477905,15.871748258604482,1963.6035414106404,100.0,1
1698,1.939304317466963e-07,0.13737685888280401,0.43138824505482365,-1.5,-37.218402977716835,-117.45041465971015,1960.6716902230678,100.0,1
1699,5.642756033199826e-07,-0.18411194988210156,-0.27879648065457796,-1.5,5.33668044346197,21.047582663209827,1964.4189485372033,100.0,1
1700,8.540286143436234e-07,0.009874945260777023,0.29055373523176453,-1.5,108.05269578347023,107.29938286852438,1958.6282811284254,100.0,1
1701,4.4182582583771005e-07,0.3908378597388882,-0.04463761208734972,-1.5,-111.84904612076389,75.79353081445252,1959.887348251089,100.0,1
1702,8.884530818953235e-07,-0.381743089142753,-0.26714534799967915,-1.5,85.34541188537167,-118.34632668171179,1959.1129609844331,100.0,1
1703,5.083059535872583e-07,-0.12315816516599482,0.43893177445003756,-1.5,47.02952692161624,84.46335387931684,1962.1588752481582,100.0,1
1704,8.697866586959633e-07,0.11089986180750247,0.38770737676342265,-1.5,117.08202598323366,6.701821966664407,1961.0354843908663,100.0,1
1705,4.027372679841604e-07,0.4160664702859861,-0.10386600315299675,-1.5,-92.19924729074906,-135.99304380438144,1957.6563736013452,100.0,1
1706,3.734366420195116e-07,-0.14936678465053116,0.18268798993563687,-1.5,-50.751037483242214,105.00946102417821,1961.0738465330462,100.0,1
1707,1.658360628063665e-07,-0.18825078242079987,0.09620255440210977,-1.5,26.07837405098991,-118.45850530386262,1960.7908575863369,100.0,1
1708,1.4341314681505678e-07,-0.44219254035014993,-0.06588416747009931,-1.5,122.79712344482324,62.85237933186616,1959.6897027723883,100.0,1
1709,3.984925915156627e-07,-0.1429378499666188,-0.31188896279593775,-1.5,-37.860128328654014,113.70419633662998,1960.8802239516085,100.0,1
1710,3.6277220979424107e-07,0.42239529500670725,0.08031248103181675,-1.5,-24.865412260715654,-97.38548172078227,1961.9661224112017,100.0,1
1711,4.3948388033187196e-07,0.2561731904667558,0.3231572671506321,-1.5,-165.43650540841472,-11.156597314036526,1957.5289472395434,100.0,1
1712,6.182413820593539e-07,-0.3604183238229609,0.3324043844753153,-1.5,30.421431644615673,30.263157962766556,1964.0702543526654,100.0,1
1713,9.038830136301509e-07,-0.27428297453765704,0.14965568288801043,-1.5,142.09702688627615,84.69333408381306,1957.5619429223639,100.0,1
1714,7.973410905801885e-07,-0.1596788184408469,-0.009996643373100614,-1.5,-94.13416848836191,-135.74601801873442,1957.5814320689685,100.0,1
1715,4.797300474985718e-07,0.00956236036820977,-0.12261506185599982,-1.5,83.3515145273665,24.84723763346594,1962.6126530913102,100.0,1
1716,6.833042319457596e-07,0.04189806725217432,0.028046307488719172,-1.5,-57.936032886090935,118.7296220489188,1960.0918292793515,100.0,1
1717,4.978780985723425e-07,-0.05405197017318791,-0.3571905074967049,-1.5,-73.16639082258193,94.15263295225586,1960.9169404205488,100.0,1
1718,1.6638670127240216e-07,0.27540201413231014,-0.3133381041929367,-1.5,82.10834040421139,83.06958502875047,1961.0637293941645,100.0,1
1719,7.242271855954854e-07,-0.0037417060052424406,0.38806810831550603,-1.5,13.112622888023248,-78.93328153322207,1962.9087809813082,100.0,1
1720,3.513086238619463e-07,-0.1818354377714673,-0.32873993373246835,-1.5,25.374999661847912,-84.09060521829967,1962.5743720359524,100.0,1
1721,4.3778731892238406e-07,0.1431542449158296,0.13567275025088654,-1.5,144.24798564258242,4.913488557636938,1959.2298646494705,100.0,1
1722,3.2388439161873576e-07,-0.11493799454345613,0.4691592923497631,-1.5,4.453266204462562,-73.32704049932123,1963.1649446284064,100.0,1
1723,9.939008320329688e-08,-0.13935508941506425,0.19374588463921533,-1.5,-24.169601430506688,-22.91370102096709,1964.2566224753689,100.0,1
1724,4.316882494912943e-07,-0.2077972344678642,-0.025439603459829548,-1.5,-141.96058020591755,-65.48869865559475,1958.3083797712063,100.0,1
1725,2.3279450067165708e-07,-0.2070249022175177,0.37017491158754623,-1.5,-135.09161951398323,-74.24708925574647,1958.4817870841357,100.0,1
1726,5.302998422505121e-07,0.06137782664206738,0.04008838402997476,-1.5,23.310933666195922,93.49901562095857,1962.174258498886,100.0,1
1727,2.8122080438726985e-07,0.1044360810984692,0.05605519170057493,-1.5,-59.3803595583508,94.53231992305616,1961.3645504226943,100.0,1
1728,1.9542192592943007e-07,0.15469280252409628,-0.2962827081398725,-1.5,131.75471191626346,12.604310834356307,1960.0752826109472,100.0,1
1729,3.089025713238682e-07,-0.21489992280821724,-0.21436476509573618,-1.5,73.87328094906366,32.650471465216285,1962.8779817760071,100.0,1
1730,2.2918039743872622e-07,0.42557703878736075,-0.1507718808671824,-1.5,40.79344435143229,-92.28211866579198,1961.9462764659563,100.0,1
1731,6.67341736269335e-07,-0.2750715534936408,0.07826120421604565,-1.5,69.56838335144919,75.00078305887114,1961.8736984945165,100.0,1
1732,1.930611712016876e-08,-0.14917496072335087,-0.143065336648824,-1.5,37.59060410325886,44.44648834135539,1963.6763334173493,100.0,1
1733,6.830596268994697e-07,-0.22187448304564408,0.07175452846816131,-1.5,65.3837149535801,-82.55158167267876,1961.7144268339212,100.0,1
1734,8.152075312233979e-07,-0.1504083022606016,-0.0300649263275867,-1.5,-158.95185210150044,40.071168340465825,1957.6878955664674,100.0,1
1735,4.836171634901244e-07,-0.06569533985063383,-0.0419502895497492,-1.5,94.1807182468849,-12.741204987190125,1962.2387572036453,100.0,1
1736,2.3759466612662704e-07,0.06414111180773638,-0.07307240651787382,-1.5,-127.57489776820853,23.496340876097772,1960.2514771556725,100.0,1
1737,7.280535862901278e-07,-0.1585110549504844,-0.03117889944592451,-1.5,-36.50293360513712,12.961764410878203,1964.157023959059,100.0,1
1738,6.839641529635067e-07,-0.40721225853820986,0.006604344378300452,-1.5,-41.55310429273642,-139.81110227094976,1959.1170157679583,100.0,1
1739,1.4061837679758055e-07,0.3890738025247055,0.24539056823011737,-1.5,-75.26453766889128,-78.63310785777803,1961.52118774798,100.0,1
1740,1.827419444636782e-07,0.22503869318695657,0.37512270307421614,-1.5,61.57247059527511,-21.926223984955435,1963.4513892206974,100.0,1
1741,2.893537088532172e-07,-0.12351194710133238,-0.3323483002358856,-1.5,-2.526927111650764,-118.0152316567828,1960.9893691712098,100.0,1
1742,3.150705773995179e-07,-0.3890717670734513,-0.2623965558742275,-1.5,13.521394162758313,84.89129343158521,1962.6573634910244,100.0,1
1743,4.6537358187928024e-07,0.2608792146205986,0.4023610946497421,-1.5,-114.97683225769913,43.70229487414864,1960.68450387431,100.0,1
1744,4.0775793375447497e-07,0.205976472178179,0.048226413041024305,-1.5,3.186309564715807,93.27190432106498,1962.320943567033,100.0,1
1745,7.473998420047313e-07,0.1392089282053953,0.29575534117572294,-1.5,-60.74353021528304,133.53396766603143,1959.0539015765962,100.0,1
1746,2.9160701749184486e-07,-0.1587781911398202,-0.22130842739973508,-1.5,-90.47620752533726,-56.775962051023,1961.6329504448952,100.0,1
1747,6.907305678586433e-07,0.20789159464600113,-0.013492352487550199,-1.5,2.9471663677392597,-124.6437779768281,1960.5786209913122,100.0,1
1748,3.272196589885592e-07,0.2903815385172915,-0.05582253667061327,-1.5,-82.88679226881803,90.05370276950094,1960.7226720143315,100.0,1
1749,5.586421859393367e-07,-0.03100116697897881,-0.20653717750222073,-1.5,124.16989560664759,3.048403791889903,1960.6085357677823,100.0,1
1750,7.539733860073643e-07,0.3379588792789569,0.06884565845885772,-1.5,-14.230487726171344,-25.71753464705879,1964.3190646880369,100.0,1
1751,7.732367149367243e-07,-0.3056316530618137,0.3838101833114128,-1.5,-23.656119466803855,97.67389080015256,1961.96673909979,100.0,1
1752,1.9900542250929743e-07,0.07870704231144587,0.01727534431255112,-1.5,-25.303231928388964,-102.91190525185425,1961.67840699681,100.0,1
1753,2.6056853225513694e-07,0.3027573099567028,0.33714973312715557,-1.5,108.18590257650061,2.356109336190411,1961.5564089514824,100.0,1
1754,6.745425640037732e-07,-0.45998427612057324,0.0683738519318472,-1.5,58.46536543565993,32.89704835475321,1963.3932034924005,100.0,1
1755,3.6362835620345186e-07,0.10749492729852991,0.4345010681898046,-1.5,154.3046132695178,-58.87908904181819,1957.5843852726966,100.0,1
1756,3.2020835389039054e-07,-0.22418311362920432,0.010559436518320161,-1.5,25.34660091609472,-162.19054290665306,1957.6682721747768,100.0,1
1757,6.625370975617745e-07,0.2710521437205906,-0.37886243471994224,-1.5,-50.943022154722215,-110.81031662994641,1960.7496445207496,100.0,1
1758,5.719152692508013e-07,0.06106281362964473,0.047438144036101935,-1.5,-43.31595689785805,160.95414815052376,1957.455178627928,100.0,1
1759,2.895788168609771e-07,0.4917850836623491,0.06044682500438134,-1.5,13.084769094050827,106.55391613388197,1961.6035119361966,100.0,1
1760,4.4544275725124315e-07,0.0532048542238541,-0.32893042292996144,-1.5,-117.83646788036208,93.92786717666547,1958.7509818430863,100.0,1
1761,8.064039501571315e-07,0.038519696427997796,-0.2472101068543918,-1.5,95.18977269325586,-116.83128562942429,1958.7502761043618,100.0,1
1762,6.524594017555665e-07,-0.24356100689640298,-0.21421316944117635,-1.5,-16.65946067373025,-155.76565592247672,1958.2831279136408,100.0,1
1763,2.4253582084805667e-07,-0.16622998516344564,0.3598654196149078,-1.5,152.9746290237855,-49.90942341025378,1957.9379710797843,100.0,1
1764,1.1207833784224438e-08,-0.25273837446241687,0.20076027817681796,-1.5,22.693227212472895,-47.800190392079564,1963.8262258925292,100.0,1
1765,2.9851890244568326e-07,0.1850268236545015,0.14204310918069862,-1.5,-21.107621881287084,40.65875367301857,1964.0047404001866,100.0,1
1766,6.27391198185033e-07,0.36208363289251816,-0.33081162153407395,-1.5,-108.99266086922195,91.3931352934477,1959.3828571680451,100.0,1
1767,1.4114011771802624e-07,-0.21482083193648502,-0.026975144320768175,-1.5,-31.110880880097323,132.2414788082499,1959.836113209368,100.0,1
1768,5.692697435883626e-07,-0.00884696121055475,-0.46344211608317054,-1.5,0.1966495473152361,129.3903663695679,1960.2732923462065,100.0,1
1769,6.078264295846221e-07,-0.35310784174226917,0.017449662354040538,-1.5,-45.915168236231786,23.617039622267836,1963.860310467995,100.0,1
1770,2.66009515209794e-07,-0.16459260427674044,-0.22493850246732466,-1.5,64.0680762227196,34.88439318403046,1963.1840583570947,100.0,1
1771,8.388068019518662e-07,-0.07939558331010217,-0.14708833952133282,-1.5,48.69880398100391,123.29883149943134,1960.060996731435,100.0,1
1772,1.0883195914682473e-08,0.20732025615424107,0.2574669613449924,-1.5,24.919867021567327,111.61941795909456,1961.2071262434856,100.0,1
1773,3.214524760018999e-07,0.33328836235825293,0.3557717285485011,-1.5,-147.9040167068006,29.506021877036577,1958.741198520396,100.0,1
1774,8.622456882718909e-07,0.05075305974433486,-0.48867636105499823,-1.5,17.206686144362717,129.87309107029975,1960.1658594195305,100.0,1
1775,7.294229984652174e-08,-0.25005553944380954,0.39795726318889496,-1.5,-98.26519319090514,70.4190099879521,1960.8157488926902,100.0,1
1776,4.3348898567968844e-08,-0.27851614539873276,0.329729988534665,-1.5,-61.53176242974983,118.86608304937617,1959.9739750259234,100.0,1
1777,7.957507752088426e-07,0.14820861708133937,0.47286019550993663,-1.5,78.34183311235898,9.352490276346403,1962.9539919153372,100.0,1
1778,5.736355768977453e-07,-0.10514799598991471,0.18719301780064046,-1.5,55.10951003943709,-19.423679450119067,1963.6697657309803,100.0,1
1779,6.524517107266133e-07,-0.17495209961802882,0.16085602800334936,-1.5,-4.525952419834459,1.1570509114547904,1964.5333958103163,100.0,1
1780,5.349933180583521e-07,-0.20020946697065628,0.07299273163943501,-1.5,-18.402209144609415,164.4044268684439,1957.561194290178,100.0,1
1781,2.4317648332356705e-07,-0.06857201762803936,0.07978261269853475,-1.5,-31.98893892803483,-31.317138681144556,1964.0288263865211,100.0,1
1782,7.059736264985841e-07,0.2117473276488819,-0.0997783208321741,-1.5,-107.9909731404688,-20.85750778189922,1961.457672333368,100.0,1
1783,4.857790040105245e-07,0.14714416070885206,-0.03501761692876697,-1.5,99.9581053663323,-46.27854310309832,1961.4484341643956,100.0,1
1784,5.861182136341744e-07,0.3891865291059309,-0.0780907050207103,-1.5,98.26839980498201,18.857315805392734,1961.9890441861583,100.0,1
1785,6.256364448619339e-07,0.22330692547281147,-0.002334830462471254,-1.5,-14.790393570267812,-100.23113862796754,1961.9246288717386,100.0,1
1786,6.324627907562464e-07,0.19426104664862018,0.34492058205889137,-1.5,-144.24857861004054,-11.779275483313087,1959.2005723009072,100.0,1
1787,2.062472770952082e-07,-0.0005251570988882857,0.0044191817599419855,-1.5,-15.30599248744953,72.31182580850297,1963.1479854326687,100.0,1
1788,2.0964168486319848e-07,-0.11252004344871637,0.3675759415520435,-1.5,14.588145229500574,-135.10584163119623,1959.8333816531497,100.0,1
1789,6.822887027093007e-07,0.2203503412913861,0.2524394244558788,-1.5,124.73937532300259,-35.537142458734294,1960.2526587192851,100.0,1
1790,2.3359677094707806e-07,0.2089939104545966,-0.09309354508265764,-1.5,50.02130066569479,-11.782065517095125,1963.8666804745158,100.0,1
1791,4.0281372792597913e-07,0.018481947577640764,0.36026603624290754,-1.5,114.33284006987307,-82.15152448459622,1959.4877940351007,100.0,1
1792,7.342096631735136e-07,0.06512262624733575,-0.07330081553262122,-1.5,-5.397351682066486,-41.352145773163414,1964.096269254872,100.0,1
1793,8.657115088583677e-07,-0.10394913772233381,0.2363386506792996,-1.5,89.70533469227549,-34.549397149224866,1962.1856635778643,100.0,1
1794,1.2717057489273965e-07,0.23767387089409275,0.36075121601105836,-1.5,119.72474490891396,89.19739323972122,1958.8575999193677,100.0,1
1795,6.836834792844429e-07,0.34787111347940236,-0.3134080943071121,-1.5,-39.03925280523885,-73.03033208549898,1962.7928555000453,100.0,1
1796,4.850051154317154e-07,0.2738137236129651,-0.13482818896436097,-1.5,-28.056958652981056,-74.67787711132988,1962.918568868159,100.0,1
1797,4.0716276785889134e-07,-0.250673412288462,0.20073846388165678,-1.5,-70.15018737769789,82.93622513052644,1961.5335378315874,100.0,1
1798,1.802159264841033e-07,-0.2931769049307979,0.12619016086560605,-1.5,-82.18669933747871,-29.662026818942866,1962.5949141081394,100.0,1
1799,7.430113895776215e-07,-0.357860122916164,-0.11750886243807168,-1.5,-81.35301077922698,90.68126478233384,1960.757986626795,100.0,1
1800,6.597671781336346e-07,0.28337330324078197,0.37726869195583607,-1.5,21.44113817964015,-78.95914136700908,1962.834434651654,100.0,1
1801,7.651175794743756e-07,0.2175614862594159,0.42067057558805065,-1.5,112.98879284410104,40.09529355838289,1960.8771471951604,100.0,1
1802,3.509759688965953e-07,0.15844572175991625,-0.3191452070272137,-1.5,53.460635411973314,139.73037210209986,1958.8340077300293,100.0,1
1803,6.042236071761585e-08,-0.29802880718633273,0.3344201497082364,-1.5,28.464800118301774,125.08678813991472,1960.3459737641201,100.0,1
1804,5.867152162596214e-07,-0.35193030844566997,-0.07006368406216158,-1.5,-49.89703006421723,86.56346568726443,1961.9965186169702,100.0,1
1805,5.50437999037932e-07,0.19123451623746837,0.04688812762939016,-1.5,25.639715865243623,-60.31666530185081,1963.445387863728,100.0,1
1806,2.132171058340606e-07,0.3627018442626512,0.341712555054383,-1.5,-38.175131369208785,147.3980046407144,1958.6295652417307,100.0,1
1807,5.338521434535633e-07,-0.37961905687797176,-0.14451581314478226,-1.5,8.238599015108704,161.78799115974314,1957.8483234584069,100.0,1
1808,1.914938717038779e-07,-0.4183333127152395,-0.12575838317436877,-1.5,-16.22229772602365,-73.04519927107673,1963.1134766452162,100.0,1
1809,7.842438059154191e-07,0.2302162210548663,0.09787481611847623,-1.5,-64.81116210932652,-135.27881781051062,1958.8038291222429,100.0,1
1810,5.99422315954286e-07,-0.031083763406328627,0.17514047404890346,-1.5,-89.65292223487117,-107.78058772091866,1959.5302969618542,100.0,1
1811,2.2763195548633435e-07,0.4930087684284274,0.0074301263952353865,-1.5,143.23790348294028,38.444760428433526,1958.932921176104,100.0,1
1812,9.084665343185774e-07,0.024721937510824354,0.06840448670067044,-1.5,149.7757664489986,21.894100626156103,1958.6988421930814,100.0,1
1813,1.1254261116011778e-07,-0.43890305910072247,-0.20950779907623926,-1.5,56.422449549010885,93.43239069574749,1961.5045709408628,100.0,1
1814,6.552204911066552e-07,-0.37278365751503406,-0.01283305549926073,-1.5,75.91608365773607,-144.02236564870603,1957.7812933780815,100.0,1
1815,8.183699502911777e-07,-0.3082654732205356,0.25895948485523895,-1.5,7.485334516617631,-124.26792319551205,1960.5904057956573,100.0,1
1816,3.8825535209074843e-08,0.09179655886451779,0.4750121056570532,-1.5,-31.4039029391953,-52.49116442807206,1963.5864531013913,100.0,1
1817,4.1915261688159227e-07,0.08953461988209412,-0.07009912591801196,-1.5,-41.28597945970788,-98.61745139136714,1961.62773034214,100.0,1
1818,6.247977607055492e-07,0.2645209589153702,0.35321863736507825,-1.5,-68.9823247173738,-141.22220802538814,1958.2418168099546,100.0,1
1819,3.181556643857822e-07,-0.19620596726282022,0.4062145912247646,-1.5,30.677233883134853,-119.55673928864915,1960.6576395888387,100.0,1
1820,3.1659141280288855e-07,-0.010793454331006494,-0.3219698059007954,-1.5,121.61144905689295,54.524552648612946,1960.0130139575306,100.0,1
1821,3.9297590826864015e-07,-0.08151213830218479,-0.4129513999309227,-1.5,57.2664909313888,50.02768825210981,1963.0667501872385,100.0,1
1822,7.93586626748587e-07,-0.20245455719453348,-0.4291189321100286,-1.5,15.283533026656686,14.823544336647917,1964.423570011736,100.0,1
1823,4.8315621314851e-07,-0.08517039544738801,-0.26279211404235986,-1.5,82.6061093530414,-66.74750626355105,1961.6662018221352,100.0,1
1824,7.448772943095858e-07,-0.2923130185744049,-0.3826165410155051,-1.5,143.66727241694235,47.683247607630996,1958.6983711128155,100.0,1
1825,8.035792104246041e-07,0.28120109868558707,0.3428598023397618,-1.5,-30.598990738663193,-2.8624083151506157,1964.2985502846923,100.0,1
1826,5.08467504961848e-07,-0.31848470067369866,0.19660761224127082,-1.5,-3.529897670352522,-3.7061103519506733,1964.5322829708418,100.0,1
1827,7.333443524263922e-07,-0.4699225892760087,-0.02606371710779532,-1.5,-110.28817470388307,99.60785989826259,1958.9099211125317,100.0,1
1828,3.338866535916404e-07,-0.03260974771495544,0.45617742807485284,-1.5,-100.60463302746128,-38.33630318273987,1961.5866847880625,100.0,1
1829,9.046758197834878e-07,-0.044824038407893646,-0.06917228362340112,-1.5,26.07313194172122,120.58422403507552,1960.6613483645613,100.0,1
1830,6.732839580637081e-07,0.009486915442468345,-0.1847600140987215,-1.5,-64.06577191111744,-10.81529791053348,1963.4642580059028,100.0,1
1831,7.270971547690123e-07,0.03194516941169012,-0.04250108458091407,-1.5,150.10970856210517,81.22261875359266,1957.110944188995,100.0,1
1832,7.268537442415338e-07,0.19400798879651138,0.4522049009740329,-1.5,85.13190550304549,146.53676203919602,1957.2155789035146,100.0,1
1833,8.113654797791725e-07,-0.15869173656320112,-0.07145361149246844,-1.5,-89.82999180472842,-94.85944646287658,1960.1901806343308,100.0,1
1834,6.024842508085443e-07,-0.22713894329814435,0.1871222397140357,-1.5,-130.40463628630647,98.61229211734971,1957.7240696647038,100.0,1
1835,3.0540097455446455e-08,-0.4267273041408488,0.132721666429298,-1.5,13.196961923708708,24.62477993432721,1964.3402828113315,100.0,1
1836,8.354304963504052e-07,-0.0018764939975661526,-0.26812482176349256,-1.5,-131.01008737536006,22.78327234050405,1960.0333073122738,100.0,1
1837,5.144109418845553e-07,0.3396587593936239,-0.3432201986325143,-1.5,14.825109958902903,-86.21866293270205,1962.5900857140125,100.0,1
1838,6.996180186536561e-07,0.14930069876169888,0.033420824748735235,-1.5,36.97385827793466,-136.03302223327202,1959.4747349563497,100.0,1
1839,2.78366219869124e-07,0.014323114778652115,0.44391965540221917,-1.5,-49.480157359697294,-98.5530219260336,1961.4413838203368,100.0,1
1840,5.18081876462382e-08,0.06610847258479181,0.03911411960602693,-1.5,-141.19970901197075,-3.7691348492298515,1959.4544450084964,100.0,1
1841,4.047067387258244e-07,0.03233710455016212,-0.418761505407176,-1.5,-124.224279883843,-73.13512622812792,1959.2429323248987,100.0,1
1842,9.349506161682003e-08,-0.10054447196074918,0.16731936542950085,-1.5,-13.734373621965345,37.73467716539857,1964.1284956403863,100.0,1
1843,1.86829037952369e-08,-0.08044439392573871,-0.08422186407625969,-1.5,131.92028905487388,54.49481864759675,1959.3469928377606,100.0,1
1844,8.033455146034426e-07,0.3161280247437718,-0.25152752882621127,-1.5,-157.10515924110715,-34.43083804003765,1957.944272086879,100.0,1
1845,3.2922563387858273e-07,-0.1911559799884185,-0.22114882096008978,-1.5,-162.64322125377484,-41.31431278376427,1957.3588317949093,100.0,1
1846,3.9177698418710396e-07,0.32083765210867277,0.19982896825246044,-1.5,99.64984085763814,-99.01676362493126,1959.5098560620772,100.0,1
1847,1.3037403433620658e-07,0.16016406747901007,-0.39939578003546977,-1.5,0.14721091496006716,12.030838168489462,1964.5021057581082,100.0,1
1848,7.721431926423167e-07,0.10866525965536888,-0.23882619236097719,-1.5,65.9482350289437,52.31181302890915,1962.7347224676917,100.0,1
1849,3.988351651165051e-07,-0.1678639920256114,-0.4118730682164495,-1.5,-89.85052197271689,98.54015799807857,1960.007654890428,100.0,1
1850,4.4003353734678177e-07,-0.06108521535528857,-0.4340691358048783,-1.5,-89.87769463107163,-133.59133088204902,1957.929682748361,100.0,1
1851,5.942898238830527e-07,-0.280217801020182,-0.19687143038070973,-1.5,-3.52397481892953,91.70013661452434,1962.3944437376713,100.0,1
1852,3.503755028613427e-07,0.47350703710826786,-0.13648615642363923,-1.5,90.58807162319854,55.427315614064874,1961.6663580307281,100.0,1
1853,5.035267643566993e-07,0.246490042546651,-0.006879239876034223,-1.5,-100.30313815978253,92.61410125648693,1959.7895792635197,100.0,1
1854,4.0155200756217753e-07,-0.363474835910594,-0.10483744995715608,-1.5,128.26492260876446,106.4600655406894,1957.4543801425798,100.0,1
1855,8.171513142654808e-07,0.12264209069543569,-0.10646307684171723,-1.5,-120.41755662913253,16.446778289993183,1960.7759693053872,100.0,1
1856,7.409206466522878e-07,-0.26521723819840193,0.0025222472133633075,-1.5,106.59918551455985,62.77236625387305,1960.6400816949176,100.0,1
1857,1.377027281844527e-07,-0.3026135088573644,0.14084541629822847,-1.5,-37.09661964222253,-105.83781834312339,1961.3351277345796,100.0,1
1858,1.808181853003747e-07,0.04769330318050839,0.2675508202730922,-1.5,87.67292981837909,-87.11120812073695,1960.6474392564662,100.0,1
1859,1.1605748650077625e-07,-0.07300115134410361,0.19878869327166435,-1.5,35.0069591682799,-11.665832786090194,1964.1923804508888,100.0,1
1860,2.172873039088442e-07,-0.10429286737386975,-0.15121894907636438,-1.5,-96.02069818584032,-27.740849071211358,1961.9948412467459,100.0,1
1861,7.147309136657223e-07,0.2913454282840001,0.19253190005911713,-1.5,139.06909106887224,89.41070889829119,1957.5696154440368,100.0,1
1862,3.344211944586409e-07,-0.26843889485961847,-0.2709569930105688,-1.5,5.527697613861032,-18.564391775336027,1964.4434566011903,100.0,1
1863,2.5486437929176706e-07,-0.20855838930678536,0.08576451600952305,-1.5,-137.2729948779421,-67.22387191733016,1958.5837644042222,100.0,1
1864,5.212786716740908e-07,-0.19220331924079914,-0.005027399789491772,-1.5,-89.14174869870604,99.44536146079274,1959.9942997338028,100.0,1
1865,5.05602125663957e-07,0.2332100906826571,0.2219421034891164,-1.5,59.69991531975783,88.61033835746532,1961.6313145729298,100.0,1
1866,2.5212259204730895e-07,0.46915446051902326,0.04090128803135453,-1.5,-37.97914850546004,-34.8033104489814,1963.8634372396477,100.0,1
1867,1.4541716385375976e-07,0.42639521894591054,0.04559855429241621,-1.5,-36.851621302542505,-77.30003386115676,1962.6716355617332,100.0,1
1868,8.442029776135989e-07,-0.2977156030797612,-0.06837189881433933,-1.5,69.7786071454609,108.60810331022876,1960.2929658972726,100.0,1
1869,5.22601821929703e-07,0.28377195363141633,0.21327467653970233,-1.5,17.543621777177837,-83.52842876705881,1962.6840064536057,100.0,1
1870,6.028005735737907e-07,0.48171040171649493,-0.10467965439061418,-1.5,-108.74519854279025,24.64103602700378,1961.372118544448,100.0,1
1871,1.3607166645347265e-07,0.34626047011118016,0.2470873175568333,-1.5,-48.692682393403985,-138.13064425969745,1959.071778691089,100.0,1
1872,5.914771629587465e-07,-0.292062308615046,0.10292359831696318,-1.5,-96.37874709584055,113.17331274031342,1958.9068953520355,100.0,1
1873,3.791039564862442e-07,-0.16693885598348782,0.22757166037311555,-1.5,131.34298376085036,-70.55008339229923,1958.8733988229735,100.0,1
1874,3.3200073559263145e-07,0.49321532930961137,-0.010550094084379449,-1.5,-34.563027703002994,96.44950156471664,1961.865483928511,100.0,1
1875,2.392672642425236e-07,0.06919972121124604,-0.3169480763092455,-1.5,-21.709355601470744,-25.67616306994378,1964.2511867873482,100.0,1
1876,1.5159319030490979e-07,0.1320812046420571,-0.42452432678253516,-1.5,59.711662044455,149.2926161209198,1957.9477823613663,100.0,1
1877,4.971005191131843e-07,-0.2935849108737436,-0.37436127035392436,-1.5,117.99727939701062,101.49738942487818,1958.3636557751397,100.0,1
1878,8.43584870405886e-08,0.19880965092425493,0.3668528312027075,-1.5,45.434083614287466,35.46212788609979,1963.6933232554545,100.0,1
1879,8.954966810199956e-07,-0.012166594593517764,-0.34226936922370244,-1.5,-56.11556948544422,55.319298253671285,1962.9579986255887,100.0,1
1880,3.0525586872135577e-07,0.24302195651295205,-0.21901207077064191,-1.5,-142.67975260677522,89.20041119818072,1957.3193559315446,100.0,1
1881,6.265987387074003e-07,-0.3073222621452775,0.2653358794538666,-1.5,140.5224531840876,-58.2699905753605,1958.6401748702094,100.0,1
1882,3.56429733698754e-07,0.19896409205355117,0.198902100654794,-1.5,-23.520036169940465,74.64812991160682,1962.9793047470969,100.0,1
1883,9.117171941190257e-08,-0.4024578858341009,0.13522418772423572,-1.5,-22.416785087760136,-154.4438594864159,1958.330377714496,100.0,1
1884,7.394680571248601e-07,0.4263586437658133,-0.2020271193420502,-1.5,-70.11769227791432,-119.26195595813041,1959.6615476547963,100.0,1
1885,5.229714506894461e-07,-0.19635423000709784,-0.38807497777619654,-1.5,-43.64575012935616,78.50055683253173,1962.484648943466,100.0,1
1886,2.7208178057105123e-07,-0.00043016184182722395,0.20963795723656234,-1.5,-73.7456242098719,-95.52446863366188,1960.8288923484079,100.0,1
1887,9.079115132095342e-07,-0.4486759318412902,0.17842454442724845,-1.5,-60.42565380818438,-135.45687466498174,1958.931714413236,100.0,1
1888,7.849328551174017e-07,-0.154368133724548,0.25117552468503884,-1.5,45.33019154727766,-119.20010136743831,1960.3953162141586,100.0,1
1889,3.4654567066111515e-07,0.1379300323043296,0.048885341539798205,-1.5,34.98701664788028,119.54068323608365,1960.586447975111,100.0,1
1890,5.262693963085777e-07,-0.12311933134653665,-0.378026240427746,-1.5,-28.46091090267602,100.46607614820188,1961.7619198975458,100.0,1
1891,5.326190143521719e-07,0.09120130989003838,-0.19794525539146135,-1.5,-113.2620635473157,125.77685257499617,1957.2340622887857,100.0,1
1892,5.851613416887469e-07,-0.30731914984118214,0.2193578140888093,-1.5,-89.89549525841579,134.7113429263022,1957.8521242130028,100.0,1
1893,6.43587646265509e-07,-0.19478066206408062,0.3177876277178786,-1.5,100.37887770633141,-123.54384730383404,1958.0792335781298,100.0,1
1894,2.13385466905575e-07,0.2474209176059163,0.4161575344453319,-1.5,103.99312119577755,-80.33773902509988,1960.1389146431502,100.0,1
1895,3.5648408343353953e-07,0.33522774344761314,-0.33908452274194245,-1.5,27.50086373131356,75.85362985911009,1962.8813554561468,100.0,1
1896,7.926750228206456e-07,-0.05142415136931878,0.3523632076395233,-1.5,-59.57196221222259,-126.27309396340003,1959.5712728362873,100.0,1
1897,2.420375564360318e-07,0.08875829837426767,-0.09036014797948778,-1.5,-91.87239954954596,103.5434014266171,1959.6559678903197,100.0,1
1898,4.4951458791811354e-07,0.29238096243655654,-0.32294898511945996,-1.5,16.582824106989023,158.58356934555752,1958.0575956146924,100.0,1
1899,5.173561445968818e-07,0.19870856049043711,0.0855217286656261,-1.5,-150.37560490248947,-73.92497153736517,1957.379769564287,100.0,1
1900,8.584206073895964e-07,-0.3997615288911033,-0.10498061614191992,-1.5,57.53605572738238,-135.977220898316,1958.9826655573645,100.0,1
1901,6.847036829741788e-07,0.3633692390443461,0.03360318650568207,-1.5,-76.73463177015854,-127.27671032494155,1958.9093193821122,100.0,1
1902,2.4723398636589164e-07,0.4034999880537626,0.2190169924304252,-1.5,31.433789739443515,104.04101823862496,1961.5301857612637,100.0,1
1903,1.0475237740047227e-07,-0.24535790337560676,-0.291476239368195,-1.5,-131.0151769549984,-68.43142156747078,1958.9705077452893,100.0,1
1904,7.711147363276776e-08,0.2940598466895296,0.1189585927006324,-1.5,-80.35613027471669,-126.92986228015329,1958.7866113119483,100.0,1
1905,3.646627317264917e-07,0.4286544576377824,-0.1952978331086229,-1.5,117.06056836571659,91.73959698676323,1958.9012113796687,100.0,1
1906,2.996232006532226e-07,-0.11077485787429128,0.41861511253846734,-1.5,-63.96678924378704,-145.75321525052928,1958.0800638339856,100.0,1
1907,5.319432240300127e-07,-0.0034306828628164906,0.4283520108741397,-1.5,-50.57323836286777,-130.9182538103122,1959.5193402074099,100.0,1
1908,2.5566335892759966e-07,0.03122090735226499,0.19049200189342327,-1.5,143.13784899468183,27.322425433988165,1959.1269299153926,100.0,1
1909,7.645686162251657e-07,-0.45314564891361625,-0.10399066688534753,-1.5,-112.43622624151679,-37.78542123074107,1960.95477847836,100.0,1
1910,1.5242354913023877e-08,-0.19750035364117727,-0.1388275464930119,-1.5,-59.974009755356555,39.47111282073629,1963.2265370233483,100.0,1
1911,1.731418882768558e-07,-0.24899426758938328,0.37184877007346356,-1.5,-50.72176071620395,-146.15844738222975,1958.437718569267,100.0,1
1912,7.019728873866733e-07,0.04377282351939615,0.307568044709816,-1.5,68.65838883054182,-124.95825621728359,1959.358248537633,100.0,1
1913,7.296385136872133e-07,0.00843393549570324,0.2971993280848605,-1.5,98.4455498362284,3.293104262940218,1962.0680200869406,100.0,1
1914,8.069943271433628e-07,0.3162466174430791,0.2678147339993244,-1.5,117.17173227270665,90.19663564904073,1958.9662167428867,100.0,1
1915,4.313834059771083e-07,-0.07149181625512432,0.20165893766941986,-1.5,-135.36013536354562,-53.5409012143447,1959.1386607174209,100.0,1
1916,3.262005132179608e-08,0.15470923556976096,-0.4551633320062696,-1.5,52.6341820536891,-42.21305522063104,1963.3799905047954,100.0,1
1917,7.090990868411699e-07,-0.340169950856093,0.05876043426286752,-1.5,-35.3379797296391,114.72216684378331,1960.8680062384174,100.0,1
1918,4.865772258571853e-07,-0.29307056061290976,-0.015588133304429042,-1.5,-164.1341898898626,37.184746661560844,1957.3171813967826,100.0,1
1919,2.3389364764729565e-07,-0.2558191951809423,-0.18340101652910223,-1.5,-106.36536120016878,-132.29216056436402,1957.191477719056,100.0,1
1920,4.093851038646575e-07,-0.21138523872290713,-0.1219524685487711,-1.5,66.03715057966683,54.65236690560344,1962.667954545818,100.0,1
1921,6.32975738718086e-08,-0.06812656452621645,0.11883412902029161,-1.5,5.24497342793704,-5.94439078800233,1964.5229550040974,100.0,1
1922,7.909310169329602e-07,0.005081707424724665,0.0813522616254359,-1.5,95.26324999361377,-112.43120592647671,1959.0041917772162,100.0,1
1923,2.1908711247318282e-07,-0.25618881318096687,0.04238255478104859,-1.5,50.537732946880695,-155.43323400454344,1957.728207280472,100.0,1
1924,2.6125958173321185e-07,0.20615584862172032,0.04854503424029087,-1.5,33.962402388388995,-160.65285877967537,1957.664552587102,100.0,1
1925,4.955097657982229e-07,0.15705009792128222,-0.23345985257665883,-1.5,-70.68603577761269,143.31871725028452,1958.0287321430985,100.0,1
1926,4.2871893934190835e-07,0.327297454036428,0.030806352963040004,-1.5,-93.00432399447983,109.63182574503465,1959.2713810925407,100.0,1
1927,2.3468160411454448e-07,-0.21000835940317197,0.36187727730306074,-1.5,-20.534548857078914,25.713522632081762,1964.2633309521452,100.0,1
1928,1.4080897304069857e-07,-0.109165897467875,0.3147134478820847,-1.5,34.51354639716983,9.40609383571542,1964.2132335314247,100.0,1
1929,4.0076099012716743e-07,0.2962463876556987,0.017069913846386647,-1.5,-75.32924407672446,84.48435243936396,1961.2753976547663,100.0,1
1930,8.72803831109297e-07,-0.18890561803263656,0.4283636283323871,-1.5,-32.45861096564632,125.1263762613461,1960.2813866391775,100.0,1
1931,1.8181775773437512e-07,-0.2351869569406697,0.23219036841659166,-1.5,-151.3206066671708,59.427109125348586,1957.8007505783153,100.0,1
1932,5.955782788318416e-07,0.07328796794130103,-0.08824006440062326,-1.5,-68.45747878597408,-12.898014144902033,1963.3034663789288,100.0,1
1933,1.2448134198887794e-07,0.20587142234199818,-0.418156113004668,-1.5,-17.72128718731846,12.01917326443262,1964.4222513809486,100.0,1
1934,9.603955574538848e-08,-0.20675404154315663,0.2495720517478925,-1.5,-57.05311633724123,-36.909478572579104,1963.3634198929756,100.0,1
1935,6.678275849908025e-07,-0.09818343631259666,0.21233176424369857,-1.5,-11.034055789619778,-2.381686838560515,1964.5065190644611,100.0,1
1936,2.5314755564468364e-07,-0.32466293619171377,-0.021940502781768637,-1.5,124.3883484553942,41.9679216134587,1960.1478308000437,100.0,1
1937,9.010500401961155e-07,-0.31653275459207403,0.19163502597093968,-1.5,74.04573179476459,-10.14258815946899,1963.1168186775174,100.0,1
1938,7.557381210279407e-07,0.19090461448150714,-0.32953840751527913,-1.5,-27.588666821175746,30.70048356938011,1964.1053006490686,100.0,1
1939,1.198860218390395e-07,0.12312633986736231,0.07499550306460934,-1.5,-33.83672467078435,-125.87948973228895,1960.2098653956477,100.0,1
1940,6.977778104221696e-07,-0.30596219938880304,-0.1873912998534813,-1.5,89.39377983992296,-76.02563458406546,1961.0308873850388,100.0,1
1941,3.9440157768782764e-07,-0.1249545778835241,-0.07905796620456114,-1.5,147.70546753752177,-1.5145590624231757,1958.9778169332342,100.0,1
1942,1.1796797916640718e-07,-0.009798406499976946,0.19971483380792393,-1.5,-136.76101089556536,-102.2651312119549,1957.1028473494068,100.0,1
1943,5.160077772746169e-07,-0.2603148877473082,-0.0934744176145202,-1.5,35.98906276314597,115.3060167908749,1960.8219185125874,100.0,1
1944,4.384466038186798e-07,0.37723829683369037,-0.25052166141598736,-1.5,-131.32304940903495,-68.5582173832748,1958.9454596259875,100.0,1
1945,2.4309563507606604e-07,-0.12498950508426729,-0.4028943917595882,-1.5,40.579748747584446,-45.48439416114243,1963.5930688779456,100.0,1
1946,4.5609023398791885e-08,0.47215348753066727,-0.047439783208513914,-1.5,41.56312083603819,135.14184122379794,1959.444430445309,100.0,1
1947,6.050500714540824e-07,-0.31368028065113096,-0.1994850410171194,-1.5,-9.538158167626085,-25.45841861865213,1964.350828830313,100.0,1
1948,1.9123341227384915e-07,0.4200380214891844,-0.2619609237472957,-1.5,-51.240586590970274,-146.06041976692933,1958.4315260762764,100.0,1
1949,5.299820181126565e-07,0.11146091226179702,0.18244504017369303,-1.5,11.159636668403259,-125.73700790536816,1960.4792663067278,100.0,1
1950,1.9920692811357142e-07,0.1366714685095106,0.39665944075177495,-1.5,8.287931028273304,83.40394448869947,1962.7502078739228,100.0,1
1951,4.645632915491762e-07,0.16983991989830946,0.38544649183529445,-1.5,74.293171076843,-56.37963391251332,1962.3239151264934,100.0,1
1952,5.620282188339905e-07,-0.2591692083404309,0.2853889534999722,-1.5,66.4803020254282,-90.54298855829988,1961.3249661725285,100.0,1
1953,1.1929107348269785e-08,0.3138407935034782,-0.0923754525166617,-1.5,109.98045406801381,124.27870967411292,1957.5168934930964,100.0,1
1954,4.7041185878821334e-07,-0.09861798008391916,0.21065129154461731,-1.5,81.84356769041757,44.61555394024445,1962.3262646768096,100.0,1
1955,3.490195179318239e-07,-0.3417443955815575,0.16824400881805682,-1.5,-38.94690675707984,146.6303105104573,1958.6719931524506,100.0,1
1956,8.719858340938438e-07,-0.03255006403035137,0.36167149770414087,-1.5,102.9659729676672,-100.42336847400637,1959.2668122900686,100.0,1
1957,5.783576916758828e-07,-0.0858487144900309,0.26165595113143253,-1.5,0.5337904362775301,77.35825074359902,1963.0152068631032,100.0,1
1958,2.574024893489715e-07,0.08276077768836154,-0.3344607723396698,-1.5,-11.914104941478737,-159.3201642940313,1958.0317733936029,100.0,1
1959,8.442473382077322e-07,0.12713818599036875,0.19651478548335777,-1.5,-60.51090145333974,-40.1035114239335,1963.1972456793296,100.0,1
1960,2.6202250749778443e-07,-0.27586046658651237,0.06313737981344535,-1.5,112.53000549905207,-80.01724252495195,1959.6804650317913,100.0,1
1961,8.344755105443288e-07,0.24109273742814255,0.4098277549287845,-1.5,3.677741778842407,102.15470839244158,1961.8777168913446,100.0,1
1962,3.4435261405089015e-07,0.031067789528174017,-0.3975475717278894,-1.5,-114.30903917545713,25.42541847638327,1961.0457103097356,100.0,1
1963,1.409249386303983e-07,-0.1862496595460931,-0.09850258001684002,-1.5,-130.13419310572291,51.56219812957284,1959.545793742749,100.0,1
1964,6.029632302535908e-09,-0.08987020519144263,0.033587959142966875,-1.5,135.12214204516857,-92.43946064505114,1957.7053504322116,100.0,1
1965,9.087591224732683e-08,-0.3013911399014855,-0.07215785746650044,-1.5,-36.476320060386634,38.13942788438517,1963.829969315479,100.0,1
1966,5.832599057815529e-07,0.3138080062676523,0.13748207102194057,-1.5,72.65334882047179,86.55907887951312,1961.285879986605,100.0,1
1967,6.085647782667165e-07,-0.17872015560345356,0.25714093305487024,-1.5,-31.708604251926985,-21.29071028725734,1964.1676497534497,100.0,1
1968,6.066883420373259e-07,0.16111719406800537,0.4434122213660812,-1.5,137.86802016538655,-21.543249200397543,1959.576888947126,100.0,1
1969,7.558755585223409e-07,-0.012045115425368996,-0.4227409121711288,-1.5,19.64794844083237,-86.23140740879332,1962.5471685451273,100.0,1
1970,8.987772757653848e-07,-0.03550663442338822,-0.39123040421862093,-1.5,-93.47069070082595,-48.42505041958994,1961.7164756248294,100.0,1
1971,5.099075253779742e-07,0.1987937085356424,-0.38936231954856654,-1.5,132.0110470428434,64.97670256680946,1959.0212857057802,100.0,1
1972,5.16269112085718e-07,-0.20092436761085594,-0.32974112416150736,-1.5,28.56031237844785,-16.42944704230783,1964.2626270671803,100.0,1
1973,8.893992872198056e-07,0.2928333305800082,0.03614569786225485,-1.5,137.9482944601195,-64.45260208346002,1958.6294739961274,100.0,1
1974,7.96561579053899e-07,-0.20598834452115006,-0.22428651727231422,-1.5,-70.84584802152708,22.778133561327287,1963.1289587583656,100.0,1
1975,8.657406869477496e-07,-0.029319383005939035,0.016707385829757945,-1.5,-0.6633422185376889,133.85768025704095,1959.973205857528,100.0,1
1976,4.4860807421960906e-07,-0.15415705006235614,0.09279966448833207,-1.5,4.285819307175688,-94.80127927291399,1962.2455594209448,100.0,1
1977,1.0809672641174928e-07,0.15011645862126705,0.1204781185941386,-1.5,-127.04684538271778,69.79546232708704,1959.1837531949318,100.0,1
1978,4.7500789105332934e-07,-0.4965703649832512,-0.035974063232470155,-1.5,23.07279779042869,-101.3237694117068,1961.7885783183815,100.0,1
1979,1.2500296187956218e-07,0.20491696118648667,0.13478169971226817,-1.5,-163.32894795749314,46.08217942844979,1957.1952824806096,100.0,1
1980,8.476751525230593e-07,-0.36175922935654825,-0.11051245038585737,-1.5,114.93098153477298,85.7450295594658,1959.2988403139097,100.0,1
1981,3.584716996772713e-08,-0.1187063060421725,-0.16234930602259953,-1.5,72.25698235378954,75.49051797527792,1961.7577313376592,100.0,1
1982,1.4335504170805868e-07,-0.1988281315356663,0.3351020443960034,-1.5,49.580256369440605,-130.9691707564572,1959.5413138680792,100.0,1
1983,7.493395728916068e-07,0.17373550875560187,-0.11015956612340447,-1.5,-50.24710523648633,-110.70688095918975,1960.773444636012,100.0,1
1984,5.180641061474438e-07,0.05616161260085755,0.04220079747964171,-1.5,71.32679754263964,13.946856247585258,1963.1941471538805,100.0,1
1985,8.841262113051031e-07,0.05022397863317608,-0.33966233568864074,-1.5,108.53143550189837,-27.900930321158892,1961.3402947630589,100.0,1
1986,3.7929352800029476e-07,0.12072258455678145,-0.404471813121678,-1.5,9.399326088546994,-146.88910463289253,1959.0172357269753,100.0,1
1987,6.426777242255232e-07,0.2198542482855617,0.3887020742346576,-1.5,115.16279852484399,-68.7617908201005,1959.954752596414,100.0,1
1988,6.136888152770696e-07,0.11383933079918498,0.049739415407667124,-1.5,101.47868982201173,-10.334482642394168,1961.8890285249706,100.0,1
1989,8.830536926551852e-07,-0.3493691851385638,-0.11639761584454739,-1.5,-95.7094659884142,-86.44468543657236,1960.3010740052448,100.0,1
1990,5.473554716755644e-07,0.47655055433667454,-0.04568905461501029,-1.5,162.59319971499295,15.037484304925718,1957.7412014202364,100.0,1
1991,1.463247717781846e-07,-0.1407825276152258,0.29495320158745514,-1.5,0.7459526336782574,104.75758300719362,1961.7437596748691,100.0,1
1992,8.031781733252714e-07,-0.25263029486516586,0.10252527167008466,-1.5,120.60348295792343,14.757997300061998,1960.7779802109776,100.0,1
1993,7.59027489299545e-07,0.11558921226951369,0.02773487826830858,-1.5,-32.59285971084857,-38.71961678242192,1963.8869068859904,100.0,1
1994,8.500482426474486e-07,-0.2324909684142896,-0.015457532755041288,-1.5,94.50482323118834,121.26278549801647,1958.5140953042526,100.0,1
1995,1.0156202965750826e-09,0.16321980853161563,-0.0129507256201116,-1.5,-61.45798602268078,110.74422168935547,1960.4519681906481,100.0,1
1996,2.1103718965569697e-08,-0.30199783827092647,-0.308224942344762,-1.5,-36.10133021221474,-26.793979507159936,1964.0244557757446,100.0,1
1997,2.7611619089671033e-07,-0.33048002022792355,0.07990959437371095,-1.5,-19.71889331864721,97.1912239459182,1962.0342294415543,100.0,1
1998,2.8147608883424995e-07,0.056490261799411086,0.35538026609686557,-1.5,-65.66312124379523,134.45440468715864,1958.8322168666912,100.0,1
1999,7.815657391172209e-07,0.4956190739057094,0.04385121293451792,-1.5,156.96962235734824,-44.384365667548025,1957.7547987445753,100.0,1
2000,5.612165253784493e-07,0.19991683474503455,-0.40796696838196206,-1.5,81.1303714501788,-84.29106014200565,1961.052310948034,100.0,1
2001,3.664823754504025e-07,-0.44475080083289753,0.16738637750509883,-1.5,74.21802649754403,16.531332778729237,1963.0669081428427,100.0,1
2002,5.555178834028799e-07,0.3367242105748405,0.21605410291608462,-1.5,41.641915140996126,-75.60591317183741,1962.6418376930044,100.0,1
2003,6.561075785220579e-07,-0.39791354434199067,0.07193053108726633,-1.5,-106.55018085172782,33.37876825662035,1961.3633531439978,100.0,1
2004,8.104831773553584e-07,-0.23274194276486412,0.1333128948222423,-1.5,90.31078398635212,24.18516694871519,1962.3130041513675,100.0,1
2005,4.4124984157365917e-07,0.1862363638607277,-0.23142327232159776,-1.5,25.04047270199732,-97.89023983258714,1961.9387762971887,100.0,1
2006,4.3235341420202506e-07,-0.21378464165039704,-0.35507188971480313,-1.5,92.55619155912044,24.386084626659784,1962.2058904576716,100.0,1
2007,3.1449294911839113e-07,0.06852039733489872,0.2158775548183042,-1.5,-21.702514269600005,119.56189389062908,1960.77720322065,100.0,1
2008,9.014463761115111e-07,-0.28524767670373324,-0.08184376806479408,-1.5,97.70981340654848,137.34425953349177,1957.2947230816787,100.0,1
2009,7.378462225404814e-07,0.12403352374550497,0.23491338009649743,-1.5,-4.264839854704315,-91.89812669203751,1962.3837116419509,100.0,1
2010,4.5503197535481287e-07,0.07517143270855643,-0.14039496449377856,-1.5,-108.58246899916549,-14.921867896722784,1961.4791539933963,100.0,1
2011,7.017573472056451e-07,0.44931856190546066,0.07658545063689867,-1.5,-26.351643951976207,-82.38950044188695,1962.6336508233258,100.0,1
2012,9.7029214449363e-08,0.38330345759558687,0.10527415846910439,-1.5,90.84592534419562,-63.55782815227512,1961.4078379049713,100.0,1
2013,8.246904649070743e-07,-0.04972377374631118,-0.24729876085839028,-1.5,-96.60786137296495,73.34467671859841,1960.7908521267937,100.0,1
2014,5.250924273982507e-07,-0.3595110173054985,0.031446001577737366,-1.5,-168.63307365447483,25.504491085195244,1957.121788154856,100.0,1
2015,4.737212339659489e-07,0.00537674540869407,0.03606295546322029,-1.5,-62.486640822083544,2.5760793102762594,1963.5432436797237,100.0,1
2016,8.772803515800613e-07,-0.2256040515765875,0.2583918830951525,-1.5,-114.30169518326603,-110.21735470921803,1958.1114737075786,100.0,1
2017,9.021773315361346e-07,-0.024297006083641447,0.45877579930825313,-1.5,147.86399692936317,73.50777505855743,1957.586813319947,100.0,1
2018,2.8907727428038337e-07,0.12337034901624395,-0.1395343346608018,-1.5,60.518922271421125,22.303156357476524,1963.47989944632,100.0,1
2019,5.648207286486873e-07,0.20258819954428287,-0.37942133490784063,-1.5,45.76889530333646,-158.05360031142433,1957.6357051089562,100.0,1
2020,2.3398469609006218e-07,-0.16137749452488176,0.3368223354004877,-1.5,-86.05538783971791,-137.850699913778,1957.8061551193389,100.0,1
2021,3.193487443291651e-08,-0.2971647583928325,0.06397643626516415,-1.5,-11.991245138474804,-170.23620557466964,1957.1124471061185,100.0,1
2022,3.022148630697226e-07,-0.38479907874943103,0.06322036739610705,-1.5,64.82425419335344,-141.5292448282861,1958.3617069358618,100.0,1
2023,8.898898069544552e-07,-0.08521972522854486,-0.23143168589075652,-1.5,47.36252502630247,-101.5056332778395,1961.3430816412842,100.0,1
2024,4.3952051198067834e-07,0.18368421316251998,-0.32507077625139363,-1.5,76.35675698511655,37.60207090607793,1962.6943257146338,100.0,1
2025,7.712855606056034e-07,-0.23763618190589855,-0.40668502630782105,-1.5,102.21506548589697,-60.031870415051976,1960.959342053862,100.0,1
2026,8.121196182434742e-07,0.1390810888107053,-0.014037138571300893,-1.5,-52.55184025468978,56.03979771147414,1963.036202270461,100.0,1
2027,3.455094856157922e-07,-0.3509574492271439,-0.1078482889784716,-1.5,27.483556532776657,51.92183785832834,1963.6603736745963,100.0,1
2028,7.266175948334329e-07,0.355503690343227,0.032017444598219154,-1.5,-93.43760122930435,-33.908586099797574,1962.0226575479085,100.0,1
2029,3.1141212066830023e-07,-0.03151878317997886,0.2570875129010796,-1.5,-43.17400530986366,104.51016860723992,1961.2819573404843,100.0,1
2030,8.599032532269517e-07,-0.06938567127793904,-0.19471420553411317,-1.5,-10.037881167140418,166.53421735164974,1957.4419229338273,100.0,1
2031,3.756438595944376e-07,0.15267721946441556,0.048804451490846536,-1.5,88.02885503901514,131.30912458134114,1958.168052223387,100.0,1
2032,2.180406556705362e-08,0.2806887710857258,-0.32840744699044516,-1.5,120.65006031558026,8.239957981842831,1960.81333948554,100.0,1
2033,8.036840076026214e-07,0.014478733283478573,0.4563818615426885,-1.5,-30.060685643854946,153.37656024628154,1958.3118424326017,100.0,1
2034,3.459175819162668e-07,0.16641130025773557,0.2439392771070967,-1.5,38.59700910829887,11.839561216326683,1964.124074987176,100.0,1
2035,7.165294220458608e-07,0.41932497135925406,-0.2550753254620627,-1.5,112.64837497259376,52.872601610424546,1960.5938176687976,100.0,1
2036,8.994203324113155e-07,-0.3773974513382379,0.19817769004022923,-1.5,89.73893839572807,24.37010266481957,1962.3369505000524,100.0,1
2037,6.955772748993128e-07,0.2464733106072758,-0.06804240575321936,-1.5,115.551561371683,104.5957178548893,1958.3464603427856,100.0,1
2038,2.6785368833498426e-07,-0.11939659994545808,-0.008676069217012352,-1.5,-21.172158280995585,-35.14817985613916,1964.1103918651456,100.0,1
2039,5.612636877470658e-07,0.436786734276017,0.11599484751414832,-1.5,-38.59463487446401,-130.36893990368665,1959.8284822742594,100.0,1
2040,8.644402358515129e-07,-0.1007245311133348,0.2910282459791808,-1.5,153.33066448689107,-37.25173944648297,1958.1918449177422,100.0,1
2041,4.791126113730599e-07,-0.33148356854439875,0.046338425142103006,-1.5,132.29850206941637,106.65238419660204,1957.1754294292325,100.0,1
2042,7.310433793857258e-07,0.10287818855926804,-0.295083781252335,-1.5,67.86971357706044,17.06891442783149,1963.2920415479084,100.0,1
2043,7.682928731466939e-07,-0.22157709326026084,0.15760179537004704,-1.5,-28.18938917492762,142.45969213040226,1959.16407702933,100.0,1
2044,1.3459132675193466e-08,-0.05347289942737476,0.046189913745808296,-1.5,-59.445142449340594,73.42709116582056,1962.2660430197113,100.0,1
2045,7.050073690760857e-07,-0.01852436102566443,0.2909928748124301,-1.5,-15.052398576501462,-149.5165722718368,1958.7831697713011,100.0,1
2046,1.6477583108266616e-08,0.23481308130969472,0.41198713034196854,-1.5,-137.06092359461482,-1.2284849690757131,1959.7515353519188,100.0,1
2047,2.634435244850719e-07,0.19552456693925402,0.41174776698032606,-1.5,51.289856841295716,-50.05773740580994,1963.231229319955,100.0,1
2048,3.085099627178675e-07,-0.13669936561079216,-0.2923723419048094,-1.5,-32.08312214698337,22.022271857766142,1964.1535019141595,100.0,1
2049,8.533685571628005e-07,-0.1020912097108886,-0.19896810680014554,-1.5,-116.44348611370951,-81.63384658306944,1959.3851372050033,100.0,1
2050,2.8855143208646997e-07,-0.08409739963136234,0.01534640972570232,-1.5,-113.22971595064325,39.76612844191256,1960.8699530363072,100.0,1
2051,5.774399921586222e-07,-0.0471815023932411,-0.22623808700422815,-1.5,-114.74552641419538,-103.79079212915099,1958.436678042786,100.0,1
2052,7.19252995292634e-07,-0.015039245951912366,-0.33261967235312323,-1.5,-30.07454081184445,-3.9050443493497307,1964.304853857903,100.0,1
2053,7.836577797994141e-07,0.4487149068975602,-0.09874595421147105,-1.5,76.59179278432889,-139.4416871459642,1958.0865658673267,100.0,1
2054,7.176082037077907e-07,-0.07921835256244791,-0.18804604102231548,-1.5,-154.66596780093866,-31.891174396610463,1958.1814720975008,100.0,1
2055,6.61020345119207e-08,0.4320228846148614,0.05659876163149183,-1.5,0.8997187825489908,-44.449856265583435,1964.0358161322345,100.0,1
2056,2.8730642381341425e-07,0.28223929776798395,-0.3361090289408251,-1.5,115.10894293139008,27.574855644010757,1960.9698735216614,100.0,1
2057,3.9437270097295515e-07,0.2002423079976054,0.1683916603046581,-1.5,-73.17291587575978,43.78944801573741,1962.6873145997677,100.0,1
2058,7.215523723639438e-07,0.2942215273728879,-0.3406425832482373,-1.5,-144.00459658583657,-83.05823335191137,1957.4926033834051,100.0,1
2059,6.083149243256072e-07,-0.07107940150312413,0.40278866542822045,-1.5,158.29732071732036,64.67878777732261,1957.08249671073,100.0,1
2060,2.8737841226585466e-07,-0.2452836781665005,-0.13623218847507992,-1.5,102.40453788619232,-63.958964144499056,1960.8252976213892,100.0,1
2061,7.024929771554564e-07,-0.24180965526060433,-0.3708801675273967,-1.5,-86.26011537987561,102.05716474527976,1959.9889831029502,100.0,1
2062,5.04785732245817e-07,-0.05034127971284727,-0.2929711726961147,-1.5,-70.30534817290666,149.54773000845188,1957.5765427522206,100.0,1
2063,1.3467564191645328e-07,0.09960071335438558,0.325871253636379,-1.5,24.11740656772141,28.50451976531293,1964.1840874316051,100.0,1
2064,1.2498931273175523e-08,-0.13711995166993943,0.41244290990877125,-1.5,-2.113659822130855,59.77786253452341,1963.6281282002178,100.0,1
2065,2.514697916060432e-07,-0.11670632243640675,0.42591232330681283,-1.5,-134.3643463598442,-85.50528907425041,1958.0726120942888,100.0,1
2066,2.399098999480943e-07,-0.08373100145580215,-0.38875125708637165,-1.5,-133.02815582789478,97.35786230512684,1957.6103398456335,100.0,1
2067,7.001336465398059e-07,-0.37642990613944993,0.12467352012236789,-1.5,87.68887639154481,-115.56268831791785,1959.1756461052837,100.0,1
2068,2.619374729812208e-08,0.19797311006546903,-0.38206310961261264,-1.5,129.01109055886684,-83.70980055837566,1958.510172061769,100.0,1
2069,5.040374314418846e-07,0.33584254288683824,-0.17815131959819439,-1.5,-41.17679367944182,-110.10821413708048,1961.0185973386267,100.0,1
2070,1.6536819304827713e-07,-0.09212309839280283,-0.18962011381478916,-1.5,-56.66817780477964,36.86101434582192,1963.3754784838825,100.0,1
2071,2.2895913519949917e-07,-0.1685661710784236,0.2770347317876191,-1.5,-101.13890390643041,-15.89472007609307,1961.8694060146918,100.0,1
2072,2.0164397674394758e-07,-0.4005065848105979,0.10584022923791166,-1.5,37.893435612943826,137.2466907414032,1959.3725321347426,100.0,1
2073,1.3258801348044367e-07,-0.22061646920549324,-0.11606327156959256,-1.5,0.5866838457689061,-64.90044263425693,1963.4665453259126,100.0,1
2074,5.083997761637892e-07,-0.3181589988271532,0.09146801855310462,-1.5,159.9519401167618,33.15217600768008,1957.7358341576553,100.0,1
2075,5.534586233161527e-07,0.0027683813242447885,-0.25568391444512933,-1.5,-61.2771891207208,74.93146724550307,1962.1528145320462,100.0,1
2076,2.823712813389122e-07,0.015121361795450912,-0.1802043651933123,-1.5,122.8380078275291,-90.88247661723261,1958.5873699028627,100.0,1
2077,6.108606321358556e-07,-0.15990272197506702,0.32401344697198087,-1.5,-64.36673548871242,-102.52717799088384,1960.805545535274,100.0,1
2078,3.7567511543043366e-07,-0.1951668565743926,-0.11886842671169619,-1.5,123.72383064728075,-76.11419375273444,1959.1611290308579,100.0,1
2079,7.690188713835172e-07,0.21450901754979587,0.11474144410500309,-1.5,-60.4418569711706,-7.047106124661581,1963.596294172322,100.0,1
2080,3.3736945207943965e-07,0.05232106458706557,-0.2637124092608854,-1.5,83.00554616275619,49.824776082887844,1962.1520984013048,100.0,1
2081,8.878502234825663e-07,-0.4604042472272381,-0.06899919249895098,-1.5,-141.60954873228036,-75.41938440281314,1957.9764907756864,100.0,1
2082,3.911304808370599e-07,0.15491608842792948,-0.460005729977976,-1.5,-149.7216053469169,-65.58600225231324,1957.7270502976232,100.0,1
2083,4.47991640974846e-08,-0.23236303127445593,0.19396354883282582,-1.5,-58.76063304478412,71.22590768112576,1962.3677902843053,100.0,1
2084,4.4297875448796276e-07,0.3286518391314098,-0.2572743265235042,-1.5,-15.584587189359368,73.85821150171263,1963.0882230562224,100.0,1
2085,4.0563459505282024e-07,-0.29678572307693074,0.2094180109063257,-1.5,-48.8152190381415,-22.336700591366075,1963.805344850421,100.0,1
2086,3.4914498225689655e-07,0.2509031898702042,-0.37006873125406353,-1.5,1.2641347845155455,35.079725691664414,1964.2253183061193,100.0,1
2087,6.198074413635723e-07,-0.05364839248274007,0.09628438658828552,-1.5,-92.57058634991468,-103.45560858357966,1959.6277477780227,100.0,1
2088,6.309075955962243e-07,-0.19680479049924024,-0.39855764930754933,-1.5,167.77587287029385,7.337237527684059,1957.3478760031915,100.0,1
2089,8.066665592662953e-07,0.35204181644293936,0.027910313236704558,-1.5,-159.90473633499153,-15.984761009019067,1957.955119245396,100.0,1
2090,8.031181490528304e-07,-0.22687265797429632,0.24747993844408317,-1.5,96.76122878826602,65.06901964607908,1961.0753615177093,100.0,1
2091,3.3749482352525525e-07,-0.2861530479495348,-0.05976350245590119,-1.5,-146.26033256382516,6.367394782513518,1959.0764808113374,100.0,1
2092,2.5617057718312373e-07,0.05491833489493832,-0.2780064602017918,-1.5,-22.84686440035101,-76.23511198974255,1962.9262631981658,100.0,1
2093,1.0632038138460475e-07,0.30252607974132056,0.07118881583248787,-1.5,10.224556831774201,-82.16534697173616,1962.7933157774762,100.0,1
2094,2.1190290440316535e-07,-0.35750286028199413,0.24164202707185262,-1.5,-151.93474251436214,-71.84374159853827,1957.3368634643216,100.0,1
2095,7.770916026708309e-07,0.24659030389623637,0.1263283452236642,-1.5,-129.95543143232794,22.927716857607926,1960.1018320248227,100.0,1
2096,7.084162559848975e-08,0.2641583224525751,-0.3440731463653537,-1.5,-14.15433343449824,-73.97845956260964,1963.0945287051002,100.0,1
2097,2.689959540186094e-07,0.1783248683684635,0.3735857542885969,-1.5,59.64711077070136,157.29117791913677,1957.3234259548547,100.0,1
2098,1.5827929192564383e-08,0.3437130014027058,-0.19784566541132984,-1.5,143.9796961858627,-45.492337522668784,1958.727541180519,100.0,1
2099,3.0833403157595103e-07,-0.11426581011748514,0.3523236867741659,-1.5,74.49843780250279,-136.64255157232088,1958.3646448327552,100.0,1
2100,1.1058618916186031e-07,0.3927922325752937,0.11286698071301121,-1.5,69.88858908797646,113.49246567891721,1960.0123294549815,100.0,1
2101,7.392970858879642e-07,-0.05463892162607799,-0.4385744536609516,-1.5,126.9849495424176,-41.14442088443277,1959.9987871133812,100.0,1
2102,4.4344184354700395e-07,-0.06251589910225376,-0.026208130216523108,-1.5,-43.105730654122695,68.22657450216074,1962.8806170479668,100.0,1
2103,5.259865826693223e-07,0.16844749676780785,0.046546679576716564,-1.5,-113.55047679124951,118.71969227735404,1957.6580932716984,100.0,1
2104,4.290790804317312e-07,0.06656344980378215,0.14245204180502674,-1.5,-25.221391141791102,-26.63592942314502,1964.196450195033,100.0,1
2105,3.010751706938343e-07,0.18767376569967845,-0.12484196840738596,-1.5,95.3167501765982,-54.609303391901896,1961.4652246177995,100.0,1
2106,2.5956431955681545e-07,0.020911749969688073,0.3321885680991691,-1.5,-124.54610447347905,15.870706344512307,1960.522806500026,100.0,1
2107,8.932364570454272e-07,-0.1587063575775767,-0.4545713317663895,-1.5,-47.14045654930649,-76.765902651864,1962.4724354274376,100.0,1
2108,6.818640715176314e-07,0.1639256585636198,-0.020542886420405772,-1.5,-119.54961773532688,110.12537934024381,1957.8032526254103,100.0,1
2109,1.8417887159322445e-07,-0.2524605877445118,0.32196431096079803,-1.5,-84.18107362435002,26.68634144921054,1962.5531005019047,100.0,1
2110,3.1583773658922994e-07,-0.12672276010213804,-0.11325990450439724,-1.5,-166.11257468374367,-12.887233388414636,1957.4610642395064,100.0,1
2111,6.221039698824123e-07,0.1363743420144252,-0.10037779323812054,-1.5,-110.20173527578379,-72.09485721147671,1960.1201992153424,100.0,1
2112,5.086075716845226e-07,-0.04797654813731104,0.33337262900651354,-1.5,17.151253387930023,123.54055014348127,1960.5756433363138,100.0,1
2113,2.7945159638190026e-07,-0.11731058006817154,0.06684576902582981,-1.5,73.40758820273766,104.85009488583408,1960.3650348500964,100.0,1
2114,6.323180953375189e-07,-0.12626583689665005,0.07248632226710937,-1.5,-48.809887944685606,64.15466698856663,1962.8843725009745,100.0,1
2115,6.182668497227872e-07,-0.14971106602345935,0.4410819065511713,-1.5,51.80936256195225,44.76487109656673,1963.3454058144644,100.0,1
2116,3.0334717077095826e-08,-0.31148450517574516,0.37270115152788935,-1.5,-107.96831789772706,0.1294875073777109,1961.5698080439176,100.0,1
2117,7.66762278645208e-07,-0.036991070469614216,0.06413230108139877,-1.5,2.5144714324408466,108.0063862489391,1961.5661049857565,100.0,1
2118,4.564812784489007e-07,0.40380621150208285,-0.005238660261252189,-1.5,45.72321215156378,123.2465636083392,1960.1359541356844,100.0,1
2119,8.149368263818123e-07,-0.1859108059014441,0.009224933944274968,-1.5,77.75217517044487,-129.99703096410371,1958.6905466313237,100.0,1
2120,4.972613054781108e-07,0.38988307857537163,0.13634565224038753,-1.5,-92.06322165405811,88.67683457478061,1960.3760018156222,100.0,1
2121,6.791215469307464e-07,0.06690376087819064,-0.01654313779585063,-1.5,2.7687295060406685,-163.96974242685738,1957.6821866614416,100.0,1
2122,3.424154092308632e-07,-0.2059653682056516,-0.23249176702837357,-1.5,104.73914013602125,82.7642941218233,1959.9982322461963,100.0,1
2123,7.581036130961905e-07,0.11102046473548773,-0.23899901562656567,-1.5,41.59425774528582,101.18338800811516,1961.490536806117,100.0,1
2124,2.567181778859271e-07,0.08601672631663314,0.16775443003876866,-1.5,-44.03814582344483,19.244727518400946,1963.9510096846375,100.0,1
2125,4.186895353363521e-07,-0.37784243505310433,0.19979038420926812,-1.5,-114.08967170770366,-9.87296951724523,1961.1984493030457,100.0,1
2126,7.358535487070478e-07,-0.0356440680817791,-0.08459723553387774,-1.5,50.57031511991567,22.699513668907162,1963.756772508754,100.0,1
2127,1.347473985567265e-07,0.21671558495553658,-0.20687273998563618,-1.5,72.09644302945327,60.74280013852481,1962.275643583226,100.0,1
2128,7.909065094056338e-07,0.04257921388133625,0.1515284870784079,-1.5,-56.11603363511664,-144.67550332857687,1958.4006933648222,100.0,1
2129,8.825279422833889e-07,-0.0985262173141416,-0.3952815344771582,-1.5,101.34976685041639,-111.00520778093438,1958.7800680196358,100.0,1
2130,7.982108430725192e-07,-0.0906227419648272,-0.23614288543478015,-1.5,-70.35046209863417,60.304015669643434,1962.3525484588022,100.0,1
2131,4.862248489132659e-07,-0.2910847184128167,0.1550618076881241,-1.5,18.151901465618053,50.474456184324566,1963.8065393546815,100.0,1
2132,5.302331909445533e-07,0.44044725748139407,-0.02808704548390628,-1.5,68.62597454799769,50.602539762897116,1962.6877349321296,100.0,1
2133,1.207082320506274e-07,0.08210377954832235,0.36036970270375285,-1.5,68.52647480934873,56.346269371030566,1962.534714710622,100.0,1
2134,3.5110845663335325e-07,0.25955450465199237,0.1295162430703626,-1.5,80.93664524116676,53.98191476598067,1962.1285632194022,100.0,1
2135,8.215495516565001e-07,-0.14979345733306998,-0.4235191266714948,-1.5,-58.9564396765106,-12.82000050060668,1963.6122509482277,100.0,1
2136,3.31683559345459e-07,-0.04588103662763407,-0.22881379394381596,-1.5,35.510947006175094,-127.39547089050163,1960.082307686451,100.0,1
2137,3.8589716084175747e-07,0.11525254737780859,-0.4490925250234503,-1.5,88.1107157095394,-37.082435243618086,1962.211680996647,100.0,1
2138,5.48038430921224e-07,-0.30767448069049963,-0.06531271828600134,-1.5,51.03925269078354,-122.22257778134659,1960.068856553611,100.0,1
2139,1.4894778929373257e-07,0.2148324968917725,-0.3294192286897361,-1.5,110.02900577723987,118.51385391231554,1957.871643030935,100.0,1
2140,1.1748576695878254e-07,-0.0377488583322305,-0.49471118773882405,-1.5,13.984134336112124,159.14230632584946,1958.0325473776707,100.0,1
2141,7.730209888777732e-07,0.2074881867463693,-0.10971037092046731,-1.5,-99.65084293530622,61.333821538648046,1961.0510340386045,100.0,1
2142,3.2465598619720737e-07,-0.09014831560220271,-0.3220153364210457,-1.5,169.36447261650935,16.565808293254776,1957.1547040735063,100.0,1
2143,4.844640466444845e-07,-0.34327426344652046,0.10931283866612106,-1.5,-120.02195444859538,66.90914080632359,1959.727323785896,100.0,1
2144,4.15193055280345e-07,-0.05933251071155509,0.03672832815534798,-1.5,100.50007272016055,88.87951618065416,1959.9524109663648,100.0,1
2145,4.186860263432588e-07,-0.43269266225656056,-0.18411460250236775,-1.5,153.52900924286442,2.6080123217973843,1958.528868273012,100.0,1
2146,6.463613631845307e-07,0.02110507521142595,0.4098692574002937,-1.5,-101.6852162959623,34.97845870666834,1961.593716975939,100.0,1
2147,6.045950279690982e-07,0.06152109241907851,0.21508312025973347,-1.5,-38.08955731609945,-130.9980694326958,1959.796412307794,100.0,1
2148,4.895802931349396e-07,-0.15449058909931251,-0.11244584157354583,-1.5,-54.612472604077404,-109.79152005532791,1960.7081848725325,100.0,1
2149,4.2928919154727924e-07,-0.4335928188536248,0.10000052095023833,-1.5,54.67842115019008,-101.7029947139286,1961.142538775005,100.0,1
2150,2.9338163468514255e-07,0.06206560743424553,0.18351749888119714,-1.5,-14.35760768053237,7.793976799054697,1964.4710227675741,100.0,1
2151,4.5394771211600574e-07,0.13889322607703866,0.40517364441934905,-1.5,121.18925732712499,-45.423055521826875,1960.2712047575692,100.0,1
2152,5.701856186759676e-07,-0.2522884283264525,-0.1547236486123626,-1.5,-94.18325680288307,-32.734321530580914,1962.0069481523417,100.0,1
2153,4.670072982426625e-07,-0.040824514464841956,-0.09966018240460764,-1.5,-111.51907069815749,-46.44703128024683,1960.821117904946,100.0,1
2154,7.574677901499531e-07,0.22690435574426018,0.1842484460101167,-1.5,11.61917761284159,-96.87541958617844,1962.1145313303539,100.0,1
2155,4.919406786890408e-07,-0.06030088230643005,0.2989644182929271,-1.5,7.323761598252922,-29.28413950710649,1964.3070248704787,100.0,1
2156,3.8420185164584283e-07,0.05858584194786181,-0.18358688910135362,-1.5,48.640607205004464,-64.67680272881262,1962.8714396989014,100.0,1
2157,5.550587244351136e-07,-0.19861988333651853,0.30866075296347883,-1.5,69.59505988791938,-36.30346970158832,1962.9701658438303,100.0,1
2158,2.785701007887327e-07,0.07471893925640644,-0.1070861636967998,-1.5,-36.11496299971344,30.214136125782996,1963.9745674758196,100.0,1
2159,3.309623013540613e-07,0.1683538411892321,-0.4532471929948913,-1.5,52.528297104972374,95.1239383717223,1961.53141718863,100.0,1
2160,1.8724338334686393e-08,0.24149532179639563,-0.37071430225006125,-1.5,44.22166768680783,18.190278100902344,1963.9569354127245,100.0,1
2161,6.333797057328955e-07,0.1724499157922015,-0.19948084459877408,-1.5,-142.02445051183722,-17.087760743265562,1959.3239523253226,100.0,1
2162,5.407181965352191e-07,-0.20791252416932146,0.30710137510671875,-1.5,73.96502019060345,-98.18848487067136,1960.689032838491,100.0,1
2163,1.7285099035223855e-07,-0.2097325784897378,0.19530191691847726,-1.5,-165.74857256688549,-32.47444947673669,1957.2649557710254,100.0,1
2164,5.95018498700549e-07,-0.4876543102134517,0.009002224225368772,-1.5,-47.4640537241478,-147.8747630969211,1958.3905392717847,100.0,1
2165,4.338983906658503e-07,-0.45489566690104366,0.19674375499423857,-1.5,-2.324397022786041,86.48810695422256,1962.632846662892,100.0,1
2166,2.0677990747304456e-07,-0.4476537973856095,0.1991858565835769,-1.5,-110.46624021037842,66.22796514895946,1960.3123099833206,100.0,1
2167,8.817610969121949e-07,-0.198973889458131,0.2990890587203623,-1.5,-89.64149744978869,-82.37973355122256,1960.7629300099286,100.0,1
2168,5.117498940741799e-07,-0.11783281435171561,0.1944627516776494,-1.5,-125.90258846466938,-112.87293271740255,1957.2484577957393,100.0,1
2169,8.772415419370815e-07,-0.16787845255612546,0.3737177723695678,-1.5,-58.44703329349209,-82.65011162503478,1961.9292009687022,100.0,1
2170,8.01319684249143e-07,-0.20383371886674115,-0.3202067230537712,-1.5,142.33205644899073,-78.47073297722719,1957.8041822509088,100.0,1
2171,4.07405947241417e-07,0.004148226659421265,-0.08739945771366464,-1.5,133.22291894457783,-19.747735605499262,1959.9170816829148,100.0,1
2172,4.716049530606598e-07,0.054911616397910035,0.15073263543370796,-1.5,75.04592642160283,-6.235430593973293,1963.0951364106027,100.0,1
2173,4.959408076139997e-08,-0.26357384750810353,0.1973481349171868,-1.5,-61.62087104078029,-31.081669605477938,1963.3262806606656,100.0,1
2174,8.40118078514739e-08,-0.33705628899810064,-0.2757367911838131,-1.5,-41.57122590060132,-83.81951826957918,1962.3097125072557,100.0,1
2175,4.5466987834037866e-09,-0.09716994954349902,-0.05969336272393609,-1.5,-123.62406235000901,16.144082374009443,1960.578931356377,100.0,1
2176,7.32547077466974e-07,0.15503454763646615,-0.4678438907081771,-1.5,42.650658968457634,-36.96620416064128,1963.7280125581651,100.0,1
2177,8.694695085478043e-07,0.44986096123631875,-0.10011506923034773,-1.5,-134.5576883675255,51.01967304349323,1959.2612147771042,100.0,1
2178,4.43466981460376e-08,-0.042335155562654644,0.4791103790494988,-1.5,-33.20955703496448,75.29087049937927,1962.814738177579,100.0,1
2179,1.1800738868181933e-07,-0.32693386070056035,0.13853430142415624,-1.5,-31.243219482652915,-129.32797937897627,1960.02842358274,100.0,1
2180,2.6657370282098803e-07,-0.26215623509806024,-0.08941241663820294,-1.5,-56.0659097131821,44.48535123673764,1963.2348187518244,100.0,1
2181,3.852809740437446e-07,-0.08884122464902038,-0.2023234498103494,-1.5,25.081557902727987,112.22521544175993,1961.170493031739,100.0,1
2182,3.669957158526572e-08,-0.36278011354773004,0.15585529131315715,-1.5,133.98887296234062,-20.831533127755115,1959.853646427702,100.0,1
2183,9.010960174847235e-07,-0.18843890903486968,-0.2642466369110131,-1.5,74.54037405027837,-53.526327113277496,1962.3944433289496,100.0,1
2184,3.4686642358309185e-07,-0.035475410600794725,-0.05833791992537742,-1.5,-7.384635774133938,-35.59144801742881,1964.2026377766215,100.0,1
2185,1.4346528956502882e-07,0.16439003871500973,-0.2175361546519664,-1.5,-88.06421412291833,18.957328501988783,1962.4725730957648,100.0,1
2186,6.537539975297717e-07,0.19493565790098216,-0.2047447640058964,-1.5,-37.829863361763614,133.47787897589873,1959.6341096052233,100.0,1
2187,3.248255802040333e-07,0.26526273278586365,0.05568196151984505,-1.5,-143.63922354073222,-86.07480055392446,1957.3891254516434,100.0,1
2188,8.47872092506371e-07,0.3490415265501151,0.1896787238700853,-1.5,158.0597647452876,44.88632322281228,1957.6556426047796,100.0,1
2189,4.644174723310989e-07,0.30646948754134606,0.2790662832345736,-1.5,-143.5493865426724,65.14142975741605,1958.2041400269056,100.0,1
2190,4.595835792063795e-07,-0.0003705014088203755,0.3163315800313121,-1.5,-96.24620257372158,-85.27132141740722,1960.3261862506452,100.0,1
2191,2.0622589164446066e-07,-0.29671067285465486,0.3266441502563299,-1.5,-154.8913829353812,-69.25185867496378,1957.1985402172563,100.0,1
2192,2.719777915269152e-07,0.42043658318543115,-0.11416960124156633,-1.5,-19.988484001272553,-100.46396026196341,1961.8666467071469,100.0,1
2193,6.196589194478825e-07,0.1487128844722593,-0.30807814596363203,-1.5,4.791115189892563,-34.73897647773016,1964.2259378683116,100.0,1
2194,6.66435907384081e-07,-0.4121784391210765,0.11667175539588391,-1.5,-154.12451292533208,57.30563478926019,1957.6452653642489,100.0,1
2195,8.67333443396396e-07,0.07412519369505921,-0.12016787664456467,-1.5,135.63743203391147,7.596373824002585,1959.836235097745,100.0,1
2196,8.752629844303781e-07,-0.24559438375104142,-0.39550771268888163,-1.5,119.45470598899506,-102.64431976280152,1958.2155149787895,100.0,1
2197,2.5587913842727797e-07,0.019049549791591635,0.1396398579330603,-1.5,85.68044309138946,-131.8912414938861,1958.233093468445,100.0,1
2198,4.958354610467863e-07,0.24813355983467153,-0.08771710849844787,-1.5,-98.27197211659502,12.02922921263864,1962.042609987611,100.0,1
2199,7.219353674492295e-07,-0.32200186382259754,-0.02099128993512784,-1.5,-42.384628500101066,-100.87596626821161,1961.489451657208,100.0,1
2200,5.520462426086269e-07,-0.40978567077315714,0.1706131873367988,-1.5,42.01734770280282,43.99936445704632,1963.5966705730402,100.0,1
2201,5.536000914570972e-07,0.3064069228346351,0.049796231420326624,-1.5,26.523872186125406,81.22817009848791,1962.6797382285365,100.0,1
2202,6.541593823767264e-07,-0.38393667464955744,0.2680927311062785,-1.5,53.093623088975235,-60.68247637448358,1962.883590668198,100.0,1
2203,2.567840942175792e-07,0.44041346369401113,0.0119565356528772,-1.5,155.28234020014756,-28.682132154858127,1958.182324601861,100.0,1
2204,8.548776917320532e-07,-0.13899598888934858,-0.012076848225664549,-1.5,92.54515225216922,65.55533757482893,1961.2626491054696,100.0,1
2205,7.643167960971135e-07,0.05001358495294634,0.3582968797881161,-1.5,166.05514746533004,19.44943167872327,1957.4117333544757,100.0,1
2206,7.037460004660965e-07,0.3923067392810375,-0.010458498444198874,-1.5,28.590817768310824,-36.74614802305452,1963.9871618752854,100.0,1
2207,7.760681286538284e-07,-0.3149203607726793,0.22535608503044477,-1.5,17.932523853732658,57.237856451554364,1963.6230642980331,100.0,1
2208,9.010413946897591e-08,-0.23727079477819776,-0.348643647483202,-1.5,37.299558828539006,-79.87013220362017,1962.560264338169,100.0,1
2209,8.239964257299937e-07,0.22995276869063727,-0.3061286329609879,-1.5,-35.35353122840012,-4.401734950090609,1964.215883966231,100.0,1
2210,6.593830748180356e-07,0.003262780088171264,-0.05615085979441499,-1.5,-93.15889664581901,-129.032073400938,1958.0820795553284,100.0,1
2211,4.966769209495486e-07,-0.34520629680307374,-0.18587221816821875,-1.5,73.26693451616079,-50.21909623124995,1962.5298175942328,100.0,1
2212,7.548657874228916e-07,0.2095444361185107,0.13013395668700306,-1.5,38.93109968989996,125.7603958699532,1960.1229498614873,100.0,1
2213,9.078689170555766e-07,0.11273635276724675,0.4149679835908229,-1.5,16.218740560395272,-109.28384226144964,1961.4299071191253,100.0,1
2214,8.184106512479406e-07,-0.17558762974355702,-0.19894630948508432,-1.5,-153.43925720555941,-18.515203204779816,1958.450118809418,100.0,1
2215,7.735095969461099e-07,0.12796788888493454,-0.4741639110135059,-1.5,-82.5820507888366,-101.72539380890612,1960.1646449745144,100.0,1
2216,5.468064416035683e-07,0.1949409953131938,0.0996858184477995,-1.5,112.67114237864251,-4.608320604767554,1961.2998912258233,100.0,1
2217,9.46224562312818e-08,-0.2876907550226478,0.2529735651633323,-1.5,53.28657821432903,-21.397238538743885,1963.6995658784608,100.0,1
2218,5.761344267092477e-07,-0.08052383271887836,-0.2347082894315888,-1.5,-82.1603663322265,27.623302941182253,1962.6257701367588,100.0,1
2219,5.719141565108945e-07,-0.1861150407906868,-0.41562321626322113,-1.5,-65.86316644110067,16.287171219996846,1963.3670206118197,100.0,1
2220,3.273948921308786e-07,0.35196413217498584,0.15851109691349766,-1.5,114.96032702716393,59.57447411634927,1960.267403062577,100.0,1
2221,4.5625260858301157e-07,0.05151648073020904,0.10448789145803353,-1.5,53.28439067155207,35.39821142433285,1963.4971419904973,100.0,1
2222,4.00949247075579e-07,0.051530017231309254,0.4740047748128112,-1.5,-17.053792056722145,-42.31948989515773,1964.009041531538,100.0,1
2223,5.270438354285605e-07,0.1724794620438195,-0.3212805196356289,-1.5,-34.93867388757845,-101.4926381489212,1961.604399397259,100.0,1
2224,7.365043699980791e-08,0.32296819208807703,-0.14024508908987202,-1.5,33.07510715053851,-66.59799615166091,1963.1311801460683,100.0,1
2225,7.802982466612034e-07,-0.2864381443261316,-0.08787988031933579,-1.5,138.65071068998944,-62.3006796319912,1958.6495071882268,100.0,1
2226,3.6270172424469675e-07,0.3660863263337881,0.1388874066463848,-1.5,-128.14295474877486,109.26584417278893,1957.3077542153642,100.0,1
2227,4.7344211830455836e-07,0.13572786853814564,0.4299961487384913,-1.5,152.05961353246892,29.518040574849735,1958.422795383854,100.0,1
2228,1.5676267677600654e-07,-0.050635804256058396,-0.0837251211232003,-1.5,-114.18384095537824,15.660682848680187,1961.155292102979,100.0,1
2229,5.767159968276557e-07,0.25306857081308315,0.15974956388296488,-1.5,157.4865874171945,-43.23437518708768,1957.7390147443043,100.0,1
2230,4.7549738623755e-07,0.18420444132298627,-0.33127365007970705,-1.5,-34.98408110880008,40.55121148569766,1963.8087991406258,100.0,1
2231,7.47852496206419e-07,-0.03300430856355085,0.47220474508793425,-1.5,-2.535090472652894,162.4350209167293,1957.8104411720274,100.0,1
2232,6.581805642489596e-07,0.15772832323000022,0.11645067680162728,-1.5,-19.223324005980043,130.48731658556375,1960.106326271764,100.0,1
2233,6.811894507974902e-07,-0.35390628811258246,-0.09670439393807903,-1.5,-50.8665183354107,14.271068213776283,1963.8284599706265,100.0,1
2234,6.909145359536432e-07,-0.1479500629965127,0.034189707735194586,-1.5,88.47679673563182,-129.10524846444557,1958.2944052221735,100.0,1
2235,3.4220598540806806e-07,0.002565770269526853,0.3763628765195415,-1.5,120.75321520550051,-109.94156155236065,1957.7397172063231,100.0,1
2236,4.233139213037873e-07,-0.33512513525921056,0.1551326826760792,-1.5,-41.448698759497894,19.83499007562097,1964.0014930763102,100.0,1
2237,8.445309927953303e-07,0.11362893652552503,0.2176714820144647,-1.5,-121.74551911714993,36.99023804959009,1960.4139963614984,100.0,1
2238,2.745510870695398e-07,0.23269584342354177,-0.3029705588965012,-1.5,-31.290248321628738,126.44417246208569,1960.2158243102926,100.0,1
2239,4.198878656270027e-07,0.3279021165597085,-0.19589097332532548,-1.5,5.606985020645401,25.097471653252267,1964.370628191565,100.0,1
2240,4.904230007503184e-07,0.1074726061764508,0.031325661633437016,-1.5,108.07491441731197,-129.918475035161,1957.2568275482806,100.0,1
2241,6.061782587430282e-07,0.1921920373030533,-0.39543372346768724,-1.5,97.94937832487906,-40.93519213021264,1961.6685539604196,100.0,1
2242,3.0746805281823596e-07,-0.22641376889506015,-0.3911345380493379,-1.5,97.29383808502682,132.87068520742173,1957.6242173484998,100.0,1
2243,7.762693725011927e-07,-0.23264650194873346,0.11190605156840763,-1.5,11.748759212093786,169.0600424521628,1957.215868260111,100.0,1
2244,1.6239733531218942e-07,-0.35631889770860536,-0.05480446898843049,-1.5,-1.863183580376429,52.670736903968006,1963.8318686402536,100.0,1
2245,4.867128695277053e-07,-0.16659706496738397,-0.0997698306627791,-1.5,97.40805534570552,59.5265083158432,1961.2194043063164,100.0,1
2246,4.507128735267151e-07,0.056656869250416575,0.2827752709718559,-1.5,52.72447554574858,-74.5161069812553,1962.4170723230357,100.0,1
2247,4.804886543857185e-10,-0.18670277120559275,-0.33820487965904544,-1.5,-55.32688445979048,-91.38881108871854,1961.6320519735334,100.0,1
2248,7.729759180613098e-07,0.16880198284567607,0.33245878719892596,-1.5,-93.19160371743664,16.829673696157148,1962.2551753902917,100.0,1
2249,1.5577727348157787e-07,0.03946630318572532,-0.09730827617419056,-1.5,-111.19839648331445,5.789592569429115,1961.3808104250309,100.0,1
2250,9.027893701944483e-07,-0.2701359788002466,0.39856374634382424,-1.5,4.360854019375635,86.1012200733196,1962.646389220493,100.0,1
2251,1.5081268560420711e-07,-0.43637268457915335,-0.003262410120981562,-1.5,88.04892411037804,20.68323196986295,1962.4558280747153,100.0,1
2252,6.778881207452498e-07,0.00956822654322114,0.02093566839040694,-1.5,-6.058942513096709,13.7958869117674,1964.4811653426643,100.0,1
2253,5.048325343597221e-07,0.14152185556743546,0.36998266824164194,-1.5,-52.78637747020228,-8.76749665241822,1963.8100762604704,100.0,1
2254,8.284225196091231e-07,-0.24892413214566217,-0.0903001763297844,-1.5,-23.93542950457421,-21.368306622590428,1964.2769094383423,100.0,1
2255,5.379547823680915e-07,0.05769879440833751,-0.3248244154903104,-1.5,-83.21601776809389,-66.17111651023681,1961.6599511619593,100.0,1
2256,2.767240899747445e-07,-0.1309168011530791,-0.37162116146741814,-1.5,-117.7710860735575,32.72337533986475,1960.7326279372087,100.0,1
2257,9.060453013627075e-07,-0.16775693780236017,0.4636218540618166,-1.5,-30.302151780045854,-68.92305079156725,1963.0956876660937,100.0,1
2258,3.0408203029347517e-07,0.18012710348177835,0.006469707452053395,-1.5,-10.740829694843221,147.6995242983063,1958.949405004032,100.0,1
2259,6.456600578068708e-08,-0.037275896849052616,0.26367287348221036,-1.5,-149.80446300381197,-78.98076906330961,1957.2260848579654,100.0,1
2260,4.409795007410852e-07,-0.04697991432076614,0.216570166479679,-1.5,137.90933423698215,78.98992517552377,1958.0998170464163,100.0,1
2261,1.8992251472998727e-07,-0.15778263403836026,-0.25918655688132913,-1.5,-8.119974317307944,39.5907233659726,1964.1231954504728,100.0,1
2262,1.2821779138543292e-07,0.29791740385243953,0.038076443693211934,-1.5,-14.375357157062679,-75.60846426182435,1963.0308187862734,100.0,1
2263,8.021661442990706e-07,0.4047176885045524,0.10820777259239589,-1.5,-53.955452356067916,28.881016233416744,1963.5854914743356,100.0,1
2264,8.36258213407629e-07,0.40136506436044045,0.09333368987468778,-1.5,148.77975778193343,72.55655176151438,1957.552915437271,100.0,1
2265,2.9521479870936065e-07,-0.04750532079498882,0.2567686789236505,-1.5,-76.74242741955734,82.2196450584127,1961.3168576408948,100.0,1
2266,4.141008163024305e-07,-0.28663496416872297,0.1965569232327685,-1.5,-89.90229600088408,-5.210532925613074,1962.4738759500804,100.0,1
2267,1.4054942092744383e-07,0.3791370839095937,-0.2358778780503223,-1.5,-127.9775775335574,-102.18652602594578,1957.7009321685277,100.0,1
2268,8.130869666683988e-07,0.3680518353591911,-0.11165165144653916,-1.5,54.986687622306235,-7.41101680336285,1963.755287015263,100.0,1
2269,1.1586983037812511e-07,0.011863937718305807,0.2613312306948928,-1.5,3.6554285920825205,-104.32319928252082,1961.7636438162979,100.0,1
2270,6.051827735944018e-07,-0.32536688561432126,-0.2148951133017832,-1.5,57.21034327474711,51.75332742438709,1963.0236514084645,100.0,1
2271,6.251537456922623e-07,0.2944978815479155,0.19272186621758428,-1.5,-1.1958527426864922,95.10803915332971,1962.2350310527936,100.0,1
2272,7.576334898617491e-08,-0.3080077888017771,-0.12793217153558847,-1.5,36.457369265701686,-114.59006401026035,1960.8552378292693,100.0,1
2273,6.400562997985378e-07,-0.14456340513406202,0.17879770630517058,-1.5,-7.612268878251428,61.188052046358244,1963.571073813074,100.0,1
2274,4.505395519239073e-07,0.22986473935763588,-0.19647461853198145,-1.5,-64.60430555722021,156.3307687904921,1957.2430254567198,100.0,1
2275,5.2532626261980135e-08,-0.06841954550162194,-0.35604386895780726,-1.5,50.144309259092196,-134.3340593370675,1959.2991591426473,100.0,1
2276,3.0245554998248296e-07,0.14181925284847643,0.3468172146018617,-1.5,-75.47806842294949,69.42503665766998,1961.8604720362641,100.0,1
2277,7.543746465925733e-07,-0.1401833937902737,0.32133800516762634,-1.5,-98.00977271443715,-4.970035064957537,1962.086305306178,100.0,1
2278,4.552334425017039e-07,0.16836534894229432,0.05262396066182218,-1.5,-149.97135337082,-63.452725892318924,1957.7782384660143,100.0,1
2279,8.893394252983441e-07,-0.1513929414327555,-0.41145890918940664,-1.5,-107.9883511559553,-123.399592741016,1957.683412299369,100.0,1
2280,6.25318587613761e-07,-0.37440018247382334,0.18359071940265548,-1.5,63.16168911171839,4.574970589252799,1963.5180052494536,100.0,1
2281,7.265491657347253e-07,0.392762328620835,0.02770943348446807,-1.5,-17.461131727779982,13.278440894811919,1964.4164726840181,100.0,1
2282,4.4462857016970695e-07,0.06860769852123572,0.04283419668605335,-1.5,91.95301637540615,-96.96514185142162,1959.9886964753978,100.0,1
2283,6.02131986481577e-07,-0.2726640859385409,0.38632165537527036,-1.5,-122.24773089041001,-98.30887463168163,1958.265595808426,100.0,1
2284,3.189468854022963e-07,0.1802910384260352,-0.4432650937355305,-1.5,99.21537447591447,106.74287656951394,1959.1262220784552,100.0,1
2285,6.41464817390141e-07,0.48029107374376445,-0.08521465633763939,-1.5,-156.24895837914724,-60.94616263254948,1957.3668829659732,100.0,1
2286,6.204262064091198e-07,0.3044393410409739,-0.21409327016441346,-1.5,-119.4433529159939,-4.445195326829764,1960.8994905269426,100.0,1
2287,3.160106269523203e-07,-0.2363379640120159,-0.07603010893776933,-1.5,91.2918851143613,-98.52284207212332,1959.9419194375198,100.0,1
2288,3.8857381808789047e-08,0.25581439690050267,0.15446744597080994,-1.5,-67.05612072509983,-98.34483884071501,1960.9296406584367,100.0,1
2289,1.5259906151710074e-07,-0.3985762690206107,-0.03418222517783383,-1.5,24.429842830507255,157.83934785704906,1958.0355485316065,100.0,1
2290,9.154838360266971e-09,-0.1564439080898746,-0.4687237732444789,-1.5,-91.01265983559836,110.21120955224403,1959.3324044951669,100.0,1
2291,3.564292736942031e-07,-0.2573264286294537,-0.1880763326931196,-1.5,-150.71450139051814,63.4087255331142,1957.722594971771,100.0,1
2292,5.742174963093307e-07,0.1890389529763824,-0.043528721389138346,-1.5,162.56506317988652,-41.48516396366373,1957.361710995277,100.0,1
2293,4.4770948576021706e-08,0.11522299941727941,-0.475714067482019,-1.5,82.26785192168487,-63.03092937837699,1961.803351191964,100.0,1
2294,5.977971348089764e-07,-0.3742282239738476,0.09897060451621958,-1.5,-60.21266347535187,25.246413813959915,1963.4536765640462,100.0,1
2295,6.975235584691666e-07,-0.19371127998462534,0.4524686320493372,-1.5,129.52881845842214,87.2328578722076,1958.3222410937235,100.0,1
2296,6.031049099317671e-07,-0.16778367317609286,-0.367566193754625,-1.5,23.843204885844646,134.8651761966489,1959.7592127851701,100.0,1
2297,6.907063189547049e-07,-0.33913328136976584,-0.056970701488660416,-1.5,37.05792040900913,-139.47911965052322,1959.2308623494594,100.0,1
2298,1.6724330129718907e-07,-0.03802535570207811,0.42963771810944884,-1.5,-87.21570355322505,52.87446373484515,1961.8896499050602,100.0,1
2299,7.709465346938371e-07,0.4231746248905398,-0.049681102710775464,-1.5,60.92966301931555,49.09588070691471,1962.9799940213593,100.0,1
2300,7.653664119576179e-07,0.2582498684881245,0.1330767461007918,-1.5,-136.93291240889494,11.590219285443325,1959.7265958756248,100.0,1
2301,5.889912243984688e-08,-0.30704919359406213,0.14184693014862215,-1.5,129.65596999153686,31.658964189258135,1960.0000830862605,100.0,1
2302,6.035071710017509e-07,0.2439906149981573,-0.4306514055126134,-1.5,-17.329254522599605,43.131500883819136,1963.9889655584452,100.0,1
2303,4.837151503365847e-07,-0.2786906245253978,0.3375842516712454,-1.5,97.86850830272937,97.45089451152477,1959.6781277821196,100.0,1
2304,3.966389626312499e-07,-0.23951927618836155,0.35032144045547237,-1.5,54.95957163928814,33.6066674080908,1963.482448013498,100.0,1
2305,1.469723183251029e-07,0.07889913889487764,-0.18051494742699253,-1.5,-131.33092034483198,-89.74824439491516,1958.0885394321526,100.0,1
2306,3.020144413710293e-07,0.15459668688020028,0.3457423620712696,-1.5,-56.2812898795322,-95.57625840554036,1961.4053333018203,100.0,1
2307,7.102096528274222e-07,-0.21625902724788126,-0.2609268693390093,-1.5,-38.99519902387666,117.72988043956073,1960.6203956836994,100.0,1
2308,2.4899924313864434e-07,-0.4401672997449005,-0.030946182858548592,-1.5,-143.28420824540922,-29.131208688713045,1959.0901701080409,100.0,1
2309,5.702265945290866e-07,-0.2569905504306947,0.0021996411199772673,-1.5,-17.842641353889515,-9.232079355715399,1964.4362283175337,100.0,1
2310,8.723458817575322e-07,-0.4426543482567096,-0.1990201025651691,-1.5,-8.648539640885371,-166.47794445266393,1957.4533412163435,100.0,1
2311,4.2456153663433916e-07,0.09066150113510303,0.1580005003570057,-1.5,70.74120367220118,127.23977040447637,1959.1373124915353,100.0,1
2312,2.780115226218186e-07,0.27724718054576813,-0.08071031963121332,-1.5,105.931422005425,40.97179797684983,1961.2529494862674,100.0,1
2313,5.853136650626593e-07,0.3428591379373779,-0.32938378371731314,-1.5,-22.446224963248188,-48.07856616509636,1963.822269128889,100.0,1
2314,8.978505629449419e-07,-0.07247181369008857,0.3618241265158196,-1.5,135.7393421480742,42.879330261505515,1959.3747676990392,100.0,1
2315,2.3331263454850846e-07,-0.2834186052490747,-0.35581150067045025,-1.5,-140.3436468276635,-92.83738724650587,1957.3191274267172,100.0,1
2316,2.084705836463142e-07,-0.32678088856883597,0.2577433137955416,-1.5,7.141587532029459,33.7236789706019,1964.2364922458653,100.0,1
2317,4.494786652765888e-07,0.2019036650347067,-0.1593898108431986,-1.5,-71.8502854137172,-149.60366977044802,1957.516172281423,100.0,1
2318,4.721219284377608e-07,0.11230576801742291,0.02895931244878851,-1.5,-142.18430544670315,-5.5950286338858595,1959.3788825046972,100.0,1
2319,4.844725522774031e-07,-0.46147543494689924,-0.03244369633739217,-1.5,18.40172173929508,-40.50252530663226,1964.0351851092043,100.0,1
2320,3.097169853478309e-08,-0.04567835604567435,-0.021219776196593713,-1.5,0.6641418951526687,143.665780092742,1959.2786909503247,100.0,1
2321,2.6557922591634827e-07,0.11379205895914964,0.39558330619145665,-1.5,-58.9670490107893,-61.361036045227806,1962.6948302404394,100.0,1
2322,7.902264497635363e-07,-0.06377364398821496,-0.19395706732478854,-1.5,-15.391081615076121,-89.93211026284513,1962.419072577649,100.0,1
2323,3.001471288569434e-07,-0.3136572764092955,0.028956970927345765,-1.5,-106.06016057553612,75.31829632967923,1960.2274569148392,100.0,1
2324,1.9964773576371882e-07,0.02408419367498832,-0.15601119094773516,-1.5,49.70742100553383,-126.96883513143494,1959.8013607170692,100.0,1
2325,4.2401626566833156e-08,-0.2302098746258695,0.18276318892544366,-1.5,-38.36430999267884,-49.00244964546819,1963.5529597934608,100.0,1
2326,9.070162902267889e-08,-0.15605434221060868,-0.4310025161636599,-1.5,53.057013027128185,93.63701523007761,1961.5887308540423,100.0,1
2327,4.287625373072925e-07,-0.2858558461239436,-0.36724920802422334,-1.5,82.65205225380038,-9.108744562202409,1962.7783765104166,100.0,1
2328,8.758507019714765e-07,0.1282114228079435,-0.2862117620376473,-1.5,105.01864233516756,-64.4977377148227,1960.6693787729432,100.0,1
2329,5.224609257500834e-07,-0.24801549239159676,-0.2776258829518986,-1.5,-46.626321446038865,99.14452205667476,1961.4814901397096,100.0,1
2330,2.3816476537681495e-07,-0.45779014008134944,-0.017079152912504558,-1.5,51.70526223263125,-86.68216428182305,1961.9444575519983,100.0,1
2331,8.9050449364634e-08,0.1961615714655892,-0.3197387214601496,-1.5,-139.2883225903662,-26.826243503801642,1959.4112386417426,100.0,1
2332,1.5472368555052133e-07,0.3888917088241067,0.0798619961635973,-1.5,-95.01732897732194,-139.68080587826498,1957.2619308435305,100.0,1
2333,8.098727181995256e-07,0.21466192266700004,0.1481529655055322,-1.5,-135.77817450968234,16.772245512051718,1959.7694418919366,100.0,1
2334,3.781639632509951e-07,0.3136942474001039,0.1582290421120367,-1.5,-8.964232200714395,-98.75807715296031,1962.0345998489,100.0,1
2335,2.432896831359728e-07,0.09402471119238151,-0.12952171508228214,-1.5,44.753419621931506,-9.494129155202346,1964.0061810518466,100.0,1
2336,8.581600702041073e-07,0.3090629045256631,-0.04883043904559632,-1.5,0.11125089744088568,3.0400395847866357,1964.5365947339062,100.0,1
2337,4.256861564727875e-07,0.07520123192966525,-0.29669949143512403,-1.5,-72.26805820977212,97.39660643452095,1960.7918081947812,100.0,1
2338,7.535278863399734e-08,-0.10601620635205486,0.4883639139175697,-1.5,59.41422847301723,62.67846940923556,1962.6397135474465,100.0,1
2339,6.922016222252763e-07,0.39124643668187875,-0.2170849647445834,-1.5,-3.61695089561108,-44.559264363957084,1964.0302125710014,100.0,1
2340,4.419603983728621e-07,-0.3876182633547704,-0.0958554826644508,-1.5,115.08132715704419,18.96254616187148,1961.0736845536844,100.0,1
2341,4.833712286092144e-07,0.4386807799262681,0.08708786279249363,-1.5,115.8449755155422,36.41234988347434,1960.7823358776716,100.0,1
2342,5.773417795489748e-07,-0.040184385585779574,-0.01849417109547062,-1.5,91.79232298988637,-104.32537621486533,1959.618246389811,100.0,1
2343,6.298174420234413e-08,-0.11027364788950131,0.22079919308074145,-1.5,-72.91215818323279,125.4795367087367,1959.1712506370022,100.0,1
2344,3.393192460372416e-07,0.06153425182933864,-0.08450545854449613,-1.5,3.592865180273989,-37.590911174049786,1964.175985237329,100.0,1
2345,7.458044911514081e-07,0.31695985127808024,-0.342054664170585,-1.5,82.04763460504437,94.23130442680252,1960.5616371815174,100.0,1
2346,7.33455015718274e-07,-0.1365238557469249,0.3851204433819063,-1.5,-83.3441708745401,-107.446092838378,1959.8271282388998,100.0,1
2347,2.8601263192264215e-07,0.21630394076918125,-0.13141413442825087,-1.5,-111.67066254280465,24.59672289710093,1961.2082884324411,100.0,1
2348,3.871369846768076e-07,0.06365922483638417,-0.36761841328067174,-1.5,-21.22659496896653,135.2721367119966,1959.7612525411164,100.0,1
2349,7.1764109480124e-07,0.28369707860626125,0.28963213781261465,-1.5,-20.786970484764765,99.44661046663181,1961.9101813770412,100.0,1
2350,8.241429391011376e-07,-0.13127058849851322,-0.14755006055173836,-1.5,-30.002798421099317,-52.173912466455235,1963.616816288498,100.0,1
2351,6.575612647366521e-07,0.1115764356337484,-0.3400675477642946,-1.5,153.8806661443018,-44.53527943191467,1957.9965872644004,100.0,1
2352,5.5739341503559175e-08,0.33890821012199823,0.24189534720233724,-1.5,-40.66337130763543,-162.6333530187799,1957.3732829958362,100.0,1
2353,7.368118002176307e-07,-0.1282018051648446,0.4395139703224896,-1.5,-94.15347425133842,-26.815151929072538,1962.0982027359269,100.0,1
2354,4.6530476905903635e-07,0.3602485636603397,-0.09346006011542889,-1.5,-40.66194549133283,-79.84221186739067,1962.494614937609,100.0,1
2355,5.295827534359438e-07,0.3577975949963728,0.12991555497374618,-1.5,-45.48662304433234,145.47597814827483,1958.6171124474422,100.0,1
2356,5.709067643496112e-07,0.34332476888407915,0.35231601915425337,-1.5,-87.55690055841765,-56.23833108144306,1961.7809066121295,100.0,1
2357,4.855411754071194e-07,-0.08869503306139406,0.015878289892349125,-1.5,-22.831323669005904,-4.854713603750857,1964.4002771027797,100.0,1
2358,8.815967590974956e-08,-0.059022763273307674,-0.18454273336391644,-1.5,108.78799975401463,70.17574371676469,1960.2688138032117,100.0,1
2359,7.909179707727505e-07,0.11486742979301984,-0.02897739315178112,-1.5,55.6634887981973,-105.82810933246535,1960.8965484074013,100.0,1
2360,8.12623275473412e-08,0.30291512961199607,0.3345655991019427,-1.5,-119.69608042807052,-59.28255774204615,1959.9927839009636,100.0,1
2361,4.2919240746702696e-07,-0.09078592189138515,-0.47522248776325876,-1.5,56.88915423913923,-5.1818905606266625,1963.708241670922,100.0,1
2362,1.7389453233134394e-07,-0.30479709612554595,0.16512218074223153,-1.5,-27.278074798474353,118.89033885025454,1960.7483979923309,100.0,1
2363,3.1659977393905973e-07,0.3130513575031377,0.38076079115410694,-1.5,79.1590301214112,-94.47336856484391,1960.6687422531068,100.0,1
2364,1.5959743064447444e-07,-0.08916941835320359,-0.118885373446996,-1.5,123.88102133953306,-91.97695239466552,1958.470581613672,100.0,1
2365,5.948214561781796e-07,0.21593769408983293,-0.2786587290978339,-1.5,114.97592268780377,102.2968744665227,1958.5017674085975,100.0,1
2366,4.7069256882039184e-07,-0.37858335829968465,0.02722034936098733,-1.5,-7.804343681963499,127.79574752632067,1960.3623709406415,100.0,1
2367,7.119726865164618e-07,0.33212034086981385,0.27749189266925817,-1.5,-52.69313382361643,-37.08047448525626,1963.4820494025216,100.0,1
2368,5.645355217696349e-09,0.22026587125621402,-0.2113839219117561,-1.5,104.71278261664479,-23.71851795851059,1961.6029035787703,100.0,1
2369,1.2973251761021123e-07,-0.3973236756732754,-0.148735861002035,-1.5,141.4348886648692,81.42507069607532,1957.7485580116324,100.0,1
2370,7.125285284392489e-07,-0.11222885159579982,-0.1302222719270898,-1.5,96.17293806800446,-23.71649881367288,1962.0401575741307,100.0,1
2371,3.545633619137169e-07,-0.1080667126287641,0.2503057306682713,-1.5,68.33906799418409,-33.279241362215636,1963.0678923934784,100.0,1
2372,6.738331696683751e-07,-0.39919960868736154,0.1991211086956337,-1.5,92.44962259581679,-6.6747484765530025,1962.3510902182609,100.0,1
2373,8.285555147535608e-07,0.13586780784165478,-0.2623970189870758,-1.5,60.95097775256387,96.65359610317745,1961.2129784746637,100.0,1
2374,1.9908767878553154e-07,-0.02162971724784052,0.28879039370075454,-1.5,-94.32381108766201,60.452341732009266,1961.3418415225701,100.0,1
2375,7.973547792413062e-07,0.21730489392541433,-0.2570405599785555,-1.5,-50.8342878576595,-3.292137498686468,1963.8783881072743,100.0,1
2376,9.8362136172831e-08,0.42906623467807786,0.14462100251069113,-1.5,-42.001360191252786,-143.65223753030253,1958.8295501806056,100.0,1
2377,5.607398878987958e-07,-0.2937270142144802,-0.036337234523055144,-1.5,-38.162248748415976,10.176386073346032,1964.141891565648,100.0,1
2378,3.549704052991959e-07,-0.3972463675738253,-0.2995775374257859,-1.5,-45.664061290945135,93.49548858805912,1961.7815050066683,100.0,1
2379,2.0471191797194265e-07,-0.17822963301480088,0.10917956189990495,-1.5,40.152807358310085,72.0150490873594,1962.8079047712038,100.0,1
2380,3.5444361184134185e-07,-0.4596558118318966,-0.026871922744116695,-1.5,-47.03869244339121,88.46837092265953,1961.9821597113562,100.0,1
2381,5.00945271655794e-07,-0.4824074326923865,0.12147403021934199,-1.5,-23.595919029660934,114.62071978974659,1961.0503842242701,100.0,1
2382,5.619957307841022e-07,-0.24249799579003214,-0.38170016017468744,-1.5,-34.45085746358102,-157.69929814329407,1957.8961555841688,100.0,1
2383,1.398920475460742e-08,0.07373337646962329,0.11369154289341192,-1.5,-156.67800604772066,-20.80542977078567,1958.17068274936,100.0,1
2384,3.931938197222884e-07,-0.006223516886755896,0.13107866651464098,-1.5,11.4300129959263,75.94260246866222,1963.0372798801684,100.0,1
2385,8.428889834715336e-07,-0.3126879654435388,-0.2673601366090859,-1.5,-139.6207507893426,-10.159664334189374,1959.5448740551385,100.0,1
2386,2.824307641789533e-07,-0.12514913902456995,0.1349261106567145,-1.5,-31.719258627358446,-43.22244090421252,1963.8072704571962,100.0,1
2387,1.3633344864626853e-07,0.31037420423459006,0.21566226600107488,-1.5,-75.37152851382595,107.80398349143982,1960.1302814096307,100.0,1
2388,9.030857680858021e-07,-0.4375469847697067,0.20117584848339387,-1.5,21.912659142921093,143.6013963178492,1959.1609838425686,100.0,1
2389,6.592815184547713e-07,0.026024796458136625,-0.35866977748131346,-1.5,11.434992873933979,33.41749821285785,1964.2214228587616,100.0,1
2390,5.6216182816704e-07,0.06917625408126209,0.06896931772559194,-1.5,41.89200629492003,106.64532665948418,1961.1948195873886,100.0,1
2391,7.334820045486328e-07,-0.1876897110302745,-0.017688505941803576,-1.5,13.378875242700477,161.39071229707568,1957.8527344893982,100.0,1
2392,4.845646682520058e-07,-0.4086281948351211,0.14759901495820457,-1.5,-26.3144721389418,103.12935513302679,1961.653682720787,100.0,1
2393,2.0209437392179206e-07,0.03126783271882641,-0.48045015459675244,-1.5,25.125491724350283,-111.55069398202546,1961.2084128424162,100.0,1
2394,5.619635940742019e-07,0.27667080619247275,-0.2383044065280133,-1.5,-3.326758834161628,150.75271125221266,1958.743433681884,100.0,1
2395,7.714077677732891e-08,0.008724293426203926,-0.31375320490899866,-1.5,81.06475832657081,107.57439769323315,1959.9156972136643,100.0,1
2396,1.7905751867430073e-07,-0.11115390013994905,0.020293965239841245,-1.5,100.5517510120499,100.52946071892053,1959.3867558912673,100.0,1
2397,5.266068680225755e-07,-0.21459757499368412,0.11904493104930475,-1.5,-82.76511198933196,88.73981538983445,1960.7877161151594,100.0,1
2398,5.547447552027058e-07,-0.044040033673735664,-0.18803125256755435,-1.5,134.3931151324512,86.5099944641791,1958.0265058800749,100.0,1
2399,8.088649847753078e-08,-0.36055893542505923,-0.17625206973735602,-1.5,113.4203651042399,20.932375815766893,1961.150413070976,100.0,1
2400,1.726694603014147e-07,0.3116312358759003,-0.19116896123853053,-1.5,-49.80153071853629,93.03424726320348,1961.7027610319537,100.0,1
2401,7.654890039883941e-07,0.25988238344206377,-0.10208552307027582,-1.5,28.92341206183284,-84.66611741704872,1962.5005403979778,100.0,1
2402,6.988679583600308e-07,-0.18587742259075596,-0.1953435781249316,-1.5,-3.382029462269717,-144.87750971890355,1959.1866565798412,100.0,1
2403,3.837989774780569e-08,-0.0788141287362579,0.19759717956797251,-1.5,-79.46359656409973,-137.87167124108439,1958.0833039879635,100.0,1
2404,9.927112324894576e-08,0.053063623305936385,0.21050779294659688,-1.5,24.34275506656995,-155.34940783104605,1958.2357564982933,100.0,1
2405,7.925089340634991e-07,-0.2645907410213362,-0.0916148678018135,-1.5,143.85580101040628,63.464174314563806,1958.2367306738877,100.0,1
2406,1.634467094250908e-08,-0.1609758766363577,-0.2600650233412642,-1.5,23.515407773688917,-24.514847208776704,1964.2452326860052,100.0,1
2407,8.374617090518991e-07,-0.30279932894190703,0.1851045520245907,-1.5,65.28990168869908,79.25768939906634,1961.8533925027966,100.0,1
2408,8.8853789872571e-07,-0.1059295598186464,-0.39614964379259937,-1.5,4.408792223066275,155.77621628797473,1958.3481864204505,100.0,1
2409,7.722672205913316e-07,-0.46594717842548605,0.1702273111591736,-1.5,104.8680501680428,22.939095734372852,1961.60387851548,100.0,1
2410,4.412251900751718e-07,-0.23355253215787908,0.17407320047627592,-1.5,-25.259818371724275,94.79113656040552,1962.088139781581,100.0,1
2411,3.5702386787848295e-08,0.10843129181792374,-0.19638432782456317,-1.5,81.75803255969711,92.9173103839612,1960.636448658728,100.0,1
2412,6.565277146610251e-07,-0.3563737898845409,-0.1704759003964159,-1.5,116.62667815994334,89.82519610469583,1959.015808601927,100.0,1
2413,4.24776710235712e-07,-0.2536105250443832,-0.16401888906708328,-1.5,-75.7785269198711,107.80113733844333,1960.1147455984622,100.0,1
2414,3.26113155729011e-07,0.08715378486611795,-0.2385205580424406,-1.5,-107.59748560293652,70.29482743894866,1960.3302539606395,100.0,1
2415,2.4066046751368947e-07,-0.18648434549183865,0.2148114837987335,-1.5,-104.4994883600668,-48.503914577780016,1961.1579521979475,100.0,1
2416,4.1443322772880493e-07,0.19979673901890974,-0.1312219977702307,-1.5,-101.55576081947,-80.53658599444495,1960.2585472398455,100.0,1
2417,7.303841722536052e-07,-0.17200217126665027,0.23204072599947262,-1.5,-59.303121454880625,43.12824546674854,1963.169982577871,100.0,1
2418,1.593985081483131e-07,0.35746008908313404,-0.25352229969531176,-1.5,-48.86888027871062,24.581944164142207,1963.7771886921253,100.0,1
2419,1.0807264900731896e-07,-0.35807788205251956,0.31159336168789864,-1.5,109.08985100556276,83.06242397714398,1959.7482808760815,100.0,1
2420,4.998056713021614e-07,-0.2000647696618754,0.1210167732660804,-1.5,-37.86969398800927,98.68456400004963,1961.693281165918,100.0,1
2421,3.6320908685657123e-07,0.36234522567821686,-0.033098081803865004,-1.5,-25.737168056362815,106.31083130043045,1961.4914966919387,100.0,1
2422,5.432513080026991e-07,0.33601551129572566,-0.2677949092674864,-1.5,96.98880184994127,-54.451321393124005,1961.3876496451146,100.0,1
2423,7.865356553658043e-07,0.18780040807160486,0.20254181711182553,-1.5,-59.965729380038546,-91.63778150118628,1961.4841102001292,100.0,1
2424,4.398486643995167e-07,-0.06487936120472243,0.13626158165543864,-1.5,-2.486121842696963,-49.613273249840574,1963.9107995481238,100.0,1
2425,6.45836345250646e-07,-0.4778161994326427,-0.14726197383909642,-1.5,45.76385795971116,-150.3643256285189,1958.2414368889897,100.0,1
2426,6.332779062953285e-08,0.0019994956735777496,-0.45544901983428765,-1.5,-97.06150991842006,86.12702769921728,1960.248577262125,100.0,1
2427,7.223381328849704e-07,0.32863305941697496,0.09802426091149682,-1.5,-64.24469976851798,-139.11710224668525,1958.5536338533775,100.0,1
2428,5.545019106782628e-07,0.02531761193784688,-0.44394302847065925,-1.5,59.38060504624903,84.91013366860558,1961.8046536826373,100.0,1
2429,5.363394645774342e-07,0.05267025825127779,-0.18186451572435947,-1.5,-58.861126816395654,-3.241600957522651,1963.654283737152,100.0,1
2430,9.308077041869786e-08,0.10807588123490332,0.3622230562336552,-1.5,67.98642771282601,-125.14343595321962,1959.3698610397175,100.0,1
2431,6.361788046992275e-07,0.2688208459169861,0.23887608479471586,-1.5,-10.328316141387127,-29.379625947848105,1964.292098882185,100.0,1
2432,8.459097456349225e-07,0.21595294877425464,-0.3912665300075994,-1.5,87.97431286347621,26.678513789626617,1962.38682818763,100.0,1
2433,8.04608890045236e-07,-0.0219451132931922,0.1928754044850194,-1.5,61.21160529716975,67.62376052189448,1962.4203047909875,100.0,1
2434,9.968550442678466e-08,-0.08304777160440939,-0.4626961171257063,-1.5,-82.00239960732156,82.01613788516038,1961.1125020893562,100.0,1
2435,5.190536027568605e-07,0.14168679554388555,-0.17399771651088813,-1.5,97.54260214027894,83.22517794766124,1960.3500444536467,100.0,1
2436,1.2102015403905845e-07,-0.3746382177648256,0.3084748915508971,-1.5,-10.215532797288391,27.622019990391145,1964.318190407921,100.0,1
2437,4.7385356333596194e-07,0.3063929787417075,-0.3060483670432867,-1.5,-93.92992635691073,-104.69144020521973,1959.4974247363718,100.0,1
2438,8.184028645968355e-07,-0.13861262015662795,0.4006105403471739,-1.5,112.48879255972062,-24.090319015470403,1961.1678190160883,100.0,1
2439,7.417955237036113e-07,-0.14692960382538703,0.012339430286015423,-1.5,37.81329177717431,162.0656421132598,1957.4775014997035,100.0,1
2440,6.638868297396446e-07,-0.2948902116223412,-0.35607853362931946,-1.5,-101.15271387031551,-92.26924328999203,1959.7621798283315,100.0,1
2441,4.976068324545724e-07,-0.02979904173719067,0.17528084865218388,-1.5,34.50926013456527,102.10349022392356,1961.5803002974894,100.0,1
2442,8.980936890882105e-07,-0.45957199061115284,-0.17126973617604424,-1.5,97.5868104630809,31.850816968658123,1961.8551491249814,100.0,1
2443,6.810205535437953e-07,-0.28345810923084025,-0.4104528689193588,-1.5,63.15946369493721,-18.022104884420397,1963.4406973849336,100.0,1
2444,1.5860705202864858e-07,-0.011490585746713616,0.39827013815605933,-1.5,-50.079968943720665,9.540327730107478,1963.877354908786,100.0,1
2445,7.767050899649216e-07,0.19529732351008808,-0.10545740809611752,-1.5,104.53007627959174,-1.5668338487899383,1961.7554114748364,100.0,1
2446,6.154794954286274e-07,0.13629429440858873,-0.22436455390344479,-1.5,-67.37907131132752,-35.793944780489255,1963.0568357875952,100.0,1
2447,2.3025984167643586e-07,0.25753160442028417,-0.14748161500322907,-1.5,126.0821722054123,-86.5095138716929,1958.5792493866004,100.0,1
2448,7.693956412929346e-07,-0.44032111368049776,0.172790204886204,-1.5,139.7399172817181,-44.11814933570351,1959.066009782065,100.0,1
2449,1.4678553554599824e-07,0.03612705792002275,-0.11463505282079804,-1.5,-155.13581587667971,39.90796717324993,1957.9973235565228,100.0,1
2450,3.689209749369823e-07,0.12540262113275133,0.15302535735718012,-1.5,-25.154903782942004,157.95231602062964,1958.0172580816343,100.0,1
2451,2.3573403422916575e-07,0.24950251224840694,0.1221806409099648,-1.5,-77.76307800372518,-60.827805244389374,1962.0566169391413,100.0,1
2452,7.070364971117288e-08,0.3438997696042635,-0.3067848457094692,-1.5,-50.842306178510874,-70.43831780398125,1962.6173314106668,100.0,1
2453,8.5031227606691e-07,0.149192821690085,0.05563961694064301,-1.5,-100.88502236318703,117.41023043015893,1958.430579908118,100.0,1
2454,7.811666937132223e-07,-0.03787491230352864,-0.18180437986774353,-1.5,119.41926514994233,-85.89567596507152,1959.0238023637392,100.0,1
2455,7.91810115743644e-07,-0.15076705432966298,-0.20392476912090024,-1.5,78.04311969336273,-96.29718222114992,1960.624750030185,100.0,1
2456,5.279748716607406e-07,0.11679798972701437,-0.12853572399005003,-1.5,-10.673168171534359,39.95431388701083,1964.1036180785197,100.0,1
2457,7.235436947877179e-07,-0.1188604891611715,-0.22681775255602057,-1.5,4.527142781235368,110.14053835825156,1961.4438184802857,100.0,1
2458,4.1349385896253203e-07,-0.29181530344030526,-0.3765321860234859,-1.5,112.90615644756738,7.628664908959117,1961.276953817098,100.0,1
2459,3.1768717660288974e-07,0.1875404027375217,-0.2849511965102516,-1.5,86.03916042834736,82.07387126099955,1960.937130250521,100.0,1
2460,5.073724481625792e-07,-0.013291557797539136,-0.13176075614900457,-1.5,18.69405174181654,139.49441481638212,1959.4910377265421,100.0,1
2461,3.734999653128811e-07,0.36545381285436684,-0.1331288637954519,-1.5,41.0834157553689,-129.77136252010555,1959.8175508668346,100.0,1
2462,1.2634700710863892e-07,-0.1857021004317287,0.053941025128880125,-1.5,54.37246500750443,-73.15331629757914,1962.4233777729528,100.0,1
2463,5.129817213870339e-07,-0.42276775196835575,-0.1409316523129155,-1.5,108.74482383067074,41.635116738582404,1961.0849972936746,100.0,1
2464,6.062024143606015e-09,-0.48912997426557864,-0.08072581755647629,-1.5,28.443066236874845,87.90675856504252,1962.3650730808893,100.0,1
2465,8.379706912002258e-07,-0.29283688483020487,-0.09745275497809251,-1.5,-116.37775148902068,101.45757110388892,1958.4626283108366,100.0,1
2466,2.04101272877461e-08,-0.1612230703105517,0.1155038606259508,-1.5,61.55677388120753,-10.817218538603207,1963.544508698124,100.0,1
2467,7.637148171591656e-07,-0.19608560998477464,0.043718661333526684,-1.5,152.8630603100964,20.898810875280137,1958.4711922218214,100.0,1
2468,6.167397257270136e-07,0.17282692903725988,-0.2249380626518742,-1.5,-153.73995340380253,31.05418228989708,1958.2678444880398,100.0,1
2469,8.844850321212889e-07,0.020634749976174403,0.17863947608806488,-1.5,110.14287111542214,5.981209370682915,1961.4397924338762,100.0,1
2470,9.001033806448388e-07,-0.28864780501450815,-0.07689319886900976,-1.5,1.1370602257056943,51.527601450439455,1963.862749697376,100.0,1
2471,8.39399569915434e-07,-0.37069022323584216,0.055224265592802226,-1.5,-23.72949401048867,-107.90107893426686,1961.429976967049,100.0,1
2472,3.4166792182037935e-07,0.0998192537269388,-0.15511972813229016,-1.5,-91.87112279887349,7.535636370163268,1962.3751418233726,100.0,1
2473,2.647857454449026e-07,-0.16456063340412727,0.26537415287285687,-1.5,-69.09522820747112,110.55792931684363,1960.2081726108227,100.0,1
2474,5.996243735593905e-07,-0.48530541933336463,-0.07870566510560666,-1.5,-74.23577144023344,9.335416434316214,1963.1136458454978,100.0,1
2475,6.786665965925796e-07,0.2197383385724243,-0.05097526425119649,-1.5,-89.5004097837981,-83.02102746320492,1960.7423267511765,100.0,1
2476,3.869004522767253e-07,0.2080363623703867,-0.3552162402692172,-1.5,-17.30510047431325,-78.17378408329972,1962.9066914262132,100.0,1
2477,6.578461228248688e-08,-0.12111564770463387,0.1671257179561981,-1.5,72.70255265705654,62.52920208341362,1962.1971674605209,100.0,1
2478,3.2884723497556417e-07,0.13371198781195662,0.056219096452937725,-1.5,81.0195365283207,-14.469228132379675,1962.814245516911,100.0,1
2479,9.975811619984731e-08,-0.10962445007927536,0.4719750520503618,-1.5,107.32984600753299,-4.879385329210079,1961.5987821215988,100.0,1
2480,6.566168662486316e-07,0.07098431171031014,0.39136867243025836,-1.5,-125.22025758795822,-36.38023647877755,1960.2065329320492,100.0,1
2481,3.1394028060611976e-07,0.39083546534811214,0.3075266061840335,-1.5,-62.998679011685795,17.158943908958015,1963.453595925517,100.0,1
2482,2.457642954702668e-07,-0.4124759242361431,0.2160173018585711,-1.5,45.76660736053021,-61.52851762429067,1963.0417584544134,100.0,1
2483,3.362831532334033e-07,0.22556169340446153,-0.36699484963267165,-1.5,-124.29835338268707,-66.18491601365238,1959.4853310256624,100.0,1
2484,9.067309785347241e-07,-0.37597178066260317,-0.12540625064119762,-1.5,-46.61744242039201,-130.65376277570496,1959.6350922048887,100.0,1
2485,4.21840544156356e-07,0.4187479257914858,-0.23444701616270336,-1.5,23.44085211556969,-92.86924570914191,1962.202618467227,100.0,1
2486,8.203874912422958e-07,-0.01381966178215685,-0.1445255474557632,-1.5,155.36152109724932,-15.855609912203478,1958.32190501531,100.0,1
2487,4.323083408334417e-07,-0.016050805983758305,-0.05913170056565092,-1.5,-32.45971790534708,50.80507042534528,1963.6136325149896,100.0,1
2488,6.662001508059039e-07,0.028084435774742608,0.32891958170623503,-1.5,-83.11131018312484,142.4460056920903,1957.6043859391366,100.0,1
2489,2.1610008769901853e-07,-0.023888304334767022,0.15347787266370896,-1.5,165.20835584675152,-13.4627138027961,1957.5337138250284,100.0,1
2490,4.030975173757143e-07,0.09138836605542969,0.17692466130767512,-1.5,162.64473120663234,-38.96395186242514,1957.4069040779734,100.0,1
2491,7.911395805597246e-07,-0.42942597097762875,-0.01850663734351584,-1.5,68.08988329502088,24.52291241187228,1963.2054606754336,100.0,1
2492,6.832549194934533e-07,0.4049179837609664,0.2801397302729694,-1.5,105.2912621967529,41.01718267836302,1961.286472470627,100.0,1
2493,8.180488816157949e-07,-0.4126891633405755,0.1574588150329109,-1.5,-30.64864185332456,94.25270514892125,1962.0373020385694,100.0,1
2494,7.794621665355756e-08,-0.14497695941847014,-0.2594091724890548,-1.5,135.7951215544867,-87.99124877126924,1957.8637622081385,100.0,1
2495,7.250852381316568e-07,0.3818790745366142,0.27083180311232524,-1.5,28.711983202535283,94.651807015315,1962.0473856957287,100.0,1
2496,4.5347501485834785e-07,-0.30829053791250854,-0.04853624473222593,-1.5,-161.74671351992788,47.42787147734305,1957.294531729643,100.0,1
2497,8.77800145470745e-07,0.00381946308041509,0.3462916214756449,-1.5,69.16385938170865,-59.447229726021085,1962.4208706848437,100.0,1
2498,7.63593611680052e-07,0.12232913486235233,-0.16588413810258845,-1.5,-100.45296312123908,11.339936006122754,1961.9362615328948,100.0,1
2499,6.513627233349342e-07,-0.13021373645441625,-0.2847847656744478,-1.5,-44.2662211140453,150.33878758141503,1958.2778242330592,100.0,1
2500,7.530371481141129e-07,0.3466094295820587,-0.308377711220507,-1.5,-45.48530190810812,-49.71489298032762,1963.3829995679432,100.0,1
2501,8.864427514358276e-07,0.2871659414305019,0.13149202969677617,-1.5,156.8448215473358,25.164845700032316,1958.1061561521146,100.0,1
2502,5.115342348994144e-08,0.18758239406397692,0.4631462444816682,-1.5,52.26400795694369,-116.44624523557246,1960.388234944534,100.0,1
2503,8.356464276928824e-07,0.38043066022007205,0.2681565948922508,-1.5,-64.78843639464236,-133.1978402184722,1958.9471866634901,100.0,1
2504,2.532930062521466e-07,0.060055353149889815,-0.041209540925476316,-1.5,156.09814139212435,20.511671266405568,1958.2200917828195,100.0,1
2505,8.061396228522759e-07,-0.2960777593111758,0.17610694488464387,-1.5,-63.11420478179742,-69.66111857465688,1962.288768754441,100.0,1
2506,5.965138948111455e-07,0.2789767658517066,-0.2875610120433099,-1.5,61.65389027546338,-91.18842871704175,1961.4527153485371,100.0,1
2507,2.346402067654488e-07,0.30567878221831085,0.03720049705771217,-1.5,-46.93061901394654,99.36770060059747,1961.4629395791421,100.0,1
2508,4.1722976947072156e-07,0.03266752287578824,0.336563342752696,-1.5,124.93196381574597,-111.82774964155824,1957.3706458137603,100.0,1
2509,8.955746130182674e-07,-0.07757351420627484,0.15520420430438953,-1.5,-104.92782837700722,-97.04362108295493,1959.3330428248598,100.0,1
2510,6.009634449329579e-07,0.25654983887660876,0.2695246718120107,-1.5,9.807774952317613,-134.97600370768413,1959.8720805806993,100.0,1
2511,8.152276322926114e-08,-0.15431622593592287,-0.06332427465330269,-1.5,24.36996892914418,3.78781085613533,1964.3841384437621,100.0,1
2512,1.1003565159810955e-07,0.1643281914171352,0.3329439929985031,-1.5,-65.14522070934062,106.73615501153043,1960.5552223026561,100.0,1
2513,6.28034353846484e-08,0.3933592446989252,0.2915340648324725,-1.5,160.746858022544,8.488950336548058,1957.9330099940078,100.0,1
2514,8.212235441268628e-07,0.38701730804007456,0.18138115143359773,-1.5,77.54169910907218,-40.66097205733463,1962.5868787181785,100.0,1
2515,1.5331671979936033e-07,-0.06980262977306732,0.273368516383915,-1.5,-95.48659450875844,-29.384424992809116,1961.9969806559573,100.0,1
2516,5.102787752992916e-07,-0.22202127452896375,0.19183070234352256,-1.5,-111.44593938153713,17.304578901072553,1961.298967625934,100.0,1
2517,5.17571420713819e-07,0.11078709218800983,0.34570955112189944,-1.5,-3.812719769251529,98.51080677094781,1962.063803851299,100.0,1
2518,4.407645155106195e-07,-0.4202539921891075,0.2204916571637658,-1.5,116.3891756101339,-34.99180155241397,1960.7759739172247,100.0,1
2519,4.7315268695541703e-07,-0.08384582991444925,0.4027681039944025,-1.5,-11.202970467009084,-167.35515965795656,1957.3655842112648,100.0,1
2520,7.588230778965198e-07,-0.12146598187831302,-0.12017668116489211,-1.5,18.16261233653042,96.15161703043276,1962.1004745735313,100.0,1
2521,6.602653193492514e-08,0.22553970777877308,-0.19440491331254542,-1.5,-31.015964215800476,163.7324739324981,1957.458294117614,100.0,1
2522,8.811913000058747e-07,-0.3486001634493048,0.11478942115754688,-1.5,18.8876217940561,121.31494487062558,1960.6986581726762,100.0,1
2523,2.836123356794905e-07,-0.3996991797244039,0.023869135430142394,-1.5,-13.324806343682633,87.30113235957073,1962.5529924286811,100.0,1
2524,2.2109563695865294e-08,-0.14977368885816353,0.4163687822510339,-1.5,118.46074522032225,-28.650649096331502,1960.754823636636,100.0,1
2525,1.4880470562311474e-07,0.12532592863287959,0.1037568391230108,-1.5,17.005209054236854,-143.47315727318178,1959.2191205358367,100.0,1
2526,1.6369772291045082e-07,-0.0772015782626569,-0.18365447940645177,-1.5,-123.10832390475541,-75.7341779172898,1959.2146286577909,100.0,1
2527,9.077711318515819e-07,0.08980887337102933,0.2054512116628606,-1.5,-124.63942983662832,91.36476349060344,1958.451117283359,100.0,1
2528,8.18640199805709e-07,0.15486325090572786,0.3589922483053535,-1.5,126.66838276928907,-85.10690352644045,1958.6028750221126,100.0,1
2529,5.348284897126365e-09,-0.03565752747508616,-0.15955957342013724,-1.5,-131.6914095409081,-96.74433005328439,1957.7311341248576,100.0,1
2530,3.495493350684225e-07,0.004539802070553846,0.4548917661680189,-1.5,-80.41772646552228,-129.5649791068364,1958.6115469192182,100.0,1
2531,6.386355938473214e-07,0.18689892313299006,-0.1893126248445192,-1.5,67.99446396733347,-131.8185742911737,1958.9318269423693,100.0,1
2532,5.369027888672195e-07,-0.0014310633375638284,-0.48891718471378737,-1.5,-136.5471570107026,21.29312497067435,1959.6721059930942,100.0,1
2533,7.309318823931432e-07,0.414798279608174,-0.10665352937294201,-1.5,2.1677672946145115,63.81102283088262,1963.5011434721305,100.0,1
2534,2.0529253422286518e-07,-0.12387870920430102,-0.1009697405440614,-1.5,2.112431016786798,94.65019639354064,1962.2563961480657,100.0,1
2535,2.0485584926888526e-08,-0.4581770684397686,-0.004473654764448116,-1.5,-31.616447026108503,167.16315536990075,1957.1586972012144,100.0,1
2536,4.2208553239796745e-07,-0.04758845751474382,0.41731512313391556,-1.5,56.88566049232742,147.91473003598148,1958.1364969109957,100.0,1
2537,7.523295826583133e-07,-0.14484717453912202,0.06371395800104647,-1.5,134.42912537106315,101.71084140923006,1957.2932844256961,100.0,1
2538,4.3250585744031854e-07,0.1596799320348587,-0.322430674316099,-1.5,-130.8922185094568,-36.131830682665324,1959.8405558134884,100.0,1
2539,7.173260388999502e-07,0.2746624870083452,0.2922216240560492,-1.5,-103.70854307539165,22.23550862751932,1961.673623851681,100.0,1
2540,5.699495514598664e-07,-0.027181786541109414,0.015055796515066767,-1.5,-76.79369810020688,86.85969068863258,1961.1148381295015,100.0,1
2541,7.458109557887866e-07,-0.24340306579309376,-0.2809022927314049,-1.5,-10.446574021850207,143.26634060825512,1959.2802022697153,100.0,1
2542,5.597346692492086e-07,0.02011434508297332,-0.12414080406819268,-1.5,81.65326393965107,-114.1733904225413,1959.5179171606353,100.0,1
2543,5.958211401507235e-07,-0.0030341214985524436,0.059388417397954224,-1.5,154.5189216628116,61.03179013373119,1957.5015478173614,100.0,1
2544,8.352648155417323e-07,-0.20504151857040864,0.11045939919665025,-1.5,-81.33242092900124,98.5595399808838,1960.3786217592549,100.0,1
2545,6.553934734852158e-07,-0.19048943611444888,0.45163856338357755,-1.5,126.95492136264329,30.04377600146912,1960.2023124492812,100.0,1
2546,2.6623264034461754e-07,0.30111238807184115,-0.20371034555618928,-1.5,2.422255731960022,29.809692611168806,1964.3112790924272,100.0,1
2547,1.3014322929764445e-07,-0.43953278812045005,0.06247833372202353,-1.5,-134.41211963673885,73.84330424090265,1958.5438046619422,100.0,1
2548,5.779568243573946e-07,0.37485018641477624,0.2527392290266181,-1.5,-38.86220733902891,-42.85922524710279,1963.686864527562,100.0,1
2549,4.6088004926745907e-07,-0.11009771519979815,0.08087733786819935,-1.5,-114.57419994920285,-8.927671609436374,1961.1747335848902,100.0,1
2550,6.39978344511552e-07,-0.14361554354965833,0.051714938186658614,-1.5,122.15020501135677,-54.95117495407868,1959.9675971946529,100.0,1
2551,1.788335744379851e-07,0.03018418265877298,0.22659862930150595,-1.5,-88.79352367647445,-98.62643568985082,1960.0514846815536,100.0,1
2552,1.2467920339063388e-07,0.3317826563438984,0.15339122639968056,-1.5,-92.59411729777248,-80.85121695800433,1960.6893421509658,100.0,1
2553,3.095280245850961e-07,-0.1675236701399221,-0.2889119088588556,-1.5,22.54754340008247,147.701173465316,1958.8489625057164,100.0,1
2554,5.237314360442083e-07,0.01663235746440931,-0.015444257679059959,-1.5,-69.64156447085875,123.79017009643752,1959.3976963729638,100.0,1
2555,5.439726450352223e-07,0.2871765921887011,-0.11240445186025033,-1.5,-102.31828060385143,135.70434974364423,1957.1736216240647,100.0,1
2556,1.1361737608361052e-07,-0.11886464075177616,0.19364865170415294,-1.5,136.13525746442713,-60.37340657754466,1958.8862983132656,100.0,1
2557,3.817006845601857e-07,-0.3658952521786402,0.21654245288359136,-1.5,58.19684349270806,156.5356592447269,1957.427648997131,100.0,1
2558,7.370284382316931e-07,-0.016016588737004712,0.2004737422870714,-1.5,-121.81116221741067,-16.10172405378022,1960.6927504093728,100.0,1
2559,1.4831060097258076e-08,0.22882725174000848,0.07522475480246513,-1.5,-38.51034295911587,83.92330222240402,1962.367732891924,100.0,1
2560,4.130843078075228e-08,0.19608551202393748,-0.14942559626116667,-1.5,0.04587896076721133,-133.9254420046684,1959.9686885624235,100.0,1
2561,8.315283819950664e-07,-0.05684904068597767,-0.12475075450018318,-1.5,-110.45295176517733,-72.21194315670715,1960.1017491390653,100.0,1
2562,1.232374468869639e-07,-0.32290575426077395,0.3073721739135899,-1.5,-79.20268464481873,-80.32002393802578,1961.2977629023542,100.0,1
2563,6.33127444656628e-07,0.3154120929984091,-0.022955517957153653,-1.5,-9.509241585485336,-3.4293374694889502,1964.5129422416949,100.0,1
2564,7.089851080379894e-07,0.05179835016110629,-0.04466646055646414,-1.5,32.538426607871,136.0116456551569,1959.5548906081176,100.0,1
2565,3.4261849553117984e-07,0.20222501502363815,-0.35629341367211237,-1.5,-127.82318349006272,-44.24411890181579,1959.8767762211987,100.0,1
2566,4.0800672327841733e-07,0.0605840432936779,-0.48816070433161346,-1.5,-120.29276547425518,-13.639935533802651,1960.8051634467206,100.0,1
2567,8.311468762720504e-07,0.3775061813151943,0.08725487674483287,-1.5,-88.02911039328275,57.609968583419054,1961.7199732656331,100.0,1
2568,8.88747560232159e-07,-0.19361552009687805,0.20958815579650147,-1.5,79.76406111922539,-54.08185070136901,1962.1738287533585,100.0,1
2569,6.16949070723566e-07,-0.19956281398083922,-0.30986835510642735,-1.5,19.840578034412943,59.87570624799811,1963.5260470721275,100.0,1
2570,5.613666295710087e-07,-0.3177606397771423,0.2925480219679757,-1.5,-6.964755330203039,63.42820419293683,1963.5023914836927,100.0,1
2571,6.18273907071447e-07,0.09729987832902652,0.04355076159517835,-1.5,42.557802712028085,20.867339322966917,1963.9670755499023,100.0,1
2572,6.434157804849133e-07,0.08317397473637447,-0.20637856635963966,-1.5,66.66483041887132,83.75693729715964,1961.6202135240026,100.0,1
2573,5.900165354693873e-07,0.12262660298583755,0.3863090295471493,-1.5,-98.59756615572297,-1.7076783749488895,1962.0624072768092,100.0,1
2574,3.465889748212878e-07,0.24407642168739382,-0.275616867739326,-1.5,-28.589866042346458,-84.7050713787962,1962.5037469285314,100.0,1
2575,3.455280517422013e-07,-0.10488461791075676,-0.17138932581058203,-1.5,10.890657141345521,-6.264270324908213,1964.4987754565939,100.0,1
2576,9.627731927163637e-08,0.30547150663024913,-0.1916556451051405,-1.5,76.38787519885159,-33.62763204473497,1962.7652333256262,100.0,1
2577,7.813972125261032e-07,-0.2858869443736549,0.06667080950961608,-1.5,-3.818930444328111,-115.80177290472622,1961.119234373197,100.0,1
2578,6.269353026091234e-07,-0.08415846742878147,-0.2749336904042747,-1.5,-50.34286703165572,18.185267444980973,1963.8096084022807,100.0,1
2579,3.89046722352248e-07,0.31083051168128545,0.06455707824524613,-1.5,-95.08966683323759,-108.34022784126317,1959.2431284960471,100.0,1
2580,8.004650465744905e-07,0.2933612980852079,0.22883506072395618,-1.5,-11.810711430069306,61.965715228397684,1963.5259212696633,100.0,1
2581,3.584029358687624e-08,-0.1857461755500124,0.11601817608745192,-1.5,-30.63888685251432,108.35067932120316,1961.309428715725,100.0,1
2582,9.592160293163514e-08,-0.09724420935912122,0.1916795499115908,-1.5,-90.81642954768698,-50.697414955272166,1961.7837379556377,100.0,1
2583,2.7655569874615704e-07,-0.3958100101573289,0.24855924370068364,-1.5,113.69755649616535,-32.111074110027516,1960.9831796403641,100.0,1
2584,9.085171624404778e-09,-0.4047731690846867,0.24300221748941017,-1.5,105.23854110173352,-92.41773461155925,1959.5400220618556,100.0,1
2585,1.2668088371993049e-07,0.028321531339327275,-0.269477740312422,-1.5,-107.17967733708912,-75.63636112921739,1960.1543163504193,100.0,1
2586,2.485402175200435e-07,-0.2841224466428249,0.3785128739309925,-1.5,109.31297370872524,-51.91888469548167,1960.808096030069,100.0,1
2587,7.828510434788051e-07,-0.02184692996446875,0.20266319027086013,-1.5,-21.687660078684935,64.42309790940142,1963.3625737805532,100.0,1
2588,5.736419945098892e-07,0.40582599110382483,0.1769560252623247,-1.5,34.542565863457874,70.50006274229365,1962.9696478965313,100.0,1
2589,5.861896888609896e-07,-0.1972165281645873,-0.20174776483532916,-1.5,32.26682277201501,42.9382681385116,1963.8045838483004,100.0,1
2590,3.2612600549324506e-07,-0.2715663149910356,-0.27135968176538405,-1.5,-121.66792796263803,-108.52422268833051,1957.7621649887158,100.0,1
2591,5.979345382428592e-07,-0.24894948233965106,0.42429782265283944,-1.5,-76.43909651651235,16.99463812680281,1962.9777209802483,100.0,1
2592,1.721435668416328e-07,-0.005059127883728109,-0.254419663316298,-1.5,-37.63667826014902,71.28975489404934,1962.8842394707895,100.0,1
2593,7.840057167036609e-07,0.13673782151234942,0.3385875884767165,-1.5,-98.65587025889269,12.248534555579909,1962.0219873719134,100.0,1
2594,1.1351765714509727e-07,-0.3855668179002279,-0.11015561650678894,-1.5,-52.57523800180935,114.40977945596644,1960.4998171333814,100.0,1
2595,6.783857545247976e-07,-0.09833897925223337,0.13905994681718406,-1.5,117.07311594809413,-83.3647479653143,1959.2747358614654,100.0,1
2596,1.0822380149851868e-07,-0.15340027608545515,0.32862140088051206,-1.5,-9.196357225967978,-81.42255262338367,1962.8293561092355,100.0,1
2597,1.1282343372161123e-07,-0.23331681850240243,-0.06430605316079142,-1.5,138.97846722638087,-97.53723370107582,1957.187972565609,100.0,1
2598,7.729134753735606e-07,-0.44544006403041797,-0.2063124281413663,-1.5,-128.11451231416942,-90.91236339749449,1958.247915914151,100.0,1
2599,2.6738902067684053e-07,-0.003165712708841207,0.0101040405320258,-1.5,-44.45474121749561,-116.0311553142002,1960.6054761848109,100.0,1
2600,2.3470944473955157e-07,0.029915675287751915,0.19452391543158534,-1.5,-99.20329281438192,11.295391084611834,1962.0001037464706,100.0,1
2601,1.0913264719005323e-07,-0.38561859331679504,-0.016489078904082896,-1.5,118.13916806475136,-107.11269102201406,1958.0559988562948,100.0,1
2602,4.4810540374820703e-07,-0.3346095040502733,-0.26778553613490064,-1.5,-62.31934197519759,131.63396979279887,1959.1329929023445,100.0,1
2603,8.522278411242488e-07,-0.2995091088303215,0.03253104769930615,-1.5,55.21853824745114,-146.4077920126293,1958.297464058495,100.0,1
2604,8.82138409675222e-07,0.16354134818320903,0.33250212794005557,-1.5,-26.268518364290376,155.63243002753478,1958.1883969457078,100.0,1
2605,8.662505944573689e-08,-0.06218278080078672,-0.1084803840470965,-1.5,-110.83618117403978,-25.604103611495564,1961.2427328322055,100.0,1
2606,1.0179588291403731e-08,0.05884948607011859,0.07944763247828435,-1.5,42.289243995163055,50.93124511648566,1963.423264194283,100.0,1
2607,1.2663380492039097e-07,-0.11063097768094984,0.45756826320583427,-1.5,138.41879714337395,-72.83934846365541,1958.3023137858218,100.0,1
2608,2.6253270549014828e-08,-0.0046882446182572104,0.29259320016962753,-1.5,98.12366146681852,114.56036350633529,1958.7396346732182,100.0,1
2609,2.2452873971996537e-07,0.19165602051022554,-0.22042987326321245,-1.5,144.98920067490442,80.92632211398687,1957.5092205000942,100.0,1
2610,7.445197059342975e-07,-0.057208544407047535,-0.16429260443928428,-1.5,-82.35981091822849,57.09016817974955,1961.98136089741,100.0,1
2611,7.868362740954575e-07,0.26452302818756274,0.028465011867565275,-1.5,15.221949681155929,-18.371702384449534,1964.3940691891564,100.0,1
2612,2.29375468723558e-07,0.22978250603612754,-0.03372960333915348,-1.5,-60.1489341828225,72.9052786677689,1962.264052650707,100.0,1
2613,2.507801844848125e-07,0.09825827200231814,-0.24945031344717042,-1.5,-68.9872862649461,49.34313910187444,1962.7071343487553,100.0,1
2614,1.3617350809213215e-07,-0.2779590731228961,-0.0743662989464427,-1.5,-29.310739976420617,51.3783229431549,1963.648246178453,100.0,1
2615,4.86265888210869e-07,-0.10945850449371775,0.3140458485561469,-1.5,78.33357262156903,33.50132304843775,1962.6907038605132,100.0,1
2616,3.993129310088879e-07,0.46234696215977095,-0.1197458500659492,-1.5,-56.21936865244817,-118.00157709234047,1960.1857811590644,100.0,1
2617,7.845358677171729e-07,0.3157414987905714,-0.026254447087222264,-1.5,119.41163261995875,-8.100165948903166,1960.8897306000579,100.0,1
2618,8.147559244659917e-07,0.34045007546495243,0.33759915895552467,-1.5,-65.13985310519507,-65.52424454915358,1962.365067763852,100.0,1
2619,7.232143543453252e-07,0.1295679804341615,0.1783645701743506,-1.5,-75.66814459971572,-74.11148187774104,1961.6817036443126,100.0,1
2620,3.9932318849799844e-07,0.20393738058860866,-0.16961081337060605,-1.5,-135.20435713660942,101.19251430926167,1957.2667531854663,100.0,1
2621,2.7027945362154503e-07,-0.20593832382150848,-0.0011703262373048034,-1.5,141.11416605851193,-29.68062098111319,1959.239428743184,100.0,1
2622,8.553373994749603e-07,-0.09555790149543471,0.4103730260523199,-1.5,114.7497025712127,106.21930728435018,1958.306219871137,100.0,1
2623,6.748227657169169e-07,0.08785210010159171,0.25456456585789194,-1.5,88.38691509771772,23.14036264653688,1962.4131988758704,100.0,1
2624,6.028903326747993e-07,-0.16247516939179765,0.058794194284741745,-1.5,-101.8912766434125,-64.9810059832676,1960.8184318981473,100.0,1
2625,1.4778293572053686e-07,-0.2267548243445077,0.4405526406349452,-1.5,-89.80377965236283,-46.10832185389823,1961.9435746427823,100.0,1
2626,6.648320218292466e-08,0.05031544776264481,-0.2639981746949502,-1.5,-162.64689504318363,-10.601597256726098,1957.7657878138918,100.0,1
2627,9.079323406300484e-07,0.33438052183759986,-0.3459888443122152,-1.5,-142.28939647445682,-47.471623030671864,1958.8040889593578,100.0,1
2628,8.311222463942013e-08,-0.10588406254453236,-0.08459712899415991,-1.5,-18.472803833723187,-119.86086897630648,1960.7920373851218,100.0,1
2629,6.503969986999264e-07,0.28214499230322165,0.229656936835582,-1.5,127.54284725933734,-28.247260789264388,1960.1908582168767,100.0,1
2630,9.929381338733839e-08,0.006905119557349547,0.10889664204222306,-1.5,-66.380674998288,65.74317091864205,1962.3161640598248,100.0,1
2631,4.5401449005340427e-07,0.18336468542287773,0.1379301639544923,-1.5,-117.78897058807247,-109.46489459341646,1957.947006822602,100.0,1
2632,3.546402599867576e-07,0.09000162654209662,0.07381303716804763,-1.5,-155.61038690334368,21.056979282298624,1958.2531239289337,100.0,1
2633,1.516616659537372e-07,0.008071145587004334,-0.17557408841487807,-1.5,131.5709420881033,-2.5118256490582143,1960.1265429038222,100.0,1
2634,8.600766569514564e-07,-0.15383922649356316,0.17067681787268832,-1.5,162.37323167741337,41.94664574829091,1957.3677985527481,100.0,1
2635,7.687726934267391e-07,-0.2209894422881173,-0.16799800713411256,-1.5,36.88088401484937,-45.578381527501364,1963.6638454169665,100.0,1
2636,7.278445909097135e-07,-0.2697649669523238,-0.031383578411144634,-1.5,-166.44620479812556,28.84228064857258,1957.2626471737053,100.0,1
2637,6.737131766593177e-07,-0.2874482031217483,-0.05492509978455456,-1.5,55.966119918851824,-126.59059388372606,1959.657087662922,100.0,1
2638,4.493622671040828e-07,0.0840008210006102,-0.36772071616550833,-1.5,13.881580389580343,54.75260241519106,1963.7267479261932,100.0,1
2639,1.9648659818631207e-07,0.36700043401492316,-0.14038792078208776,-1.5,-37.63855007531238,10.902600812060758,1964.1481000957876,100.0,1
2640,4.764390221736332e-07,0.11103651863578953,0.48507642137294066,-1.5,78.1280545333227,-12.868127036310327,1962.942613696984,100.0,1
2641,3.5585072721631463e-07,-0.02379458997525315,0.28061236035175197,-1.5,-108.01547390777004,-82.47007051485309,1959.8328069332563,100.0,1
2642,9.671806864306354e-08,-0.28520682681190745,-0.21884118280239678,-1.5,101.170925291257,-71.43605984642818,1960.6311788542637,100.0,1
2643,1.8003713626970014e-07,0.06496968012515213,0.002251254723120643,-1.5,38.51417787694951,149.12814437221456,1958.4919557978005,100.0,1
2644,3.613600735858781e-07,0.29109674496421706,-0.2573884599657029,-1.5,-19.89754126457498,-136.93150927463773,1959.6599541465162,100.0,1
2645,2.9858271697462075e-07,0.16405804821129705,-0.1589981699532798,-1.5,137.72092345980468,94.76374045173726,1957.4131058627113,100.0,1
2646,2.944955548675428e-07,0.15031808884284723,-0.43887560072181686,-1.5,-92.88428504186318,134.2555874915118,1957.7439140719355,100.0,1
2647,8.89365569178724e-07,0.4600553631703303,-0.17184670825117915,-1.5,164.14855099932777,25.662267857489265,1957.5009546560539,100.0,1
2648,2.678209305483155e-07,0.029693245440073502,-0.2732113659187145,-1.5,-19.947879525033677,-55.81098762750856,1963.6446985207451,100.0,1
2649,4.305933039726736e-08,-0.038201817434223864,-0.08596972534002924,-1.5,-53.93740082677382,151.95302744537923,1957.9107028943804,100.0,1
2650,3.714082913504401e-07,-0.3851839980077883,-0.17212614697745413,-1.5,-136.16071267651589,-19.80172908581081,1959.7146318060613,100.0,1
2651,2.758139970415217e-07,-0.11896084299535706,0.31883081384450973,-1.5,-77.89929726840035,-54.65508900855548,1962.2328625819841,100.0,1
2652,7.471019682962054e-08,0.14189684036922098,0.2756637277094118,-1.5,92.40645896336929,22.87510779322662,1962.2311438898912,100.0,1
2653,2.3971982644754784e-07,-0.297141192848404,-0.12205217537214588,-1.5,99.4233692834491,3.461767720962964,1962.0184239885987,100.0,1
2654,4.860145121404663e-07,-0.1743964271443321,0.29667141355991555,-1.5,89.62220356502881,68.77362600350652,1961.288182613817,100.0,1
2655,3.8736778103002155e-07,0.07500466038817291,0.342031993183097,-1.5,-68.27528255654641,28.65872679172522,1963.1430027984798,100.0,1
2656,8.998070406682352e-07,0.05456211241439351,0.1003078404011614,-1.5,-0.20027578812389468,162.5847395061921,1957.7996446611803,100.0,1
2657,8.507356993279637e-07,0.13395996510730124,-0.4159973387414188,-1.5,97.26055419438137,-93.68774582882871,1959.8919044542854,100.0,1
2658,8.692794539118152e-07,-0.3336326976187131,-0.17218309663020195,-1.5,63.38900522790253,92.09932542958087,1961.354846665377,100.0,1
2659,5.297232018411564e-07,0.2613149461715818,0.17230170057008073,-1.5,-163.12842206451734,-1.8321303098058759,1957.75357169369,100.0,1
2660,5.24320075596922e-08,-0.39071426659509306,0.1812242169459075,-1.5,54.11741345984423,110.62984115254437,1960.67478947252,100.0,1
2661,1.330745990735342e-07,-0.1668839186186278,0.413968001564687,-1.5,54.49613781541212,-40.86092793098797,1963.3577977021798,100.0,1
2662,6.680102810311518e-07,-0.320966668935279,0.2950880935197722,-1.5,-22.251207380358984,-166.56431858295352,1957.3386262502572,100.0,1
2663,7.745566333211672e-08,-0.08026518232778625,-0.06871805864208673,-1.5,93.07111518421269,-113.81222495067644,1959.029818873688,100.0,1
2664,6.722166870297132e-07,0.2813304852400488,0.30877786056490036,-1.5,123.18465586527739,-80.89801372496389,1959.0034043362048,100.0,1
2665,7.953811241255876e-07,-0.25534663717300693,-0.08043551674288149,-1.5,-90.38507774117694,-46.08425624970597,1961.9174461005653,100.0,1
2666,2.2264745968494604e-07,0.10145868192068037,-0.46607880006804614,-1.5,145.89196031329178,-43.494053697332596,1958.63143278031,100.0,1
2667,4.32857857086265e-07,-0.1434875806722813,0.28323601956517974,-1.5,-84.42830282357394,-113.3898020646034,1959.4458146976692,100.0,1
2668,6.885796816888484e-07,0.28177131198448724,0.06349146696238427,-1.5,75.49453109966177,-4.659976580949147,1963.0823076627323,100.0,1
2669,7.253029483992444e-07,0.025143761495211962,0.43858361346204683,-1.5,146.35752701393548,-15.793112297204686,1959.0159106440315,100.0,1
2670,3.8668423586396066e-07,-0.0914700043263598,-0.025276098100448115,-1.5,67.08038893109706,-3.4596050295688925,1963.3903174916657,100.0,1
2671,2.232020308527764e-07,-0.26896796421423697,-0.27264396792085055,-1.5,-35.38902092397447,133.19183218322567,1959.6991706136555,100.0,1
2672,4.197724171598502e-08,-0.37464433282537185,0.2494588577045097,-1.5,81.12808115752316,144.41185646994984,1957.5435464951302,100.0,1
2673,1.2495230218817518e-07,-0.2291358992926063,-0.287851476279665,-1.5,88.33731084158286,-65.91361989672866,1961.4446717895253,100.0,1
2674,7.130846513917456e-07,-0.2582370705295771,0.23348971529881543,-1.5,106.22112705938918,-128.74321524674298,1957.4359613944705,100.0,1
2675,2.507598362241159e-07,-0.4239709106007792,-0.20524983993667636,-1.5,110.83576429018635,75.36769179165034,1959.9613339692037,100.0,1
2676,6.703972095330709e-07,-0.30525627273013645,-0.3341106564147735,-1.5,169.20070537178572,13.80081110247118,1957.1903191005047,100.0,1
2677,4.888111036618787e-07,-0.22089164888615923,0.15911397167537342,-1.5,-109.61238339356397,-67.4454103559898,1960.3187313023425,100.0,1
2678,2.6109667672163474e-07,-0.2319439318875944,0.21972812475149783,-1.5,-45.33893548578317,-94.38534895896731,1961.7464344550347,100.0,1
2679,7.172767282243937e-07,0.41747128251267823,0.0997832917918428,-1.5,80.6455874759977,99.0050992353097,1960.3845453920997,100.0,1
2680,7.600901980053754e-07,-0.32461750461586153,0.02635026690628271,-1.5,-96.11788215489845,36.46981965397556,1961.847239529774,100.0,1
2681,5.954057425970584e-07,0.48531505731992425,0.11857503639352314,-1.5,52.79405559858785,86.60294805724551,1961.918959424007,100.0,1
2682,7.239101687363465e-08,-0.053000508897109326,0.24583626545760054,-1.5,69.7877429757324,148.4477868946171,1957.6787815580406,100.0,1
2683,8.62144092771864e-07,0.2234802358024786,0.23594679060921,-1.5,-60.09274112952092,16.79302798913233,1963.547845849606,100.0,1
2684,1.0513475895470672e-07,0.3129081461537539,0.2268186832507986,-1.5,-58.85712346056743,-134.54067472290225,1959.0426060015093,100.0,1
2685,2.6588717965704784e-07,-0.2298126969513059,0.4288838842453799,-1.5,-58.97445709818639,-26.049018173512785,1963.480773608008,100.0,1
2686,9.952840562830321e-08,0.09276103136892407,-0.11366477608078285,-1.5,-161.8348740766873,24.361407606206882,1957.7102139024964,100.0,1
2687,6.238425554062912e-07,0.4686698296529707,-0.019751550306862438,-1.5,-80.74462638475963,-77.65479750332958,1961.3422251103539,100.0,1
2688,8.343377609101169e-07,-0.13767061014096976,0.33765344205564196,-1.5,-112.76305608237895,70.4929346852272,1960.032786870811,100.0,1
2689,4.951098771177485e-07,-0.22532044450096514,0.2266758918255781,-1.5,-12.133148668534368,54.5991083968711,1963.7426028713094,100.0,1
2690,2.58870351029878e-07,0.1677562070584234,-0.398669023957495,-1.5,-106.72135935308827,37.10785914653636,1961.2870377671702,100.0,1
2691,5.963508006547274e-08,-0.11402373901335443,-0.11388283779207592,-1.5,118.346038291632,-40.68392979385185,1960.548984173396,100.0,1
2692,4.77640729820562e-07,-0.18632279763032192,0.44348270639226556,-1.5,-3.4460372802988686,-2.532958427462377,1964.534294741326,100.0,1
2693,5.202584722827009e-07,0.4718213655000039,0.09274022914708424,-1.5,-104.21426235672256,22.29830650914731,1961.6461096014234,100.0,1
2694,7.262548223947869e-07,-0.11884890283937909,0.014717982743596031,-1.5,-1.2481999815611484,-148.90304685842375,1958.8873400221912,100.0,1
2695,9.082901807041551e-08,0.2518827950077436,0.1006467315950149,-1.5,-159.1333911807115,-34.30286194328801,1957.7827161715259,100.0,1
2696,2.570631729263813e-07,0.27779920624169524,-0.38180886037087125,-1.5,158.60835660058902,-25.231633075125405,1957.9632376975196,100.0,1
2697,9.664865632403663e-08,0.11816409749724606,0.35665470488736434,-1.5,-101.11779346035394,-48.740372362328436,1961.3293589333286,100.0,1
2698,4.850925211630004e-07,0.3211304959284199,-0.3553512626057654,-1.5,-8.798503738457722,-169.21951288088124,1957.2175732550668,100.0,1
2699,7.352197360830712e-07,0.1576634636433482,0.22344824907269403,-1.5,129.9101025677223,57.52699769195601,1959.394624891455,100.0,1
2700,6.095749802963537e-07,-0.1291942867863224,0.06542163835779463,-1.5,22.668151668132715,-160.97923861032447,1957.8010945707745,100.0,1
2701,8.133858600861741e-07,-0.2582705447237442,-0.16490500220587986,-1.5,-156.3378063558595,-47.21259701529988,1957.7391928581906,100.0,1
2702,2.585435939196603e-07,-0.13473929167653317,-0.08879497214457738,-1.5,-83.81306925199766,117.62275403927279,1959.2226885734322,100.0,1
2703,8.728460371602987e-07,-0.02991041317637051,0.25771541830924516,-1.5,-120.69141545664685,-84.6990956138024,1958.9979407093326,100.0,1
2704,6.632848032263902e-07,0.22672104013343614,-0.44519548981375767,-1.5,-27.360735145818097,151.42728368998007,1958.5031156964458,100.0,1
2705,6.326951172102534e-07,0.1795259156233136,-0.42399142739933504,-1.5,-125.326181006116,-82.70893106753776,1958.7919407997927,100.0,1
2706,1.2979296938102575e-07,-0.02125786944049815,0.2581418624691266,-1.5,8.6954042785435,-102.57267875626755,1961.840085680616,100.0,1
2707,8.26935777642981e-07,-0.34643728170478977,-0.020555116130129315,-1.5,79.35973685536555,146.70824942791975,1957.4452758588614,100.0,1
2708,3.103481369300176e-07,0.24338258699280643,0.294101117875127,-1.5,5.7895879769496394,-67.37447902628755,1963.3747595691264,100.0,1
2709,1.856183092899472e-07,-0.06379610866264905,-0.022354511167006645,-1.5,-85.98794792961588,-3.801871791489077,1962.6525176015916,100.0,1
2710,6.82061918216187e-07,0.2547306051992708,0.05385469313220671,-1.5,-150.8171607760214,28.234829182034975,1958.5377874073945,100.0,1
2711,3.0436174511309514e-07,0.039249417283057496,-0.15626730524257218,-1.5,152.3716860893594,-69.0746652733163,1957.40257641646,100.0,1
2712,5.486805192180526e-07,-0.42616380682291544,-0.08797889032985098,-1.5,110.81848989371116,-43.3117521699843,1960.9325946313847,100.0,1
2713,6.517087998532577e-08,-0.054498848295892945,-0.3108392035682695,-1.5,-75.287077284012,63.929314009297336,1962.0545825920499,100.0,1
2714,3.2820310251978475e-07,0.253273582740307,-0.3105154510056454,-1.5,29.492213689444196,-66.73792660277589,1963.183522941905,100.0,1
2715,2.3193521872257023e-07,-0.33070598669930396,0.04687110160899833,-1.5,130.1420828672163,-48.43893019026766,1959.6249627352515,100.0,1
2716,3.1621192761016077e-07,0.24041812186433797,0.12358718085943317,-1.5,148.6141875865744,45.539270435892,1958.3802706221998,100.0,1
2717,4.598539712083844e-08,0.43887997419636726,0.23181548254458997,-1.5,116.11449867268422,-100.15013281631565,1958.5455471755047,100.0,1
2718,1.565523829770397e-07,-0.23127292732830906,0.3030826800907083,-1.5,-113.20400237461902,41.562678039343304,1960.8341806248422,100.0,1
2719,6.209137592944784e-07,-0.1388646117226078,-0.24368776013162613,-1.5,-115.54497450035832,-52.09158410937451,1960.4461512622117,100.0,1
2720,6.86210856056469e-07,-0.33877467786960597,0.10009980680751164,-1.5,-15.406644821074275,-148.2388960900357,1958.8775232891658,100.0,1
2721,5.420755109876808e-07,-0.11442800778044065,-0.028917400270122472,-1.5,-125.99907917294857,56.44452302429209,1959.6814879296737,100.0,1
2722,2.7974806586729924e-07,0.203192379123346,-0.21497673122964087,-1.5,-105.11033795691063,-40.845482180858916,1961.2997602880923,100.0,1
2723,6.96594441772643e-07,-0.3029608159237346,0.35547865528346334,-1.5,-0.3639748435549279,-68.913144503134,1963.3298582518257,100.0,1
2724,2.466358016455444e-07,-0.34472521315330024,-0.0517775724634122,-1.5,-119.07274384484538,61.89327457167862,1959.9500479609642,100.0,1
2725,9.050955085778554e-07,-0.29451437229189154,-0.22696401132388036,-1.5,102.52767519553345,-109.95781016123229,1958.7778439806993,100.0,1
2726,3.937935061996566e-07,-0.3067660203279529,-0.3590144511547035,-1.5,2.5916332425400466,-132.1812882044284,1960.0853748630147,100.0,1
2727,1.5698512341153956e-07,0.0713237560698585,-0.24708729194560708,-1.5,-113.13914356492437,89.01165381698074,1959.2574475918914,100.0,1
2728,1.0962693711665118e-07,0.03233274515895116,0.3246362143412385,-1.5,-109.50653760958974,124.36052035002517,1957.5382666668772,100.0,1
2729,8.330459438509425e-07,-0.0020541434060778233,-0.2124777652473291,-1.5,120.92439770348975,27.994079855351643,1960.6139109470869,100.0,1
2730,3.872095851559484e-07,-0.2883787393624579,-0.39243115236610027,-1.5,-87.3050946296076,29.118840277190987,1962.3820218955223,100.0,1
2731,8.150373136003463e-07,-0.11870545745160349,0.3005671858103399,-1.5,-19.69624448996914,-86.62310097964438,1962.5294348355117,100.0,1
2732,5.009906572529466e-07,-0.4520769716766787,0.023635891153304632,-1.5,139.02132866898617,-76.28834380749996,1958.1283014757612,100.0,1
2733,1.1508279060672039e-07,-0.4122926877084936,-0.20217397199761025,-1.5,-19.301543931466476,-106.35079849592523,1961.5632144611786,100.0,1
2734,8.050297695470358e-07,0.27835858975481853,0.14747896597447027,-1.5,65.57253418220016,132.70384776875673,1958.954623725221,100.0,1
2735,1.0054259773545672e-07,0.26107630400499193,0.29416750922373974,-1.5,39.18436241784572,-71.80070098918968,1962.835329655929,100.0,1
2736,7.895259244932829e-07,0.1792843925455816,0.30907889782380943,-1.5,67.02919749603683,71.68769288952136,1962.0859429793961,100.0,1
2737,5.133154386650202e-07,0.42672886073014554,-0.2187395418075722,-1.5,-88.67741985425633,-35.55767766279155,1962.21437489214,100.0,1
2738,8.312838636679723e-08,0.1977023214506676,-0.4397264266135885,-1.5,-22.395103213583717,133.54478230202585,1959.8667140237085,100.0,1
2739,1.2192386515147656e-07,-0.3270489275643926,0.01758261072088191,-1.5,-4.5301988051061794,117.13184738187105,1961.038728300343,100.0,1
2740,6.473207001333955e-07,-0.14458469865744947,0.2957488392615298,-1.5,-142.651145647249,16.556561327283006,1959.2829854792988,100.0,1
2741,6.582388008976785e-07,0.15987313981464552,0.2853167474478805,-1.5,52.10700826423343,54.47262810154419,1963.0921727579664,100.0,1
2742,5.290135824045444e-07,-0.276651031522088,0.04794467713640573,-1.5,26.723539013795097,153.20115289019674,1958.373954453496,100.0,1
2743,6.534420012722146e-07,-0.010271406367776128,0.014018669566882419,-1.5,63.24720398327755,-11.117093372183106,1963.489110662288,100.0,1
2744,7.40063914491657e-08,-0.3559675092228725,0.19564617909162085,-1.5,-25.70564547072325,-87.16778676521183,1962.4358035379194,100.0,1
2745,4.462256406689914e-07,0.4842595764589842,-0.02688442626749966,-1.5,114.74245619738426,53.173791521318655,1960.464231478649,100.0,1
2746,5.66453086013713e-07,-0.08377638648486523,-0.054445464493525095,-1.5,21.037878451938674,-167.10764845967478,1957.3057318065185,100.0,1
2747,2.279335613131551e-07,0.16028587206571118,0.44631389321982257,-1.5,-19.229915212334642,-156.19194810163557,1958.2256182511946,100.0,1
2748,1.1842083047398754e-07,-0.05331314319838059,-0.12095202457739246,-1.5,-146.0340105852679,-15.264144227039061,1959.0442465446076,100.0,1
2749,3.863585071309331e-07,-0.20683069846376503,-0.19846339193355528,-1.5,121.80064554211054,-6.876861541327715,1960.7474589520696,100.0,1
2750,8.724016500965725e-07,0.4349694876807603,-0.03382071075786874,-1.5,77.96626795424638,-40.9931182944848,1962.5631484311307,100.0,1
2751,1.2352563765614695e-07,-0.2669495445976914,0.34732000742413205,-1.5,-13.345157667122974,122.471120047922,1960.6723382011535,100.0,1
2752,4.7216203706296313e-07,0.2785072735829407,-0.3317179032481195,-1.5,153.0084589359329,6.330844832036279,1958.5611091216672,100.0,1
2753,5.794918404715559e-07,0.166591633597016,-0.20536130656679827,-1.5,-2.063054452466328,-96.22495196072576,1962.1798563568564,100.0,1
2754,9.060080730579588e-07,-0.06532551362213816,-0.17877864860193265,-1.5,-55.977655545820944,25.292757683186064,1963.5783826357695,100.0,1
2755,1.1181723461631073e-07,-0.37636804333835944,0.26161765320732067,-1.5,-127.02962366695384,-111.14993816340767,1957.2742404230007,100.0,1
2756,4.4628122392822385e-07,-0.13578486974257842,0.16088773773252682,-1.5,65.58415103551273,-83.78765863231196,1961.6553299853667,100.0,1
2757,8.499683451800319e-07,-0.20214247450310807,-0.0950540989427336,-1.5,-13.418920561661492,-79.20655511363357,1962.895702900213,100.0,1
2758,4.973860234782904e-07,-0.11983062596320047,-0.12141298688672685,-1.5,54.45099857503284,119.52443472667296,1960.1434346811413,100.0,1
2759,6.999901892390925e-07,0.2683587250085176,-0.28183280730717414,-1.5,-110.73237724738266,29.190001275141505,1961.1985036504673,100.0,1
2760,1.400902163855868e-07,0.21807064819503982,-0.1436371168602122,-1.5,137.54280628534846,77.73773329043559,1958.1757090537476,100.0,1
2761,2.9231251668799586e-07,0.30575219398869635,0.06755481740408048,-1.5,-61.52637731825202,3.3704355358213838,1963.5723646773301,100.0,1
2762,2.438589855645618e-07,0.34993785157574864,0.08510967517835204,-1.5,144.02808639708385,-38.89264435321818,1958.8661411158598,100.0,1
2763,9.054110313640705e-07,0.08579170765575184,0.06376288120075847,-1.5,34.607024504559725,-154.03274967378985,1958.1852701286984,100.0,1
2764,7.879165279099604e-07,0.12244182989810715,-0.2090979269687374,-1.5,9.695060071987646,-31.77080059905734,1964.2581063357297,100.0,1
2765,2.3234337829193284e-07,0.0628896559410147,-0.15458925316489866,-1.5,-20.05781253588265,1.746362942954861,1964.4357766643527,100.0,1
2766,5.312078719178774e-07,-0.04465754173961269,-0.4061438917611553,-1.5,-59.52467590627371,28.256230807661563,1963.4336466111934,100.0,1
2767,3.497560326147912e-07,0.20682271889674625,-0.45354459686858223,-1.5,-110.78901756590732,-77.31756277694882,1959.888025969633,100.0,1
2768,5.6402846399685734e-08,-0.004529678912853601,0.39148270696578397,-1.5,-129.97223254817507,-19.68708264056386,1960.1359452368802,100.0,1
2769,3.63618569605917e-07,0.16642901052183232,-0.19681778547675385,-1.5,10.812695224805527,-105.23160041048837,1961.6887322312768,100.0,1
2770,3.815325910642145e-07,-0.00789586303271518,-0.409058092411167,-1.5,26.688457306361375,-2.9477888446099905,1964.3554472278345,100.0,1
2771,1.354806535762906e-07,-0.06711052801406431,-0.2980206206107904,-1.5,-15.59618276396781,-9.419894477367423,1964.454456315381,100.0,1
2772,3.8866893861236407e-07,-0.10276308661164878,-0.465686716913215,-1.5,25.10654616089022,-134.3945270900946,1959.7757674525503,100.0,1
2773,8.936105522999788e-08,-0.2655159053354172,-0.31853133727421523,-1.5,-39.956878022722215,-105.00538563255225,1961.3236864813946,100.0,1
2774,3.0741537384050315e-07,-0.057233024012897336,0.48480269247124624,-1.5,-7.9500246422143785,-4.111176958211257,1964.518562294166,100.0,1
2775,2.0903572675782649e-07,0.3232111631723157,0.25913180469928004,-1.5,-21.328991204392157,-14.238303189701881,1964.3715613708657,100.0,1
2776,6.880533711770282e-07,-0.43888903050441214,0.16159270030704412,-1.5,146.57460854214816,-73.60010765343826,1957.6803095884297,100.0,1
2777,6.212665176570187e-07,0.33956857082947206,0.27829631335439603,-1.5,100.80331115332055,8.022041722726414,1961.9346639409928,100.0,1
2778,6.46457036572839e-08,0.030716588329603563,-0.11118543926289393,-1.5,-124.23524592137831,31.764089100874138,1960.3494414467482,100.0,1
2779,1.5078960302398888e-07,0.17222639093252437,0.12395233928304557,-1.5,-64.8676891202597,-91.09091720268236,1961.3535922870976,100.0,1
2780,7.728263546190084e-07,-0.2891856058057455,0.36717525960904457,-1.5,29.31921527858527,114.80140721524177,1960.96259698725,100.0,1
2781,1.747310750383445e-07,-0.41207718226769596,0.23186944310113078,-1.5,7.0418793876778185,45.427028548542864,1964.0010395308018,100.0,1
2782,7.771752900233842e-07,-0.039822719078190974,0.2822894247029661,-1.5,-160.16003622914116,-7.024994050682292,1957.986899476041,100.0,1
2783,1.191822633356875e-07,0.007474274505546845,-0.20877186113255075,-1.5,143.231382309903,74.50869739443932,1957.8933861169023,100.0,1
2784,3.583304673951944e-07,-0.06666087303278004,-0.19129725508223952,-1.5,-106.73383343742105,-114.24429090288096,1958.3077942606424,100.0,1
2785,1.9284963052643579e-07,0.18159917064847525,0.1547158414902407,-1.5,-93.38101032233067,3.223892430953586,1962.3156931785736,100.0,1
2786,2.503417677881151e-07,-0.26188747047935973,0.20348861520173606,-1.5,92.36278768269975,-43.43591499490646,1961.885756869183,100.0,1
2787,3.613053304921989e-08,-0.4126589739548652,0.02937948756959443,-1.5,148.63804555993732,66.16136312198957,1957.7902573330202,100.0,1
2788,6.553254531067401e-07,0.0059958179282841445,-0.11576312575313172,-1.5,-33.25501290219737,-120.82710740833329,1960.5377324852334,100.0,1
2789,8.58994054780103e-07,0.2424507985447719,-0.2762971077414219,-1.5,-100.55080962073502,-24.36727104149802,1961.8126967304336,100.0,1
2790,5.733580404523509e-07,-0.41246652961907704,-0.20743441927920658,-1.5,-4.186589265989909,76.25674365971143,1963.0539136210361,100.0,1
2791,2.3258642068824988e-07,-0.0041626842956074125,-0.14779895224398767,-1.5,53.11019918244964,157.7275411939884,1957.476593923368,100.0,1
2792,6.857352124932233e-07,-0.42593864122484837,0.20436460577875726,-1.5,31.81932623879402,-50.95636327587071,1963.6201938729234,100.0,1
2793,6.737613211382978e-07,-0.3281286646064943,-0.0365382880436188,-1.5,70.44463986990789,-27.895432972500984,1963.077350437065,100.0,1
2794,2.4166460829645374e-07,0.3116207373422374,0.25066255157006134,-1.5,49.27227327747903,-108.7243832009742,1960.9091100430353,100.0,1
2795,4.6775740081096114e-07,-0.37527707961283746,0.0848626444670562,-1.5,14.93246827595546,22.226737158201157,1964.3564543668288,100.0,1
2796,8.152437884203661e-07,0.18365048216055177,0.33110123475707953,-1.5,104.43977410064299,56.30152430171642,1960.9527679710293,100.0,1
2797,6.305527794149832e-07,0.09182259667009621,-0.32528728264178225,-1.5,-126.76164216076346,96.2260653086418,1958.0820505530544,100.0,1
2798,5.50059433267541e-07,0.3900192673497124,0.25000524702012816,-1.5,130.86408975909956,-84.78752814273109,1958.3408669966266,100.0,1
2799,5.411047238236229e-07,0.3875236081910398,0.08847456940444957,-1.5,-8.963473242324138,-92.80684247893848,1962.3251087428544,100.0,1
2800,3.296353547831291e-07,-0.2831088571574902,-0.1639213864674565,-1.5,-13.899618117928748,35.50790215579841,1964.168851134444,100.0,1
2801,1.5071876934879062e-07,-0.32987803202752447,-0.04655062913443864,-1.5,-1.754256319130756,58.68071777588081,1963.661575275181,100.0,1
2802,5.734916399168899e-08,0.36093241638906337,0.15104976706358086,-1.5,-26.678104417786574,-155.042402706111,1958.229664358581,100.0,1
2803,5.987414082331142e-07,-0.05265286118135777,0.23714445927197508,-1.5,49.424796400483366,-107.97106327119319,1960.9468950644712,100.0,1
2804,8.961335310542846e-07,-0.16960683971837984,0.2426008715019239,-1.5,114.42605578811111,-104.92138383757535,1958.3951254117528,100.0,1
2805,7.022023970040105e-07,0.31038239610575197,-0.21547462839630607,-1.5,-154.7260209117522,26.906867971662056,1958.2515581954488,100.0,1
2806,8.157767491785122e-07,0.43178648717559653,0.07095478073758615,-1.5,-28.998884644641965,21.855635629758815,1964.2033199612297,100.0,1
2807,5.357379314135819e-07,0.18956112673859318,0.31911653124641337,-1.5,131.33530697485824,5.90295705068747,1960.1350663936423,100.0,1
2808,7.130815873499871e-07,0.16245262670416186,-0.23606461216766222,-1.5,-139.4701481546248,80.13660904725785,1957.9426671714025,100.0,1
2809,1.4593204146150548e-07,0.3909586054930157,0.17909501036275402,-1.5,-52.87645664512746,21.62681345686403,1963.708137055629,100.0,1
2810,6.67960865220993e-07,-0.06491465947036601,0.17336238842126536,-1.5,71.27415183803681,-66.82411746022579,1962.108003875312,100.0,1
2811,3.700932848935209e-07,0.45880711680539743,-0.1447956034282066,-1.5,-83.25277217318164,54.62083725227451,1962.013972001594,100.0,1
2812,5.127403002227601e-07,-0.2282381937015163,-0.02217106105049614,-1.5,81.15440026584837,3.3552999291157626,1962.8591369596566,100.0,1
2813,6.202582207756083e-07,-0.24759347537106577,0.045460597688761976,-1.5,26.62714173656459,-4.9580451045991545,1964.352234039968,100.0,1
2814,2.495507329212653e-07,0.2525716174757009,-0.40127023095014946,-1.5,85.86748989049485,133.23329085408187,1958.1340481831749,100.0,1
2815,3.4926181340678456e-07,-0.198073525840716,0.32009519137857007,-1.5,-42.69311577917877,85.42650590255899,1962.2163224834505,100.0,1
2816,1.0334432654611355e-08,-0.07833829237267784,-0.20804891696732636,-1.5,137.75267590098957,-5.091324978589771,1959.6968043445422,100.0,1
2817,6.798676236841411e-07,0.11542133731914211,0.4816430989957596,-1.5,58.67978719087965,77.98860768764683,1962.1130818360868,100.0,1
2818,4.5755922983769476e-07,-0.2429903294898938,0.39702764490809206,-1.5,-6.8446541775985414,140.7956509106595,1959.4751903660235,100.0,1
2819,1.5981774715355235e-07,-0.4356567327114163,-0.12482947855050829,-1.5,-34.332266654708945,32.60143905335375,1963.9683622462283,100.0,1
2820,6.729723045217568e-07,-0.32825369079871736,-0.18765828516998073,-1.5,-104.42662962317516,-100.63037202318309,1959.1788824704474,100.0,1
2821,4.051009511998117e-07,-0.16681633014306455,0.11781622379000062,-1.5,-121.15708733633619,-14.655237108259081,1960.744621433298,100.0,1
2822,3.6394278651182316e-07,0.24659132216330507,0.11870758187575442,-1.5,-14.607200746090955,-40.705480274462985,1964.062875731864,100.0,1
2823,1.7293825937119903e-07,0.3988917215161554,-0.2278054477299731,-1.5,-162.1934491029163,19.201940773052925,1957.737943853768,100.0,1
2824,4.400139662756912e-07,0.06477259494905736,-0.24916820287866107,-1.5,-124.72461257433174,-104.39495443384332,1957.7943586528872,100.0,1
2825,3.426235223176037e-07,-0.15135086811581627,0.21602881617189357,-1.5,-4.486363463731623,-79.35985998788547,1962.9302512905815,100.0,1
2826,8.025892255353687e-07,-0.020342370664371258,-0.30457207648831675,-1.5,72.0850578945715,5.592299502721593,1963.2080268990192,100.0,1
2827,2.481677287120246e-07,-0.14375551345830848,-0.17526321326589456,-1.5,-45.59274562235099,-137.34530672569161,1959.201585986795,100.0,1
2828,4.069502897507795e-07,-0.26605711216561406,0.08147618862701814,-1.5,137.22618851272514,-0.1950428737589638,1959.7403454056557,100.0,1
2829,2.8318777140318365e-08,0.2895888898835431,-0.04305603532620529,-1.5,38.75278207659796,56.0396086700218,1963.3570919238216,100.0,1
2830,2.905187027839703e-07,-0.35152601920821963,-0.008691883713477467,-1.5,24.82314395954777,-129.14292850432204,1960.1324449657534,100.0,1
2831,1.45215722515272e-07,0.4795321289884924,0.0662555707197505,-1.5,165.24367176581146,13.813428605965532,1957.52828955232,100.0,1
2832,4.670404228641459e-07,-0.006815875562724443,-0.007856115997887122,-1.5,-64.21624498169567,-122.51279285849323,1959.6632812125133,100.0,1
2833,6.658019874738106e-07,-0.16488940840945088,0.34064712940664016,-1.5,-2.53214390319897,16.804934360669836,1964.4654409519446,100.0,1
2834,3.782031080409055e-07,-0.3028868449068649,0.20737559095098673,-1.5,-101.37949490067435,-58.01243592426373,1961.063497584397,100.0,1
2835,8.484227790216595e-08,0.35595891059872065,-0.014220266580525288,-1.5,78.48011547829604,74.46331866812893,1961.5578941019235,100.0,1
2836,1.624728907800844e-08,-0.1809826942723075,0.13482862643429822,-1.5,131.94271026829193,17.148901259347618,1960.0281433333516,100.0,1
2837,6.346852071462533e-07,0.09075201644782423,-0.22746323195468032,-1.5,-103.18788611181223,114.67119029302287,1958.4728909389296,100.0,1
2838,4.6634996690935183e-08,0.08584831828105778,0.17874415441438626,-1.5,-148.14665797390214,-29.682976207447496,1958.7201880107232,100.0,1
2839,6.451543069594998e-07,0.1547207622399062,-0.34544326982817625,-1.5,146.40695094359108,-1.7810704241500017,1959.0750671604385,100.0,1
2840,7.572933886337726e-07,0.16295394243025832,-0.31062395163454376,-1.5,95.14763650257031,44.472953209377366,1961.7294334252474,100.0,1
2841,4.725972622896447e-07,-0.31781625631382476,-0.3391307436978731,-1.5,-73.86605778541616,-116.7499962962466,1959.6751083121403,100.0,1
2842,5.881065311474382e-07,0.28969774008223853,-0.11741936742699045,-1.5,-155.58851855717165,34.71711086266815,1958.0603211782484,100.0,1
2843,4.873673600291475e-07,0.26013492962344986,-0.2299368393945718,-1.5,39.17497676956732,76.88445007109003,1962.6429600919525,100.0,1
2844,7.826360029266016e-08,-0.27264778060988754,0.04545648679425078,-1.5,90.73902694842009,34.04266353420172,1962.1469904964006,100.0,1
2845,2.3447564608437465e-07,-0.17894725862024669,0.3452352331157651,-1.5,-41.6065586470079,-47.94917242920566,1963.5129379270813,100.0,1
2846,3.5940895202557216e-07,-0.31359796048477573,-0.11701157885190028,-1.5,-30.397668277778237,102.33970224597769,1961.6360144974933,100.0,1
2847,5.151697251108251e-07,-0.02172624009870126,-0.3895416600092732,-1.5,61.9424172506763,-139.521409261906,1958.5990400204034,100.0,1
2848,3.813361153891451e-07,-0.04566653252869392,0.054230339297260295,-1.5,-49.20592904621392,151.12183996415382,1958.099653311516,100.0,1
2849,4.824855547492785e-07,0.17936148440016278,-0.15491446727662617,-1.5,-0.0632980192710742,-65.89015304635899,1963.4336683450804,100.0,1
2850,8.644075436037778e-07,-0.08601584426671863,0.4709894728673609,-1.5,6.0718465286579475,-104.75273379844398,1961.734763852549,100.0,1
2851,4.219285376028367e-07,-0.011319740349703643,0.47619783456981196,-1.5,72.54569452248124,116.87640189838862,1959.71689668474,100.0,1
2852,7.114956769249054e-07,-0.36012347381967985,-0.3259092580103547,-1.5,62.43808485507221,-61.18103666678211,1962.593093990229,100.0,1
2853,1.947737050684289e-07,0.08366014153770965,-0.48321690272067463,-1.5,-69.20097861765015,-151.74882786852032,1957.4465009458165,100.0,1
2854,8.605232914363141e-07,0.344458007869866,-0.24397229767589396,-1.5,132.35538627197622,83.18097295474132,1958.3095423679142,100.0,1
2855,4.5328687985996773e-07,0.4417401580304606,-0.04736592810876614,-1.5,-16.874558359271834,10.170798376538011,1964.4401468119854,100.0,1
2856,2.0032760628694977e-07,0.11304317179019516,-0.3350159245175702,-1.5,-68.46665210634035,-139.8719807467893,1958.3568195856062,100.0,1
2857,2.18286600715561e-07,0.12001761482563537,0.4470026565422623,-1.5,130.48918545864024,58.18009025806078,1959.3368612472016,100.0,1
2858,4.161586169904922e-07,0.2165674476992571,-0.26408578843038816,-1.5,-127.36143688131683,-73.05226631815545,1959.044592919579,100.0,1
2859,7.600446410505229e-07,0.1383253464615638,0.3319709759369099,-1.5,-163.2962675731147,28.871794798506393,1957.527531026814,100.0,1
2860,2.748670753763323e-08,-0.2477747745309376,-0.3761212265790349,-1.5,-42.108166396800456,-127.08073211717135,1959.9721110550004,100.0,1
2861,7.882597055601457e-07,0.364300550887676,0.2886132260965335,-1.5,68.36457184047802,-39.34378157836669,1962.9548233299495,100.0,1
2862,8.944265957761691e-07,0.3696441098996028,-0.1577476420260617,-1.5,-139.76880226800077,36.0059794047437,1959.2298327725118,100.0,1
2863,7.218436182832697e-07,0.05590583986667833,0.492330495506733,-1.5,-149.6160902275035,0.2674210051086864,1958.8333875797534,100.0,1
2864,5.243423202204568e-07,0.17494959505523056,0.31338280075301733,-1.5,-37.1647481252248,54.030715055059694,1963.444104015584,100.0,1
2865,8.731773258667408e-07,-0.038985332638560244,0.3614945982300509,-1.5,119.12972105834041,-46.45061583007709,1960.3733665084567,100.0,1
2866,2.207491662761931e-07,-0.2700404302989026,0.12694280887959625,-1.5,-88.05066102160397,-125.58840866014027,1958.5422944041836,100.0,1
2867,2.852997574911446e-07,-0.3723677171253295,-0.08204034969451492,-1.5,41.127184657999884,124.93685734100245,1960.1307667158312,100.0,1
2868,2.249194175829703e-07,-0.30244663341924566,0.05936022102528355,-1.5,55.575568362654096,15.409150457462776,1963.6922367187478,100.0,1
2869,2.50395795156558e-07,0.2620156072460336,0.23848723428700347,-1.5,-100.34974106107488,11.947227039926155,1961.937939768015,100.0,1
2870,1.2482700173665615e-07,-0.22338888801107618,-0.2105582026876228,-1.5,75.28763897360614,86.65416896753212,1961.1823252019324,100.0,1
2871,7.866929516479245e-07,-0.1687134422020415,-0.21620805406501561,-1.5,166.6169809904937,33.9897818292791,1957.1654918894678,100.0,1
2872,3.026074791351033e-07,0.02432889699581975,0.07201988221772053,-1.5,40.404469673744465,21.62846131694776,1964.004321471207,100.0,1
2873,2.202142681156214e-07,-0.33632088446137637,0.15861803062073423,-1.5,-109.49323982226456,-82.2321272553401,1959.7608001861904,100.0,1
2874,5.395738403923823e-07,0.06008731489148055,0.2987582068991242,-1.5,-65.88613661068096,-32.94193101403388,1963.1574395472505,100.0,1
2875,8.975846380028351e-07,-0.4448446691493048,-0.10914368229004319,-1.5,-11.732263074872545,163.30603345591,1957.7044668964136,100.0,1
2876,5.931430689276042e-07,-0.35092869688903144,0.3244265673853632,-1.5,-60.056626343430295,-55.14561748812889,1962.8462621331885,100.0,1
2877,7.253947011531638e-07,0.11549108277928641,0.4043216424321408,-1.5,-76.9035018823071,-68.25277483962114,1961.8462468784503,100.0,1
2878,6.364337413594333e-07,-0.0940450910038176,-0.3052920114925398,-1.5,-117.63343842952295,25.528314527415233,1960.847767060658,100.0,1
2879,6.096184305656666e-07,-0.10790452990904885,-0.33869486403225724,-1.5,-26.553372043688686,-113.63965172061688,1961.069665834454,100.0,1
2880,7.267156519062951e-07,-0.002404825869356744,-0.3798053603585368,-1.5,-126.05764442506471,95.51819481677242,1958.1621564638308,100.0,1
2881,7.31258709543884e-07,0.2599638338060307,-0.009451921025757067,-1.5,2.853978896111689,-134.92725373524524,1959.8978997055067,100.0,1
2882,1.0511670643369048e-07,0.1474525706553991,0.42146559469582234,-1.5,-50.12737417062778,-4.830330774385301,1963.893378096046,100.0,1
2883,1.572024548084255e-07,-0.040325198670325316,-0.0002786276223147168,-1.5,44.513546607062246,76.53178947342194,1962.5429207114396,100.0,1
2884,3.9501126049676694e-07,0.09497410392121214,-0.2477961121752385,-1.5,66.57367096790209,-96.43331856056514,1961.04101121608,100.0,1
2885,2.088168544578526e-07,-0.2575573397494902,-0.20451028344353214,-1.5,-98.82493498706675,-133.12069692622867,1957.5305357875795,100.0,1
2886,1.5690963150737904e-07,-0.2909468640449835,-0.390927683832594,-1.5,139.81261651810604,-41.95809375224647,1959.1082759503545,100.0,1
2887,1.0909601245807926e-07,-0.19293245110461055,0.07846196285999822,-1.5,-155.32283442112978,-0.6179427434119232,1958.3890628576037,100.0,1
2888,7.453468058197106e-07,-0.05723604462182318,0.3357483218346246,-1.5,65.80312544860821,152.39359395268437,1957.513582959135,100.0,1
2889,3.1727216424174855e-07,-0.3087897112265323,0.006995936091031855,-1.5,21.192712772965415,109.10278166824219,1961.3925507719523,100.0,1
2890,3.5175175663644767e-07,-0.003009171329748869,-0.33445281012965217,-1.5,134.8521847116203,34.49986684313949,1959.6014731910261,100.0,1
2891,2.6951768329659103e-07,-0.23212731627195354,0.25483674076330276,-1.5,-100.15717451635436,-22.026949362653202,1961.8605047660262,100.0,1
2892,2.310062385448295e-07,0.24708919516494446,0.2176792688610341,-1.5,82.33139512817785,-56.04554065918937,1962.0126719811467,100.0,1
2893,6.857198795308071e-07,-0.00037490327403221304,-0.06189962239204198,-1.5,-67.3163594980087,73.65961913770043,1962.003071995188,100.0,1
2894,8.977026953419449e-07,0.11532457180920382,0.1477062220502404,-1.5,-56.29680246023528,101.42100112531612,1961.1113524809402,100.0,1
2895,8.54996431514112e-07,-0.1748791999333684,0.10665327773183643,-1.5,97.5602106940356,44.25112820469452,1961.6159484486454,100.0,1
2896,1.611915523665375e-07,0.0975970610962064,0.259602329276838,-1.5,3.347718415723891,51.60785067509271,1963.858118295779,100.0,1
2897,3.25024553744853e-07,0.26150852454998524,0.09256657465261635,-1.5,-94.59491853666614,-46.76348744623769,1961.7028989872647,100.0,1
2898,8.539643139875055e-07,-0.284067117562547,0.0775021940317963,-1.5,21.7952898298054,71.95974558679971,1963.0996018089477,100.0,1
2899,4.147792687109821e-07,-0.3920465430172302,-0.07805949719794562,-1.5,-5.726540854031324,-157.95532563599033,1958.170219388296,100.0,1
2900,2.9502740502124608e-08,-0.24822584163574432,-0.24248658562846157,-1.5,46.15370871563783,-70.15948165415669,1962.7431743791503,100.0,1
2901,5.144472341847877e-07,0.23163581834954697,-0.11137653511012471,-1.5,25.93889720350806,149.9184573325671,1958.6385363381933,100.0,1
2902,4.5031862470407063e-07,0.07395288467446004,-0.09187149138723376,-1.5,104.70072190464049,126.57517937314041,1957.6592576506862,100.0,1
2903,5.575261498329145e-07,0.27911387676060484,0.2922475757280409,-1.5,75.55391693854656,-8.514963828671341,1963.0670868038032,100.0,1
2904,7.594067072958154e-07,0.34482782202097423,0.2545713726604258,-1.5,-12.56224382333741,44.61021305257665,1963.9922110812095,100.0,1
2905,4.6415773759383245e-07,0.29945905807801726,0.2496862802575319,-1.5,-162.8544089194801,20.705205785480455,1957.6677507215056,100.0,1
2906,4.300753346010218e-07,-0.18551938022615308,-0.10783172759156077,-1.5,-37.60698245490475,-3.6475136396440275,1964.1755768721432,100.0,1
2907,3.8585315218549686e-07,-0.16282615962164593,-0.04000382053204259,-1.5,-98.01701812942862,-32.05566683701077,1961.8303659202497,100.0,1
2908,2.586215903498077e-08,-0.16427518202535782,-0.45903884531258615,-1.5,95.76035414262532,48.245058137549506,1961.6104748919736,100.0,1
2909,2.1141762350851946e-07,-0.3889274789152494,0.06835815020359709,-1.5,-12.469842802240512,-56.36886068914984,1963.6904900801514,100.0,1
2910,4.1671528613466023e-07,-0.11436544642575981,-0.2878047593796436,-1.5,-83.28215970951481,148.0739341843886,1957.1794700934831,100.0,1
2911,7.202351653220496e-07,0.019481313777628302,0.4165685530391986,-1.5,104.90505819029508,-112.0441467648916,1958.5337179144885,100.0,1
2912,7.919808206631173e-07,0.16981314570944997,0.18343136575099045,-1.5,23.449665125276752,-65.65668294209202,1963.3014540453753,100.0,1
2913,1.934979164754716e-07,0.38757975341279516,0.005935679819990623,-1.5,93.6238032130422,57.36373159314186,1961.4681419884869,100.0,1
2914,1.7808461448841235e-07,0.2844754793090007,0.21308315803863567,-1.5,-33.56233139375474,-110.81091592329625,1961.1241156769725,100.0,1
2915,8.863280385031443e-07,0.3158084319487023,-0.17045061554479696,-1.5,-16.561041226180613,158.20148041117022,1958.0886879238515,100.0,1
2916,4.826929123532036e-07,0.2720672100736646,0.23309328582423924,-1.5,-82.54271032518196,79.26474644580071,1961.20296940658,100.0,1
2917,6.611901940956288e-07,-0.3189185294543807,0.2788243836417747,-1.5,105.09396750311878,106.47275414781303,1958.8343719888019,100.0,1
2918,7.024071604539087e-07,0.45165220316132926,-0.2070415938488545,-1.5,-36.976236485800825,121.96018344802471,1960.4009176326156,100.0,1
2919,3.5700594824126444e-09,0.0523498679016902,0.053612738845432814,-1.5,-123.73266394673584,50.78169863560525,1959.9807991973946,100.0,1
2920,8.220802061561081e-08,0.1503767848671888,0.23219632334964485,-1.5,-3.344668666590639,-69.29146736289034,1963.3137273518819,100.0,1
2921,2.7908093440383496e-07,0.3179789221651841,0.05429104527158987,-1.5,146.7192790876264,-82.16201790861207,1957.3288283329716,100.0,1
2922,5.72375778680964e-07,-0.4306538151120771,0.10362360484936034,-1.5,-76.86524110882284,-28.995796651620946,1962.8204871439343,100.0,1
2923,3.892472563388526e-07,0.18187875019067823,0.06557671969099065,-1.5,-128.85111977252396,32.4986373218697,1960.0394163821602,100.0,1
2924,7.356489273619972e-08,0.16949555648055753,-0.14241570167287182,-1.5,-3.251562336889338,8.047606322312912,1964.5197758335194,100.0,1
2925,2.6755671852894693e-07,-0.1110598628428086,0.22305584174461937,-1.5,-29.651067778301798,-122.485180932482,1960.4926628012854,100.0,1
2926,4.049444805810791e-07,0.19621399443403253,0.23281474775478878,-1.5,70.09160823265975,-34.63994226442398,1962.9825590466687,100.0,1
2927,7.826472536921087e-07,0.4035233391720323,0.20300481977741708,-1.5,-107.1287756205058,-9.461179619780971,1961.5930255229764,100.0,1
2928,5.039794038223105e-07,-0.135151407730918,0.27080234935784997,-1.5,-31.17917299717143,-32.995288595551216,1964.0143727498125,100.0,1
2929,6.179988211308281e-07,0.1001010372388591,0.32854602889606516,-1.5,66.61942660267721,-21.12413629984224,1963.295420748199,100.0,1
2930,2.216715161536093e-07,-0.02507531757084225,0.15526365055402244,-1.5,90.30308891146008,-119.76824551376916,1958.8042795965434,100.0,1
2931,8.154683483363557e-09,-0.11493923233733155,-0.33773384848067917,-1.5,-28.29908478094816,-111.80767982524846,1961.150552813013,100.0,1
2932,1.492812009660858e-07,-0.055118288082992295,-0.4783054105787429,-1.5,-38.92390875010224,-86.06577349338397,1962.2667754988695,100.0,1
2933,1.4532952331089938e-07,-0.16816721644684704,-0.4559610828599625,-1.5,-162.60438462242894,-27.14197151280217,1957.6098727147069,100.0,1
2934,7.879964016058786e-07,-0.2649519832102846,-0.14577626969428573,-1.5,-48.04909437901232,97.9235807278831,1961.5084866329073,100.0,1
2935,3.145763196398047e-07,0.09590031426827815,-0.4670317081027384,-1.5,57.37131098241695,-62.96906080629185,1962.6911922978263,100.0,1
2936,7.469360664920828e-07,0.06784359081592872,-0.47365063143613234,-1.5,-37.878882098711564,63.724240653841115,1963.1397550124072,100.0,1
2937,1.8867299978042514e-07,0.41528340491981447,0.14360509385632822,-1.5,28.704135149826982,54.60495106084806,1963.5701307086217,100.0,1
2938,1.8322568040969685e-07,-0.020214023980631095,-0.05149845287957397,-1.5,24.758685669911966,122.82354364281983,1960.5393826386273,100.0,1
2939,9.030516252241465e-07,0.030669921190647202,0.07084060882377693,-1.5,-156.83350811829123,58.98675903287732,1957.3801621698935,100.0,1
2940,2.9131352868309106e-07,0.06010977443240965,-0.11824806874139339,-1.5,-111.35488337905093,-63.69238849612778,1960.3460551294067,100.0,1
2941,4.544970260385712e-07,0.014333596950210916,0.10235693312829491,-1.5,106.21872122033677,-59.44096653995347,1960.7645552246306,100.0,1
2942,4.5831283301116563e-07,0.05134787818724257,-0.05146451003731823,-1.5,-51.44010010292095,-30.04225741211102,1963.635573403863,100.0,1
2943,6.888771940754152e-07,0.24190004271318774,0.11230060485389788,-1.5,-15.519221675361694,72.55658380164213,1963.1372805210942,100.0,1
2944,6.622050885506835e-08,0.4118830775255117,0.07382535056789104,-1.5,78.44146398007668,85.85740695319815,1961.0937582548333,100.0,1
2945,5.935954303756169e-07,-0.4554152272500525,0.002239482905373159,-1.5,102.02750279945441,-76.64089371602577,1960.390228589463,100.0,1
2946,5.162104239951115e-07,-0.006952672282643353,-0.4093889318665317,-1.5,-117.247965178387,-73.38981649123217,1959.663271014447,100.0,1
2947,2.8580046283703395e-07,-0.24085023774649308,0.23579716803135348,-1.5,118.4536236463281,36.94362233371802,1960.6165341749133,100.0,1
2948,1.7213468461396235e-07,-0.008348157396611714,-0.020682155895882008,-1.5,60.22885422957056,-38.93367395226944,1963.229467081447,100.0,1
2949,1.507470335665489e-07,0.13831357106976958,0.37910647670781905,-1.5,35.45619407050528,146.89917193928568,1958.7181466080613,100.0,1
2950,2.3470220502390751e-07,-0.24757422427529818,-0.24822808725489603,-1.5,-126.21378567660948,-32.40109200061327,1960.2126251528118,100.0,1
2951,2.590427170084164e-07,0.12132943661990558,0.014761443999035713,-1.5,38.3915877249711,-91.07429933507468,1962.0511828845629,100.0,1
2952,4.4322203175897496e-07,0.2225303177427869,0.202567932906462,-1.5,-84.8009736084481,78.25671863352581,1961.1471049184208,100.0,1
2953,6.943943390376416e-08,0.19634460336317494,-0.06510131619547492,-1.5,-98.27127891454855,-108.25567843714786,1959.0907967964995,100.0,1
2954,1.3717949822837714e-08,-0.3211704334738469,0.3359093026589752,-1.5,-2.672801513691164,-137.45820998295605,1959.7222718810135,100.0,1
2955,5.345397683031974e-08,0.1435174964912306,-0.11076493983541454,-1.5,-80.63253042949273,-119.14301428769052,1959.2643066848104,100.0,1
2956,5.577108449621199e-07,0.3124344495625877,0.22115999731999328,-1.5,85.63114275994502,-19.766917571290897,1962.572256663557,100.0,1
2957,4.679353307007362e-07,-0.029620713844832187,-0.15871415158130409,-1.5,-132.85442614122985,45.86495111699305,1959.5048849083923,100.0,1
2958,4.575978162492737e-08,0.20331002778655363,0.3176858496448369,-1.5,80.49547046420994,-12.106440472100907,1962.851802760456,100.0,1
2959,1.142045939705829e-07,-0.22105104939406695,-0.2208066094286469,-1.5,3.812739091984369,-93.69530747267315,1962.2996556704456,100.0,1
2960,7.059685171441812e-07,0.2529024458997085,-0.3909847903941866,-1.5,-34.838691104168426,-19.02389808795175,1964.1378880236027,100.0,1
2961,2.384598218499452e-07,0.11416673600453728,-0.14111058179767647,-1.5,60.77984453278526,109.93296415011953,1960.5187681218126,100.0,1
2962,6.825418408270618e-07,-0.18932748222658166,0.45724652626617035,-1.5,-82.73136289825835,39.59586390402782,1962.39674261369,100.0,1
2963,8.799264231848768e-07,-0.31985801344044,-0.3114678286386126,-1.5,-88.78921866705717,133.40158410022215,1957.992282485857,100.0,1
2964,5.4086705591924744e-08,0.2159380792564252,-0.4508594700887858,-1.5,85.96334582344709,-52.6851410398161,1961.9500160183961,100.0,1
2965,4.966207583316138e-08,-0.44387473774740055,0.13995770214395056,-1.5,-165.8630372574117,12.97236605162769,1957.4816619465175,100.0,1
2966,7.675578651018975e-07,0.3826206162801398,-0.29343974244745774,-1.5,160.94984338166745,-47.37338509286922,1957.3615395645206,100.0,1
2967,3.6472263134782954e-07,0.4247269188272223,-0.23365986874658862,-1.5,-28.81449729106763,9.63853187830689,1964.3039758945724,100.0,1
2968,8.408912966699565e-07,0.12568262074089032,-0.010768964479827663,-1.5,-29.81682091948743,105.28740020477615,1961.488925998438,100.0,1
2969,6.342100021897472e-07,-0.36241591484620117,-0.1521996745928562,-1.5,141.12975090643667,-50.97876119435828,1958.7998482699315,100.0,1
2970,2.4637297593368484e-07,-0.013304258393223876,-0.49634533089468624,-1.5,50.8848844075391,-105.69826705565939,1961.0333732872557,100.0,1
2971,6.472143595212625e-07,-0.22216526289959737,-0.07001346906875071,-1.5,-149.4077144389317,66.64828201149894,1957.7151548775378,100.0,1
2972,6.386385995244219e-07,-0.03439162769855791,-0.17272314676326608,-1.5,94.62500376888859,-14.886406924633416,1962.2022805553822,100.0,1
2973,8.190962134037044e-07,-0.42915338626295735,-0.15673696789604796,-1.5,-143.7723538489141,48.89380063498338,1958.660816168624,100.0,1
2974,2.2404401922989285e-07,-0.3222226888039824,0.24604866815982293,-1.5,58.30226862899529,-29.3825981814343,1963.4537923421963,100.0,1
2975,3.167998600736623e-07,0.38759908012679883,0.2662393991456401,-1.5,-111.14325361250772,-49.16524833504923,1960.7761835045605,100.0,1
2976,1.5357174559733308e-07,-0.3953662119978607,-0.2774603698365108,-1.5,-20.98709745250726,159.02193086689982,1957.9797888410424,100.0,1
2977,7.885952772260882e-07,0.26586407858295846,-0.0679808711889962,-1.5,-41.16873702312998,-9.563581140057881,1964.0842546270333,100.0,1
2978,4.55364258510869e-07,-0.3355825195459711,-0.2701479500416492,-1.5,-102.63888282866696,83.02228166932849,1960.0984278204585,100.0,1
2979,6.85488696218032e-07,0.23519956031833342,0.42788191852500257,-1.5,70.61739239455822,95.06995141853027,1960.966132929073,100.0,1
2980,6.310597386481265e-07,0.14264102163381098,-0.4737348845048654,-1.5,71.96081473325532,-107.38895775467878,1960.2812398126503,100.0,1
2981,5.568128110874304e-07,-0.1328869765986539,-0.32062423088891434,-1.5,-123.50544230804321,-77.76042726924162,1959.1102592598843,100.0,1
2982,5.740809749045742e-07,-0.04981619413270169,0.1704387640513556,-1.5,95.56839141585614,-62.44217740489055,1961.2192491685505,100.0,1
2983,7.701436879958971e-07,-0.295481800500957,-0.04095094599215759,-1.5,10.985089200472096,-154.63454482823005,1958.4128195115438,100.0,1
2984,1.950253164052214e-08,-0.3532486816558198,0.3500873750471622,-1.5,53.12623047195453,113.76299803107766,1960.5226012930718,100.0,1
2985,3.4783634437968823e-07,-0.08138452155197942,0.29756683400996076,-1.5,164.56952099811363,-6.704974830964284,1957.622333939082,100.0,1
2986,3.099291856057454e-07,-0.3190390425086046,-0.27058107417180494,-1.5,11.730636216490021,56.22652817836007,1963.6991256221245,100.0,1
2987,8.297722214342736e-07,-0.04060710787782193,0.06459512327467297,-1.5,-14.063710442392898,159.800169064367,1957.9783972969985,100.0,1
2988,5.5462024875612744e-08,-0.24156482249463426,0.09127589774087355,-1.5,-69.79235879825643,-109.79587804789223,1960.2263078744757,100.0,1
2989,1.1583611261640415e-07,0.09563068711681842,0.2869528673215685,-1.5,-119.84809577200704,43.42008834836455,1960.399045126725,100.0,1
2990,7.311161876296098e-07,0.13615857461824182,-0.42455213564978744,-1.5,108.95560402976261,10.677762427120511,1961.4861579950523,100.0,1
2991,2.172797802749019e-07,0.1913117834490521,-0.13371126819465456,-1.5,7.420808450011895,5.442667274634658,1964.517394995783,100.0,1
2992,8.091387858005196e-07,-0.1621546545805684,0.10008956986802856,-1.5,127.7421988428429,6.2301167027792514,1960.371496055479,100.0,1
2993,2.0193909935041997e-07,0.1465455426641629,0.13791988188345838,-1.5,-80.21215460724046,20.633342258315007,1962.792286949041,100.0,1
2994,4.2861214037534016e-07,0.1026762075651109,-0.4842691905972062,-1.5,-28.8125237233783,76.80464711975485,1962.8255579453898,100.0,1
2995,3.629624824943122e-07,-0.07520084068232057,-0.30950101195375307,-1.5,46.548784053894124,126.74442080861034,1959.8934534211612,100.0,1
2996,6.910771698633848e-07,-0.4211059580331269,-0.04725252315412285,-1.5,120.01186400488375,1.2441698605628477,1960.8694221710844,100.0,1
2997,5.462658193637399e-07,-0.34030840961923164,-0.23844370878869334,-1.5,-7.555766543914168,-134.0305696692232,1959.9469388358984,100.0,1
2998,2.612061411914826e-07,-0.4514149677210511,-0.19588155790097156,-1.5,-36.26206278540635,-54.29400445602042,1963.4537198897274,100.0,1
2999,8.539699326518917e-07,-0.27845110793938144,-0.017943911070212603,-1.5,-55.234653165557525,-139.7185162980873,1958.785632875449,100.0,1
3000,6.156910678871333e-07,0.19500125277989758,-0.4380416847306965,-1.5,-95.08524052519206,-2.4662560187782274,1962.2349504790825,100.0,1
3001,2.718374867085867e-07,0.17615210554682528,0.2638901675333044,-1.5,-55.91946251130164,-66.3311547675125,1962.6223472399847,100.0,1
3002,3.260703659833964e-07,0.02474495472644737,-0.3957673015966181,-1.5,102.91707699728538,80.94898166019912,1960.1705598994804,100.0,1
3003,6.252094615673146e-07,0.24096415766457457,-0.045887604043529026,-1.5,-65.35103974405116,12.54414978532184,1963.411615575467,100.0,1
3004,5.587384621804728e-07,-0.03508551558039298,-0.011052684528366613,-1.5,53.88174537528466,25.354810419495948,1963.6362130929535,100.0,1
3005,1.7775910668800252e-07,0.2932174266228096,0.14517538275073436,-1.5,5.320564103327425,-15.506228934405517,1964.4705481956169,100.0,1
3006,7.471570791041911e-09,-0.14491178012485598,-0.4434986205997281,-1.5,122.35368297811749,91.29986908599199,1958.5982733661087,100.0,1
3007,1.963591945673479e-07,-0.44111834457859156,0.17174199025166625,-1.5,14.014501833554165,115.90652283718296,1961.066688812056,100.0,1
3008,1.5443392669989458e-07,-0.1083421030114403,-0.014216097847031237,-1.5,49.487800824161205,136.06922222777104,1959.1961133582438,100.0,1
3009,5.939566174986641e-07,0.27698739646404524,0.17709063563407784,-1.5,68.54250360168761,-125.06892052822883,1959.3552451212229,100.0,1
3010,3.8933102684607026e-07,0.3157614271389381,0.30840119650227227,-1.5,112.21096138392869,-36.08844331119992,1960.9996457599884,100.0,1
3011,3.5622783242883137e-07,0.3324057143553008,0.08216422565050321,-1.5,10.234795565677063,91.14799352265953,1962.3966414827185,100.0,1
3012,7.44709428330237e-07,0.1817951190130059,-0.37353915732110476,-1.5,55.53388048622715,-5.899508925569651,1963.7450114968362,100.0,1
3013,7.161441884435886e-07,0.234787376059681,-0.3293241389533438,-1.5,-115.44693022800465,-13.23165060044656,1961.0992366500602,100.0,1
3014,2.8796418026914553e-07,-0.08470017951164698,0.1459961784712454,-1.5,-11.236505333299254,116.43731309594244,1961.053130165785,100.0,1
3015,2.162861694396424e-07,0.08293501277833296,-0.4355490890576879,-1.5,64.24137991470862,8.944676637528005,1963.4679330543281,100.0,1
3016,1.9071448693718816e-07,0.4881129156090957,-0.04508237379483838,-1.5,134.9501932691474,-61.66944409745617,1958.927923959292,100.0,1
3017,6.673287286136285e-07,-0.4508026952547613,0.08282188649282766,-1.5,-21.992625973690014,-92.29758489568944,1962.246357237372,100.0,1
3018,8.38603885409847e-07,0.19385745598705442,-0.24425489460607655,-1.5,19.530978713832802,-143.25526097701004,1959.2115141911095,100.0,1
3019,1.9541908586193424e-07,0.11516567439266148,0.007806467389584725,-1.5,58.10734601632342,-76.64568392020828,1962.183034719614,100.0,1
3020,8.869178040136331e-07,0.33828888896468146,-0.3060488739453465,-1.5,35.874837431579905,19.16393320968006,1964.1178747644765,100.0,1
3021,3.3412147698406926e-07,-0.43590320991564235,-0.0517400229130265,-1.5,78.1605505614997,-11.255110212541492,1962.9512314614844,100.0,1
3022,6.408313813362056e-07,0.09603552309575576,0.18363217333201928,-1.5,107.65591788839221,-24.094198227121975,1961.439002166912,100.0,1
3023,5.435360067484145e-07,-0.06301193479264296,-0.18319697258683934,-1.5,140.26030184692726,86.91531309420279,1957.5970122427334,100.0,1
3024,8.794786820273171e-07,-0.23945402230758983,-0.1451357145207166,-1.5,111.95069538817211,-40.69248663075864,1960.9243865075578,100.0,1
3025,5.198673094527522e-07,0.20149965854147894,0.022868045283199707,-1.5,-159.26190890717015,-0.32496381515767553,1958.0727323150932,100.0,1
3026,4.114840585231601e-07,-0.023659617861519492,-0.01916077374571219,-1.5,-141.88743628198432,45.238284695220294,1958.886096558269,100.0,1
3027,2.601612999856989e-07,-0.1553921424453085,-0.1846187818974171,-1.5,-9.769987656743526,-170.06065813617715,1957.1400578807866,100.0,1
3028,5.361445535236271e-07,0.06261133410698316,0.09292442946313939,-1.5,-97.92327636597588,-84.22386095097633,1960.2884123154925,100.0,1
3029,7.301881828540533e-07,0.021147739902177262,0.35146955936694846,-1.5,57.80851529575952,-99.05938760512291,1961.188083675997,100.0,1
3030,5.504870821759118e-07,0.2985034455791944,-0.07067230983427909,-1.5,110.25378916977414,-114.64874760141953,1958.0891330358952,100.0,1
3031,7.680395963535616e-08,-0.1501395566473039,-0.023785296293965825,-1.5,82.34242371638184,23.9533417941773,1962.6663621052699,100.0,1
3032,6.756646844651014e-07,-0.25988616008731646,0.3836739696345385,-1.5,-116.27703599932934,-43.99162667316819,1960.6013551836566,100.0,1
3033,5.545855084766025e-07,-0.09818665056570215,0.40462752300864085,-1.5,149.9859484755112,-59.32399175494126,1957.9065773239265,100.0,1
3034,7.880172176386543e-07,-0.45545090989858367,-0.006262172629092367,-1.5,86.54906985793333,13.046458055647664,1962.5881724664143,100.0,1
3035,9.464886338068836e-09,0.14166048603413603,0.03136927232464973,-1.5,-88.4302089844236,11.534388097698937,1962.5137814283787,100.0,1
3036,2.416955418384936e-07,-0.0014198363755160712,-0.27086459349608116,-1.5,-37.99644625071349,-101.19599883980715,1961.5628784612695,100.0,1
3037,2.3360212215818139e-07,-0.038110004102513584,0.2905273245888775,-1.5,13.80868385059753,-23.786964125235254,1964.346401950061,100.0,1
3038,3.9134340976455183e-07,-0.4744289019144908,0.01961518814563299,-1.5,-116.8708009606544,8.106153478032189,1961.0427818955752,100.0,1
3039,7.868309757572867e-07,-0.1142910446538889,-0.03050804313915783,-1.5,111.39174203493094,-117.54620279869697,1957.8529199815196,100.0,1
3040,7.658390681750882e-07,0.06492036245288893,0.018447391110811208,-1.5,129.35134087625153,-40.84695925380198,1959.850260300354,100.0,1
3041,7.40126990494302e-07,0.17483073726906015,-0.16596924485516668,-1.5,-30.239672760223208,-133.72568280711863,1959.7490375594666,100.0,1
3042,3.548332495171583e-07,-0.06742418921458165,-0.10021845113638123,-1.5,-18.625381203832678,65.96668998065272,1963.3427559277925,100.0,1
3043,3.117609244972949e-07,-0.13493997399851018,-0.09159956017384545,-1.5,55.95163127325389,86.89943628112022,1961.8183374609425,100.0,1
3044,6.977518657129522e-07,-0.3239406686854525,-0.3471275513228158,-1.5,-93.20198213429798,125.5916907452572,1958.3037057637707,100.0,1
3045,8.453824722989133e-07,0.3934894094346092,0.2075514585118902,-1.5,-64.86812551571887,19.57271723149106,1963.3701437320433,100.0,1
3046,8.126100069680907e-07,0.3992572600658347,0.21987249753783042,-1.5,120.45346655605323,3.9916517704301526,1960.8386765302505,100.0,1
3047,2.9914266846715085e-07,-0.2503370696732627,-0.2909839514811677,-1.5,-145.25468199536826,50.61238119983654,1958.507786681952,100.0,1
3048,1.843529799829844e-08,0.44861414384954695,-0.18113806403908056,-1.5,-147.1307219966158,-0.42029136891215363,1959.021607911983,100.0,1
3049,3.9404845539749e-07,0.01225952487882332,0.21641822329750324,-1.5,37.60236410509504,37.66787715931782,1963.8178325675092,100.0,1
3050,7.451803097614925e-07,0.4656442925736481,0.1606280662638157,-1.5,-24.466790887728138,-106.98680360732435,1961.471000617566,100.0,1
3051,5.176362340279244e-07,-0.2379168787708518,-0.36293728066253034,-1.5,38.55275184428484,-47.6049003680047,1963.583648600771,100.0,1
3052,6.290326492707312e-08,-0.3952201596679467,-0.16340405464348595,-1.5,-142.10170283304683,-72.40701654102811,1958.0545488503906,100.0,1
3053,8.554069799041041e-07,-0.09061458105557885,-0.0387248284321727,-1.5,102.73889898705679,83.20399864924212,1960.0854827047303,100.0,1
3054,1.5517656177319614e-07,-0.20956789100519593,0.12436714035182642,-1.5,15.823816166837279,113.67221556272007,1961.1837039189143,100.0,1
3055,6.442796806544227e-07,0.3045313199351207,0.16273638114876143,-1.5,-148.99428681542122,-69.82253945345957,1957.636023817187,100.0,1
3056,4.218253338905656e-08,-0.2607663610972861,-0.0032869431179922003,-1.5,-169.47756016985844,21.410543960459574,1957.0979105482486,100.0,1
3057,5.084552055584503e-07,-0.03674942493331794,0.3393191987606272,-1.5,74.34998273323475,-151.8354149879482,1957.2509734546402,100.0,1
3058,3.255436095602897e-07,-0.11800670044353541,-0.23642605170272946,-1.5,24.505826564288792,-62.46435891718476,1963.3927153261004,100.0,1
3059,1.429304361105394e-07,0.20635040798690954,0.27244552814346884,-1.5,-123.0124010413025,24.491577878272132,1960.5308969942855,100.0,1
3060,5.407646420965607e-07,-0.3732473773231659,0.17742309065929143,-1.5,10.464483695315653,-87.83494720989621,1962.5465097407898,100.0,1
3061,3.3997340896599184e-08,-0.06230219256285426,-0.09729428786058601,-1.5,2.668925320457006,-35.63389368460467,1964.2139365977014,100.0,1
3062,5.336574077887623e-07,-0.03923843021845774,0.10487677251479052,-1.5,63.66905606020777,-40.68063962907608,1963.0854854350848,100.0,1
3063,2.9301503266154416e-07,-0.19496021429309363,-0.45469156437153957,-1.5,-40.84374894305897,-31.019609381000556,1963.8693587589419,100.0,1
3064,8.363637996990239e-07,0.4220608029378675,-0.09776878731700987,-1.5,-93.35594707321421,-14.252822497768209,1962.267772365189,100.0,1
3065,5.52606538905895e-07,-0.23890431439664953,-0.026315657060923578,-1.5,129.92985756913788,-23.41964280417957,1960.0977115208107,100.0,1
3066,1.4724443535191403e-07,0.20705260036748802,-0.3994491005671113,-1.5,-9.675155562847262,-80.90185368894993,1962.8485850163424,100.0,1
3067,2.8583245936035877e-07,0.2644496977652219,0.06372670933975284,-1.5,-123.4893331400473,-40.746924858092456,1960.2304351737237,100.0,1
3068,6.557966571293548e-07,0.417209391404744,0.192453166752072,-1.5,134.22534281783035,29.875994397914504,1959.7204567412932,100.0,1
3069,5.609269524159196e-07,0.34244491822587825,0.29188977429879,-1.5,-86.69315365111133,-49.719000142050675,1961.9953120232044,100.0,1
3070,7.069308069213253e-08,-0.17202088982544506,0.04897588005771903,-1.5,-65.36826436349214,92.29688204010078,1961.2805923288772,100.0,1
3071,7.005968355220287e-07,-0.11078944013330926,0.1492484197713042,-1.5,71.81746715355949,-38.32448902180487,1962.8516936383646,100.0,1
3072,5.731973950911518e-07,-0.15319354209823405,-0.03440575585625784,-1.5,-25.825128704888936,-26.59630136355928,1964.1891420500435,100.0,1
3073,2.8108080683433834e-07,0.27624557745461664,0.0325088688588121,-1.5,-111.05668170782215,31.453496370182577,1961.1451698638398,100.0,1
3074,8.778964089449856e-07,0.19719934690844754,0.2369205237067019,-1.5,-82.10661521862846,-84.25599678159098,1961.013186342665,100.0,1
3075,7.945382587994187e-07,0.42185169881498324,0.0691237595740759,-1.5,-115.01468934833899,32.585915308002065,1960.8985352699349,100.0,1
3076,9.089818415820896e-07,-0.2760268003362007,0.07082959747562,-1.5,22.142985972682855,136.3787481251803,1959.6744146664143,100.0,1
3077,1.6814173577764924e-07,0.28362922986865835,0.26306414350908097,-1.5,-112.84749184726297,-19.37962901362004,1961.1994186796016,100.0,1
3078,8.736088597027003e-07,-0.12512616156281256,0.29070278988417436,-1.5,-45.94698526729124,-84.64682252942045,1962.176616986007,100.0,1
3079,3.1666249789645324e-08,0.061254192198180325,-0.2691834968201259,-1.5,11.785227897858327,44.495353881362036,1963.9996329308465,100.0,1
3080,2.9074108949285687e-07,-0.004625655504907683,0.19173008701225058,-1.5,-97.44721562010274,-16.86733359689217,1962.0481185463705,100.0,1
3081,4.288203039941313e-07,0.33431855547926403,-0.00872351765459273,-1.5,-123.73364954583907,-70.07537402336389,1959.3857997320702,100.0,1
3082,5.166032234962313e-07,-0.1970278372931153,0.18108987097216242,-1.5,45.32989765969467,147.16532366201437,1958.4945376885144,100.0,1
3083,2.882755461306303e-07,0.24483463393469215,0.02692927116690277,-1.5,74.11248491597196,-101.06068562928712,1960.5375190660977,100.0,1
3084,6.663630317533999e-07,-0.05984898501471888,0.012054206032812426,-1.5,-117.0292416155453,41.99861833884878,1960.6003057560326,100.0,1
3085,7.809404522045209e-07,0.02034768380774945,-0.49787350435726324,-1.5,-67.34967216709347,-14.820069690645012,1963.3282133814205,100.0,1
3086,4.961412135966424e-07,0.09147104935575943,-0.1494838426265445,-1.5,9.554276645311864,138.15041079068382,1959.6521288387594,100.0,1
3087,1.3559854325004556e-07,-0.2660042459257018,-0.07301436730333327,-1.5,-125.35410399048529,-68.82639012463113,1959.327068894136,100.0,1
3088,3.168216268978511e-07,-0.30814100724517807,-0.3691885019553333,-1.5,116.09959669918499,-84.97284526518156,1959.263582441106,100.0,1
3089,6.9913617651555385e-09,-0.16953519827862337,0.4244347264995113,-1.5,54.940874596456176,147.8794125815511,1958.1946956059408,100.0,1
3090,6.032417450285184e-08,0.29053204447447445,-0.11785342621793139,-1.5,27.74126922129832,-98.8252758222158,1961.8555688701413,100.0,1
3091,2.15070295509256e-07,-0.4717593753087319,0.1395058490236158,-1.5,14.148847564252806,23.805941521035844,1964.343751365079,100.0,1
3092,2.3245723719584856e-07,0.030382113227043893,-0.46032899884390255,-1.5,67.27118661976876,-19.91665555626694,1963.2858173348964,100.0,1
3093,1.050157253229605e-07,-0.3292786613708597,0.1973321103187125,-1.5,-128.77106096517966,-28.274870439993517,1960.1101580843958,100.0,1
3094,6.098315868583529e-08,-0.28729341075377557,0.25909374448382155,-1.5,74.18777804489226,25.85637465750112,1962.9673730718155,100.0,1
3095,2.1094798080553145e-07,0.2010224972155342,-0.12209339669726334,-1.5,-139.0836497475674,-85.14054854102254,1957.7589513607545,100.0,1
3096,4.6551118221260616e-07,0.3681814455661676,0.28039730273347235,-1.5,-127.3115675946673,-36.01628868383604,1960.078538725467,100.0,1
3097,3.489203674928658e-07,0.40218649152739916,-0.1999946227692225,-1.5,42.74371104142896,119.89287941862379,1960.4111708764692,100.0,1
3098,6.22383359272602e-07,0.1422775265196087,-0.09843222621629305,-1.5,-16.765167672972034,-101.92478339690622,1961.8214888079196,100.0,1
3099,5.547175792609071e-07,-0.2747680499472195,0.06818262857539727,-1.5,94.52699201593813,-96.45793037700149,1959.8912729317246,100.0,1
3100,5.124332316042789e-07,0.10334059558269336,-0.41435049338867125,-1.5,-99.97467007232855,-41.87446039751641,1961.5465534053676,100.0,1
3101,8.579665342550874e-07,-0.021758276742125215,0.3453513096424878,-1.5,90.21405471720372,39.405783189612606,1962.0708180004171,100.0,1
3102,8.986680834007483e-08,0.14879096139676287,-0.454430074826476,-1.5,-162.48877334520574,-11.442380036391809,1957.774184307783,100.0,1
3103,8.454598383052666e-07,0.024497489199514784,0.3140955261761983,-1.5,85.35083227321671,-39.17649474196335,1962.292976075727,100.0,1
3104,3.889978385562379e-07,-0.2578250023974443,-0.0023577716673252205,-1.5,65.0219379352863,16.26609885518868,1963.3952347607712,100.0,1
3105,3.417575896045123e-07,-0.34589639422725443,0.10761126735808536,-1.5,158.70085641324167,7.02320636929,1958.1057170163538,100.0,1
3106,8.489664067575768e-07,0.13860146252458871,0.23576692115182468,-1.5,-124.63215684101415,-59.09960806320053,1959.6906256024351,100.0,1
3107,2.4363294332034373e-07,-0.220193915596671,-0.4009005273182663,-1.5,118.39483839945898,103.83642397704612,1958.2170322929367,100.0,1
3108,2.0802902450037746e-07,0.07929770667339801,0.13506517235026252,-1.5,68.87583594770533,-26.845433225312988,1963.147658278302,100.0,1
3109,4.281126241934372e-07,-0.3374704726430157,-0.32261160596061605,-1.5,-100.81947317452433,-11.20505123694742,1961.9182365536337,100.0,1
3110,9.070549591709116e-07,-0.19168821538170555,0.3590704466764979,-1.5,75.52007440804402,24.832035692822725,1962.9297936072205,100.0,1
3111,6.841986960923582e-07,-0.15490907710932333,0.2048919728118116,-1.5,-117.78534186715115,-9.721151046445991,1960.980723701715,100.0,1
3112,8.672601525191054e-08,0.015226602209203728,0.10802842911037024,-1.5,68.24422057539387,-113.30303537777189,1960.0812316836186,100.0,1
3113,5.417229565571947e-07,0.32349797367773053,0.2199621165631984,-1.5,15.727064106975842,-48.90527656609087,1963.8671593681433,100.0,1
3114,5.75091498800633e-07,-0.19460496888131215,0.04001735404009118,-1.5,-16.064141764559356,13.687868585500864,1964.4255831843275,100.0,1
3115,4.633569633133601e-07,0.26409952892097077,-0.28630191343726313,-1.5,-38.913038855917534,73.74668580069445,1962.7685772924283,100.0,1
3116,7.742484287279556e-07,0.12371525147467169,-0.2553292745618399,-1.5,-71.18342279023464,-91.81393829760484,1961.1008151852575,100.0,1
3117,6.129695530466667e-08,0.25031822938331694,0.3189167491266639,-1.5,-54.600291767241515,-54.16021432087447,1963.033052597378,100.0,1
3118,4.0094451362165183e-07,0.1680529212250245,0.384627071531148,-1.5,-66.36223696313989,-142.72198480148316,1958.2236273790857,100.0,1
3119,8.078163390681469e-07,-0.08354573540961813,-0.3607829142999029,-1.5,-122.18246816530342,-38.10318240931471,1960.3654960821586,100.0,1
3120,7.826157276234997e-07,-0.06776718914476498,0.1319452824650181,-1.5,112.37661447052689,-102.99201905140373,1958.6162020155937,100.0,1
3121,1.775051479256695e-07,0.37457555234772366,0.2881727752380118,-1.5,-109.6599581456718,11.004930397061804,1961.4450977156043,100.0,1
3122,4.149503351800644e-07,-0.17634014961010072,0.2676516341569373,-1.5,-8.419359147322748,42.24787505421896,1964.066576700261,100.0,1
3123,8.323561847111048e-07,0.2563999648005991,-0.4137441443449038,-1.5,124.74352914865182,-26.704679948501916,1960.392613297275,100.0,1
3124,2.7018468774538276e-07,0.04020025180239362,0.09976288696883132,-1.5,-140.3632779074724,14.19635303334529,1959.4667386923804,100.0,1
3125,9.78234743460791e-08,0.254959182058767,-0.16887455328145531,-1.5,27.65844099569306,58.2889600762059,1963.4792318843236,100.0,1
3126,9.783248079556338e-08,-0.0010451200361193435,0.3305691944854109,-1.5,-140.34264589983167,62.34763957460269,1958.5275080650365,100.0,1
3127,6.992645179037254e-08,0.43890432566932397,-0.1015013707762235,-1.5,114.37236366992144,29.626230873508526,1960.983053251332,100.0,1
3128,1.058185921374368e-07,0.027236596083685467,-0.044630260021069214,-1.5,133.04551147896785,52.96717949612536,1959.3128019889157,100.0,1
3129,3.528280865626217e-07,-0.3216364453696782,-0.3185466859682768,-1.5,-58.35824796459834,-88.76509884079144,1961.6646906106096,100.0,1
3130,7.204042241813479e-07,0.3221405140909869,-0.12007348276867576,-1.5,44.775337063794495,-1.4330731509639265,1964.0281061528367,100.0,1
3131,8.36494890165572e-07,-0.21185960643689863,0.36790596166716755,-1.5,-133.41034836114642,46.28615490482504,1959.457209811027,100.0,1
3132,9.448786259875442e-08,-0.18336375790203127,-0.02467059294121246,-1.5,-4.655152275366491,-10.621601484120403,1964.5047206370712,100.0,1
3133,5.281233534674893e-07,-0.005163683703356193,-0.2838893103925857,-1.5,-97.10140247536172,-134.11234476514647,1957.5491010151045,100.0,1
3134,2.0939284494317044e-07,0.35134112780407756,-0.01062306786021321,-1.5,80.49134432209856,-40.009223051203115,1962.4815137540002,100.0,1
3135,5.971163343946845e-07,-0.31308761723627027,0.34811478454874467,-1.5,-101.46120341096604,-1.469475399381269,1961.9166014666832,100.0,1
3136,8.61859516149297e-07,-0.07603868614004788,0.22937970281681777,-1.5,114.16179981820444,-76.92492697828064,1959.7099084654815,100.0,1
3137,1.238525629178983e-07,0.3880861451472495,-0.042245282321331096,-1.5,13.7927159042729,-71.93660906752947,1963.172985635749,100.0,1
3138,5.930033495392319e-07,0.11719529032455023,0.11419515385358786,-1.5,35.66153683316016,-10.623590187838952,1964.1865187370443,100.0,1
3139,2.473651118799322e-07,-0.021035296295726008,0.08522250599810789,-1.5,94.27168352901421,-102.6193835590532,1959.5906200195736,100.0,1
3140,3.9119260563571974e-07,-0.286603894460128,-0.28347773547103944,-1.5,151.99764149433148,51.025320012005686,1957.985296156221,100.0,1
3141,1.5884827680192422e-07,-0.15907999000679254,0.36694506037451435,-1.5,-87.01985549765212,84.97943811984798,1960.7700849697126,100.0,1
3142,4.1098903482214907e-07,0.09273950249728642,0.3090556717721717,-1.5,129.28043930698078,53.99630369601354,1959.5367446072282,100.0,1
3143,7.623298768972187e-07,0.1453942662593165,0.30314416625310564,-1.5,113.77612853440044,119.91832354589867,1957.5719334215528,100.0,1
3144,5.166765298679787e-07,-0.1662961274085947,0.06890691997238611,-1.5,-91.38990730113194,41.03457853366183,1961.9830107506505,100.0,1
3145,1.336333647551176e-07,-0.3135337688352529,0.2737766534035722,-1.5,67.1174566767002,-89.5407339087904,1961.3492779835155,100.0,1
3146,7.182408375356087e-07,0.19593254290586962,0.24509045088895026,-1.5,-67.46985092837475,78.38623365475515,1961.8146456419518,100.0,1
3147,8.839261277563515e-07,0.3699041775540755,0.16702724162148208,-1.5,34.71163923134307,-76.78632076945964,1962.7308142765512,100.0,1
3148,4.5654478594101806e-07,0.11506656952272447,0.4176109775979381,-1.5,49.76303552183735,156.0289020072913,1957.7006687183266,100.0,1
3149,7.120945264153748e-07,-0.09546129287562626,0.1693616906217106,-1.5,-36.259595999226896,-83.5856925772116,1962.4250202136366,100.0,1
3150,5.681464979419314e-07,0.07070633728199076,-0.400342088694173,-1.5,-54.29608625325963,-74.96783488655832,1962.3570126294887,100.0,1
3151,7.956820647225442e-07,-0.3440692736359757,-0.31252503987717617,-1.5,-159.1095122808938,46.28876103830815,1957.5379434303197,100.0,1
3152,2.928973925919374e-07,-0.0027896815463768774,0.041068383335021844,-1.5,-86.42033381392031,72.82181307606393,1961.2857506518362,100.0,1
3153,6.404211177799547e-07,-0.19148769595111198,0.05986359101276988,-1.5,-75.58010913601329,-133.71861418077702,1958.5250229677158,100.0,1
3154,2.097079569300548e-08,-0.3717786158695645,0.2572483919190359,-1.5,10.833401989847685,-57.63619103540348,1963.6634113692671,100.0,1
3155,3.1518299460639756e-07,0.22939029911247963,-0.3311489340392959,-1.5,32.01133188827189,-47.27227637677789,1963.709217980867,100.0,1
3156,2.9456641157205696e-07,-0.3451390707047667,-0.3387292569517481,-1.5,-25.46652898846282,-56.22107204486514,1963.5691821847117,100.0,1
3157,7.019803654248193e-07,-0.11793128400653544,-0.19186673409561544,-1.5,77.04367424653604,-23.009974407382177,1962.8927886164583,100.0,1
3158,2.6505337072115443e-07,-0.32651420537136266,0.012255464576446046,-1.5,64.37072429938526,-52.01140875052569,1962.7950757730898,100.0,1
3159,2.9932333377875153e-07,-0.35747831281737225,-0.10260620198060319,-1.5,-49.9091149443569,-10.59540617362166,1963.876295462527,100.0,1
3160,1.1464709414428918e-07,0.19433034867527768,-0.44772972133302386,-1.5,17.850305254360205,-38.92829634050583,1964.0721067752281,100.0,1
3161,2.752249426708567e-08,0.1794965741705736,-0.4079493156046315,-1.5,24.152236231503277,141.3336076722803,1959.2995603259565,100.0,1
3162,6.650355139876854e-08,-0.40939202143596864,0.04088559074335503,-1.5,-78.2987061508221,40.203011608180944,1962.5662579232505,100.0,1
3163,7.626541281699248e-07,-0.10814912105247623,0.12911119695624057,-1.5,77.30411453849494,120.28170217682455,1959.3288831288626,100.0,1
3164,4.664843546770053e-08,-0.0719944496719697,0.3877260799542329,-1.5,62.68609233858346,-127.58992944474885,1959.3888205248425,100.0,1
3165,4.32510050989717e-07,-0.008573376861877762,-0.2707864625468961,-1.5,-102.16662419353811,-33.23509996001128,1961.599014910457,100.0,1
3166,1.9619022393517205e-07,-0.0746017714899581,-0.1443771280605322,-1.5,-69.5182356442607,-20.344624144559887,1963.2031472691401,100.0,1
3167,5.348873881176788e-07,-0.20731659582605375,-0.20959039851616593,-1.5,87.43316196493203,-113.45346333765374,1959.3103480846614,100.0,1
3168,6.979333654482312e-07,-0.15062424967567925,-0.35946326741367735,-1.5,102.15623381513066,-17.88468375652142,1961.799563728611,100.0,1
3169,3.952074403777202e-07,-0.034751732610426286,-0.4820970439423176,-1.5,98.15135248704286,-44.25075641349149,1961.586467334012,100.0,1
3170,8.034865564471713e-07,-0.059612173630542664,0.4361484233738292,-1.5,37.13030953834985,-107.4101565328832,1961.2490113836384,100.0,1
3171,7.909424318344496e-08,0.12144893651110199,-0.30543831784811176,-1.5,55.87049304232671,-160.9688286305738,1957.1358691932044,100.0,1
3172,2.101324102713655e-07,0.029282901720535034,-0.39520070195529505,-1.5,31.794176864127376,19.237519083716265,1964.1874489068418,100.0,1
3173,8.508429341818847e-07,0.3013409033781267,-0.14772420091194194,-1.5,131.62577961696505,2.9284436746080926,1960.1222830792985,100.0,1
3174,3.650589635072654e-07,0.061449131113380906,-0.22227072411279383,-1.5,-70.21919314471693,-69.25981587479829,1962.0615762725758,100.0,1
3175,7.429105020367048e-08,-0.11551196233213826,0.40745870673648193,-1.5,100.56828944759482,-14.826181657024526,1961.9071052833233,100.0,1
3176,2.7331542113164546e-07,0.20307136296401976,-0.20098473666413294,-1.5,-103.26966247955495,6.2740813705270915,1961.8127583896598,100.0,1
3177,8.984673584318611e-07,-0.3610206209140073,-0.19204230689122403,-1.5,41.34018047171521,-132.77451851346532,1959.610982562155,100.0,1
3178,4.3544561299678754e-07,-0.3851208363443898,0.11719688667075658,-1.5,120.10686654930443,100.20476641016688,1958.3019766273337,100.0,1
3179,6.514495887712845e-07,0.05033324001447925,0.19832471189093293,-1.5,128.78228098391787,104.98506387975874,1957.500075793836,100.0,1
3180,6.869252185255824e-07,-0.18960170582075744,0.1538473231322839,-1.5,-150.4432023229097,8.023891652607869,1958.7536206229988,100.0,1
3181,5.941929969937799e-08,0.13278871180437773,-0.39164129022651134,-1.5,-10.929932630745723,-34.231970458140324,1964.210272612729,100.0,1
3182,8.739294498044363e-07,-0.38682816809831827,-0.039575896359537246,-1.5,-124.01300242558513,97.75957921885421,1958.1820972949567,100.0,1
3183,8.741369317442676e-07,0.1591464355918298,-0.37183766735781876,-1.5,-3.130320322190506,-26.146745746019075,1964.362450019778,100.0,1
3184,3.061107527321403e-07,0.1661281116765341,-0.13398594709854506,-1.5,63.44654563956816,147.20170180347378,1957.9886315039469,100.0,1
3185,3.8230100627908044e-07,-0.24055184528192633,0.09792001525481361,-1.5,73.09141356049135,-1.0680135296277977,1963.1784918536982,100.0,1
3186,1.4707908845777572e-07,0.29699155635916386,-0.2497842147986209,-1.5,-40.96985264462946,-83.93227461453839,1962.3175407457475,100.0,1
3187,4.7482962071885364e-07,-0.008384016868315504,-0.264913828135887,-1.5,-132.62656881856503,22.307000155092613,1959.930069480446,100.0,1
3188,2.4294791880221353e-07,0.27649939387909583,0.04212739126441011,-1.5,-86.40488948544755,-126.37346201579423,1958.565094511102,100.0,1
3189,4.897984005290478e-07,0.12761758042101923,-0.13228356859259233,-1.5,-29.20214356168106,-135.72777215772473,1959.6271310998516,100.0,1
3190,6.815544207938224e-09,-0.21931566899996305,-0.31112331562528484,-1.5,-42.35903621808472,83.99165486480989,1962.2855042602432,100.0,1
3191,4.731892810958574e-07,0.497037570024123,-0.0062546541672779295,-1.5,-119.17532261765255,-45.86540969046946,1960.384373774448,100.0,1
3192,1.0300157244544169e-07,-0.17600743218897458,0.2706355460828412,-1.5,-25.5356961538038,94.68969198629735,1962.0894670528182,100.0,1
3193,8.910660542361039e-07,-0.09300943546385956,-0.3312001872615835,-1.5,-64.50906941744653,9.437294898200053,1963.4568504792844,100.0,1
3194,4.170636917150482e-07,0.3645073974429185,-0.1905353307767932,-1.5,-132.54651527100563,-96.04371772075665,1957.7079230166128,100.0,1
3195,1.4765816279023565e-07,-0.42540189868334877,0.01864286486648273,-1.5,2.2971160500876957,15.998337837442882,1964.4724642280999,100.0,1
3196,6.769017254109397e-07,-0.13010169875769254,-0.16498103750066148,-1.5,-82.70263292940457,-43.532746650585736,1962.3145672245648,100.0,1
3197,2.450743161853299e-07,-0.19288360799049273,-0.3912567628549803,-1.5,16.621374274735327,136.96309112751123,1959.6882731322723,100.0,1
3198,5.532753449751846e-07,-0.25308418929041304,-0.17667412147766504,-1.5,145.68766189595348,37.57730823272604,1958.7690872952342,100.0,1
3199,8.415658774867325e-08,0.17205156365101026,0.345609582956502,-1.5,129.9663561210435,45.41349159147491,1959.7090721135678,100.0,1
3200,8.686975378675099e-07,-0.46599969016038906,-0.15670465254183213,-1.5,-97.39780456833795,19.254174217515722,1962.0286008890391,100.0,1
3201,9.027933972742571e-07,0.2446540703661478,0.3961309699799037,-1.5,15.378968271566208,-131.10406083230902,1960.0991043399595,100.0,1
3202,7.107475801995484e-07,0.2582773604491289,0.20235725630419082,-1.5,-8.656557387267917,-8.660129476544583,1964.5007896251357,100.0,1
3203,7.468032398202804e-07,0.010562729294298691,-0.040159680191681986,-1.5,-122.58420855751812,114.29816650557262,1957.3763887438517,100.0,1
3204,5.740161631745394e-07,-0.3866647529599434,-0.21260023547835794,-1.5,-73.33669475583335,-13.95556652921036,1963.1200313865859,100.0,1
3205,4.235180570217525e-08,-0.10779919140873677,0.3825039371859351,-1.5,111.21196507017595,-93.21498587280328,1959.1723128658425,100.0,1
3206,5.429603840225906e-07,-0.04855256708049765,-0.06479269844859502,-1.5,139.35403770131353,7.838254923076281,1959.5745201962168,100.0,1
3207,4.61121789340357e-07,0.38350662599176993,0.2628018453174555,-1.5,-22.491917860577967,-62.651492121629815,1963.410856247876,100.0,1
3208,3.811363102823627e-07,0.09447929812291472,-0.3542452767762397,-1.5,-7.44756220077037,2.0186018359300855,1964.5237960712068,100.0,1
3209,6.358903265210667e-07,-0.33661469905994273,-0.2278585084262764,-1.5,29.21343566950936,-99.60294909836479,1961.7948705135875,100.0,1
3210,2.3166209892750593e-07,-0.24303278958450114,-0.18151469423324368,-1.5,88.72859039858693,-32.60800084450419,1962.263295736058,100.0,1
3211,6.27665622399167e-07,0.44337622024855433,0.042721486470942184,-1.5,101.19932346952747,63.35290637559889,1960.9075430649978,100.0,1
3212,4.3896050975777405e-07,0.05574104970181721,-0.09945539434403054,-1.5,113.70165630056741,51.82638236200607,1960.5609517971907,100.0,1
3213,5.308568328418575e-07,0.19476371169198567,0.24786810024818007,-1.5,81.08328834165998,78.97502627332153,1961.2755369511349,100.0,1
3214,6.610357610306096e-07,-0.09964953622560475,0.06363611878772528,-1.5,-46.832711909110095,-120.8903875415103,1960.2564876978302,100.0,1
3215,2.595684016691271e-07,-0.265623898581461,-0.24343326181895114,-1.5,159.00355807449853,-60.81340776321377,1957.1491727055468,100.0,1
3216,3.139192392641535e-07,0.1629837894181599,-0.24594208765493472,-1.5,7.432539525313105,-102.4433924507886,1961.852031873329,100.0,1
3217,2.007340841126335e-07,0.18009325064915385,-0.31324962893834224,-1.5,88.80519190149724,80.24378408972275,1960.8895581527358,100.0,1
3218,4.294939952619052e-07,-0.19956436389131657,0.09029723325213898,-1.5,129.17283926559853,-79.93716100802095,1958.657120108615,100.0,1
3219,2.499947450665719e-07,0.3846923534443742,0.23734642389512292,-1.5,107.7627299473699,-85.18488622124418,1959.7305976740515,100.0,1
3220,7.521720972915366e-07,0.4493928294359251,-0.08281486071818271,-1.5,-15.293930934758665,95.17745061685542,1962.1724273969326,100.0,1
3221,6.720741939042915e-07,0.12219636581284164,0.23646888445044745,-1.5,87.98834760498738,-3.981461829747617,1962.5634983137675,100.0,1
3222,2.123751844696874e-07,0.14222727797552132,0.13531916998876475,-1.5,12.959772715937198,-31.40703838456122,1964.245129431964,100.0,1
3223,3.3335078475587255e-07,0.2728158368073339,-0.10178046364956336,-1.5,-42.67160525235299,-102.16694892181177,1961.4164103828964,100.0,1
3224,4.1205935030534524e-07,0.44562482513807705,-0.002729917458841413,-1.5,-108.75992157876522,70.77767434311271,1960.2487307836452,100.0,1
3225,7.954144826183202e-07,0.09062369471736871,-0.16591392847265984,-1.5,-155.2432750394381,46.031507056031536,1957.854415471005,100.0,1
3226,7.567370280180712e-07,-0.020963191075565282,0.4596938584563045,-1.5,0.14177600355898282,1.5578902764595872,1964.5383272269296,100.0,1
3227,9.944139794342863e-08,0.41877859217973346,-0.19935898401476812,-1.5,71.80931893061336,78.69738778802746,1961.6481410120912,100.0,1
3228,6.992313627686019e-07,0.4040521106404223,0.18735427362220491,-1.5,72.60026024535804,-128.51262180053445,1958.986216009799,100.0,1
3229,4.152589070861276e-07,-0.03498248488727593,-0.16743459622819062,-1.5,-14.474137687299987,-65.22184040083248,1963.4026324569977,100.0,1
3230,7.946497312957066e-09,-0.21771914592694555,0.39076695543654116,-1.5,-72.8863958325521,83.78479758453412,1961.3977075703924,100.0,1
3231,7.797104644445981e-08,0.06964710186311283,0.17068741756119094,-1.5,146.45369529566554,-3.6934859062869694,1959.068901177862,100.0,1
3232,5.555554467864387e-08,-0.06333374304061865,-0.2253567765479977,-1.5,89.65517623512287,-70.30369782378295,1961.232425214483,100.0,1
3233,5.518962047000155e-07,-0.11259614369926216,-0.4144892728938273,-1.5,-4.824368176209843,80.66905116077919,1962.876082671204,100.0,1
3234,6.558994221541055e-07,0.0446582139331111,-0.15190710230570484,-1.5,-54.67875050187215,-0.8793292468513632,1963.7776725713532,100.0,1
3235,4.331879630717674e-07,-0.17642264666454385,0.22079847952007742,-1.5,7.075383122512836,0.6683489792469107,1964.5260951510527,100.0,1
3236,5.022247113907922e-07,-0.425171270676991,-0.004054871804819351,-1.5,137.45655928508043,-14.467023830874313,1959.6708105692435,100.0,1
3237,3.628160973306791e-07,0.29214672937051483,0.36926804293991833,-1.5,-75.28628570118913,116.08679282923374,1959.6604598710646,100.0,1
3238,3.230084634068661e-07,0.3952552348324517,0.09831746099258587,-1.5,-65.81616867477928,-45.09656131533355,1962.9181894222277,100.0,1
3239,5.398435566108445e-07,-0.05022181803607367,-0.07973707901098402,-1.5,126.5579027902696,58.810310382407074,1959.5759058786634,100.0,1
3240,7.047501967633069e-07,0.03855271833712185,-0.4254281492368346,-1.5,77.00711353891853,73.21448641430224,1961.6632814297222,100.0,1
3241,8.670038708980598e-07,-0.3283427694848422,0.3212152163469008,-1.5,-126.59406034297355,-74.24260175588576,1959.0495823833883,100.0,1
3242,5.067567691549011e-07,0.3096289980783862,-0.10102676112724074,-1.5,-86.53547336162174,-77.07355532101752,1961.1181925591302,100.0,1
3243,5.068318725799435e-07,0.028271299414869472,0.07930306775514848,-1.5,-126.14940982122124,49.34047200129921,1959.863548946859,100.0,1
3244,1.8699394996604273e-07,0.18931983357127896,0.04810952184542467,-1.5,136.3330258293919,70.68646574328467,1958.5275121618938,100.0,1
3245,5.878264049162524e-07,0.12865814937999132,0.23745763025005198,-1.5,-53.14093695111417,162.29455612884323,1957.1024000130988,100.0,1
3246,4.658712420641196e-07,-0.13794946755320028,0.13239355763204905,-1.5,51.49680852892962,-85.95582388425554,1961.9818962767838,100.0,1
3247,8.23799130553264e-07,0.2415830393161683,-0.277663928200833,-1.5,104.9832822710016,22.59976566317866,1961.6016535733518,100.0,1
3248,8.21236275771632e-07,-0.1116066878892296,-0.28627467675439766,-1.5,-87.36971452537124,-27.29803109698669,1962.4053191805494,100.0,1
3249,4.356300745165495e-08,-0.06937456106345186,-0.26608160437271167,-1.5,124.04350005661486,46.73197765643893,1960.0618915289776,100.0,1
3250,1.9373124854904602e-07,0.033957603118615405,-0.2273694311784327,-1.5,132.41246428365886,-100.3904269872264,1957.4989112992585,100.0,1
3251,5.174827132605924e-08,0.0868528816143002,-0.09486229989493512,-1.5,53.9844631476259,-120.36366343312558,1960.1049850785419,100.0,1
3252,2.080028495064697e-07,-0.2756542309663002,0.3964574760675115,-1.5,71.28347373694537,-20.15117498421583,1963.1418397010648,100.0,1
3253,8.871486719244304e-07,-0.024473519974763203,0.4667779410897572,-1.5,83.92493895021109,-111.36348324628406,1959.58364595329,100.0,1
3254,8.908860620968248e-07,-0.19309254030877807,0.08572298056795648,-1.5,-45.56490491250503,-133.21407267660015,1959.48746782095,100.0,1
3255,1.2336197577227462e-07,0.08765945189063576,0.27200647911084785,-1.5,24.871091375226175,58.34561240856452,1963.5148343194676,100.0,1
3256,5.079707352093826e-07,-0.3803979740825803,0.17962527600889025,-1.5,-99.98174536269052,-23.24699653516178,1961.8553754067743,100.0,1
3257,7.686279569951828e-07,0.07932572854270994,0.24224629018941926,-1.5,-5.352373657372815,-75.79099109755414,1963.0691185057171,100.0,1
3258,8.963947444058869e-07,0.21422610014107882,-0.022594347390652917,-1.5,146.47513529568806,66.11611849687354,1957.95479515773,100.0,1
3259,4.277678009836258e-07,0.17973917519708074,0.28758113182901945,-1.5,-21.39530215019706,87.12843788107455,1962.4892770724728,100.0,1
3260,8.815244171085627e-07,-0.27518248901958847,0.01899968797640023,-1.5,-102.03585088186195,8.378003576079125,1961.8694606056297,100.0,1
3261,5.890409834044149e-07,0.18027074674703544,0.26527607728563835,-1.5,78.63922272888362,-135.03702733076554,1958.3141117206908,100.0,1
3262,6.433066915104897e-07,-0.3665552228360931,-0.14274359740456055,-1.5,93.23861417422609,-12.747657550844828,1962.283706378863,100.0,1
3263,2.9183139989131115e-07,0.39282924983201806,0.30734704044592565,-1.5,-131.89117495646306,-93.25344221138995,1957.8870753315834,100.0,1
3264,2.986798982927399e-08,-0.41174841179924093,0.2733258593743809,-1.5,-13.718408910917388,-75.27908452440084,1963.0481784602873,100.0,1
3265,7.564891350940591e-07,0.25505053537913314,-0.3188411535456986,-1.5,139.78060023822624,14.045798658072176,1959.5094757625516,100.0,1
3266,8.213023833961647e-07,-0.16516757552481884,0.4663514141407188,-1.5,-54.46398125238239,33.75070078812463,1963.4937869034834,100.0,1
3267,2.4898401659380044e-07,0.24142542567192407,-0.09499855895847374,-1.5,105.91930362114759,-121.0970811823676,1957.9402146939149,100.0,1
3268,1.398825234002086e-07,-0.2525507496178897,-0.39964216052032164,-1.5,-150.89064026881385,-71.53024648244227,1957.4291110493784,100.0,1
3269,8.035613127454323e-07,-0.16331948235744373,-0.392463845211848,-1.5,103.00644007995031,-118.9102231144834,1958.2296388337734,100.0,1
3270,6.307416652018968e-07,-0.1933516577906901,-0.3387554368280466,-1.5,79.48269076273148,-107.39277837681485,1959.9904538766905,100.0,1
3271,1.9379773428055453e-07,0.2624417195392654,0.016036716508066453,-1.5,-117.17253338386854,49.477890920571156,1960.4172571155839,100.0,1
3272,2.841845529216687e-07,0.23751592232584973,-0.31395968138887115,-1.5,-65.35659536956938,64.19006710442088,1962.401956020468,100.0,1
3273,4.031009047283907e-07,0.3849892378090122,0.13381090107018673,-1.5,12.835947975457552,-16.059837837419114,1964.4313697134696,100.0,1
3274,7.884497849425319e-07,-0.11999686190840661,-0.0029382573628385735,-1.5,-32.72951060720251,53.347550006951394,1963.5417246164645,100.0,1
3275,8.987696649159776e-07,0.10497416084409077,-0.18247451066070175,-1.5,-140.61866026841656,-94.78345122527196,1957.2061148546093,100.0,1
3276,5.730971729707461e-07,0.31395129841759106,0.08564046234736283,-1.5,-18.048454287126486,46.579196266776016,1963.903744596236,100.0,1
3277,8.268080867896638e-07,-0.39898580855471494,-0.26522230164837135,-1.5,-7.844414819902338,119.80718954613026,1960.866642266965,100.0,1
3278,2.7106353492027615e-07,0.07192403099176412,-0.0743120512414122,-1.5,-26.537292149890117,16.22669761947111,1964.2926850843407,100.0,1
3279,7.584885461890895e-07,-0.05688321478626587,0.05731517925219407,-1.5,138.43215938258908,25.49365938248296,1959.4897031742971,100.0,1
3280,5.349635466595326e-07,0.08819710783169588,0.3022822349027586,-1.5,-64.5208572297801,133.67598196065572,1958.9234485031109,100.0,1
3281,1.0124477647011127e-07,0.194175355835006,-0.39067980536267777,-1.5,-23.8254984249316,27.94769001864263,1964.1956517907163,100.0,1
3282,1.3021474517174554e-07,-0.17270492370705384,-0.07449454203850872,-1.5,66.15563775336516,-15.842458505696307,1963.360826330217,100.0,1
3283,7.728866983768044e-07,-0.061941139537795536,-0.44049069931223495,-1.5,-13.661139312774468,41.32048332608641,1964.0568416409203,100.0,1
3284,8.992615284991467e-07,0.15627362465632333,-0.1065466665596032,-1.5,42.37241915577976,-5.1935960047037035,1964.0750726287317,100.0,1
3285,6.728530583080967e-07,0.04050099195501497,0.2439645618433752,-1.5,-16.954369100677788,2.1466282838016117,1964.4646160268553,100.0,1
3286,3.919820771608878e-07,-0.16294436594002823,-0.28035634228693046,-1.5,-130.80743359521972,-81.90540686726058,1958.4673104007306,100.0,1
3287,6.691876624221397e-08,0.22547213652674186,-0.4127192858822875,-1.5,143.22154502886167,-91.5587526584991,1957.1708842401313,100.0,1
3288,7.010910060570972e-07,-0.34160549050099936,0.3257180225785874,-1.5,21.564998831705203,-104.14566861784208,1961.6579510199178,100.0,1
3289,4.809908130861811e-07,-0.06076546563212845,-0.35502758209806445,-1.5,-110.60751617057826,128.8587311699505,1957.1854002710056,100.0,1
3290,1.1530973664641145e-07,0.1071701021408011,-0.21065921929227197,-1.5,-17.554365546317722,-61.67581042800377,1963.4920995319656,100.0,1
3291,2.375221523917133e-07,-0.09929240983963372,-0.29406630301066794,-1.5,41.65045196937442,-146.68469714989106,1958.6122959225295,100.0,1
3292,3.226814940872702e-07,0.015365234390160652,-0.4613559100188377,-1.5,133.10893386278178,70.90415173994388,1958.7414069391814,100.0,1
3293,6.106420840390246e-07,0.42991797997196357,0.20758771146488664,-1.5,70.65160512911532,-83.04513628735435,1961.5109335147295,100.0,1
3294,8.40839353623492e-07,0.03194783603461584,0.3677485171135129,-1.5,25.294036312587778,42.5885887947601,1963.914384614976,100.0,1
3295,6.442102813971618e-07,-0.08359831139080841,-0.2060627194180004,-1.5,-93.63289424813206,-43.76680713740425,1961.8181959533983,100.0,1
3296,2.1188824457378412e-07,0.09963271543724828,0.17925252767606828,-1.5,-58.31418474955725,-67.92890402078683,1962.4980015586411,100.0,1
3297,4.5569286365165943e-07,-0.044686337340414634,-0.1919725381151013,-1.5,80.00316669097408,108.89809288520047,1959.8862173482198,100.0,1
3298,2.480432793721763e-07,0.24360162309993363,-0.15863931642944956,-1.5,-112.10121036813216,-60.599137468087804,1960.4015786155283,100.0,1
3299,3.3138928070460614e-08,0.05985002135126267,0.018501816519279294,-1.5,106.07767695662662,-132.98862269021578,1957.1598910034347,100.0,1
3300,2.2740828251883535e-07,0.30292341801042166,0.36246058858994035,-1.5,169.05328568557093,-26.329951612778924,1957.0746042277267,100.0,1
3301,3.481536938308229e-07,0.17117994233808906,0.06657916252257719,-1.5,-144.02595258656083,-50.37081883282632,1958.604756416612,100.0,1
3302,8.575714668029535e-07,-0.2029950437523087,0.012477356369070587,-1.5,-55.6171266262978,-151.7586735323674,1957.8787823814991,100.0,1
3303,2.7515481152611377e-07,0.3960901800438748,0.036234306742814075,-1.5,17.531264263298134,54.10452861181329,1963.7155193721812,100.0,1
3304,6.378960897752715e-07,-0.33414678739755427,0.09676384297721505,-1.5,-123.90528390053319,23.059114421953705,1960.4920413329237,100.0,1
3305,5.467962626552794e-07,0.028732074601376834,0.24011793317993138,-1.5,0.5407999481417078,3.4330049150413893,1964.5358760477754,100.0,1
3306,5.553230525139766e-07,0.12350210804730073,0.4826450117645135,-1.5,29.429062535447766,-145.6444247359977,1958.9116667394005,100.0,1
3307,3.978906561532567e-08,0.07266828732795709,-0.27163985244544925,-1.5,95.70939708873144,-124.58591161577218,1958.24700898582,100.0,1
3308,3.350881815586121e-07,0.23741591838137893,-0.3022906117046462,-1.5,133.07510929065916,-93.64393142687949,1957.7883224854336,100.0,1
3309,4.856189239358275e-07,-0.28209112318970864,0.07798674034487153,-1.5,59.36067863113883,-147.5712919748201,1958.0889433024906,100.0,1
3310,7.007043449594523e-07,0.15935785016982776,0.2697821020402554,-1.5,-103.15197451323233,-111.32897154232218,1958.6676125661245,100.0,1
3311,7.029180750085857e-07,0.28817792968711914,0.343899783292739,-1.5,-94.32322438532472,-125.58320020111954,1958.2505650286257,100.0,1
3312,2.5246426588376624e-08,0.1759678876938444,0.026788385925296202,-1.5,17.229307056166547,-85.06580297972936,1962.620759700638,100.0,1
3313,2.91033427090374e-07,-0.17988967671468964,-0.39754163710738866,-1.5,151.19569981433298,34.73260604034885,1958.404144374044,100.0,1
3314,4.820252530856467e-07,0.020656923596798767,-0.4048356023580212,-1.5,-158.33560526862485,6.131185966912405,1958.1382818710706,100.0,1
3315,6.265617073248262e-08,0.12083871016580065,-0.15944757928978223,-1.5,-96.02077606430795,-85.04004472792708,1960.3472875036227,100.0,1
3316,3.6352060684940507e-08,0.009033618669163659,0.12266087304474939,-1.5,-93.6788046566076,65.95783989115503,1961.1953322351992,100.0,1
3317,2.915933430317082e-07,-0.009631416404882605,0.021361692430365748,-1.5,-53.00604050756529,26.29068239888699,1963.6477397829892,100.0,1
3318,5.837738938102065e-07,-0.1480937694234147,-0.3731313056214344,-1.5,-121.84892717534,65.67134054560705,1959.6564495449943,100.0,1
3319,1.376035371275934e-07,0.27274657819097864,-0.17111298898404212,-1.5,37.632929698314115,-74.49509978670353,1962.7652760776623,100.0,1
3320,2.8565849255615237e-07,-0.06726924947575759,-0.30379711353015026,-1.5,65.71522197235176,-113.86243542042918,1960.135235555798,100.0,1
3321,4.537563176809121e-07,0.04700976179799863,-0.3689927173545906,-1.5,83.40904973323285,4.480052049690082,1962.7623763009017,100.0,1
3322,3.6884168640617267e-07,-0.47700996690133823,-0.024236371894488542,-1.5,-12.985367929689513,-17.84138688399587,1964.415015061715,100.0,1
3323,7.806494979689448e-08,-0.4123947836681197,-0.12170965072917293,-1.5,87.2695635907315,50.53082126798735,1961.9490170844902,100.0,1
3324,7.123119670694898e-07,0.31924663729127395,0.0362285873061533,-1.5,113.5315864142232,-28.106132713034615,1961.0542854435005,100.0,1
3325,2.0072011003796197e-07,0.01610331971014189,-0.3380050857225334,-1.5,62.52795226677718,-131.06070407003273,1959.164779517058,100.0,1
3326,2.0085839274880805e-07,-0.37425545821012074,0.16274715412502622,-1.5,2.705420827772573,-55.55811904447871,1963.751323964548,100.0,1
3327,2.9284590098626386e-07,0.2915735128503153,0.2848658051430394,-1.5,-112.73338221549164,4.472573125589522,1961.2966289906337,100.0,1
3328,5.963067365334364e-07,-0.2479835315440151,0.24795671617079945,-1.5,-78.99698133762362,-18.09293109525042,1962.8666304795283,100.0,1
3329,6.663909102031286e-08,-0.4090562304303908,0.16903107681821697,-1.5,-19.292617090255828,-109.04038573100317,1961.415630474983,100.0,1
3330,8.755896973629256e-07,0.06084153891796151,-0.0394821825049458,-1.5,115.67302511799,-5.618914754100821,1961.1225013555809,100.0,1
3331,3.8533896712449605e-07,-0.23955306992438388,-0.3735401221577839,-1.5,-9.522620082107643,-76.16044599113648,1963.0390195916468,100.0,1
3332,8.179663971817156e-07,0.25173021005583796,-0.04536781031741467,-1.5,-82.35118147125922,-148.80210085383902,1957.1636375014489,100.0,1
3333,5.85653423910995e-07,-0.23545288866014577,0.1014149516370638,-1.5,39.19501930169568,49.61004504146039,1963.52129607984,100.0,1
3334,6.827858462948736e-07,-0.09709153349951724,-0.38620805622683246,-1.5,23.29004253375149,152.2902721019144,1958.4888391839336,100.0,1
3335,7.554585397054286e-08,-0.1937754713552909,0.07802589231242259,-1.5,-60.63899275921619,47.907046057915075,1963.0183681670642,100.0,1
3336,6.400176184132627e-07,0.4202634214485013,0.15843038660349032,-1.5,13.307307347822114,-94.03758007120146,1962.2418646465665,100.0,1
3337,3.306386187844696e-07,-0.3187150825976725,-0.3724776923599185,-1.5,82.14481007245097,-108.77648398556813,1959.8043762008567,100.0,1
3338,8.878712208210426e-07,0.06249507443090738,0.05578814442707224,-1.5,18.16222715469567,-81.97509371605076,1962.7438711612774,100.0,1
3339,6.69665813100061e-07,-0.42409454265245256,-0.12569714949470173,-1.5,19.993546849604776,-26.327574271410747,1964.2607777949156,100.0,1
3340,1.047222482132521e-07,0.372582868855051,-0.22750290046740262,-1.5,-111.30117247362725,-85.55263244182323,1959.5167981812253,100.0,1
3341,1.2070029398180843e-07,-0.35377318033188637,0.007548384710942854,-1.5,-58.14734586013948,-93.07900871507039,1961.4709966176335,100.0,1
3342,6.19563362969037e-07,0.07320671211012164,0.2766838128609954,-1.5,0.11201548306496173,-41.739717900989525,1964.095483847007,100.0,1
3343,6.641962416886567e-08,0.18004932073512117,0.15507535139797873,-1.5,45.998606319298496,-142.18359161403927,1958.8469161112478,100.0,1
3344,4.835593107459766e-07,0.44508383883540553,-0.21342782313657033,-1.5,80.58050924213015,36.920453544524975,1962.5383939955102,100.0,1
3345,3.6342893598405754e-07,0.051510984331406044,0.2485701963863027,-1.5,27.377326531092237,63.07461927136614,1963.3352644573758,100.0,1
3346,3.3035613258403663e-07,-0.1779530145699041,0.3961834470723261,-1.5,154.19986880831928,-61.34398698925297,1957.5169480711759,100.0,1
3347,3.3852576902731137e-07,-0.27557185703902515,-0.14290182093494547,-1.5,-49.67850525786983,-135.1815701358588,1959.2527339465623,100.0,1
3348,6.264607273309514e-07,0.02306685485560159,0.378647238225213,-1.5,-90.92193463827218,91.89207513337615,1960.281187634939,100.0,1
3349,5.285979731889631e-08,0.3746134635503305,-0.1713742104687453,-1.5,-73.11103626949757,47.857522177524274,1962.5946398104625,100.0,1
3350,7.783800698352713e-07,-0.17888338424213404,0.37612314249310874,-1.5,-102.39349202887759,63.84358821724275,1960.8296344404353,100.0,1
3351,3.0491743585467003e-07,-0.23642545958733255,0.07935321963965808,-1.5,141.33781899433032,-3.040715427542229,1959.4457535838408,100.0,1
3352,6.255300101054574e-07,-0.09036705661729359,-0.11419646712805992,-1.5,-86.8763710703117,6.819519802422403,1962.6052268771346,100.0,1
3353,3.7249523177913997e-07,-0.3928757774487657,-0.14963738937879656,-1.5,39.39911878494241,80.72801140093193,1962.4841359563527,100.0,1
3354,2.9409801304597876e-07,-0.02024553581835918,-0.4262961039719368,-1.5,110.4988748472341,-90.63049912129233,1959.3339168076104,100.0,1
3355,3.9813139158106804e-07,0.49118812108925236,0.07383365061003325,-1.5,-53.162794308462885,146.318089229768,1958.3610546402308,100.0,1
3356,3.3405536874690094e-07,0.007570096669660413,0.07685647251804305,-1.5,20.330115925031432,-108.48916669668105,1961.4357173667624,100.0,1
3357,7.301806994253143e-07,-0.0017292458254943154,-0.23222283027689944,-1.5,64.6517137742621,-22.33410144656035,1963.3478117961567,100.0,1
3358,3.025523858782876e-07,-0.24030636220586182,0.02812235850059428,-1.5,-41.6909443686697,111.80467027073034,1960.9117438399498,100.0,1
3359,8.329127078936698e-07,-0.4226163930224572,-0.261591366282561,-1.5,-82.55408124563317,-109.73892946385534,1959.7335220115892,100.0,1
3360,1.692084550850053e-07,0.3426941572771071,-0.3236110149607879,-1.5,-111.46284237270746,-22.796267432772563,1961.241864540797,100.0,1
3361,7.580930110107386e-07,0.11960350981185555,0.4634645902617293,-1.5,-13.424219339813051,154.27686142392622,1958.425828728377,100.0,1
3362,5.395793805780855e-07,-0.14832731065245822,-0.103360037051921,-1.5,57.05957894415081,122.99640712984132,1959.854426877159,100.0,1
3363,6.908286908926077e-08,-0.05357377711922387,-0.2823472358057744,-1.5,52.68499216748403,-43.004832083475314,1963.3614446361921,100.0,1
3364,4.817494003085834e-07,0.15317170915003936,0.3372737320635762,-1.5,14.975346300895868,120.35494706729564,1960.7916034055552,100.0,1
3365,1.9503025470653585e-07,0.23620808752822545,0.1453491041244059,-1.5,48.38522235834255,33.681826945192796,1963.6541678862648,100.0,1
3366,1.6403042506805132e-08,0.09316610345919385,-0.21758756913130642,-1.5,7.688585934972748,28.78268537686277,1964.3130424998324,100.0,1
3367,5.919795003375413e-07,0.09427893801916963,0.30665374380193955,-1.5,-39.54708382977452,109.46249222845881,1961.0882889920654,100.0,1
3368,5.916797729341778e-08,-0.027194701740311033,0.28189337085409527,-1.5,113.61292237800782,-80.21142188700841,1959.6100423129405,100.0,1
3369,5.127718101249452e-07,0.08743471129570615,0.07575058219797114,-1.5,-102.04927640231989,15.989570134443275,1961.8214916497398,100.0,1
3370,6.181521746621942e-07,0.329043582735405,-0.1926597778117946,-1.5,115.46665937050814,-120.11784679620477,1957.4607121781498,100.0,1
3371,6.554456204162362e-07,-0.4372759143802363,0.0728445071823805,-1.5,-160.34084513049348,50.267765964778256,1957.3393296395698,100.0,1
3372,4.0711923284644275e-07,-0.20946061115490636,-0.19259233938666484,-1.5,43.314679457502756,-26.346445909288366,1963.8846680998286,100.0,1
3373,6.053308017086795e-07,-0.30037769392832775,-0.2085433662371377,-1.5,-132.67389175609395,75.8066681671883,1958.587315841143,100.0,1
3374,4.97521064720001e-07,-0.32387585607234803,0.1774523786774697,-1.5,21.886231370572226,162.0288951163775,1957.7234013746402,100.0,1
3375,2.65365762160479e-07,-0.4805663076766784,0.09172017158335477,-1.5,142.28978064591186,-55.9778125505534,1958.579431397135,100.0,1
3376,1.4086156469767468e-08,-0.02556514904925831,0.004433419726597548,-1.5,-133.50415428253214,-100.69361334397263,1957.4091864725606,100.0,1
3377,5.290387954707119e-07,0.2183093831221786,0.0029857798413045417,-1.5,-35.27733987876628,-109.2054786142894,1961.1840706567634,100.0,1
3378,4.143240150057031e-07,-0.3613398717177249,-0.30207054794006594,-1.5,-36.618942323438695,67.7662013927012,1963.0282935500568,100.0,1
3379,6.132848917739546e-07,0.15216512710708166,-0.047768578906429854,-1.5,-22.51755143614593,123.70349096283404,1960.5110794043117,100.0,1
3380,4.4151184750426425e-07,0.2969292642296693,0.28514441011069713,-1.5,-54.8584008766192,-83.27459517240452,1962.00641790955,100.0,1
3381,7.436874464286928e-07,-0.2645574215530599,0.39556164764617713,-1.5,22.693757229832258,6.802598394812117,1964.396091500898,100.0,1
3382,5.623578504122249e-07,0.4734907864540309,0.15987106937692788,-1.5,50.3928858004841,145.90378378047234,1958.4651973434125,100.0,1
3383,6.852996689920097e-07,-0.26244348877295,0.29980893829049426,-1.5,-54.80087900472614,20.60775938024424,1963.6663337185792,100.0,1
3384,8.631785596107814e-07,-0.25407591995778167,-0.2543489710771146,-1.5,55.65586105879708,-23.104861995972925,1963.6144929053876,100.0,1
3385,5.428051872136094e-07,0.339555149228458,0.12396981621822328,-1.5,2.4571213144612454,-66.38091988063923,1963.4156010118636,100.0,1
3386,7.452020862948477e-07,0.15566882800641488,0.28982682102341883,-1.5,99.12804446889183,34.81673801253879,1961.727481537655,100.0,1
3387,9.028771022857855e-07,0.22693822551646153,0.10048504069565167,-1.5,-10.682981372920954,-35.26232540010223,1964.1934040675562,100.0,1
3388,7.22679035682482e-07,-0.16465438009425182,-0.3849783358114952,-1.5,-111.12271830233793,-120.90802038142596,1957.663474234189,100.0,1
3389,6.708751452604151e-07,0.42811200545221195,-0.17220941300138942,-1.5,-71.39185175230686,-16.94353643838436,1963.1682063293683,100.0,1
3390,5.74499125937643e-07,-0.036045362550112876,-0.03850865347903434,-1.5,31.78490789977831,-65.18996476840697,1963.1997540722716,100.0,1
3391,5.533754970758731e-07,-0.03879145461992181,0.27199882649325563,-1.5,-160.07574658056166,35.112372707423795,1957.691539263952,100.0,1
3392,7.851833914087006e-07,0.47187786145169736,-0.0928057177967495,-1.5,-125.45632827370073,67.17407266761968,1959.3778706322723,100.0,1
3393,6.739755356845554e-07,0.07573684519782276,0.1794889773647072,-1.5,136.87763433680047,89.21591096692296,1957.7329543926144,100.0,1
3394,6.596844431121806e-07,0.22203630523379636,0.3559423805338064,-1.5,127.04081415054924,37.68926127904471,1960.06465132922,100.0,1
3395,8.640269895490757e-07,-0.24383442316167775,-0.027076065280467607,-1.5,143.2710321864926,63.443563185414106,1958.2802689841633,100.0,1
3396,2.115129957969039e-07,-0.009829061999909594,-0.26286038386979044,-1.5,137.48635516647118,54.48520722040069,1958.9645608339422,100.0,1
3397,8.171041862657967e-07,0.028178880000348773,0.4649617140214925,-1.5,-91.52863911032057,84.44597121605993,1960.5878384898035,100.0,1
3398,6.721812248114376e-07,-0.08587975536048076,-0.024650183741611372,-1.5,55.180973004482645,-38.33142808262778,1963.3896832023836,100.0,1
3399,4.545585291812058e-08,0.3467067417096287,0.3307633359983392,-1.5,29.34622676180619,43.779961301942656,1963.8318156678733,100.0,1
3400,9.590669943377266e-08,0.12561412903837835,0.4473099769724698,-1.5,45.93976900965361,-63.68392453279648,1962.9689711367248,100.0,1
3401,4.0276395879865837e-07,0.19326225890252108,0.1072001510546882,-1.5,-81.88967857889936,-110.86891943995151,1959.6977954548486,100.0,1
3402,1.911356465139179e-07,0.3432547864850039,-0.12242568166249274,-1.5,53.43777879632248,18.914584611013236,1963.720939581905,100.0,1
3403,2.0156619997963527e-07,0.1484699301098796,0.2028405208633159,-1.5,-119.3567357400649,-17.63609935103837,1960.8304934132598,100.0,1
3404,2.2489821022064205e-07,0.25679905122137964,0.29141899845355274,-1.5,-36.36891561568106,111.60532173380665,1961.0290258952732,100.0,1
3405,4.963274791824896e-07,-0.2262238671865768,-0.3734894958399281,-1.5,-40.20475266862746,-62.57052439938723,1963.130610429518,100.0,1
3406,3.9497301537879406e-07,0.4229793696989899,0.08551338809826908,-1.5,12.72895539192655,-68.26396503405589,1963.3113077244248,100.0,1
3407,1.5101899012558026e-07,-0.46191611187085546,-0.13376679509965375,-1.5,-72.91659741221339,45.53393725255891,1962.657157184167,100.0,1
3408,8.981406227215793e-07,0.03249930601814126,-0.22613144948226,-1.5,-78.84214355599798,-8.197568395007856,1962.9391234926354,100.0,1
3409,1.5896818339124537e-07,-0.01116734517089712,-0.11065508768459068,-1.5,56.93413845789465,26.528898242652588,1963.5345700298276,100.0,1
3410,8.277161758355384e-07,0.2646212972709586,-0.06458630018013764,-1.5,-83.07194988619761,69.85332882190929,1961.5383885768676,100.0,1
3411,4.1686947943651887e-07,-0.2420461579115392,-0.14684155657077202,-1.5,-22.02931858150057,32.13467933977067,1964.15258006416,100.0,1
3412,2.8355454699209605e-08,0.03162444790320791,0.46396044935910036,-1.5,23.252990375337653,122.68221651328177,1960.5666676897586,100.0,1
3413,6.958325403467514e-07,-0.06873542623911683,0.04502022157438155,-1.5,-75.34113537972726,-4.511983939480235,1963.0885465476983,100.0,1
3414,7.3846408315093e-07,-0.27385175258543093,0.31423612372674586,-1.5,-43.02775317275482,-38.089677014520795,1963.698315736907,100.0,1
3415,4.769805741892746e-07,0.24720795586696,-0.31402833407642716,-1.5,-14.05018135969275,45.50798026789398,1963.9615328213097,100.0,1
3416,6.866981085550133e-07,-0.025420829257157843,0.0805352004323235,-1.5,36.00807999016977,-161.84809693084335,1957.5295394862926,100.0,1
3417,4.891522825606789e-07,-0.24291445962787248,-0.1311297214859733,-1.5,-89.5111737472529,129.80421522400164,1958.201190314877,100.0,1
3418,4.873563220762957e-07,-0.17460430039894909,-0.28682461167326173,-1.5,-75.3655461124388,55.17312396041914,1962.317315603609,100.0,1
3419,2.1467400297151893e-07,0.2000233908556287,0.30365421342323695,-1.5,-90.0492884542958,11.820446189850516,1962.438454822693,100.0,1
3420,3.4759702554336155e-07,0.4440849449282016,-0.1460445384675334,-1.5,-92.56625438097728,-136.44034123038324,1957.607930128233,100.0,1
3421,5.678280460142031e-07,0.39188343147970883,-0.08012489335724927,-1.5,-48.285080497062125,-1.074881240546939,1963.945183017551,100.0,1
3422,5.088078340797623e-07,-0.13770411585647274,-0.4610490102817266,-1.5,131.83100873653962,108.8409911607471,1957.0864850702903,100.0,1
3423,7.151955915271199e-07,0.0755528797193791,-0.4258825812693536,-1.5,47.46424885232578,-4.1565621521746445,1963.961087786133,100.0,1
3424,6.805766227534123e-07,0.2926082376967424,-0.253871912232805,-1.5,20.592540074222974,2.374238955830828,1964.4295855410048,100.0,1
3425,3.4951950366657053e-07,-0.37872588690301545,0.11030113679610214,-1.5,116.77649705250928,-80.50730118075175,1959.4119297531258,100.0,1
3426,2.9321016897142936e-07,-0.2817675458829565,-0.37338775990034645,-1.5,-59.246394303031046,-88.27412074973779,1961.6602230340711,100.0,1
3427,8.333366290353103e-07,-0.1956469406845849,0.381044368499328,-1.5,-51.638076616957875,53.71441530652804,1963.1254562298636,100.0,1
3428,3.137457553885665e-07,-0.3104866581088186,-0.37842976308000215,-1.5,39.45729199112274,-16.838729358310733,1964.070483859593,100.0,1
3429,8.119354074472583e-07,0.23262267750745066,-0.2754808374340562,-1.5,-30.217157072640216,-33.92766098675818,1964.0135242672202,100.0,1
3430,1.3679353204926777e-07,0.10438909522595463,-0.18968177182256454,-1.5,-17.953941157225735,53.35216145875926,1963.7322855039922,100.0,1
3431,6.595577227248379e-07,-0.21235779801161347,-0.25699122304061395,-1.5,125.06198773297865,71.85154848436862,1959.2371322713352,100.0,1
3432,6.530420216153682e-07,0.36480006902727447,-0.10617060421803458,-1.5,-162.82185320885932,39.36129365183233,1957.3842287465734,100.0,1
3433,7.631112112420208e-07,0.30476660656416443,0.16955678663432644,-1.5,-9.292096567642284,11.506117099777542,1964.483278747059,100.0,1
3434,4.6809178841409803e-07,0.23447119139257877,0.2170375207905311,-1.5,38.418064854285554,-36.59933394710723,1963.8222494191298,100.0,1
3435,4.150363088597795e-07,-0.374364644405777,-0.06455995141801442,-1.5,36.71044038385423,-103.41966052329289,1961.4713874156312,100.0,1
3436,5.224063120304313e-07,0.3121079592712728,-0.3457049114806331,-1.5,-66.55446440601362,5.31840645942363,1963.4040603213828,100.0,1
3437,2.101899645648598e-07,-0.4868528728978088,-0.10556201555118483,-1.5,-159.99852337184353,22.741103990346243,1957.8806401244844,100.0,1
3438,4.998069066656136e-07,-0.20258188185088,-0.41277461838833945,-1.5,-44.09056613703386,-54.327550399639584,1963.2925980381583,100.0,1
3439,3.631997212112603e-08,0.09767556350432698,-0.006704613603512446,-1.5,-21.697221036291154,33.11567184257962,1964.1399820643762,100.0,1
3440,8.979154743895377e-07,0.29683754628737125,0.049813080702623885,-1.5,-23.441040159156355,125.40792553971352,1960.391964917785,100.0,1
3441,2.831409463275095e-07,0.05453610095065827,-0.184220005457336,-1.5,141.54342168382013,-93.498917446396,1957.2012411810185,100.0,1
3442,5.20478761988178e-07,0.3449929786012737,-0.1661858109072716,-1.5,-106.37583985315119,55.72933552260349,1960.8650407725354,100.0,1
3443,6.29781651100924e-07,0.1326767136732826,-0.09818491221346015,-1.5,12.005062279824477,142.56324579655285,1959.3225578484366,100.0,1
3444,2.3892606842409003e-07,-0.05597898662274873,0.3309545322972866,-1.5,-102.62548958900824,99.9727801192341,1959.3077191671498,100.0,1
3445,8.443313176781887e-07,-0.01374092796027259,-0.26403003121408586,-1.5,-76.31526170493491,-63.12937879558539,1962.0407612050067,100.0,1
3446,5.749203483469921e-07,0.22544239685783488,0.11176879341255275,-1.5,5.212148076741805,-124.68553431035839,1960.571252801667,100.0,1
3447,1.090288424346687e-07,-0.2571405665974045,0.19406858708299954,-1.5,-51.38027249344396,-136.75811763822935,1959.0994285958736,100.0,1
3448,2.5938448687279355e-07,-0.3592265481988654,-0.1832090828634064,-1.5,-48.83618918017136,-129.8907342723088,1959.6317791979927,100.0,1
3449,8.899959305552394e-07,0.3386561169526931,0.1834598721487433,-1.5,-77.88157709778282,-70.56694604214569,1961.7257841862552,100.0,1
3450,3.84710517887675e-07,0.07026722401995045,-0.2953646135826576,-1.5,54.31393241292062,-139.63231153841548,1958.8175261076296,100.0,1
3451,1.1996009194469546e-07,-0.1827037287791077,-0.1605416656597424,-1.5,137.63957619982747,80.8404381449739,1958.043272476426,100.0,1
3452,1.6748763131927354e-07,-0.34475936521547573,-0.137790179442614,-1.5,26.266449416026106,161.44032166232347,1957.7181570498783,100.0,1
3453,6.98958421880137e-08,0.3535408775072914,0.05119557440346702,-1.5,-56.11749548171417,155.29323513218526,1957.5873222130274,100.0,1
3454,4.501638389816903e-07,0.19246347600947508,0.23365547850960303,-1.5,-71.43694691737602,-153.75764246271564,1957.2094002087674,100.0,1
3455,8.135192699578764e-07,-0.3797454479956235,0.02766612265826731,-1.5,-161.86519961434226,20.742665571673633,1957.7493928603124,100.0,1
3456,2.1492872977846058e-07,0.26502969876526855,0.314413915710659,-1.5,60.118381262358454,6.276253579796386,1963.6088396474302,100.0,1
3457,3.929510372354764e-07,-0.37254512278004837,-0.18619167085727734,-1.5,2.2563647074823203,117.70836025660492,1961.008143024944,100.0,1
3458,8.326088857314382e-07,-0.3890133351417701,-0.03260620226048531,-1.5,-155.25779151367715,-52.57865089134152,1957.6883791632604,100.0,1
3459,5.236286717493079e-07,0.40990311437231247,-0.04620048369612434,-1.5,-139.0670279513172,34.90833173112558,1959.2996341495775,100.0,1
3460,4.898806912242502e-07,-0.1305391015233586,-0.3551938992859663,-1.5,151.90566138243838,42.07885554150534,1958.2051287396866,100.0,1
3461,5.868954494962934e-07,0.13318161771706785,-0.46744388010658267,-1.5,-66.32156328696588,57.720552646274975,1962.570527219726,100.0,1
3462,4.942736489503191e-07,-0.10881337141866947,0.008056708137234986,-1.5,-59.94333904960719,-136.03363463396533,1958.9065655661038,100.0,1
3463,5.169676146401247e-07,-0.07762138080419602,-0.43126323998302685,-1.5,111.79317718900776,-98.6620110240525,1958.8724765488969,100.0,1
3464,5.199303876015983e-07,0.22322361265291146,-0.3113526001439408,-1.5,89.9994130021688,27.95892496615387,1962.2771696271996,100.0,1
3465,3.70871441390881e-07,-0.1937727843277831,-0.2487268062389741,-1.5,31.216143208904878,141.40479590370012,1959.1946106409964,100.0,1
3466,6.82511965280087e-08,-0.06804627092937017,0.25858217804948036,-1.5,-22.742566200820026,-166.00922886317335,1957.3801362742463,100.0,1
3467,8.719563743831666e-07,-0.30490273132606976,0.08374724738360131,-1.5,-119.4984705976401,-55.97169319126185,1960.102183905793,100.0,1
3468,5.304890105101314e-07,0.15864575455530872,-0.4686918616715071,-1.5,-132.49700981246016,107.50937314350209,1957.115112440548,100.0,1
3469,9.021559284616893e-07,0.23598328055317652,-0.3256637408821276,-1.5,83.84684606340966,95.59319829322851,1960.4195808834959,100.0,1
3470,8.445511493772468e-07,-0.07431877265750104,0.39353424153844463,-1.5,-6.7806363881573315,-150.17995858417396,1958.778519709658,100.0,1
3471,7.876787341491039e-08,-0.4342785556029595,-0.24686449291427573,-1.5,2.6522683303360814,149.77866980088285,1958.8191855838847,100.0,1
3472,4.811408975090128e-07,-0.0540974397238782,0.4583538792081612,-1.5,-31.82170138446912,-42.32565977476339,1963.8251460126892,100.0,1
3473,3.65147700824638e-07,-0.2865611603316507,0.28702988263830675,-1.5,150.55420474874578,-14.705229420930744,1958.706326616188,100.0,1
3474,1.7356041733525723e-07,-0.16590485827063942,0.18491560673211174,-1.5,-86.41839436789824,-104.64342159259283,1959.8456321094272,100.0,1
3475,2.713381602981334e-07,0.2461618832966392,0.34913351135618487,-1.5,77.37080553540325,-6.006451878002058,1963.005595318763,100.0,1
3476,6.078526865143803e-07,0.2568567288548996,0.28686365179645185,-1.5,-2.878090255224065,93.85184594486998,1962.2937684952665,100.0,1
3477,4.793087058876627e-07,0.07978979696010924,0.298062648903797,-1.5,-58.910921407876266,-71.39083512960904,1962.3572911843814,100.0,1
3478,2.7649812114742824e-07,0.2797967884443309,-0.08210771046412159,-1.5,-8.17152708408996,4.068066792560434,1964.5177431735801,100.0,1
3479,6.48916769988925e-07,0.18579592395242825,-0.3828521889145349,-1.5,-117.33199330463053,-80.28397468619038,1959.3879077461615,100.0,1
3480,2.646047613636812e-07,-0.012590698827408611,-0.17118447696132716,-1.5,127.7113497187144,110.34823428458331,1957.275239870323,100.0,1
3481,7.019117782215992e-07,-0.3377649366721258,0.213831766514946,-1.5,96.78001361418819,128.12715140460526,1957.965870055939,100.0,1
3482,3.6798721608962086e-08,-0.01288984761034587,-0.38847239659862276,-1.5,72.42317205988972,36.36702023172747,1962.8666817322005,100.0,1
3483,2.5756509614495714e-07,0.24866665717564126,0.3561883953753508,-1.5,104.85247456157778,-9.099170516159234,1961.7177294249964,100.0,1
3484,8.033559027452013e-07,-0.18159979005759946,0.0014380640083079084,-1.5,60.78661228441266,23.898742049422207,1963.452857636661,100.0,1
3485,5.793288604731897e-07,0.3777794584017772,-0.07594332776190788,-1.5,5.863469119363991,131.3651290897659,1960.1331865093368,100.0,1
3486,4.3046866974996245e-07,0.141225968088142,0.33200788213034693,-1.5,154.14825806636713,49.4486678740378,1957.857612301446,100.0,1
3487,6.5443188734957e-07,0.0496043217974145,0.2807131297142264,-1.5,-23.092678494780795,-140.13635742797473,1959.3983300474886,100.0,1
3488,8.656095820789113e-07,0.011005251924033567,0.02382011166598092,-1.5,86.540876812224,-108.24322092348433,1959.6447045397829,100.0,1
3489,2.1400039433924777e-07,0.3804835294712891,0.13762026960064602,-1.5,-61.23416104920198,-101.71176583321981,1960.9483370241603,100.0,1
3490,1.2950087518450826e-08,0.21841526726209481,-0.08305951378233624,-1.5,42.331469530884284,121.97778863884501,1960.291496699474,100.0,1
3491,5.542698123055053e-07,-0.09955121079884775,-0.024620117987777246,-1.5,-159.4748510660951,-20.050203141128044,1957.9527694757037,100.0,1
3492,5.23089517597777e-07,-0.13654728029335214,-0.13226800713811274,-1.5,49.22360655233413,53.70814311976512,1963.1876523110925,100.0,1
3493,7.079032866180351e-07,-0.41283479518873994,-0.1178112285163894,-1.5,-9.142680159090244,82.83942710949916,1962.7703194673109,100.0,1
3494,2.5344419664924996e-07,0.22718144963783057,-0.23710600823165465,-1.5,12.732053194279759,106.82643659028102,1961.591010769832,100.0,1
3495,7.614684616521417e-07,0.07069150042438832,0.16299481073956124,-1.5,-66.3864238651639,14.72473205861046,1963.3617372400656,100.0,1
3496,3.131275247434877e-07,-0.26512059200402416,-0.36387136909352624,-1.5,-13.036855145227351,116.7669742096434,1961.0223865137232,100.0,1
3497,4.0804790527414886e-07,0.23729030983333094,-0.20035509150315706,-1.5,-33.024030843313824,115.61115270511361,1960.8561296084897,100.0,1
3498,1.363624272528028e-07,-0.30234101539654573,0.1284815384212506,-1.5,77.75968785561005,-120.63516815032517,1959.2891245081908,100.0,1
3499,3.547931370666296e-07,-0.26773190031131366,0.12092449102136768,-1.5,-86.75530750167634,56.36887781971485,1961.8127720299324,100.0,1
3500,2.423105641342764e-07,0.1885711626866556,0.45460745367325134,-1.5,-97.23198623578062,64.79334581040511,1961.061204923872,100.0,1
3501,1.2359992883292037e-07,0.08668138143210073,-0.06559706880416301,-1.5,128.8287722733739,49.084381076625505,1959.6956797510657,100.0,1
3502,7.56117586825512e-07,-0.2024004177268892,0.10762240526988191,-1.5,65.60925387269718,125.92997946208824,1959.400508406864,100.0,1
3503,8.134395788499326e-07,0.3178587098732924,0.10486587533428277,-1.5,149.25352182293398,-73.01741068399973,1957.4997139786728,100.0,1
3504,8.944775433775345e-07,0.14019096962720545,0.3691230526745793,-1.5,-92.87022316262617,-28.01759090621415,1962.1425591724133,100.0,1
3505,3.516624600716127e-07,0.08090737648143206,-0.11170287777209527,-1.5,-149.63669307158565,80.2996369853335,1957.185253023524,100.0,1
3506,9.956657006889706e-08,0.24541582879971097,-0.32512394582595566,-1.5,94.20491040172637,86.41521640907514,1960.3752527246681,100.0,1
3507,1.948723808993271e-07,0.183060757506682,-0.16862393220118857,-1.5,4.079277674261378,-85.38717401348178,1962.6781896871883,100.0,1
3508,2.889826999109255e-07,0.26702854152757716,0.18401719370476263,-1.5,-68.52709911087656,85.24247276634563,1961.4920453038442,100.0,1
3509,5.473282376712015e-07,-0.03662044644234852,-0.4479467278776663,-1.5,73.36060819384174,72.8378866557739,1961.8170530656218,100.0,1
3510,6.960844106651086e-07,0.22936953500316917,0.12324561084617298,-1.5,97.4605290191415,-58.694856152294925,1961.2418630578693,100.0,1
3511,8.526493658219733e-07,-0.20210212073186973,0.20797243815988925,-1.5,79.16189553840157,-100.07611624250634,1960.3906374798657,100.0,1
3512,9.054113508795361e-07,0.21605605608482215,-0.29612370514009556,-1.5,-118.32620132222885,-102.05445178241031,1958.3148585501194,100.0,1
3513,6.024918156407384e-07,0.3886803157507285,-0.17222077558117768,-1.5,-51.25824383385659,-103.75109969830815,1961.127631750823,100.0,1
3514,5.669684078452065e-07,0.29064150752099943,-0.21202126992147902,-1.5,-90.9062911982391,11.92942275052445,1962.398283060692,100.0,1
3515,5.966025026629331e-07,-0.33286191069005694,-0.050737253653010676,-1.5,-72.65634398344588,142.41193362392733,1958.0227738988594,100.0,1
3516,8.478322822348133e-07,0.053441483172172795,0.2822932616883683,-1.5,151.31678198662914,30.30045646643295,1958.4683811829254,100.0,1
3517,9.008836420167437e-08,-0.1377718163068531,-0.2531394185486059,-1.5,84.18376656189902,115.49530290875212,1959.333359773063,100.0,1
3518,7.143180197792322e-07,-0.34240311550595093,0.16037450218253044,-1.5,43.51550099966609,146.42349965903264,1958.5912912566728,100.0,1
3519,4.358657302256315e-07,-0.16884304051899737,0.3382167037428578,-1.5,56.361747536636116,9.137168807585343,1963.7090293184806,100.0,1
3520,5.473856413444946e-07,-0.1314047928850437,-0.18536244457061354,-1.5,-123.75808718309034,17.09476053239409,1960.5624170847645,100.0,1
3521,5.96139568249536e-07,-0.3112678038666865,-0.06731895939270696,-1.5,-103.81540717438136,112.31560758642455,1958.5762307839439,100.0,1
3522,5.244560013274518e-07,0.028692361439457924,-0.43946618802300447,-1.5,-15.318971294651368,-15.672841046731694,1964.4167015778828,100.0,1
3523,5.095237901181536e-07,0.46590328192125857,0.012415103211830796,-1.5,138.17171830427563,-98.3490432265778,1957.2044676587552,100.0,1
3524,7.748851543964773e-08,0.41944152576856725,-0.22781059502208065,-1.5,113.0749907299503,52.30272794241735,1960.5845448200735,100.0,1
3525,7.178513085535827e-07,0.0517371318879083,-0.03247520498189891,-1.5,-24.11893116075182,-30.32787207898928,1964.1567614630342,100.0,1
3526,4.12456693344986e-07,0.17772703794899827,0.25037123217005525,-1.5,-58.872913889823906,-99.7235386070936,1961.1227605950455,100.0,1
3527,1.1678416143211896e-07,-0.25972475643359094,-0.38624943189558475,-1.5,-100.06575316486908,-94.36072537602563,1959.7183942638771,100.0,1
3528,3.3497067284071487e-07,-0.002775536588898245,0.18466824498060444,-1.5,-81.55218941143558,114.64008061460821,1959.4948784278588,100.0,1
3529,1.1808021377521672e-07,-0.22898574008390776,-0.2949425668736194,-1.5,76.65292325040733,-140.70255619071213,1957.9939750430026,100.0,1
3530,2.786727069176911e-07,0.21121055576499148,-0.11753992007299789,-1.5,-136.91450423574685,-80.83616571438917,1958.0942824870835,100.0,1
3531,8.162627291487229e-07,0.09566215304745526,-0.3989369290555397,-1.5,-115.88539400703446,75.32700648167133,1959.6708151667913,100.0,1
3532,6.545566998703813e-07,0.40564493517884304,0.19995839249792804,-1.5,-58.87766566387311,-148.52520273940334,1958.0314019196228,100.0,1
3533,7.969808006569294e-07,0.39492627657853613,0.21187135636776278,-1.5,-47.061505639677726,116.80820640249424,1960.4984937178835,100.0,1
3534,2.9998392528567804e-08,-0.21482832876393523,-0.4486994264785344,-1.5,104.09975625222167,-45.31144234342707,1961.255567285181,100.0,1
3535,6.157755779903508e-07,0.03123563045790549,-0.21652020107875244,-1.5,-84.90819607056086,59.544721969530336,1961.7997631235828,100.0,1
3536,3.3518929956312224e-07,-0.0033370641239910803,-0.4454527479280219,-1.5,34.29839859999784,104.57615669884808,1961.4537296530104,100.0,1
3537,2.7922821289606283e-07,0.08096850941062035,-0.38221906489686086,-1.5,101.09160129162798,104.40034125479562,1959.1565387074888,100.0,1
3538,6.303455955804814e-07,-0.021239534903103794,-0.0012355673004432193,-1.5,69.33535305466133,71.02352066467365,1962.0299576192285,100.0,1
3539,2.428328441846751e-07,0.14088202059220445,0.08661486127719673,-1.5,141.5127299790751,1.8485880382543058,1959.4346164754427,100.0,1
3540,6.413375273393902e-07,-0.4360358801956754,0.10853858403465823,-1.5,64.67402561458351,-130.33497323543713,1959.1435249691774,100.0,1
3541,6.883971855140185e-08,-0.4232006671809189,0.20576643121677873,-1.5,-19.391933135165942,101.22634716956688,1961.8334449779672,100.0,1
3542,3.280967853052113e-07,-0.03272536787665909,-0.38933664997122963,-1.5,-40.55859837367654,63.20348648647353,1963.1030552826433,100.0,1
3543,4.761614445419681e-07,-0.04928388807678819,-0.08835626985492706,-1.5,-158.46606596714645,22.960325917878,1958.0027108348884,100.0,1
3544,5.857446913488837e-07,-0.1801167306020266,-0.06891384816734211,-1.5,-117.15266872243843,75.24841263542079,1959.5984830758548,100.0,1
3545,1.775240909682507e-08,-0.3273945707713603,-0.008482180626542999,-1.5,-112.88431575771327,123.46562363885606,1957.4030390549394,100.0,1
3546,3.2076627738234387e-07,0.30702600163065497,0.08773056789155835,-1.5,-13.442739717056245,15.921511640969502,1964.4284370987143,100.0,1
3547,6.348940346140015e-07,0.2028580604301559,-0.22537249225773148,-1.5,-8.862179100442724,72.54907226175038,1963.1788966270196,100.0,1
3548,2.4168840163943334e-07,-0.47419677153508827,0.04283936409707928,-1.5,-69.12081410704802,-45.0146355359603,1962.8064810140797,100.0,1
3549,1.8981918310120052e-07,0.48811900062859864,0.02525589045074611,-1.5,-45.910293580242424,-40.97060462186279,1963.575040778026,100.0,1
3550,3.972156368574334e-07,-0.22131364019992514,0.34302640066220264,-1.5,118.47752968745381,-100.22413194437081,1958.4002360603633,100.0,1
3551,3.621422257417283e-07,0.3130808175845902,0.09998026109744061,-1.5,106.6696838776603,46.044964360189084,1961.1003865342132,100.0,1
3552,5.283152185131683e-07,-0.015408499346415926,0.001011891479784275,-1.5,-14.396231166401082,-77.51242180376188,1962.9564078859344,100.0,1
3553,5.814843062033811e-07,-0.19821346835651588,-0.3770168276305086,-1.5,111.98560709154303,98.89550718948192,1958.8497106026805,100.0,1
3554,2.3941680014678165e-07,-0.2715598852452137,-0.34661727383274255,-1.5,62.31003990314429,152.11902353464728,1957.6492402553286,100.0,1
3555,7.119195571933368e-07,-0.1059882595117132,0.32443171852604746,-1.5,65.58301667501799,123.49798262037983,1959.5561748719101,100.0,1
3556,6.082977746747518e-07,0.14618151977308366,-0.42459884640480006,-1.5,-51.08549400155337,142.72640164019842,1958.681376039398,100.0,1
3557,8.388542556264775e-07,0.008005622874931012,0.39312755330194965,-1.5,43.42816698115289,34.71286268577546,1963.7520968143986,100.0,1
3558,7.748283735918496e-07,0.21647219521307964,0.12957109074143378,-1.5,-77.7568259748091,-122.50766306329056,1959.1730487047912,100.0,1
3559,9.207097297254844e-08,-0.17723959562780778,-0.1229291491502874,-1.5,-78.3840631780905,-117.35589453671489,1959.4634007613695,100.0,1
3560,3.813465338211777e-07,0.09326394556297007,-0.2962552848562926,-1.5,60.51339456630985,17.12209467564369,1963.5320851002439,100.0,1
3561,3.135759599214635e-07,-0.1576476790904207,0.07511652674262381,-1.5,87.58689986163712,125.29841003277863,1958.5816627554789,100.0,1
3562,6.3423620463762e-07,0.2609451427116937,0.0917168878139067,-1.5,-164.44123447261194,-17.36483461764565,1957.5675797248882,100.0,1
3563,7.987759651360065e-08,-0.13048507671707735,-0.46607441543048445,-1.5,101.10879412702562,-80.99152820001991,1960.262908483486,100.0,1
3564,5.667295196905696e-07,0.3312977417667204,0.10143864261256026,-1.5,84.03751301818369,-82.58157721624572,1961.002617483293,100.0,1
3565,1.692444734352493e-07,-0.07961701880078742,0.35914735168445455,-1.5,-100.21806873964852,70.89241212428882,1960.699847214618,100.0,1
3566,6.377272422083348e-07,-0.05926897211776066,0.18201126808779766,-1.5,47.42434696990983,-60.333704632022865,1963.0394956969114,100.0,1
3567,5.026258070146554e-07,-0.3140355796700731,0.03540326031511449,-1.5,88.51537579295129,-56.61842217417646,1961.726960814086,100.0,1
3568,8.426895105614666e-07,0.3009141723316597,0.20840833357410576,-1.5,98.30554057657933,-15.015925672439462,1962.0203436596364,100.0,1
3569,2.065710213942323e-07,0.11271379702293513,0.29573313030405435,-1.5,-44.73432309836608,-52.243978467563316,1963.3345851680358,100.0,1
3570,5.625035988543587e-07,-0.0931313736648256,0.08729826900810736,-1.5,-155.44553437129807,-60.085620174098096,1957.4574555679228,100.0,1
3571,5.164674819140678e-07,0.18526874158174814,-0.34299901233783564,-1.5,52.16832383759585,141.96741274696092,1958.7079940542544,100.0,1
3572,2.3886135487297576e-07,-0.22317456459684223,-0.3180388157942695,-1.5,154.0807646767652,29.618118275445227,1958.2633048935418,100.0,1
3573,7.102793289950931e-07,-0.10342730815811149,-0.1856289799166096,-1.5,-85.31335230386185,-77.55950745511906,1961.1525797316556,100.0,1
3574,6.002433302387064e-08,0.04309416043892199,-0.1985584922570345,-1.5,-123.03880652587222,106.98728439625769,1957.761083312347,100.0,1
3575,4.79923746008648e-07,-0.055369629056934364,-0.15350946254776618,-1.5,141.33460429890047,-70.73295114134531,1958.1712554106805,100.0,1
3576,5.754323144217755e-07,0.07801536349585929,-0.20403345443575482,-1.5,157.3261187872034,11.149049256126537,1958.1975072280554,100.0,1
3577,8.699603515269754e-07,0.318257674367248,-0.14564003311144585,-1.5,20.338283914073713,-22.461789478026084,1964.3052482969663,100.0,1
3578,1.3811542539211069e-08,0.3802118600525361,0.15727779294049424,-1.5,70.43873217172657,-20.63551422194622,1963.167299755415,100.0,1
3579,5.715381137319515e-07,-0.006393285244496319,0.41977293625523443,-1.5,-1.9140914656770478,-106.60616547981382,1961.6433794147404,100.0,1
3580,7.29140379782263e-07,0.4065298970228731,-0.10958162154341998,-1.5,-54.61183281754745,-26.03534867634104,1963.607138559478,100.0,1
3581,1.0853391838200333e-08,-0.011372830670290048,-0.3880287156072638,-1.5,35.50696089523543,-78.21772164824023,1962.660064813638,100.0,1
3582,1.933506147998458e-07,-0.15624569158556093,0.3887915316551703,-1.5,11.408412151924924,112.60915223944829,1961.275685167747,100.0,1
3583,3.1907394731743484e-07,-0.2561638371740565,0.3303708632680095,-1.5,154.7648921230444,45.36219451935351,1957.9079104341608,100.0,1
3584,5.689581730098938e-07,-0.045057807624048686,-0.44970692421623926,-1.5,-104.57223064448826,-87.56290477449886,1959.7986306127523,100.0,1
3585,7.593323985822313e-08,0.12551504875964792,-0.375982093923105,-1.5,-103.89364607797293,70.34750159732077,1960.5281496550288,100.0,1
3586,2.330543247014831e-08,-0.22381638387614214,-0.4048314210583174,-1.5,50.094751548764584,-160.88686743482808,1957.298959796486,100.0,1
3587,2.940522676697062e-07,-0.015771854617885703,0.42242976468013527,-1.5,-69.64631382053112,-151.97226800822745,1957.4133715170587,100.0,1
3588,2.3964080101824e-07,-0.44443895515734266,0.19754151953837146,-1.5,-81.88763757336366,-133.99817281275173,1958.2523307177828,100.0,1
3589,3.4401908299290736e-07,-0.10437384343733586,-0.06342809432101891,-1.5,-92.32106003657266,-105.0644538202563,1959.5539208409923,100.0,1
3590,3.226842199127396e-07,-0.0946839619126103,-0.4886090850403544,-1.5,160.84542908979375,-53.55369639638157,1957.210779606871,100.0,1
3591,3.418127813946307e-08,-0.2494563367183828,-0.35830033398124045,-1.5,-18.60991528422976,61.8986996565706,1963.475364831469,100.0,1
3592,8.811352561170943e-07,-0.3700041305112348,0.27074489824460335,-1.5,125.66602288388066,-24.18316126771277,1960.3664228071698,100.0,1
3593,5.380870312096209e-07,0.26775137234272983,0.24176531460183653,-1.5,12.849988561075428,-20.62474654923684,1964.3886539811542,100.0,1
3594,3.7193376989822644e-07,-0.05485245043762067,-0.15549078043703476,-1.5,138.69000507771943,-9.422005645222246,1959.614654611282,100.0,1
3595,5.964136346076449e-08,-0.38117945478873266,-0.07729323234224424,-1.5,4.774522882913135,140.97744599440628,1959.4682569305037,100.0,1
3596,4.891979654136075e-07,0.324825409989762,-0.21824316990862883,-1.5,38.761883495305725,-6.634469567139078,1964.1453068618905,100.0,1
3597,5.440307302877489e-08,0.2248227006293935,0.4448751379458712,-1.5,-135.1967955325814,-60.36083006247993,1958.951679582225,100.0,1
3598,7.088347133180525e-07,0.3014288510520612,0.08730583749807728,-1.5,-47.99786387956556,-85.04522004496349,1962.1102929949259,100.0,1
3599,2.0434792452957004e-07,0.013343841666000406,-0.31176857309866896,-1.5,86.01045077953931,-69.45652299552606,1961.4258283290255,100.0,1
3600,4.92680222918567e-07,0.42884128951059425,-0.1204214316089532,-1.5,-52.44009631124586,99.45906150537118,1961.3187445312067,100.0,1
3601,2.0797840854990852e-07,0.2460371673093113,-0.3029921947197847,-1.5,-97.14536442914637,-78.68107548529157,1960.5574086969598,100.0,1
3602,8.015241143761506e-07,0.22500959948448898,-0.15055521618030832,-1.5,36.209797467687174,21.20756640569294,1964.0907249820789,100.0,1
3603,3.2724122717920974e-07,-0.32011447190475323,0.007444860927047814,-1.5,-132.68657346991,40.489947391798076,1959.6346913767256,100.0,1
3604,7.969584976018028e-07,0.2171559089141306,0.23189637231698204,-1.5,-86.86179676941813,-134.90206967157732,1957.9759309364465,100.0,1
3605,3.85708192580937e-07,0.13404435269594273,0.04575503796944869,-1.5,-102.25429204671002,-16.512821615541412,1961.8064819819642,100.0,1
3606,3.0045977574240004e-08,-0.3310918022550198,0.12374408999650029,-1.5,66.76476200417154,21.64855516056135,1963.2847712138241,100.0,1
3607,7.967798416997311e-08,-0.25820529495105704,-0.12288534458467013,-1.5,10.982216186646202,-59.217787101445396,1963.615525219886,100.0,1
3608,5.839665514274969e-07,-0.3383400221612629,0.2365151152637615,-1.5,74.51859253758307,93.09267191459963,1960.9166275158539,100.0,1
3609,3.304700874251101e-07,-0.2853611400617803,-0.0053357613994901455,-1.5,33.243005253852274,-109.59180845218562,1961.1980584295925,100.0,1
3610,7.219113812869605e-07,0.1594929640707351,-0.04247342978034539,-1.5,28.89194242153028,128.33906200213886,1960.1294924299398,100.0,1
3611,8.603190313777115e-07,-0.3185566410110091,0.01147905781425127,-1.5,26.26097505738637,-162.26485958906164,1957.650061374021,100.0,1
3612,4.389664173404381e-07,0.4527943027610832,-0.036457859419623054,-1.5,-7.924979716539345,-80.75951717002127,1962.8622930172887,100.0,1
3613,8.730918099530096e-07,0.10400494004362189,0.18145809842085284,-1.5,92.7147908810561,56.907656036509685,1961.524604103258,100.0,1
3614,5.31280119866118e-07,-0.19985625816686955,-0.17208345920888407,-1.5,-60.79748977715851,59.07108716395211,1962.7092393332732,100.0,1
3615,2.0467954593521505e-07,-0.3676661027165505,-0.197045096306875,-1.5,31.7467669035713,86.04371593421811,1962.3969802273782,100.0,1
3616,3.051399847611881e-07,-0.4612986287006767,0.11702346149605936,-1.5,-58.29735354887691,-122.33763720646937,1959.859231515893,100.0,1
3617,5.986951054975682e-07,-0.0871764932901937,-0.08057633197474602,-1.5,-151.67410122529037,-26.535762294294404,1958.4953680320748,100.0,1
3618,4.5858901989927065e-07,0.13656456859579863,0.05134159879217346,-1.5,103.15682249012161,75.51864437261064,1960.3746811750034,100.0,1
3619,8.600411998737059e-07,-0.12950808496508523,-0.23600872221510868,-1.5,-133.99410582185766,36.300284387419914,1959.6278103825034,100.0,1
3620,8.261666764250946e-07,0.31450686086481083,-0.08306119088491044,-1.5,119.80879573101299,106.44573727547396,1957.9909202413314,100.0,1
3621,8.489629793625177e-07,0.36417719672715543,-0.0046685995802757205,-1.5,-25.25776543570588,-123.52742227904787,1960.4887930045456,100.0,1
3622,6.537331198899438e-07,0.005493379595928457,0.04354893897031873,-1.5,11.772503445748312,-135.3053551891767,1959.8385533726705,100.0,1
3623,5.739575254985524e-08,0.10760328556393234,0.25015696097477,-1.5,20.33515893165338,-62.225605637407824,1963.447921789731,100.0,1
3624,1.378416768301442e-07,0.11548911403268891,0.37279688022577634,-1.5,-88.36213255949012,114.70072585782235,1959.1960502418738,100.0,1
3625,6.738513737587827e-07,-0.3638933683506148,-0.18548627016932007,-1.5,75.31922668242494,-94.81272018464058,1960.8036231222345,100.0,1
3626,6.648275403982797e-07,0.39439444835515924,-0.08436484782803615,-1.5,69.22909044911755,137.4035507044876,1958.5047570928998,100.0,1
3627,7.08953806186408e-07,0.24237756944327235,-0.3256359737708034,-1.5,136.08027995985248,53.18491133478942,1959.0984683977704,100.0,1
3628,7.248636176628139e-07,0.10698138820096444,-0.45395154455743153,-1.5,-24.848167892131233,-157.04666531813047,1958.0940221886667,100.0,1
3629,7.992694953303055e-08,0.3660942875488432,-0.1684417691127975,-1.5,-63.14275067631147,-154.44844737815106,1957.440153978057,100.0,1
3630,4.787569888434877e-07,0.3091396802861674,-0.08703166670212693,-1.5,-146.66765619509522,-41.87231843272257,1958.608841459018,100.0,1
3631,2.3403574618342334e-07,-0.3215214976067097,0.19123709662671556,-1.5,148.28875439229836,34.66926620824478,1958.6275229270861,100.0,1
3632,4.66011836235744e-07,0.2906384315830543,-0.1720568881475012,-1.5,39.64309295585904,-40.54667480519692,1963.7203667042988,100.0,1
3633,7.296766840788738e-07,-0.15225338298933908,0.1912048718967532,-1.5,-50.971282868295,-116.59207314141672,1960.4136051021167,100.0,1
3634,8.533886493118313e-07,-0.49437125195710485,0.01866741675003159,-1.5,139.24199946519497,25.270190019078438,1959.4352169304975,100.0,1
3635,8.559709493151588e-07,-0.026155785197319304,0.3761238452545968,-1.5,-155.00100169202136,-18.694312308639773,1958.3254322067894,100.0,1
3636,6.348150936730012e-07,-0.3494488567420532,0.1497242536924128,-1.5,47.96184642793322,-16.571126232168087,1963.883485680541,100.0,1
3637,6.221987002976981e-07,-0.11144562576873866,0.10810736209657357,-1.5,114.98031818485373,-37.36043979736752,1960.8153942261847,100.0,1
3638,6.536718788961476e-07,0.4644445004547541,0.030834802524950293,-1.5,-90.35817353287612,25.384068122732852,1962.2956800205911,100.0,1
3639,6.762056645648001e-07,-0.37075483084019656,-0.08461963466423196,-1.5,-104.12515352862208,81.83707820365348,1960.069879187949,100.0,1
3640,5.324699238963079e-07,-0.12256045046279632,-0.16784127976426327,-1.5,-26.101618471249314,-149.014183244443,1958.7053798290606,100.0,1
3641,5.368861404866028e-07,-0.1600179111561181,0.21959050190633897,-1.5,10.295003942071759,0.7036958025128057,1964.5118487736797,100.0,1
3642,1.2337960273363405e-07,0.43599273297267177,-0.11978593412735518,-1.5,-131.69876931332928,107.64854272019198,1957.1613402266316,100.0,1
3643,1.448928527055491e-08,-0.020204101727928067,0.29811612063650755,-1.5,-109.32530519651799,-40.11728181970455,1961.0843601459926,100.0,1
3644,3.5344695152776625e-07,-0.1812507632721778,0.33729976643481624,-1.5,-107.93960594665613,-104.6694459610316,1958.776821084123,100.0,1
3645,7.638090112567224e-07,0.23870083190237265,-0.3562583189295701,-1.5,54.25392556881433,-155.2699075900221,1957.6417071628532,100.0,1
3646,3.2676806731091523e-07,-0.029549688924655638,-0.20181954235818583,-1.5,54.23707803493928,-88.91146290018355,1961.7763321534167,100.0,1
3647,1.3282225158130157e-07,0.11591687329837745,0.02827118312875992,-1.5,160.37442835703177,-53.58347328592907,1957.2486148637076,100.0,1
3648,5.928058879148672e-07,0.0674807061428504,-0.43624771262338335,-1.5,75.74228687124194,-68.49770839205105,1961.882885442116,100.0,1
3649,1.1416687142857293e-07,0.01811460318452339,0.052753682764158295,-1.5,55.402971839334036,152.82184877698856,1957.8021553553067,100.0,1
3650,5.851143190516749e-07,-0.17508381963345263,0.2714210950112975,-1.5,-150.20410697704574,-49.4429815232174,1958.1642944583211,100.0,1
3651,6.012289209105322e-07,-0.07641555769507803,0.37567557248327843,-1.5,-30.007402441712205,47.564795538187774,1963.733798733994,100.0,1
3652,2.307097936296452e-07,-0.22526069757943967,0.34590807021856973,-1.5,103.54052889174201,-75.7875002820592,1960.3440769272997,100.0,1
3653,6.715165000251815e-07,-0.1337270611238075,-0.27229960914072837,-1.5,-19.991249658043166,-123.1967462921691,1960.5703756576206,100.0,1
3654,3.978960523618377e-07,-0.13396243752492992,-0.31098874679351435,-1.5,8.282175499392023,-87.04984944510977,1962.5919126366318,100.0,1
3655,5.635004529206412e-07,0.048915871988596565,0.28916607370869324,-1.5,74.9508031420625,-145.62673958741868,1957.69980234244,100.0,1
3656,6.514311977698432e-07,0.2954461476085498,0.039036413761372145,-1.5,-68.93584052261238,-3.961940111264848,1963.3250976820234,100.0,1
3657,7.715550776647077e-07,0.3391780074640835,0.2719104419640184,-1.5,148.9995939433227,-32.81213707461733,1958.605567982347,100.0,1
3658,4.0036194914136106e-08,-0.25543540465288966,0.23919460993609806,-1.5,-69.75491836706766,149.70932015247763,1957.5838825167154,100.0,1
3659,5.605323554227291e-10,-0.14585275450396254,-0.39338271836078853,-1.5,26.805609295747537,-14.394486362961306,1964.3033228956167,100.0,1
3660,5.437769570928886e-07,-0.3235854157308285,-0.050033287003669796,-1.5,50.999946355145674,-25.52774191214896,1963.7109324263513,100.0,1
3661,7.161084594267917e-07,-0.11054562497484122,-0.26562591082380993,-1.5,-58.863568472854794,-40.27047467274928,1963.2439113473406,100.0,1
3662,4.658451446502963e-07,0.40213364520314243,0.05084671340716781,-1.5,-101.24455251472996,-123.82994632860444,1958.0165911565914,100.0,1
3663,5.606330608734437e-07,0.2599552245357237,0.04662529663307433,-1.5,61.371478693877705,-88.26185855594046,1961.5954405007444,100.0,1
3664,8.437291659459499e-07,0.06405915125669998,-0.24515381962736332,-1.5,-16.51215121906054,-153.25276438390677,1958.4826334019253,100.0,1
3665,4.264624960042702e-07,0.3087714122645516,-0.2605660793965654,-1.5,-69.24530509845735,64.52584801770789,1962.2575745618994,100.0,1
3666,7.229401128857011e-07,0.3214561853483483,0.36391181989857135,-1.5,90.1327054255411,-23.13254759451527,1962.3338826307288,100.0,1
3667,1.6443001476122461e-07,0.3901766222356477,0.025427428106480788,-1.5,124.03586939884168,114.74088407257017,1957.259032139295,100.0,1
3668,6.585748320456969e-07,-0.4484150120641631,0.18107822701991905,-1.5,-92.20242981490176,7.237732623454315,1962.3607245939343,100.0,1
3669,8.664207352558522e-07,-0.22411065341208275,0.10804128000991023,-1.5,-3.5408527387661386,-133.97821217885965,1959.9618841419774,100.0,1
3670,1.8855711291019352e-07,-0.20370452102799416,0.19202415664621783,-1.5,30.55000115886586,9.148555517054513,1964.280093985396,100.0,1
3671,2.325723153471402e-07,-0.4451730925844683,-0.12171849066714083,-1.5,135.27914084275253,-63.71472599759487,1958.8397775239375,100.0,1
3672,5.425463419890911e-07,-0.4671567949252018,0.13940596610216122,-1.5,-70.36510688607055,-29.845660405931902,1963.051521115525,100.0,1
3673,1.423795850353259e-07,0.2656576043123037,0.3639976712666652,-1.5,-143.33749867857344,48.7082579298165,1958.6973102927732,100.0,1
3674,2.348407716363121e-07,0.2079187843753654,0.02266557532164099,-1.5,-97.96878085477822,-115.14035294898142,1958.7133795853704,100.0,1
3675,1.0805665657398569e-07,-0.06495074402382181,0.24711182408076937,-1.5,108.17599050378242,-36.320035613433745,1961.2220925631282,100.0,1
3676,1.1613265580158789e-08,-0.19776550303947063,-0.024656222816889638,-1.5,137.28881132937065,-18.170297170446908,1959.6517315203325,100.0,1
3677,7.197771315308006e-08,-0.10358004497001513,-0.47838259189901644,-1.5,120.0905835950201,20.77853072403511,1960.754903260193,100.0,1
3678,2.0542678071742057e-07,-0.07888282148717128,-0.36298976518893256,-1.5,33.46566307444259,87.4306106718131,1962.3071176496999,100.0,1
3679,7.480157687665303e-07,-0.24909054472319583,-0.07124257695295161,-1.5,-77.36154388850962,-94.65168353956923,1960.7318879939814,100.0,1
3680,7.213464465453296e-07,-0.4347023912268884,-0.22190740372208997,-1.5,-132.91047219571814,-22.89646172141616,1959.9040396630348,100.0,1
3681,1.3073491883660179e-08,0.16024669070412442,-0.06406165168969905,-1.5,0.967869783862999,86.05565753430434,1962.6529936034417,100.0,1
3682,3.808116800226502e-07,0.10300490117241365,0.019916918387000045,-1.5,38.62636508599866,-62.696942969381006,1963.1582675700572,100.0,1
3683,5.6118363135852e-07,0.2416682838461537,0.38952232818147203,-1.5,22.91014615713531,-157.42858189962175,1958.0869881264887,100.0,1
3684,4.023181309934683e-07,0.4953492283896549,-0.009580889378894236,-1.5,114.95087704200186,-83.03857751299756,1959.4142432824212,100.0,1
3685,1.9832058700282727e-07,-0.1888020108764408,0.3727539393725346,-1.5,-37.47559381729484,32.238131614454424,1963.9168946277186,100.0,1
3686,1.729525878016356e-07,-0.03642360670302903,0.46437465181864623,-1.5,89.9113350401864,107.43452874405416,1959.5374607623519,100.0,1
3687,3.3862390036584614e-07,0.2729927764431549,0.178689581119513,-1.5,-26.74099149212183,-45.479643440026095,1963.8303917784544,100.0,1
3688,2.7152219568023597e-07,0.24115239214724402,-0.3238837164632123,-1.5,99.1868690345206,-85.14753370523115,1960.1849782051634,100.0,1
3689,5.7795608214099e-07,-0.13690085980752448,0.28539866178069534,-1.5,-143.59039196057387,72.55830088524364,1957.9403409132226,100.0,1
3690,4.8964206750831836e-08,0.06376372998416632,0.46823649790023425,-1.5,-59.55814574566881,-25.337066642933433,1963.472471565466,100.0,1
3691,1.694624585351755e-08,0.3730055952921591,-0.29164608159908606,-1.5,79.19803223485819,-147.47191270377883,1957.394439789729,100.0,1
3692,7.438179451562082e-07,0.39116008817681447,0.06774068759287948,-1.5,-112.7506922368423,90.53923940074336,1959.2098442471595,100.0,1
3693,8.627395354635622e-07,-0.26150242893914943,-0.2555719215283273,-1.5,57.88093628764725,-109.19069061859085,1960.6479736461697,100.0,1
3694,6.838752845504407e-07,-0.05889304612166563,-0.23435730502038343,-1.5,-114.49430160853406,25.26193364339981,1961.0370154267619,100.0,1
3695,7.346062717828425e-07,0.08621950928444014,-0.3549488152096123,-1.5,6.288706817358441,-103.11928283382417,1961.820621754327,100.0,1
3696,6.426075078230547e-07,-0.18186495140842035,-0.42273708067377935,-1.5,88.0759404596346,-112.79272551272247,1959.3197074621828,100.0,1
3697,5.689966799059733e-07,-0.3444470694658914,0.35692710154838003,-1.5,28.536460569228918,-51.93444384924723,1963.6450214400722,100.0,1
3698,3.507640003847607e-07,-0.1646928437601478,0.04439988976961654,-1.5,-61.11602576643368,67.6145063735501,1962.42360263744,100.0,1
3699,4.3663639838971714e-07,-0.15654813786358132,0.02801034177205785,-1.5,99.44390817319574,80.76484596871478,1960.3574253306517,100.0,1
3700,2.752482617470092e-07,0.4097628790025558,-0.010577807352859285,-1.5,17.53890925380085,85.62279962682553,1962.593796258508,100.0,1
3701,8.098485537351471e-07,-0.3539093834945085,0.34411008310491004,-1.5,-0.07232113284102991,-50.64732076584406,1963.8859768161253,100.0,1
3702,6.37005060451393e-08,0.07217910667938986,0.36288472483032824,-1.5,-148.6489687957951,76.77850114521266,1957.4018065037062,100.0,1
3703,8.475687880843568e-07,0.13159301630567424,0.18713575203187677,-1.5,14.237514345627876,-21.060847989430442,1964.37446026295,100.0,1
3704,5.286413578414814e-07,-0.0667659340024716,-0.3942398294931174,-1.5,-105.60401785083126,-61.45250212831009,1960.7357465150837,100.0,1
3705,5.875317889566941e-07,-0.04387742039752787,-0.09132624692826362,-1.5,14.374809029721709,-35.08387084267926,1964.1730507107015,100.0,1
3706,3.879839474079277e-08,-0.012253967684478116,-0.3388995718637291,-1.5,-37.109136256835875,-38.811142780865644,1963.804953010468,100.0,1
3707,8.338516073561666e-07,-0.27010323640948425,-0.33944012096903226,-1.5,-145.18467749928436,59.50074480401684,1958.2630969952243,100.0,1
3708,5.239074025625592e-07,0.08145613464165,0.40616743205796974,-1.5,47.23140925316051,154.901770213821,1957.8528856455778,100.0,1
3709,2.9504285944646823e-07,0.017292290330725768,-0.015353928155645296,-1.5,10.07772600117784,-12.38409652462453,1964.4740669853713,100.0,1
3710,6.686516521797681e-07,-0.06117564566943033,-0.23186098524423102,-1.5,96.43746867621266,-79.6444360632291,1960.5534587727072,100.0,1
3711,8.587363107621389e-07,-0.4563982001047144,0.20313131772600934,-1.5,-67.78233545989738,-149.45123101849256,1957.672896786588,100.0,1
3712,3.113414647602528e-08,-0.00802061014763479,-0.23503446093748792,-1.5,2.5603699199081698,-121.90375302498836,1960.7514390586143,100.0,1
3713,8.890885272480982e-07,-0.18076135776013996,-0.03343342826857948,-1.5,22.721715914234956,19.97512686849262,1964.30598537973,100.0,1
3714,6.799146603843218e-07,-0.14662336522556288,-0.025151866020983748,-1.5,0.26282232644278514,-92.37350346901441,1962.3660089410987,100.0,1
3715,8.447661744091817e-07,-0.36367068605451885,0.057580614970316794,-1.5,-76.85444079629444,106.7658520318385,1960.1295197093318,100.0,1
3716,5.17046260726693e-07,-0.36381510056965216,-0.05710604920704223,-1.5,-85.3243616345541,-48.7146807709781,1962.0805078933863,100.0,1
3717,5.043056281907616e-07,0.3886794100575899,-0.289744213253142,-1.5,30.35085236389556,-161.7672702047812,1957.6321059681795,100.0,1
3718,3.857093714561072e-07,-0.2163365188726329,-0.3318452130651835,-1.5,42.45046803484636,-128.97103730009292,1959.8412475421298,100.0,1
3719,2.3367667869181954e-07,-0.4203657979513628,0.1365468612059172,-1.5,157.66282302942093,-8.765472758642014,1958.1825469010396,100.0,1
3720,7.998053820499278e-07,-0.242506362312449,0.02334646815600665,-1.5,-97.69487645951041,38.928041478145204,1961.7221018702849,100.0,1
3721,7.120299210548959e-08,-0.09101633724772365,-0.3984978697502067,-1.5,108.69263372330784,50.89671032215953,1960.869379259823,100.0,1
3722,8.656968047441531e-07,-0.4626866637126895,-0.07597241798213465,-1.5,-83.62571470190277,-64.45556797806476,1961.699647209876,100.0,1
3723,2.8207597104410537e-07,0.0855705371103068,0.17399326786427513,-1.5,-39.764113675292485,123.5796155010213,1960.2449286153935,100.0,1
3724,3.4252620207545594e-07,-0.3133957512104283,-0.19925238938490408,-1.5,-125.63694566549995,-28.511152220153647,1960.310117902026,100.0,1
3725,2.0549033693131203e-07,-0.12422383514696497,-0.3987757442661757,-1.5,-143.30732740654616,82.20027010544342,1957.5799886013128,100.0,1
3726,8.724684764079848e-08,-0.14188219248301343,0.152100814438581,-1.5,-139.88052350536353,51.957295212256824,1958.8637433175957,100.0,1
3727,4.947183339463945e-07,0.16253590601859905,-0.30994542504312866,-1.5,-87.74382177656565,-23.268830509033837,1962.4405391075968,100.0,1
3728,6.718393554886904e-07,0.15861817473448434,-0.2637641197732577,-1.5,1.7881595864540902,32.32921243652434,1964.2721071110943,100.0,1
3729,7.572276446543264e-07,0.39801438751617885,-0.22148896938529727,-1.5,8.779331096690921,-1.4252360835657791,1964.5188159734516,100.0,1
3730,7.870083766809282e-07,0.2562705027371086,-0.10863174477532804,-1.5,90.47353982252108,-62.29225829451246,1961.4656508373232,100.0,1
3731,4.1186335721586686e-07,-0.3694243269040496,0.25389502227004723,-1.5,81.56716766834376,-13.313205976432734,1962.7997457640258,100.0,1
3732,5.320739601084479e-07,0.1251472520100185,-0.47740481949542035,-1.5,125.90976239904418,9.36788594547868,1960.4775593491654,100.0,1
3733,7.983281049327072e-07,-0.444493198347645,0.1734584281285751,-1.5,165.58015956819955,20.550275898146857,1957.4407227765573,100.0,1
3734,2.789410987464425e-07,0.0006070383208648493,0.14491740500343364,-1.5,-55.54056193564824,-9.254716053651082,1963.7318764222293,100.0,1
3735,7.668023071276002e-07,0.4452299941411936,0.15898131041200766,-1.5,17.655957203392735,81.69282724905288,1962.7602592821722,100.0,1
3736,5.721733341815134e-07,0.1783774133316751,0.15959947468110597,-1.5,-50.582682836594174,102.86839954976506,1961.1916711115346,100.0,1
3737,7.378110715619446e-07,-0.03917916553137358,-0.3090988128939662,-1.5,135.22675827452935,43.52547306031115,1959.3959638897823,100.0,1
3738,3.256568039924139e-07,0.15644816575037554,-0.19737351356613156,-1.5,91.59669777082418,-12.027233998104414,1962.3655818592943,100.0,1
3739,1.7399260192712732e-07,-0.1905586062322508,0.4368661036122065,-1.5,-86.9816554078604,119.76475285615734,1958.95479321549,100.0,1
3740,3.169364473515491e-07,-0.0774551393413295,0.16968185187077423,-1.5,-76.9177565297466,-129.4082966221212,1958.7624760960484,100.0,1
3741,4.910657724652556e-07,0.41749729554341225,0.11928944228133899,-1.5,-14.166757915004553,62.28304258413679,1963.500295860118,100.0,1
3742,1.3134200694496667e-07,-0.30735739072744633,-0.36963056446331183,-1.5,-154.3444162340044,-71.65863186064304,1957.1551108492592,100.0,1
3743,2.947724117639041e-07,0.2129211377015456,-0.023886109901156884,-1.5,-2.9063800535969433,83.24326353392713,1962.772375569143,100.0,1
3744,2.1049664550689744e-07,-0.42082803437124855,0.02919378901982795,-1.5,-15.484723735248183,-74.53309203615306,1963.0635057961076,100.0,1
3745,8.708097750088233e-07,-0.09061238082489208,0.21721583051552396,-1.5,36.54468238950465,128.06026022618323,1960.019985154739,100.0,1
3746,6.868488171507085e-07,-0.34966437172979536,0.20908610951040776,-1.5,51.67152709536178,75.17907061716134,1962.419793748245,100.0,1
3747,1.780023309509917e-07,0.35966264370429124,0.019802710409737422,-1.5,-46.207851575471544,-85.383158653673,1962.138587597021,100.0,1
3748,9.069719353160023e-07,0.19300881199294004,-0.3162113111293481,-1.5,-147.80927899289324,34.961053981010934,1958.6585787253146,100.0,1
3749,3.6041790914082387e-07,-0.3687114075004767,0.07315493527319646,-1.5,69.9100798863101,130.7368475497867,1958.9368911961317,100.0,1
3750,2.554813504721175e-07,0.008881788463600628,-0.3287282135402772,-1.5,-146.42396891558877,30.502509187620298,1958.8371306789131,100.0,1
3751,3.618763929973652e-07,0.23344409366282284,0.36557140453497505,-1.5,72.82842709213261,-59.95894561166331,1962.2727209321733,100.0,1
3752,6.130527369832398e-07,0.1395292017284952,0.031605939199280085,-1.5,83.10201546286689,133.48608622984148,1958.236146657287,100.0,1
3753,1.917679065419766e-07,0.06082021000663072,0.2945250526539161,-1.5,90.86295909766986,99.39526943277068,1959.9178016806045,100.0,1
3754,7.381910185018553e-07,0.42516445120833757,0.225830879338568,-1.5,106.80002042801102,20.135605192894964,1961.530422732776,100.0,1
3755,6.353459854031008e-08,-0.07624406515863003,0.11577448214243784,-1.5,-51.84547205857868,160.21098898618894,1957.3088086199432,100.0,1
3756,1.675223297413348e-07,0.4106395529848683,-0.08223340751925147,-1.5,-13.943412544242591,151.59743681041942,1958.6314315524662,100.0,1
3757,7.924966317467691e-08,0.05665802778510313,0.1994241555777923,-1.5,7.988651449283618,29.504185288437938,1964.3011405496404,100.0,1
3758,7.160194887376074e-07,-0.25159805686501097,0.18197636930385533,-1.5,-69.64819014269386,-107.53307514881008,1960.35686894632,100.0,1
3759,5.164227630968278e-07,0.2007301494972022,0.444565013975439,-1.5,-30.859111500743808,-144.4421088915023,1958.9786825492745,100.0,1
3760,5.537236749144846e-07,0.2362675382720912,-0.12035175098802126,-1.5,-141.4129246952663,1.4956636139730943,1959.442123152816,100.0,1
3761,7.045220864932927e-07,-0.28194264028458993,0.39859660164680305,-1.5,-74.25938056249224,41.70158909958745,1962.691979942644,100.0,1
3762,8.512353775935224e-07,-0.1581798275634257,0.04564740846572225,-1.5,-71.93263675690676,18.415392810982848,1963.1352106625125,100.0,1
3763,6.596567200740697e-07,0.1315477650188487,-0.055682108030638375,-1.5,-68.9332474238082,-35.847170572047226,1963.0019037249347,100.0,1
3764,8.945263283479829e-07,0.28857161077174803,-0.3582932487718158,-1.5,-56.83001182833338,111.15780843843473,1960.5681772498724,100.0,1
3765,4.1392407034512504e-07,-0.0709991800298892,-0.16268906552499698,-1.5,-155.9172016962629,-6.332737104821707,1958.3316902205559,100.0,1
3766,4.194581474234541e-08,0.17054234756467138,0.035354488044526254,-1.5,48.75401103149384,-99.16165613686411,1961.42889206483,100.0,1
3767,2.4464461492265193e-07,-0.32308230696221535,0.3010108314857986,-1.5,-126.2836002179845,33.61135937625937,1960.1877499624866,100.0,1
3768,8.526329510482914e-07,-0.35428070469080836,0.01617177227540684,-1.5,-100.54757822509733,2.4406249944142164,1961.9626688927685,100.0,1
3769,7.310822475116342e-07,-0.21690664250277356,0.07615504387361427,-1.5,-143.78818729829598,-3.269091674357102,1959.2670967734914,100.0,1
3770,5.73021447066639e-07,0.1880933820735931,0.4587824625263515,-1.5,-69.23926564856183,96.50595313255108,1960.9451321667716,100.0,1
3771,8.763883231021392e-07,0.49150662212569796,0.06273323477561929,-1.5,155.03501121380367,66.17491911824453,1957.293619170042,100.0,1
3772,6.342307521324847e-07,0.33139600066192126,0.06740081490013082,-1.5,-118.51033078820845,75.80499699625024,1959.4953917253797,100.0,1
3773,2.2078592272437864e-07,0.08947826296088524,0.46745167155378514,-1.5,45.62537477130987,-145.92306362689732,1958.580626613275,100.0,1
3774,6.781289259496978e-07,0.2068921090548973,-0.4441675431730881,-1.5,8.900022926600307,-65.09934347108619,1963.4398771894369,100.0,1
3775,5.003956684955816e-07,-0.490471062122009,0.02032045113951395,-1.5,-39.66482385492469,30.961701277325616,1963.8944373536738,100.0,1
3776,1.6514588858033546e-08,0.2379102287069349,-0.041159564045279595,-1.5,144.41289471382174,30.531295330606476,1958.985972923732,100.0,1
3777,2.9299286877157388e-08,0.026034462766828834,0.44058853149469895,-1.5,-150.0227850270711,34.50363620744392,1958.4983914538498,100.0,1
3778,3.500489747900056e-07,0.2561974298074238,0.035548357664220286,-1.5,-79.18858946630911,36.285619896837,1962.6068906821788,100.0,1
3779,6.384810860038516e-07,-0.4078703929639798,0.1491954454233287,-1.5,-78.68093146730064,131.21599008953376,1958.5721741192976,100.0,1
3780,3.892464930657399e-07,0.34935006503391103,-0.17887966719954337,-1.5,-11.285553034438006,150.14982521197516,1958.7600548682963,100.0,1
3781,5.051619330297986e-07,0.158934265681599,0.07911308597303177,-1.5,-75.2175312857518,107.77728644929711,1960.1376650069847,100.0,1
3782,1.9621359304037623e-07,-0.44142981717306856,-0.23302119027730106,-1.5,-107.39690837277908,-69.64890942082688,1960.3643079169212,100.0,1
3783,2.442865300392761e-07,-0.1359604132810425,0.45493227201802483,-1.5,22.232148184511015,46.54930123178247,1963.8615481769752,100.0,1
3784,8.291226574449745e-07,0.16296344758902812,-0.3644425567792467,-1.5,-55.55600039809599,29.370661213257957,1963.5335956753563,100.0,1
3785,2.1030228851312953e-07,0.027681189930010362,0.09396238232821132,-1.5,56.70327712595054,-89.65130556631046,1961.6729258567966,100.0,1
3786,4.13592836896071e-07,-0.06570640771902474,-0.4093367311022328,-1.5,-66.78955542767848,-15.43914746940575,1963.3425769022895,100.0,1
3787,1.5453015183701267e-07,-0.16441127927630728,-0.12315023959098399,-1.5,87.00333729991756,-140.63963709888236,1957.5658860026915,100.0,1
3788,6.362095172532356e-07,0.1709791572317868,0.24934486836844202,-1.5,-38.68996691914602,-145.67227806792832,1958.74856991101,100.0,1
3789,4.2873018201698776e-08,0.3024830950676957,0.07627572554623437,-1.5,65.69267293979318,-63.533477801840185,1962.4121015185774,100.0,1
3790,8.341865239534809e-07,-0.24086591529984114,-0.2760923574532269,-1.5,16.115620433472518,121.12604281327384,1960.7350802177668,100.0,1
3791,7.919432293517847e-07,0.2477651321394329,0.23083283803177693,-1.5,107.42297079085844,56.549944115079555,1960.7844591982005,100.0,1
3792,1.7506240728043189e-07,0.08537885402057822,0.30148564373016734,-1.5,126.44778761112586,65.20073384068228,1959.3807969817963,100.0,1
3793,2.4030313727892054e-07,-0.39748708417206996,-0.14463706527609863,-1.5,47.38899648422399,153.20959993320406,1957.9822235573686,100.0,1
3794,3.509791963577329e-08,0.38399636451441216,-0.3052745321900497,-1.5,-57.419142455926654,-42.332534025240534,1963.2433076184823,100.0,1
3795,2.801752678880064e-07,-0.2848698914121915,0.3889201537174771,-1.5,58.427819694441666,93.00818115394092,1961.466021727198,100.0,1
3796,8.298571356741847e-07,0.33978935647723896,-0.023721454906210217,-1.5,59.70682436853449,-59.03579780355382,1962.7437825573807,100.0,1
3797,4.216538941503326e-07,0.2485113252053482,0.34126293353820153,-1.5,41.92624864102364,-163.75439396252807,1957.2531707469495,100.0,1
3798,5.837412158299038e-07,-0.0028364171986676625,-0.49145636326321146,-1.5,-125.77591799468898,106.25141015937665,1957.627222572742,100.0,1
3799,8.480876416318254e-07,0.07016254203390541,0.3784964645257725,-1.5,-80.93364881399168,-86.1014664608111,1960.9817868172775,100.0,1
3800,2.7988490733384316e-07,-0.21756813352791537,0.13008214951825836,-1.5,30.091447008811603,-25.257487194169922,1964.1460868335846,100.0,1
3801,1.557784104987616e-09,-0.3320143913619809,0.04336238277546524,-1.5,-18.848427700048006,-51.68124744299171,1963.7685891423419,100.0,1
3802,6.191747922974625e-07,0.35376572811894347,0.023751968723219948,-1.5,-109.738744372323,117.85697367945455,1957.9275849746941,100.0,1
3803,8.063004494060805e-07,-0.25593620179116616,0.04302184523104437,-1.5,114.43997746274452,-58.460005813024836,1960.3314019687587,100.0,1
3804,5.692579787516613e-08,0.07912266496637124,0.4120306072929624,-1.5,16.488519579822558,-145.4436495558488,1959.078242386473,100.0,1
3805,5.048721515697823e-07,-0.03014468928842705,-0.28116175293010315,-1.5,20.5516962358162,15.171467096994874,1964.3728619165167,100.0,1
3806,1.8520408161134529e-07,0.06521770088924043,-0.19737826670026262,-1.5,-112.45718830966493,-58.41122490255483,1960.4476008985803,100.0,1
3807,7.666107914013023e-07,-0.1394356548465304,-0.34384450440667547,-1.5,-13.368195723898683,56.654140166488894,1963.6763699783155,100.0,1
3808,8.181282335705197e-07,-0.10679596921057125,0.44288742448767965,-1.5,15.39177821321502,-127.98263309880993,1960.3052887381245,100.0,1
3809,5.420485109040692e-07,-0.06554926752666891,-0.07568469680508633,-1.5,54.69440495385648,-120.32155052968426,1960.0878890526842,100.0,1
3810,4.284136537129929e-07,-0.0344490225748436,0.11586614925915602,-1.5,22.61971486731166,42.82981673672719,1963.9417612454172,100.0,1
3811,7.281527838301997e-07,-0.07410407046973325,0.34182551888574864,-1.5,-28.51804230514276,-113.16312409128263,1961.069635396743,100.0,1
3812,3.492328593157586e-07,0.37505477562025585,0.175738273043351,-1.5,-64.22387109209973,142.2996558477294,1958.325659484064,100.0,1
3813,6.03663390525234e-07,0.32809852779399423,-0.31722206990093926,-1.5,34.61320719274891,82.69306978160205,1962.492565174212,100.0,1
3814,3.838825085574565e-07,-0.24104076607298067,0.2936413284766447,-1.5,55.56567343275496,30.630564726883918,1963.514071940053,100.0,1
3815,5.568177370723872e-07,-0.0138568346074738,0.20719153837289583,-1.5,169.05778220525167,-24.425482558142324,1957.0989112315644,100.0,1
3816,2.9369922746515073e-07,0.1521869446511629,0.41487728508339505,-1.5,-42.51916021650888,107.0444943923131,1961.1595762458771,100.0,1
3817,4.6922391100785466e-07,-0.03585583744500136,-0.2505539591837963,-1.5,19.743071670918816,-67.05766946188551,1963.2948750387623,100.0,1
3818,5.546506283264705e-07,-0.4739516489145092,0.07764166943767482,-1.5,-97.61712825130071,47.82610438032112,1961.5292111711983,100.0,1
3819,1.8440133905296277e-07,-0.3952101802765757,0.26607461273160016,-1.5,-55.037061894635855,-134.1813299996383,1959.1782917242792,100.0,1
3820,1.702812525873254e-07,0.3872325011508353,0.24671874934700386,-1.5,-148.33515050167847,65.33166620628691,1957.8410923214597,100.0,1
3821,3.346072323179804e-07,-0.36840302367281014,-0.19553421128034973,-1.5,-84.48348071616799,57.80680160533569,1961.8700776148182,100.0,1
3822,7.338203157175853e-07,-0.2349931846125791,0.3402665171955756,-1.5,45.96631115469887,-82.02371958088702,1962.2875665740423,100.0,1
3823,3.000632475301049e-07,-0.19096179575694286,0.10326230118992827,-1.5,47.87471935060886,-135.07747376561366,1959.3048189585845,100.0,1
3824,4.810665955384704e-07,0.21180210226530408,0.2977470155878776,-1.5,113.03298299448363,-102.97556862176769,1958.579297166322,100.0,1
3825,1.0663689640358827e-07,-0.3882577558723777,0.08997996888947603,-1.5,-31.012209716966012,35.67247644441397,1963.9702145243764,100.0,1
3826,8.891740990688928e-07,-0.1707988885086757,-0.03771295745090116,-1.5,51.76159057979829,-44.45747006405864,1963.3536506096614,100.0,1
3827,5.793750813991916e-07,-0.4929952858774922,-0.04969009434867828,-1.5,-45.63012240677618,160.60877979742563,1957.430968909825,100.0,1
3828,8.444660822450381e-07,0.23497628133546142,0.2519541329615356,-1.5,-36.53960886332343,-86.85633544622296,1962.277788755481,100.0,1
3829,5.559959941291279e-07,0.01901190196201319,0.4671857463673528,-1.5,-20.214904887135074,-73.96584312896621,1963.0419501214835,100.0,1
3830,1.6252425859221072e-07,0.30666198710824466,0.24359070235349617,-1.5,-3.918817894942909,-152.8567596704187,1958.5792657320503,100.0,1
3831,6.261495316875506e-07,-0.37856549813294293,0.06700154490966193,-1.5,-1.2009610420335102,67.93632382085318,1963.3635679273502,100.0,1
3832,5.818614392274195e-07,0.05194866433220023,0.3788177343454368,-1.5,-73.437290819069,-106.90514241857902,1960.2529278406269,100.0,1
3833,8.714124655084614e-07,-0.2817637861967075,0.061594557645347485,-1.5,-124.08643946707204,-32.972286247499014,1960.3389171635931,100.0,1
3834,7.971350556422192e-07,0.2936715233516654,0.08195228304567921,-1.5,-72.3561848723368,55.12027203001019,1962.43206873211,100.0,1
3835,2.4977157980202855e-07,-0.19987220045322907,-0.36829557483309705,-1.5,-54.40170303870442,44.93885054410337,1963.271311022599,100.0,1
3836,4.297261315776514e-07,-0.23735731433725457,-0.41471523592755094,-1.5,148.8687583404325,-55.7628267882223,1958.0964956316366,100.0,1
3837,5.983194523004037e-07,-0.16334723148914737,0.12427286280341629,-1.5,-97.00150812555708,-99.28759536263418,1959.6290381331373,100.0,1
3838,6.367268590886892e-07,0.40809333314210383,0.1997354011248351,-1.5,58.12151396622662,-112.71232402259947,1960.4415594181403,100.0,1
3839,6.948988482962798e-07,-0.0200548723874776,-0.44639856331540617,-1.5,12.065727498865805,7.906862144963109,1964.4859851923288,100.0,1
3840,5.202301403999918e-07,0.054381951753304,0.0674964470843115,-1.5,59.428014368436266,-71.79490374633374,1962.3269577647886,100.0,1
3841,2.1351190122009256e-07,-0.39569873261232724,0.1670936214295388,-1.5,164.7484591891317,38.9176587607902,1957.2318838853807,100.0,1
3842,6.861471065366007e-07,-0.34536770869090555,0.30971915870862143,-1.5,-81.29962355190334,71.24686278316769,1961.5625256463293,100.0,1
3843,7.630476637783688e-07,-0.3607083503097702,-0.2829940090673447,-1.5,85.773033040625,83.33254200000415,1960.8957036295837,100.0,1
3844,2.8748698236535215e-07,0.1398527239145826,0.3580551591088226,-1.5,-156.94030935330863,-24.38064697039855,1958.1084264206422,100.0,1
3845,4.770548758786955e-07,0.33723243641099315,-0.005153723388730918,-1.5,90.39559309404238,14.022706209688444,1962.4080326797136,100.0,1
3846,7.612516982512809e-07,-0.4748316275720608,-0.009711987299132259,-1.5,92.70776427818673,94.87989632105912,1960.0551936062352,100.0,1
3847,5.191997563925353e-07,-0.17601382295862134,-0.44927196196619507,-1.5,-18.60471129290619,-110.51079655535968,1961.3399794091129,100.0,1
3848,1.5676340372578822e-07,0.25211968358414016,0.29106216814095975,-1.5,-21.00257014050446,-82.8532759284942,1962.67865759567,100.0,1
3849,7.737230546407927e-07,0.10144626693652117,0.17010072095890902,-1.5,-83.04165680094168,25.06420924456952,1962.6230292434739,100.0,1
3850,2.3637645849260878e-07,0.4092217135454295,0.09019163559168655,-1.5,63.36433321777368,-15.171438763998808,1963.4581928291288,100.0,1
3851,1.9829828240679934e-07,0.3327694433166866,0.15946441652488288,-1.5,162.87446477407042,40.22426116491506,1957.3623077510274,100.0,1
3852,1.54389482074105e-07,0.2627654388941537,0.13361530968963256,-1.5,95.07260430627335,24.878335137806523,1962.0793955947158,100.0,1
3853,3.3860427152760434e-08,0.2442342950796224,-0.26895607651894055,-1.5,12.713809980911627,-159.57816262482993,1958.0057342396074,100.0,1
3854,3.732483151135963e-07,-0.25298312770483483,0.0017601189109707543,-1.5,-99.64562278650781,-35.9165490992077,1961.6814312284307,100.0,1
3855,4.626915859448358e-07,-0.08423485077244787,-0.0497902188990705,-1.5,-46.13681472329112,7.858309765594979,1963.981396948797,100.0,1
3856,8.414162121929912e-07,-0.012668919682985516,0.04199129028613752,-1.5,158.13670589898945,34.04678313561936,1957.8679437264568,100.0,1
3857,8.41912548993478e-07,-0.004973618772278977,0.04044700828286363,-1.5,53.75291260460772,-30.759062730300425,1963.5625252872917,100.0,1
3858,7.078288006701971e-07,-0.23507536203905985,-0.4116198190596736,-1.5,57.72456655663809,-50.09077550538659,1963.0517249658117,100.0,1
3859,1.918609442274167e-08,-0.2094335367860784,0.054996894334711346,-1.5,-41.477371698693034,-82.32925454809632,1962.3747877886767,100.0,1
3860,6.412240494229996e-07,0.17335744707470135,0.0005999464064539577,-1.5,-21.067399306809723,101.22488700976612,1961.8162434852145,100.0,1
3861,8.840053373303837e-08,-0.2535809001401979,-0.3956674596558727,-1.5,-1.8402841631086233,156.31339543981878,1958.309480655804,100.0,1
3862,5.2389694104902e-07,0.11764850019082333,-0.43551279730264864,-1.5,26.31730455984852,-123.06422613012717,1960.5039867324494,100.0,1
3863,6.375441725988366e-07,0.11802974466482276,-0.26048064568504276,-1.5,97.92990788363012,-48.33133449817618,1961.5012366842036,100.0,1
3864,5.035329916012919e-07,-0.0900063113166884,0.03838800109848476,-1.5,-94.25589931697517,-25.08410479622786,1962.1161788733743,100.0,1
3865,3.934707393837127e-07,-0.029922005763774094,-0.4495031138096111,-1.5,2.120713148080016,12.01148277184394,1964.5010850400406,100.0,1
3866,6.605019175191033e-08,0.040866009405123256,0.4358256360617847,-1.5,118.5380633698985,61.902180746778846,1959.9821769132081,100.0,1
3867,7.353789002772354e-07,0.42771294646743996,0.08550865017874786,-1.5,-61.22144171801513,124.95748510621407,1959.6047683795907,100.0,1
3868,6.202801480323219e-07,-0.23646919890603016,-0.3533896889645684,-1.5,-93.98048660063186,-105.67271934597026,1959.4423264772217,100.0,1
3869,7.920584104140406e-08,-0.23537072517105564,0.4115173619589131,-1.5,42.66162808337119,127.47850168401024,1959.9343109818265,100.0,1
3870,7.085185366729656e-07,0.4029689118652664,0.031369799890381675,-1.5,-57.220461861782496,115.90344732208199,1960.2819939767116,100.0,1
3871,1.3735640116515835e-07,0.3178664983586848,-0.21648457034382793,-1.5,-7.343488379726047,-83.78431365578255,1962.737768584937,100.0,1
3872,4.6301904848696905e-07,-0.19918357382281357,0.18061412829155662,-1.5,31.830239470133886,-160.72068228748563,1957.6948139090655,100.0,1
3873,3.2874766436690336e-07,-0.02347603775189337,-0.4936919555411084,-1.5,63.88679918859164,-102.87870929761651,1960.802829029177,100.0,1
3874,8.419639982602842e-07,0.27757888592332575,-0.13634171759727157,-1.5,-107.2025183396361,87.05423501584038,1959.6791743786987,100.0,1
3875,4.6363227767553295e-07,0.007491018261182409,-0.048961629988255435,-1.5,-142.00262451514854,-39.08963301543065,1959.0100922373167,100.0,1
3876,1.1015035139539567e-07,-0.04934144903980261,-0.09993735867541219,-1.5,36.87000194078344,138.1842155265218,1959.3261626902085,100.0,1
3877,5.83082255492942e-07,0.07875547175170196,0.42007188769771636,-1.5,-128.66392075159177,16.792996629609878,1960.2491874828459,100.0,1
3878,8.627866506346702e-07,-0.19184301469944037,0.21802378530706573,-1.5,-50.07973882804391,-161.70297483724508,1957.2320899560766,100.0,1
3879,6.850159157752611e-07,0.15497233413884753,-0.4642037523358145,-1.5,-67.76761776399474,-88.54508583634457,1961.3721227811307,100.0,1
3880,8.011881573124696e-07,0.07372716280610585,0.46777818524814424,-1.5,-76.24235794847202,17.970736297108825,1962.976678862367,100.0,1
3881,2.777430092406776e-07,0.32622873777911693,-0.17929534870179198,-1.5,-60.66829110969624,-101.32057080175801,1960.9861770681523,100.0,1
3882,6.382681822346468e-07,-0.2531452192843232,-0.3800766521990094,-1.5,42.96922690969063,-7.447929836634488,1964.0548516133817,100.0,1
3883,7.824200117633664e-07,-0.05786914434682985,0.48189634747302584,-1.5,-110.20449932826553,18.978433678966812,1961.3536329915191,100.0,1
3884,5.959328171278406e-07,-0.2027713170154308,-0.20393182717474037,-1.5,108.92528829013803,-113.3632707137489,1958.2383247935177,100.0,1
3885,8.598989077069093e-07,-0.07588125552127219,0.2623497646832571,-1.5,-99.2265486069874,20.86790402779142,1961.9204644682115,100.0,1
3886,6.942952615564582e-07,-0.021054963813367012,-0.3442863411404124,-1.5,148.1718942119247,70.10112933559795,1957.6884858673648,100.0,1
3887,1.7621687080099337e-07,0.3346745528367993,0.35476152018638485,-1.5,-90.83526510375795,-2.94644730545318,1962.4356191549157,100.0,1
3888,7.383425226858758e-07,0.3703168339852888,0.1886594402238405,-1.5,31.94399495787143,167.70052808899806,1957.1074064370953,100.0,1
3889,5.526559144602992e-07,-0.14703804901395243,0.18587349282146093,-1.5,78.23038076050541,-132.11534851612248,1958.5297619588682,100.0,1
3890,4.783286051679696e-07,-0.3208578238005056,0.21243423587575025,-1.5,-68.81034954763793,-119.94198144515553,1959.666385675958,100.0,1
3891,4.227638185385187e-07,-0.47758512883505466,-0.09318118159935106,-1.5,34.78925411037842,-67.22571959740966,1963.0801554417449,100.0,1
3892,7.256121181446049e-08,0.28759416969162815,-0.017174126955316095,-1.5,93.97077765991597,-95.91126599734156,1959.9448482717337,100.0,1
3893,8.437552650620503e-07,0.071342851379211,-0.31371039420789415,-1.5,-60.22672017992323,-121.90514514498541,1959.8278404058049,100.0,1
3894,2.333235881177648e-07,0.20127376085826315,-0.1097405081310114,-1.5,-75.40993491898365,63.07535829308853,1962.0775028417822,100.0,1
3895,4.952878862723885e-07,-0.06931480077376427,0.40308264939379046,-1.5,67.48337838867431,-105.41140676977592,1960.5478099832708,100.0,1
3896,7.205753549824163e-08,-0.20694842217460938,0.1692075010025029,-1.5,163.82877981325186,-8.59690881852934,1957.6770699811034,100.0,1
3897,8.598213582252598e-07,-0.4459037141770067,0.1596734253474409,-1.5,53.72793676521845,79.21473383001877,1962.2058049606628,100.0,1
3898,3.667574790018291e-07,0.2903344956674443,-0.3712850523164504,-1.5,-62.276930193625404,-53.624644789794175,1962.8192142178957,100.0,1
3899,4.885976013774134e-07,0.2000841057618073,0.4363453626044097,-1.5,-156.04045559110037,-21.16361846647416,1958.2177518699136,100.0,1
3900,4.5546851684884047e-07,-0.04552324795706463,-0.4413371956078553,-1.5,-23.166889720021896,-160.06452686606426,1957.8702532920752,100.0,1
3901,1.1604127655547142e-07,-0.06796264061856673,-0.081308769640938,-1.5,-114.49345701789785,27.15687393457213,1961.0117385585238,100.0,1
3902,2.696898176134927e-07,0.22038252967032873,-0.03940191998096572,-1.5,69.19647175902092,123.11871901498962,1959.4557702562063,100.0,1
3903,4.1744540154808756e-07,-0.04749642065181575,-0.21846771543466034,-1.5,56.47132452387842,62.374409200542786,1962.7362810244103,100.0,1
3904,2.7487223013389247e-07,-0.12899167002437195,0.4217396885183666,-1.5,-5.35593186997014,82.63727213832766,1962.7928269467136,100.0,1
3905,2.52879913459787e-07,0.013070035922019675,0.08480148270600886,-1.5,-107.01721320978804,-103.78972112742102,1958.8742420408805,100.0,1
3906,3.0185047475892023e-07,0.2435118598285598,0.22378822427847445,-1.5,-51.26846806411424,6.978231794659778,1963.8574629360223,100.0,1
3907,3.075135664979616e-07,0.42150811351084944,-0.013546388267122065,-1.5,8.46650678048659,-96.15449063279935,1962.1661291695498,100.0,1
3908,7.38948952301049e-07,-0.24511974222933483,-0.020971616084156385,-1.5,-105.90336580574484,68.98518471148172,1960.4690274695668,100.0,1
3909,5.111221274677989e-07,-0.14073174611601103,-0.1213440441557596,-1.5,13.874232168419969,16.425831549736635,1964.4212847568538,100.0,1
3910,2.8601228837858015e-07,0.21057594957460948,-0.2350798482619627,-1.5,-103.06569902614294,-121.8619425736742,1958.045049252584,100.0,1
3911,4.30246858548616e-07,-0.24627288129814637,0.27304245631097385,-1.5,-35.04794027191944,-17.044974510887453,1964.1523354853998,100.0,1
3912,2.3340826660614515e-07,-0.00016409450839085577,0.285141461470095,-1.5,160.66316940184004,-32.554463138535745,1957.6876255403079,100.0,1
3913,3.659922505212686e-07,-0.2306494036309957,-0.1050873977838497,-1.5,49.36184982920384,104.95079217962494,1961.1124458501708,100.0,1
3914,6.493650722588541e-07,0.3750427852289112,-0.19572225937240456,-1.5,44.434934844725106,157.52807217281466,1957.7087958399209,100.0,1
3915,6.349815452614757e-07,0.40305314751050875,0.1844125429721676,-1.5,109.18857367911527,-32.16819384061782,1961.2384732482392,100.0,1
3916,2.8956842074796107e-07,0.11306749075704345,-0.07947143621265387,-1.5,-34.157140218113675,-123.42437889132641,1960.360425721133,100.0,1
3917,3.6458199249127e-07,-0.41207499837489775,0.10662287779168027,-1.5,51.8201081306432,-75.70505818094004,1962.3956550158994,100.0,1
3918,4.080702906713867e-08,-0.16947171921086857,-0.45501905985941443,-1.5,155.03291806007246,43.9768020068738,1957.9183132779463,100.0,1
3919,6.847547854005455e-07,-0.12040088274913238,0.41157646664438013,-1.5,-25.784971512220213,-45.07917047998992,1963.8524104165979,100.0,1
3920,6.234624463651357e-07,-0.38934877238909,0.057168167953954706,-1.5,66.54037842480162,-126.46492871810247,1959.334653934733,100.0,1
3921,5.616650725031343e-07,0.3643364984174948,-0.2926712040018266,-1.5,67.71741420978952,71.90064470866412,1962.0545189594884,100.0,1
3922,4.4578164314471006e-07,-0.31656606125708564,-0.038609803805463055,-1.5,55.31696274676414,-93.86637977135639,1961.5153383665456,100.0,1
3923,1.0577508576230289e-07,0.22925967003209105,-0.2337951012664866,-1.5,-58.94444467971346,-159.90635126096996,1957.1328001783463,100.0,1
3924,4.5579016319272444e-07,0.31982590538665095,0.2256838529629899,-1.5,30.947344136741613,154.36892565278947,1958.2200547818463,100.0,1
3925,3.513840520286827e-07,-0.24646437487320613,-0.3374245324679871,-1.5,-64.12014898928494,157.88966601123843,1957.133808947815,100.0,1
3926,2.0847445372614223e-07,0.24820674659174075,-0.3407709714118925,-1.5,40.23619583800205,160.41506750889152,1957.5651562404596,100.0,1
3927,2.3465154595231524e-07,0.089268723860148,-0.18176553274008173,-1.5,159.31361623917152,-51.17922376293703,1957.3995874634163,100.0,1
3928,4.218922675936597e-07,0.1532797022381104,0.38221041004268363,-1.5,-64.10837905774011,134.0944049136989,1958.9083931035573,100.0,1
3929,6.256796959153038e-07,0.12617710599198173,0.018616653276311946,-1.5,14.496790970461534,153.7090628398031,1958.4628291899235,100.0,1
3930,1.851410574995332e-08,-0.22461416578788065,0.07083545303909597,-1.5,-154.78178235289465,-56.02182936367967,1957.6305679960506,100.0,1
3931,2.431116008767656e-07,-0.17872889934912953,-0.33905769572733746,-1.5,70.75266184348271,-82.9125505282838,1961.512899797778,100.0,1
3932,9.104922445721445e-08,0.05177146463235481,0.24073929860616064,-1.5,81.11971921624175,-13.901582488734402,1962.8142101138146,100.0,1
3933,2.3194170202505934e-07,0.055835087584867694,-0.4128667094780834,-1.5,71.01289401842564,86.93128540087586,1961.329499795435,100.0,1
3934,7.501309310681068e-07,-0.07272067077996075,-0.43523345047329653,-1.5,60.976719335921274,-19.319814937435982,1963.49735694142,100.0,1
3935,4.4612450036982363e-07,-0.23803857623688743,-0.30199995038766464,-1.5,108.22951546161893,35.696279228228285,1961.230591719988,100.0,1
3936,3.0711339001170644e-07,-0.009712183405181592,-0.2161664335142109,-1.5,93.17211401099935,73.59707589887506,1960.9476570923528,100.0,1
3937,2.270021193314895e-07,-0.3242168221594922,0.31157194195649796,-1.5,38.919155691707104,109.29387816921167,1961.1102553862465,100.0,1
3938,8.220635752118931e-07,-0.006291207700668712,-0.440993121476582,-1.5,10.810533515500529,109.5110066371816,1961.4545006337905,100.0,1
3939,9.070003114534055e-07,-0.28000465941038677,0.36291290454544894,-1.5,-15.964279456937179,55.33968615027327,1963.694463806511,100.0,1
3940,7.700272554838991e-08,0.04877709450806012,0.47054960920385586,-1.5,-40.35482461954235,110.13123338964608,1961.0343918014626,100.0,1
3941,5.753789166729621e-07,0.2590113806787873,-0.16094550995116158,-1.5,21.262130825366732,-4.380878297965146,1964.41900213886,100.0,1
3942,6.369631500315923e-07,-0.02086989833582244,0.2671314128377698,-1.5,78.65854023920932,97.91635781662316,1960.5199583746896,100.0,1
3943,8.311881150697476e-07,-0.04314269589106741,-0.2756801280938708,-1.5,101.12804252903295,-114.5005284209769,1958.5903181297754,100.0,1
3944,2.474183387909602e-07,0.3265925546950836,-0.10398694707449688,-1.5,43.351512672763334,20.697058407730445,1963.9515178304125,100.0,1
3945,1.714814112050496e-07,-0.11633843059226186,-0.0030678751388178867,-1.5,67.9931377278895,-40.60131874394326,1962.9421164171654,100.0,1
3946,1.9303592909465534e-07,-0.3222014236611315,-0.1605491048064273,-1.5,79.52416318917689,29.957272510905945,1962.700118601642,100.0,1
3947,8.069321549574977e-07,0.2749647202668744,-0.24461359265246502,-1.5,-52.07441515249476,132.766181531632,1959.3556804710488,100.0,1
3948,6.359754795771824e-07,-0.12094378203121753,-0.3748189379457983,-1.5,15.14643343586437,33.836548434266966,1964.1891354475922,100.0,1
3949,6.315183669402153e-07,-0.05126000489171554,0.16252586467448865,-1.5,-167.8810648542844,12.814029972902906,1957.3106638868999,100.0,1
3950,1.7865463692563648e-07,0.17904537339408697,0.4266615694089516,-1.5,-124.11974260801662,35.17353520567315,1960.298548227332,100.0,1
3951,8.935838701601145e-08,-0.09114824912294058,-0.3397303939933941,-1.5,-66.68097945065274,87.72437784963473,1961.4462436621932,100.0,1
3952,5.733850103723569e-07,-0.3306216856365484,0.3489993372293791,-1.5,14.494171698169653,-124.5691011877419,1960.532005421537,100.0,1
3953,1.0481336946521989e-07,0.3062262523925251,0.19309243489066916,-1.5,-39.290689625723864,140.07098620253504,1959.1451316324462,100.0,1
3954,4.641986652491357e-07,-0.2255601262968808,-0.1533752821534578,-1.5,-96.05752978937699,-60.966934856118925,1961.2417673737075,100.0,1
3955,1.4646341966629718e-07,-0.24596072686048875,-0.0479901025054718,-1.5,33.97422095733978,79.49632342443489,1962.6358228511144,100.0,1
3956,2.4623281661917306e-08,0.33654337773801324,-0.053788673675086336,-1.5,110.77572893042988,-118.96094213249978,1957.8024206729879,100.0,1
3957,1.3967928771570443e-07,0.1034689218972468,-0.37555232290923873,-1.5,-25.728150007603066,-26.59430935825973,1964.1904417018923,100.0,1
3958,4.939019487341454e-08,-0.38103622339883186,-0.2686144341195014,-1.5,-64.07285355229014,-127.066355331044,1959.3779872823627,100.0,1
3959,5.397439639568235e-07,-0.02528668772445099,0.052951475503139306,-1.5,29.551298049068368,-165.88427262739518,1957.2997765147336,100.0,1
3960,7.679469354630344e-09,0.40535045073956705,-0.2763654454431057,-1.5,-81.83572235137444,-99.19495852323215,1960.3256262715474,100.0,1
3961,7.047609850669723e-07,0.46443369444466903,-0.02274417899162223,-1.5,-45.15224387523105,-44.42720712909569,1963.5174520247767,100.0,1
3962,3.2992116127722653e-07,0.4199641828958809,-0.08772070189954664,-1.5,-117.08161953739268,-52.872835147472195,1960.3340643717083,100.0,1
3963,4.3111703726991447e-07,-0.23564383646229808,-0.06127159744670418,-1.5,-164.8617053981592,-46.18951465473252,1957.0642383670756,100.0,1
3964,5.923752898756775e-09,0.30751752555024703,-0.3321971073523382,-1.5,18.950421523043396,33.89793609827977,1964.1550594895778,100.0,1
3965,3.448883638351991e-07,-0.3745133089540675,-0.1535747334856198,-1.5,19.17736361378436,-102.25043358568347,1961.782445589341,100.0,1
3966,9.0590133643107e-07,0.39732339011308154,0.11174668122603851,-1.5,-25.04346385093378,141.09503506446552,1959.3055663332955,100.0,1
3967,8.590498678686552e-07,0.10916409943115307,0.10573132790663686,-1.5,95.2485301884021,-35.544338672457535,1961.9066246260086,100.0,1
3968,2.3221275075850115e-08,-0.26558822928660475,0.3311020089194011,-1.5,97.71272442966831,-63.73959884087246,1961.0718429701315,100.0,1
3969,3.7510881567026714e-07,-0.17734065140664013,-0.17647056120504254,-1.5,-16.030037497022676,161.94023116609333,1957.7874465053267,100.0,1
3970,6.733806088812862e-07,-0.05683634402783643,-0.24441308748774085,-1.5,-100.16519343639884,-25.850713779743685,1961.8134368198873,100.0,1
3971,3.046194034269637e-07,-0.15463064146360386,0.1371339547919423,-1.5,23.79036067540287,-5.4095915967240495,1964.3874468454082,100.0,1
3972,2.554758579053244e-07,0.3393701573791547,0.28351561682556425,-1.5,-126.12471709927463,74.49880235044532,1959.070129028338,100.0,1
3973,1.7373537637841914e-07,0.15779436108044548,0.10449405744023993,-1.5,-39.58195249280704,30.42751486099115,1963.9044583793716,100.0,1
3974,5.54286890397453e-07,0.158284828123949,-0.4267597271469558,-1.5,-13.257413041150606,71.00456057939051,1963.2106050147843,100.0,1
3975,7.24886096976896e-07,0.27760196727490555,0.2813135844764768,-1.5,-10.15273111490542,-76.22526105320283,1963.0333460984332,100.0,1
3976,2.9133953384756643e-07,0.05738795563058542,-0.23819842072844147,-1.5,-6.074676821561389,70.49895633280389,1963.2641905061148,100.0,1
3977,5.124125585933387e-07,-0.1506749044997655,0.1022981556484489,-1.5,45.70642935082758,96.03905907040097,1961.6576428406158,100.0,1
3978,7.714304593785943e-07,0.04736390040258023,-0.3779332498150014,-1.5,-68.59736213305119,64.95730777030727,1962.2660972308909,100.0,1
3979,8.670948612002992e-07,-0.2470250792789546,0.22537796831375767,-1.5,86.24386199762391,80.18399113760537,1961.0063258692232,100.0,1
3980,6.928836505312488e-08,0.19712349962979403,-0.006332801495806784,-1.5,134.033831895227,-17.880335811880403,1959.8797186982847,100.0,1
3981,1.906478899184505e-07,-0.43094537866557125,0.07610194448684139,-1.5,29.681702983469762,80.42024367001592,1962.66779338282,100.0,1
3982,4.6262896872652173e-07,0.2327981453743387,-0.02079182358593768,-1.5,-162.68376501146375,16.381486213348104,1957.72289300025,100.0,1
3983,1.568191285873066e-07,0.292759642227998,0.30993162333741525,-1.5,141.93223418399666,77.58319243711712,1957.8685797103276,100.0,1
3984,6.759790688132534e-08,0.1148509586780841,-0.17969301921659567,-1.5,74.13849836797483,-55.090347076051565,1962.366383473003,100.0,1
3985,7.436954231991745e-08,-0.25046616237177394,-0.1331513310670804,-1.5,-87.70228448339877,-39.27692038479222,1962.1872793104155,100.0,1
3986,5.5833214134704295e-08,0.41863182278016603,0.04534152149278297,-1.5,156.33143666880017,67.60097568834499,1957.1417619225194,100.0,1
3987,2.5235007715533077e-08,-0.13345417241913987,0.2803889859618016,-1.5,-88.72751452677093,-1.112838166621678,1962.53394264233,100.0,1
3988,3.90282225289823e-07,-0.3524667084734199,-0.2242674179897889,-1.5,44.844124469056396,-90.0190802403146,1961.9630108540332,100.0,1
3989,7.052990407611211e-07,-0.23757773604439983,0.18038546996996907,-1.5,-43.487030006340966,-44.56703328173098,1963.5518694528607,100.0,1
3990,2.1259224078210186e-07,-0.06422489119403361,0.37160524790873584,-1.5,115.9339897805405,29.534356772718592,1960.892734967856,100.0,1
3991,3.189315417701882e-07,0.4739012227462609,0.01686403891511758,-1.5,-93.01365348895867,5.923141808587537,1962.326849156858,100.0,1
3992,4.244336701653802e-07,-0.14885624008572632,-0.277069637737703,-1.5,-32.52928833845335,-72.8472991428899,1962.9183382591114,100.0,1
3993,2.0220274014698392e-07,0.33985486758105,0.2752383251596356,-1.5,-133.9932858663945,44.377249617361684,1959.4615957770789,100.0,1
3994,5.033045067988317e-07,-0.37868830548996424,-0.014232580153757876,-1.5,-6.3556236504966295,-2.5070118410260407,1964.5270696037185,100.0,1
3995,2.4770153216351815e-07,0.11494801257213508,0.13256558930984355,-1.5,74.58954426408164,145.04621582003742,1957.7566961777693,100.0,1
3996,9.090145597179005e-07,-0.10931136987169886,-0.353021216037837,-1.5,-43.84801225332119,82.75954991080708,1962.3051482850785,100.0,1
3997,7.405358492428672e-07,0.013757005791700668,0.2862738198388951,-1.5,-140.74198426554494,76.93069837966786,1957.9802470346694,100.0,1
3998,8.39455011899067e-07,-0.01141538064152838,-0.4744376808741905,-1.5,-124.29623360092312,-87.75849783352805,1958.6378375383129,100.0,1
3999,7.549143143876237e-07,-0.010719417832481357,-0.3053750199988617,-1.5,169.50132970159825,13.118105953485928,1957.169001591767,100.0,1
4000,6.701488931198303e-07,-0.2346357075897707,-0.04477838257229474,-1.5,-8.983978067662973,-75.41328787299902,1963.0704038358876,100.0,1
4001,4.7343278993961686e-07,0.05528776103136145,-0.39192514787895366,-1.5,-56.63008662382281,-151.5094821026376,1957.869044749444,100.0,1
4002,2.0462815775287958e-07,0.3133306613260521,0.3684289742666401,-1.5,-29.249351516678665,-99.0978258871333,1961.8199159470341,100.0,1
4003,7.532763172186682e-07,0.4495357059142573,-0.10638225075020188,-1.5,101.83346088105209,60.26248912554379,1960.9721224218135,100.0,1
4004,2.0970050724774424e-07,-0.31906687621301516,-0.019846583255757274,-1.5,52.593059776410534,-65.6961594620074,1962.735659981096,100.0,1
4005,8.726335245240091e-07,-0.20439338427633405,-0.383594586765156,-1.5,-69.75417358784384,-103.5237323679009,1960.5689170161368,100.0,1
4006,7.575044676307552e-07,-0.1579774187591643,-0.16616086768961105,-1.5,-5.48813682542014,-59.92937983022509,1963.6169779398124,100.0,1
4007,6.877829545827375e-07,-0.047801609162732225,0.47861693117941817,-1.5,-76.62914559254013,-133.87811989489188,1958.4733619136355,100.0,1
4008,1.9103282717137782e-07,-0.0965318636231171,-0.22694414841603822,-1.5,-94.39678813159937,18.589108017239766,1962.1816882540957,100.0,1
4009,2.7925880476012115e-07,-0.08649790451245949,0.048411136634160364,-1.5,-16.39356547921184,121.67327758244373,1960.698893455942,100.0,1
4010,1.5365411266140175e-07,-0.13879082837771997,0.21267192564125187,-1.5,-31.978914216302346,139.72011931222488,1959.3031729599825,100.0,1
4011,4.147983565779051e-07,-0.24561694335690962,-0.10200182946995613,-1.5,-23.725365584333296,-78.32703253657624,1962.8334797603272,100.0,1
4012,7.865103921145467e-07,0.10814487067371886,-0.477088453419347,-1.5,74.33685066032511,-96.18938428378809,1960.7740617549848,100.0,1
4013,6.770076599548065e-07,0.39781201434181584,-0.28954319948419155,-1.5,-120.30673670457548,-52.14487877568656,1960.15828110566,100.0,1
4014,7.863084129290231e-07,0.4088122306899328,-0.18111973873158052,-1.5,6.586606865709251,50.89329410139339,1963.8685738846266,100.0,1
4015,6.644383247012493e-07,-0.3162266186688872,0.36347841522670216,-1.5,138.30206330520278,88.96971147936145,1957.6440473157868,100.0,1
4016,8.633860294974569e-07,-0.07773122140632226,-0.07354016120274166,-1.5,-145.79331872495803,-75.5721433538906,1957.6635169584667,100.0,1
4017,3.641998961974747e-07,0.18358387325308356,-0.4396776979487043,-1.5,-152.24193067792245,19.546590650339105,1958.5335359915432,100.0,1
4018,8.179554077272615e-07,-0.4403596706538177,0.23175885378500066,-1.5,-3.116080392345618,119.64129759270311,1960.8899857512288,100.0,1
4019,5.323641472421522e-07,-0.45737961613054307,0.06915219108635585,-1.5,118.76302623692527,-6.807383006815734,1960.9340349440054,100.0,1
4020,1.794919425518916e-07,-0.09391444539988504,0.0512522956849032,-1.5,109.95838360199629,-41.6421133669449,1961.0171785418152,100.0,1
4021,5.743112728439033e-07,-0.42599570540020965,-0.20128969969135382,-1.5,-96.2742437876395,-53.89840968530657,1961.438124867222,100.0,1
4022,1.5692766229878707e-07,-0.3864590515738208,0.019771035228308673,-1.5,-17.04568995628888,-33.298973865000576,1964.1827585689634,100.0,1
4023,2.221984663450329e-07,0.08053360547026635,-0.16832033959905782,-1.5,-103.6443960069543,45.64176775988356,1961.2720245999121,100.0,1
4024,2.64772028882802e-07,0.4178525589181794,0.06092381859068377,-1.5,60.69343406496509,23.20879661092068,1963.464016753912,100.0,1
4025,3.8535026562187756e-07,-0.10223328382977827,0.15055196586714378,-1.5,109.48805298541609,5.806107370852806,1961.4769796346814,100.0,1
4026,5.654085485997785e-07,-0.059340236103905146,-0.3137247485085204,-1.5,-42.60610895194604,129.5583923455108,1959.7991296862424,100.0,1
4027,2.8500042397451693e-07,-0.4469809866863307,0.062037791103506754,-1.5,134.4186580592201,-55.38009940127843,1959.1523563066744,100.0,1
4028,6.482774166551827e-07,0.4109992803401552,-0.2536381494107388,-1.5,-5.626824436906351,50.43087961125775,1963.8834872503312,100.0,1
4029,8.096214719579896e-08,0.08918392159131291,-0.30878940391389453,-1.5,-132.67681267520473,-99.65164991211718,1957.5187606544855,100.0,1
4030,2.9939620097026806e-07,-0.4926419501842446,0.03323813707591641,-1.5,-23.311184666278194,111.2793039971298,1961.2462342698075,100.0,1
4031,1.7638587770838507e-07,0.05418666793594164,0.38492627171542665,-1.5,-3.2099855978603014,-159.2566069071804,1958.0705593555624,100.0,1
4032,1.3250630448878068e-07,-0.2235206987125674,-0.3193458715146153,-1.5,-127.35284152937811,84.74298448681772,1958.5742688498672,100.0,1
4033,8.863020851821211e-07,-0.30337932095411624,0.2761125714277173,-1.5,47.38185507249558,19.690159426181726,1963.8687694695366,100.0,1
4034,9.749038114144777e-08,0.23659542546885456,-0.29975172932273014,-1.5,48.11801351473506,-114.66723418586616,1960.5992370817885,100.0,1
4035,2.702581126423666e-07,0.2866284339119614,-0.31736351604270013,-1.5,-147.2394335747848,-8.023364782381249,1958.9970548942324,100.0,1
4036,3.027606860008449e-07,0.09086252854255457,0.33847056103665213,-1.5,78.70248098179549,-114.37609968696152,1959.6268301831958,100.0,1
4037,4.884467393779164e-07,-0.2339828282009065,-0.1459485541289672,-1.5,141.61075781119055,-38.817902194081775,1959.0438611750178,100.0,1
4038,1.4922257148211402e-07,0.3355346535617547,-0.15206279508300422,-1.5,10.923965047995233,-115.75964238843551,1961.0950151504294,100.0,1
4039,4.3163198533587483e-07,-0.21015510961140246,-0.32399928430565195,-1.5,-7.155785296502945,-67.36310422509791,1963.3706459026223,100.0,1
4040,7.774859592728545e-07,-0.13658373444042812,-0.141697606462968,-1.5,-0.06438934322073288,6.4353485119820775,1964.5284086542686,100.0,1
4041,4.786699221817164e-07,-0.09605790891326318,0.33327499577415354,-1.5,76.0514051462953,61.64516740992898,1962.0981992184813,100.0,1
4042,1.3738944180965015e-07,-0.4453270821001535,-0.07731871515214934,-1.5,-60.74123520357741,-72.82227713631181,1962.2488895562553,100.0,1
4043,4.416559986449402e-07,-0.3322457332853315,0.234113131587509,-1.5,-110.79940949796358,-64.57690824609851,1960.3485914608168,100.0,1
4044,7.38463753391012e-07,0.25189761006625705,-0.21985611047616174,-1.5,143.41373201552955,50.24077803100056,1958.6530197966022,100.0,1
4045,1.2252609056685743e-07,-0.4225478951473322,-0.13648457582775214,-1.5,-140.12984136838259,-94.11974906322537,1957.2732018449747,100.0,1
4046,8.826011909879825e-07,0.1272626749118357,-0.04279709134606747,-1.5,-43.95683355486869,143.74624102292668,1958.7797480170505,100.0,1
4047,8.107501621402617e-07,-0.2502140198290045,0.06804389767494205,-1.5,-149.72955171809895,-64.69988343031083,1957.7559277633493,100.0,1
4048,7.516300077275859e-07,0.2539036925401764,0.18346963773094466,-1.5,17.3754685714446,-142.7973023729949,1959.2652474315594,100.0,1
4049,5.782731537035922e-07,-0.2203435801768766,0.33761210759974264,-1.5,-26.521670115008735,30.721878918047306,1964.1196637262676,100.0,1
4050,4.903155947729978e-07,-0.1149507231724855,-0.08692412075302706,-1.5,-79.31533745257259,100.54627850081842,1960.3603774282299,100.0,1
4051,8.841033106098295e-08,0.14673727113660767,-0.45517309989085397,-1.5,35.920876968886695,-45.30786201948237,1963.6879015014429,100.0,1
4052,1.7027359483640606e-07,0.3999744496011058,0.09636106681857534,-1.5,-13.709679852672808,-118.35606136421939,1960.92253128032,100.0,1
4053,8.752766742353382e-07,0.02730025366744844,0.17850115600784336,-1.5,-118.86603661059452,11.859044334096708,1960.9037494670924,100.0,1
4054,7.144428552185131e-08,-0.1716331633630009,-0.3513413305462408,-1.5,-53.35625807602945,91.58394028572734,1961.6775417667388,100.0,1
4055,1.4212112991263832e-07,0.4925327967416241,0.018037339230700087,-1.5,-93.82511536897007,-11.111851910510776,1962.2656957556103,100.0,1
4056,8.30134491607861e-07,-0.3440184954080849,-0.09365993247594795,-1.5,103.46650411717096,53.627686048738276,1961.0793048933438,100.0,1
4057,6.504259542534891e-07,0.08328314984844516,-0.07290781162175294,-1.5,-14.481184858576366,22.019851045185952,1964.3621630725763,100.0,1
4058,1.0332692217324115e-07,-0.34199518015055214,-0.06861753031157623,-1.5,97.86984253246113,43.9342726074869,1961.6076467732414,100.0,1
4059,4.6695965884538523e-07,0.4196052710346093,-0.03356730538177916,-1.5,98.07730168493356,-71.35864704006026,1960.7911853772052,100.0,1
4060,1.9317013463040428e-07,-0.07152895946828378,0.2945899548773074,-1.5,-29.771404187573108,-80.9204693266627,1962.6458741715949,100.0,1
4061,7.10855423329756e-07,-0.32220412052591346,-0.27228103234528583,-1.5,-49.655409208430704,64.16782253807524,1962.8627351786972,100.0,1
4062,3.142786737609751e-07,0.05651958542969556,0.018729510702878874,-1.5,-115.49823561766844,67.20134063938526,1959.98913865654,100.0,1
4063,2.9887617496971834e-07,0.1337053536586411,-0.1815456161863644,-1.5,-18.261218083284003,139.25264222589212,1959.512315810583,100.0,1
4064,2.505272537850967e-07,-0.03847783500252258,0.0606945816304308,-1.5,76.45208738690984,46.47020479836058,1962.5006712524494,100.0,1
4065,4.449522293504082e-07,-0.24664718198333438,0.35784547706366937,-1.5,-92.80946071131008,97.83192104606962,1959.9052542133363,100.0,1
4066,7.800693653490305e-07,-0.24523437699997683,0.2781788533021009,-1.5,169.34342592207094,-17.490200061855244,1957.1484826821145,100.0,1
4067,6.717825574749473e-07,0.21855826290940855,-0.339285494880273,-1.5,131.20983442396388,32.44173100805787,1959.883874035849,100.0,1
4068,1.4753754171189433e-07,0.12144367510034997,-0.24077051775209635,-1.5,152.5812215933354,36.32824896264207,1958.2677333323259,100.0,1
4069,7.491177324034333e-07,0.15129532158805886,0.043414853087195136,-1.5,14.319186382059145,-16.83243049437136,1964.4146498260338,100.0,1
4070,3.58225554866651e-07,0.33361737105206396,-0.014399649074953315,-1.5,-1.9468692031538024,92.81500038891097,1962.344228638096,100.0,1
4071,1.8030560659020332e-07,-0.013144821147208025,-0.011607434131354715,-1.5,-106.31165731588554,34.542038724678285,1961.356154640361,100.0,1
4072,6.608401817334431e-07,0.21045282412362343,-0.39285968334081106,-1.5,21.936186991239214,-165.8885358949723,1957.3995717852395,100.0,1
4073,3.052126551242761e-07,0.13343477185072775,-0.27857027034409554,-1.5,114.36286751817157,24.86095588317218,1961.0498090746516,100.0,1
4074,4.523862918446484e-07,-0.2489993618523285,-0.1447659340054768,-1.5,-10.755810186645043,59.60666061405449,1963.605012425819,100.0,1
4075,8.467051753787485e-07,0.3675311153351076,0.20340026567549457,-1.5,-129.083645248622,-43.43569613771546,1959.8122458787961,100.0,1
4076,7.183435181002965e-07,0.30482705415832456,-0.06740385009887849,-1.5,46.63625574924085,134.8703947052207,1959.348953746596,100.0,1
4077,7.928219078582914e-07,-0.42578035909650563,-0.13948069824655931,-1.5,22.055789180627336,125.53230371723589,1960.4000788495175,100.0,1
4078,1.997619829287042e-07,-0.20257583404220192,-0.40410425775190256,-1.5,63.148230124052695,-110.49490613206497,1960.4123196453334,100.0,1
4079,3.199228115619255e-08,0.07751964200814535,-0.29505796510441434,-1.5,23.79800056578673,96.51536617057093,1962.0223560215013,100.0,1
4080,6.343968431415689e-07,-0.1626155219494384,0.34467391955424964,-1.5,91.34523819491332,-71.59155780984338,1961.1078457279207,100.0,1
4081,4.0617397332292374e-07,0.16036354212520587,0.4237061250197071,-1.5,163.61821455049437,-26.72811560914958,1957.5310914438687,100.0,1
4082,2.935897856140061e-07,0.22656975304905477,-0.050783953674275926,-1.5,85.36677052644062,-118.53734230432312,1959.1004821691624,100.0,1
4083,8.482787506060751e-07,-0.043342293341539884,0.4837304244101835,-1.5,-87.52867838134206,125.78393668190415,1958.5531440325406,100.0,1
4084,3.61435337217564e-07,-0.20082694914734342,0.039110952679622356,-1.5,47.6751252350613,37.59750081037609,1963.600467669726,100.0,1
4085,4.7232083513471757e-07,-0.029263961578581278,0.20156304230876573,-1.5,-13.527349339762056,31.899043780388723,1964.2333741416442,100.0,1
4086,1.4829534192834857e-08,-0.09479943819301884,-0.36513778976174033,-1.5,1.7136342992352311,167.66821917753995,1957.37010245928,100.0,1
4087,7.099599099605186e-07,0.1464232603599928,0.3554511458023325,-1.5,26.220573386686187,-143.3599541077986,1959.1257466930535,100.0,1
4088,5.423729091597758e-08,-0.08489010552946022,0.236054070343963,-1.5,87.04327584560129,4.501987945727509,1962.604516070605,100.0,1
4089,2.5447879742658767e-07,0.059801833553990574,-0.3395124388499242,-1.5,-138.6960036417535,-70.265051058987,1958.3767582974467,100.0,1
4090,2.3112605676018885e-07,-0.16726706574427327,0.39348844449097875,-1.5,34.81776347814061,101.97799306695758,1961.5813769870847,100.0,1
4091,5.420948111527262e-07,-0.30930894778076173,0.08603768574895244,-1.5,-128.9208557030439,-77.52520589913019,1958.7706710284447,100.0,1
4092,4.857086987364971e-07,0.17789105679886877,-0.2557714261172038,-1.5,-57.764349942786126,-121.32401264359221,1959.9380220042358,100.0,1
4093,8.372978410519715e-07,0.023148662634473523,-0.05499668885587362,-1.5,26.497612888295347,18.128200707032192,1964.2765923149618,100.0,1
4094,7.183568520315718e-07,-0.16721754735309924,0.002852499309811365,-1.5,130.3877968752726,-81.69014605101785,1958.504283561899,100.0,1
4095,4.4084459439340505e-07,0.33229821456975844,-0.23224909087610351,-1.5,-57.4310375881151,-6.247872360219914,1963.6893660349272,100.0,1
4096,8.158995829765536e-08,0.20015869596003924,0.1769661827238001,-1.5,-0.49937903705170367,38.023528253039714,1964.1708805971793,100.0,1
4097,1.3036266035891777e-07,-0.2636110790704343,0.3856775493179677,-1.5,-28.75220839691048,-32.387888074198074,1964.0615116346344,100.0,1
4098,3.015299363859447e-07,0.3714453718500879,0.2896900361333596,-1.5,-83.46511730347036,145.97720286978824,1957.3291794437546,100.0,1
4099,4.243638552344437e-07,-0.03169098148594547,-0.4034438187313459,-1.5,-29.668153851033193,-70.8213463929219,1963.0378049870299,100.0,1
4100,3.54230870346243e-07,0.2898337058307927,-0.06878115483091736,-1.5,109.10771188455062,-114.22433894602295,1958.1781312908672,100.0,1
4101,2.4114919073218104e-07,0.24530365851970135,-0.3704833215026864,-1.5,-36.188499486899296,153.62642835094502,1958.1886015609298,100.0,1
4102,2.6575542235502304e-07,0.0823984688126053,-0.4160474067332844,-1.5,-14.89584758933822,32.29879681828281,1964.216940084475,100.0,1
4103,3.5877950861889405e-07,0.03492852576747666,-0.3917746010130046,-1.5,-65.22770461864094,-122.2090341563437,1959.6488422130349,100.0,1
4104,7.853560312810685e-07,0.057090460953789515,0.2772482323675076,-1.5,-73.75274680546164,-68.65389308661861,1961.9532261419567,100.0,1
4105,8.163745352620651e-07,-0.10957031065871545,0.3912016218352603,-1.5,106.7565412402424,94.82676007668685,1959.342801232574,100.0,1
4106,3.1644891708145137e-07,0.012466273637740074,-0.30487824088752535,-1.5,-28.731669664413236,-88.50777839862471,1962.3338529891814,100.0,1
4107,4.2102962011122353e-07,-0.0673940836752928,-0.09448144161818406,-1.5,-101.60708109424533,-119.48082641614178,1958.268015225841,100.0,1
4108,1.0822202656667627e-07,-0.028753588545567515,0.4400991336311104,-1.5,-35.20615723015759,-12.6131377282693,1964.182965386846,100.0,1
4109,7.004103927627514e-08,-0.02671821476166731,0.29340796591091345,-1.5,145.40119680256308,89.6987801385781,1957.0962947888293,100.0,1
4110,5.948343098354822e-08,-0.2773984776904769,0.013345268018823431,-1.5,-15.678387713585213,101.83383922323429,1961.8351978731268,100.0,1
4111,2.8969871568581886e-07,0.26841918868299447,0.07205852256519465,-1.5,-97.5891328607873,86.0164331644559,1960.2272369904658,100.0,1
4112,3.972781601605852e-07,-0.16411981341457516,-0.14713057656133657,-1.5,139.21226840133426,31.643183596405628,1959.344773010756,100.0,1
4113,4.0571496147667144e-07,-0.31411342906778716,0.2094774821632173,-1.5,40.91038175667464,-125.51561477886526,1960.0983284971542,100.0,1
4114,3.0347176328737874e-07,0.10007107084016864,0.15480347631928038,-1.5,-58.02597437460501,7.86071404014502,1963.6660820360441,100.0,1
4115,1.3277112319067152e-07,-0.06867092627499496,-0.45236256979061684,-1.5,-60.279255478307945,-43.98083013795505,1963.1213371071815,100.0,1
4116,3.6431345111217584e-07,0.1166906210086169,0.2800670813746082,-1.5,-121.23848654083281,-53.10382363797799,1960.075125999625,100.0,1
4117,2.5380278920524515e-07,-0.2508249664143354,-0.23905074173788088,-1.5,-65.01421594084549,-134.93297319378945,1958.8209542316042,100.0,1
4118,1.4617233074332764e-08,-0.27853657542187626,-0.06955314864545707,-1.5,30.37626374237054,-32.64508673036598,1964.032807052762,100.0,1
4119,6.162792964164422e-07,-0.16829333487686884,-0.28117964232273673,-1.5,70.95353821464431,-75.72538343816785,1961.7962554720348,100.0,1
4120,4.320381065312799e-07,-0.4465811034384442,-0.11029726381064978,-1.5,-17.036657922970225,85.10517098070504,1962.6207347384495,100.0,1
4121,5.127369168170096e-07,0.3314267766147788,-0.10755399176660682,-1.5,134.9223615799805,105.1299496444221,1957.0786740188994,100.0,1
4122,8.949223758101114e-08,0.009223715405816572,-0.016134253913126843,-1.5,-83.17662026698699,-67.35440764037409,1961.6213497712822,100.0,1
4123,2.5424269789327154e-07,-0.29173423859848624,-0.16022821341575158,-1.5,-109.16703948418404,-90.15133218015563,1959.430677789478,100.0,1
4124,7.750721801590844e-07,0.16006454165837572,0.40245583701246423,-1.5,-88.83775215431153,143.29571495728055,1957.290851696084,100.0,1
4125,8.428834688635593e-07,0.3383382274654468,0.19962002250817962,-1.5,54.31341219962475,47.101610556420404,1963.223058596337,100.0,1
4126,9.660917129333207e-09,0.27570451926097717,-0.18482246207369363,-1.5,115.26751073255929,64.67773870066793,1960.0876198150477,100.0,1
4127,3.451719857639569e-07,0.4105739601966042,0.2769655278398944,-1.5,55.16977870488991,3.772574045585503,1963.760512249102,100.0,1
4128,1.435422907311613e-07,-0.406376398680927,-0.022349156905605443,-1.5,-120.02196215690178,76.42516302953159,1959.3792918478157,100.0,1
4129,8.415529421431065e-07,-0.03268224127117161,-0.16835970904493996,-1.5,-3.8581039663020293,-98.78653272246976,1962.0498521323532,100.0,1
4130,5.845346730029284e-07,0.2893555749691034,0.020204897507956985,-1.5,-0.5122470866684882,-149.682974764865,1958.828229052919,100.0,1
4131,7.651097278406729e-07,-0.4177414275294931,-0.20053730745251916,-1.5,6.915201779173818,80.37990127782801,1962.8816922374745,100.0,1
4132,7.897505885093777e-07,-0.4052206411742438,-0.13419510800127513,-1.5,143.79855224612407,-37.31702581107818,1958.9136535903428,100.0,1
4133,8.403333953419305e-07,0.34586202470661925,0.2905698718428388,-1.5,-114.94505826206293,60.1400911439425,1960.2510271096558,100.0,1
4134,6.299083641318539e-07,0.21200707748970293,0.06203751203597297,-1.5,53.02335786408989,128.9673212446938,1959.5839455960838,100.0,1
4135,3.3416454423900643e-07,-0.2637986606235815,-0.1757460302636717,-1.5,130.30576352944576,-25.11294713681942,1960.051793739962,100.0,1
4136,4.0361435309429654e-07,0.17577193343346853,-0.07435754784211125,-1.5,-91.73051027522952,144.4920427913276,1957.0694543936775,100.0,1
4137,3.3276622020914867e-07,0.42460585799634604,-0.08247462089037542,-1.5,103.91330616424494,-13.947584364876203,1961.739222210366,100.0,1
4138,4.530530616487627e-07,0.3926554351270287,-0.08477510725073473,-1.5,-81.55771277094975,-50.51142997493076,1962.1952556245747,100.0,1
4139,7.843823419128025e-07,-0.2279580429680232,0.23547387984170584,-1.5,91.43457660331032,-44.682556061870045,1961.9012395253953,100.0,1
4140,5.671106554316301e-09,0.3453414548490515,-0.12994999335522203,-1.5,144.00350572713805,61.84580044338007,1958.2776548722459,100.0,1
4141,2.4024942712688854e-07,0.11311669157233786,0.14183025453575585,-1.5,-98.45582737640419,-76.5598351430554,1960.576019430164,100.0,1
4142,3.296804140565348e-07,-0.3476309636116741,-0.2542821701619088,-1.5,118.91063830769065,81.91663358135291,1959.2251558986495,100.0,1
4143,7.581886273752931e-07,0.365177647055497,0.18998112507461548,-1.5,51.92839613230507,51.94082856628622,1963.1655249288342,100.0,1
4144,3.7351148438354853e-07,0.048917790117386686,0.011934788427956606,-1.5,-113.01369983597942,61.14328681696433,1960.3322902999719,100.0,1
4145,5.863372970454376e-07,0.15102843480976202,-0.13555956841426417,-1.5,-5.122546971029219,158.6704716191101,1958.1140741067234,100.0,1
4146,1.992127951527258e-07,0.1737373785037913,0.11532591865768474,-1.5,147.36611736271126,2.062235166866261,1959.0028741443152,100.0,1
4147,2.4709602397675923e-07,-0.15672931781000768,0.04819235334902335,-1.5,41.74158328342624,65.714861144625,1962.995793045891,100.0,1
4148,7.629551063491766e-07,-0.21868575379139557,0.17625412093001297,-1.5,-109.0560385943743,115.31358966134114,1958.1171677792036,100.0,1
4149,7.659571006057144e-07,0.021145100633389136,-0.012842208359954562,-1.5,-51.181560954009,102.9820790934471,1961.1701673924254,100.0,1
4150,4.5843013529401776e-07,-0.057349790363262605,-0.002676770407018389,-1.5,-92.4109209881237,128.9165365321688,1958.1251325073197,100.0,1
4151,6.227558069368291e-07,0.059123532593758216,-0.18321028807646367,-1.5,-104.80739215468918,-57.03010878096408,1960.912099893388,100.0,1
4152,5.209029540099374e-07,0.3375850979696559,0.04763034884208685,-1.5,-123.009718521932,-117.46725432099254,1957.1620626758463,100.0,1
4153,4.547642444588007e-07,0.01983623375460582,-0.2531987215925427,-1.5,-101.73383683263266,87.24214324853413,1959.9623264621298,100.0,1
4154,3.552958006120462e-07,0.0006087799478981034,-0.3080355776680243,-1.5,84.57111185438517,50.724345938180505,1962.0621942321268,100.0,1
4155,1.2411693991867326e-07,0.17336867649972235,0.3388278953764661,-1.5,-61.79222382358567,-146.91857620880842,1958.0628026970544,100.0,1
4156,9.066084831702159e-07,0.2736581124468208,0.19981406202529864,-1.5,-12.091282259158852,2.20619782583377,1964.500501361762,100.0,1
4157,2.788278453917179e-08,0.2434128294455879,-0.3930858646761602,-1.5,-45.41877873139085,95.03208451030785,1961.7133643114903,100.0,1
4158,7.859206790003679e-07,-0.2328658152494093,-0.2142597499595606,-1.5,-67.12202198104931,50.4898172095025,1962.742647111296,100.0,1
4159,8.437641998430048e-07,0.11303490255263343,0.3454901640102575,-1.5,25.84220584020357,-118.01351876206562,1960.820816916436,100.0,1
4160,6.887995381832494e-07,-0.03762779462461477,0.09880500467219143,-1.5,-31.498680123348255,92.30862223593381,1962.1162650764409,100.0,1
4161,2.9729684905379586e-07,-0.2917559390424964,0.05574242137553632,-1.5,102.4352999199695,8.412722642373392,1961.8484961113027,100.0,1
4162,7.409827618666505e-07,0.2783668887438066,-0.400866658034115,-1.5,86.93508074772764,75.06057851003739,1961.1785965473048,100.0,1
4163,4.503091955338535e-07,-0.2738898982545812,0.2310150929412945,-1.5,36.00740140746534,-110.19914008743223,1961.1152191633216,100.0,1
4164,6.594571886625095e-07,0.42057533079772175,0.23200232832474216,-1.5,-18.17665175809651,97.05197806865698,1962.0560158033095,100.0,1
4165,8.194561203048226e-07,0.11419208631216123,-0.13370165803983836,-1.5,-61.72058742611808,106.66035745430138,1960.670146531952,100.0,1
4166,1.5852862599443123e-07,-0.013709403278510175,0.1384863494147064,-1.5,88.65551930372492,-130.67247486072242,1958.182368799416,100.0,1
4167,3.671674185574342e-07,-0.35744652152646156,0.31282582704917067,-1.5,-49.06511233970333,47.39517951751383,1963.3541702850573,100.0,1
4168,8.258332152831678e-07,-0.4760285062169654,-0.05364287255330621,-1.5,-23.395965665513327,71.69243757273236,1963.090958017888,100.0,1
4169,3.539203798717573e-07,-0.07911604451925826,0.3681046068928838,-1.5,29.42698508897127,31.613103797440836,1964.064141132615,100.0,1
4170,3.5605506913816757e-07,-0.17195272526199873,-0.26194973748816375,-1.5,136.57001999319155,-73.92163873929782,1958.3915612643166,100.0,1
4171,4.0360618218389733e-07,-0.3496235352586521,0.28536512656138047,-1.5,-133.11964738939415,16.392455818382004,1959.9550334477822,100.0,1
4172,8.109953049569302e-07,-0.15729348161135762,0.2002725126472793,-1.5,-160.47284954097145,34.392418945134565,1957.671809151226,100.0,1
4173,7.719800799725744e-07,0.17609373452946042,0.24608306898807283,-1.5,95.1664531832702,97.03218328818869,1959.831979497471,100.0,1
4174,3.8191350859422943e-07,0.3721783780461884,0.22482737622375068,-1.5,-74.54839566644276,-35.30460439611836,1962.8065131026349,100.0,1
4175,5.035118155629353e-08,-0.32188917140151396,0.08409988314375408,-1.5,-77.5435722934595,125.52242451463894,1958.9906588868837,100.0,1
4176,2.693819668889076e-07,0.16017750246418314,0.22990523696801585,-1.5,34.00945764536386,-3.8173823666801465,1964.240838249899,100.0,1
4177,1.1205891106797009e-07,0.0713609018290499,-0.3691748452873029,-1.5,64.51063037908534,69.19897895700204,1962.2597091479845,100.0,1
4178,3.214876790476296e-07,-0.039595455884681496,-0.10017776892630897,-1.5,-134.20257211941052,90.06979627589459,1957.8790533895306,100.0,1
4179,6.388700061054284e-07,0.4019051378776355,-0.09624884286411937,-1.5,33.38579267071524,-0.0998714975926361,1964.2552443966042,100.0,1
4180,5.236689291238537e-07,-0.3294694661330813,-0.09428912855616395,-1.5,-132.74889096352044,86.7559335087582,1958.1277859769802,100.0,1
4181,2.0330968492790369e-07,-0.04371204147260914,-0.058640886666499005,-1.5,88.7990241412381,-54.4640636819825,1961.775136284722,100.0,1
4182,4.0989938334024273e-07,0.120096235044766,-0.178734027233606,-1.5,15.875299287239928,100.11280362341778,1961.9221920579141,100.0,1
4183,8.323979356824197e-07,0.1456383502157147,0.05555389308617365,-1.5,93.51094561517567,-37.28776401151905,1961.9578517316086,100.0,1
4184,8.007410981074942e-07,0.06480790108912121,-0.24988472353656235,-1.5,102.95795778512495,71.84125816254327,1960.5233430950193,100.0,1
4185,6.617623077773874e-07,-0.34197800336606543,0.08403682271724683,-1.5,-89.21964410094654,134.07853302720503,1957.9264767487834,100.0,1
4186,1.0604179641304405e-07,-0.0886936039410231,0.2956513359565875,-1.5,92.93092006821432,105.70426305197986,1959.4906836048096,100.0,1
4187,3.233480986369838e-07,0.3612031466930825,0.18739253660634725,-1.5,132.03278862022668,-12.020823740690448,1960.060236011101,100.0,1
4188,2.8904842551494634e-08,0.20494844715269567,0.4358630853487644,-1.5,66.68634801314089,-144.32906962850595,1958.09482326954,100.0,1
4189,7.541001792411456e-07,0.14159855135665228,0.42741813777794313,-1.5,66.80242099580187,-3.8513301802473165,1963.399065414638,100.0,1
4190,5.180356594565212e-07,-0.05969777749501673,-0.2767600198425416,-1.5,23.86340940006262,-10.017487687063504,1964.368466937498,100.0,1
4191,4.905491680224904e-07,-0.023672194963781784,0.36995013719586867,-1.5,-19.15013762169387,-69.11080745456842,1963.2295471462778,100.0,1
4192,5.515363996623091e-07,-0.07793243823619041,-0.3606755691655756,-1.5,81.05862218933278,51.32216818741629,1962.1948988536894,100.0,1
4193,8.319154229773842e-07,0.25517081417173587,-0.0011900770381554871,-1.5,-166.0892047894782,-26.581822885301975,1957.3249778742988,100.0,1
4194,6.229807160649565e-07,0.06195682894772853,-0.06824283730119869,-1.5,155.5588100688977,57.81870263597837,1957.5167280259886,100.0,1
4195,1.8687395383242268e-08,0.2552674271645452,-0.1592509896523352,-1.5,128.5180726125242,54.37334245882935,1959.5764672265148,100.0,1
4196,5.78225553976842e-07,0.4308905344559215,0.09823911669521791,-1.5,-7.278240494302939,35.55852481261978,1964.2036311937184,100.0,1
4197,6.608271988867331e-07,-0.20774116210066432,0.44597785641636567,-1.5,47.04443939233403,147.46704555537414,1958.43140739306,100.0,1
4198,4.9249716491563246e-08,-0.3193942238615879,0.06274188898167098,-1.5,-145.0438953616472,-39.60443947121999,1958.7769252925718,100.0,1
4199,6.837622564596073e-07,-0.04473556497226594,-0.005155909591360119,-1.5,100.96269248709844,129.54607524426856,1957.6612667621264,100.0,1
4200,2.779283231777085e-07,-0.17220568131075614,0.2247811659106956,-1.5,-101.18565654097709,-49.764523280226975,1961.3001405698196,100.0,1
4201,1.1604841103068717e-08,-0.21475073551020957,0.11846488352062368,-1.5,61.72762222470638,101.37615678057847,1960.9502445898556,100.0,1
4202,1.554894592356304e-07,0.3463642970689691,-0.22109016417145866,-1.5,-87.68193186687685,-14.541398678769323,1962.5273788700856,100.0,1
4203,2.0874899649265376e-07,0.08210454589770046,-0.2909898904796429,-1.5,13.148398945796405,61.90625008498799,1963.5192950596916,100.0,1
4204,7.47322150348213e-07,-0.07139497501200433,-0.3001954366091874,-1.5,79.56061061503249,79.08232722690998,1961.3335720945254,100.0,1
4205,4.777663089641433e-07,-0.03794868932554924,-0.2839693676451949,-1.5,72.62790212009568,123.36392576629008,1959.3161602761547,100.0,1
4206,1.8750110916173533e-07,0.2460735753920007,-0.21450998071777128,-1.5,82.7863852115812,-39.23631310505863,1962.401644012676,100.0,1
4207,1.556059723281207e-07,0.41294513152576634,-0.13449919903510454,-1.5,-63.86567510456944,-98.46323766592761,1961.030201867863,100.0,1
4208,7.263729119257284e-07,-0.25224064325763446,-0.11271328657720624,-1.5,-60.5487805567976,-43.39498856869227,1963.1260801095632,100.0,1
4209,7.458283595507803e-07,-0.1499413232377799,-0.3237300526532649,-1.5,-171.14623637485153,4.517248317166866,1957.06459947251,100.0,1
4210,2.2088119718932299e-07,0.29936376621089517,0.3517840224970695,-1.5,-56.36058985495139,-41.604267607962036,1963.289549479174,100.0,1
4211,5.874070709740095e-07,0.4353865624609524,-0.013637912517319172,-1.5,124.89847563166434,17.136987582555047,1960.4897298143678,100.0,1
4212,5.987372725063581e-07,0.28627849749298473,-0.3555813497319992,-1.5,146.5412350722732,-62.174879726445276,1958.0789659818693,100.0,1
4213,7.301119306376204e-07,-0.08905573979223923,0.34181344231928446,-1.5,-68.83509608043532,40.42362510471941,1962.916438961965,100.0,1
4214,5.109464355521531e-07,0.19208770256994323,-0.35670364553050293,-1.5,111.8779321395202,-39.927949261793145,1960.9442555651765,100.0,1
4215,3.99623190759829e-07,-0.004118143232998194,0.3490077757602242,-1.5,120.31120806490779,39.40123176440752,1960.4555701202569,100.0,1
4216,3.4179595184181536e-07,0.19010586071133687,0.09529832201124429,-1.5,-51.18149784432021,-87.65295594973684,1961.9150592871795,100.0,1
4217,5.189504451307756e-07,0.05322086546878091,0.10493423345232239,-1.5,29.810404517884617,-99.08454833060377,1961.812141447476,100.0,1
4218,5.911581372061966e-07,0.16606183710059838,0.4100870808853171,-1.5,31.994561257701132,-98.47913835214776,1961.8082203990982,100.0,1
4219,8.841062841378221e-07,-0.16429019776582077,-0.021356723727121173,-1.5,-117.88354476704,-25.854886781000644,1960.8284680126485,100.0,1
4220,7.919814935912803e-07,0.2867594793833469,-0.17379815111556962,-1.5,87.73130655298758,58.641961783884014,1961.702736001246,100.0,1
4221,8.322784735686105e-07,0.15156489813322044,-0.3178327017096728,-1.5,-121.7304153140981,-79.15536774229169,1959.1654907156696,100.0,1
4222,5.757659679534756e-07,-0.3748855344163675,-0.2170995107594491,-1.5,-83.73072402552144,128.10260788981387,1958.5689096817916,100.0,1
4223,5.134575993847761e-07,-0.08794524683307371,-0.08394635385029145,-1.5,70.72585601626659,42.966987256137955,1962.7951950122124,100.0,1
4224,6.594018600249248e-07,-0.08082825708534275,0.45855154444898155,-1.5,-122.07159790830912,76.80321477748524,1959.2378817923277,100.0,1
4225,3.5854690389008407e-07,0.05959148354656419,0.3730110511257478,-1.5,121.43604841274671,-113.91646788264788,1957.4702068632284,100.0,1
4226,5.729242058936407e-07,-0.2603347763557712,0.2801046457617198,-1.5,-60.20013026377008,-151.43224079740426,1957.7685018994032,100.0,1
4227,1.6249864188897834e-07,-0.30214224697391423,-0.06674727870541586,-1.5,-123.79825327472447,19.220923477463746,1960.5401895531068,100.0,1
4228,6.984396673442619e-07,0.12724589199493594,0.2709875445803929,-1.5,-38.25175402390157,27.267572501386756,1963.9772323196896,100.0,1
4229,4.4965252300133704e-07,-0.23290388944090407,-0.3971811025373751,-1.5,-99.36990253044027,88.97382641009905,1960.0057568668433,100.0,1
4230,1.8583284337036953e-07,-0.14456211380186426,0.2016529589728345,-1.5,56.20754886304014,-130.65103942225,1959.3836540133802,100.0,1
4231,5.205170257734009e-07,0.27539796078556344,-0.16691670864139727,-1.5,90.22616974199947,-19.95998633150321,1962.3644216876398,100.0,1
4232,1.970904000395989e-07,0.00045336843540136844,0.4853764015014913,-1.5,5.917792584696852,-81.36956433831757,1962.8441761883312,100.0,1
4233,3.5432165721186135e-07,-0.08439127413027003,0.47847317543525575,-1.5,5.947212385192077,15.29871643702173,1964.470378042478,100.0,1
4234,1.875871915004375e-07,0.45092122455011263,0.06252788551514266,-1.5,-113.12923078562571,-99.52596201597646,1958.7520635069611,100.0,1
4235,4.0125194884983615e-07,0.38680050952166634,-0.2504431356647641,-1.5,-68.8067965282033,-20.67520777099564,1963.2247570773154,100.0,1
4236,1.1757483080926168e-07,-0.35083621191021985,-0.17848854273520487,-1.5,117.65026406979385,-19.409328063266372,1960.9168721836659,100.0,1
4237,2.1648973661386142e-07,-0.48686771979008603,-0.07390752417619552,-1.5,89.11904729023885,22.039782864716162,1962.3927562156073,100.0,1
4238,8.605188072026648e-07,-0.3308607832648475,0.015983515420851697,-1.5,68.21208857788838,22.505179056652032,1963.2253854699418,100.0,1
4239,1.2497978742817075e-07,-0.17347660295020284,0.3869719592637138,-1.5,-39.89176021729931,-138.72975001671793,1959.2284170543248,100.0,1
4240,8.827999700608551e-07,-0.41918053097116753,-0.12671375980073957,-1.5,-81.21374496695721,131.0191857822036,1958.4819597973176,100.0,1
4241,8.563038187602532e-08,0.3694151072677403,-0.26756491383031705,-1.5,127.68843354091105,-54.952764183104094,1959.614539626259,100.0,1
4242,1.7102034608314255e-07,-0.12636804029469278,-0.4259227910194823,-1.5,62.57313366100299,97.37011034436166,1961.126449472726,100.0,1
4243,1.5402604247063776e-07,-0.12287001181740162,0.07272755465131467,-1.5,130.13529160638183,96.10460105447734,1957.8666956156164,100.0,1
4244,3.0597566492590864e-07,0.27918058719414085,0.37980528786037476,-1.5,1.9135838709600452,151.59399765885678,1958.6803936162496,100.0,1
4245,3.1228859296173966e-07,-0.1373397541117072,-0.26478180195052037,-1.5,-103.90839267070896,-100.54365005812886,1959.210888758969,100.0,1
4246,3.1627614312867294e-07,-0.33281989114063226,0.12454818523981899,-1.5,76.31007191300932,90.94701248882681,1960.9484185235776,100.0,1
4247,1.3977456427856507e-07,-0.20663346049000003,-0.1513913463303028,-1.5,22.38372849400922,-134.55157729210302,1959.7979814289647,100.0,1
4248,7.530426285735532e-07,0.2746917385934311,-0.3323184557947035,-1.5,-109.37800562302256,-110.7661380685636,1958.3617134761998,100.0,1
4249,1.431113570506109e-07,-0.18681701051197705,0.09183593663809739,-1.5,-95.68690235089153,-124.95415980622481,1958.224645165039,100.0,1
4250,3.452174529587172e-07,0.41721821833238565,0.024854650755761497,-1.5,91.60829720062023,-2.412854308679158,1962.4004138514185,100.0,1
4251,7.845899551842762e-07,0.37866930270602817,-0.1377318658783648,-1.5,155.2952223485234,-44.21897177493012,1957.8920712636389,100.0,1
4252,4.1779980009482053e-07,-0.14545354105212285,0.11839662109969476,-1.5,-57.57344984810771,-111.06127414142838,1960.5519573642523,100.0,1
4253,2.876410261722035e-07,0.02141816078593378,-0.360270352487056,-1.5,73.14828092706645,-6.02031327996958,1963.1674332800953,100.0,1
4254,4.189139998263998e-07,-0.29905660825508934,0.15165743285637032,-1.5,67.83224433662268,152.9754011852335,1957.3989372446806,100.0,1
4255,3.631956237899066e-09,-0.09682322032518631,0.30139135874954603,-1.5,82.73141979182665,67.47162567151966,1961.636148263638,100.0,1
4256,3.8889347319620346e-07,0.28523369731184584,0.09074953833136941,-1.5,120.26790771781847,73.48347688068695,1959.476740169384,100.0,1
4257,1.4926735496992496e-07,-0.02295531238334395,-0.20714527925919127,-1.5,124.53827489290988,68.72237204934892,1959.382744624628,100.0,1
4258,2.4465473606113236e-07,-0.06172119520613472,0.26973079623107493,-1.5,-53.093596847632845,97.83887424584358,1961.3826528564532,100.0,1
4259,6.152188944191738e-07,0.2255061803164716,-0.12166704309597115,-1.5,79.70836866148716,-96.30694666644416,1960.5572764536216,100.0,1
4260,2.680772378709124e-07,-0.39271395669681375,-0.11393994714607525,-1.5,31.503079131792074,-34.14803653939983,1963.9894994301399,100.0,1
4261,5.72435213542002e-07,0.4321213047729693,-0.1493783939510477,-1.5,-5.405363016740822,51.85397132608636,1963.8470495368272,100.0,1
4262,6.620629519853775e-07,0.2705622462125517,-0.18463823713293798,-1.5,18.532605947000686,4.094987400688364,1964.4472657368872,100.0,1
4263,4.2265159714494175e-07,-0.2601374068777457,-0.15580018852802036,-1.5,-39.86506853968703,-109.53601856614375,1961.077745326058,100.0,1
4264,8.816451413809528e-07,-0.3822774602746835,0.2038364557756296,-1.5,76.81583621093874,-41.38306623246975,1962.6003300220207,100.0,1
4265,7.496096794556044e-07,0.017385364873410778,0.27391177873908895,-1.5,-36.887330305866875,97.84018882178827,1961.7542936311759,100.0,1
4266,2.129607727193906e-07,0.21990382908157505,0.11440287797059412,-1.5,100.35177628768287,110.71255581255393,1958.8480127992293,100.0,1
4267,7.451642812777981e-07,-0.2838155561606457,0.13221080802926477,-1.5,-17.922241056159976,-5.100056029064328,1964.450576871344,100.0,1
4268,3.431681663285835e-07,-0.316228827715395,-0.010045442372012747,-1.5,-135.58289235972157,-103.8474057537932,1957.1015001485514,100.0,1
4269,7.182129686565961e-07,0.19832167423238084,-0.35356719718779234,-1.5,14.007261162553432,-71.53428163364502,1963.1861678027415,100.0,1
4270,7.801188469841553e-07,0.030221874548541774,-0.3537101783144292,-1.5,42.74541554215418,-140.957226303872,1959.009233278133,100.0,1
4271,7.121554118284849e-07,-0.20580698618184973,0.2256285665952276,-1.5,89.72236108387314,103.8323679560266,1959.740294924894,100.0,1
4272,2.645019676398601e-07,0.2746867477268116,0.21381478930214523,-1.5,136.14399737761798,-61.51507975971772,1958.8501711989945,100.0,1
4273,4.282037804485951e-07,0.3221012097482673,0.3469577568602793,-1.5,153.26876630578647,-62.229074674920255,1957.5621353628437,100.0,1
4274,9.037593169630913e-07,0.31008013238926063,-0.14930085000157697,-1.5,63.93329950935348,98.94797723155447,1961.0035995075996,100.0,1
4275,3.8207242077340617e-07,-0.2096634196132066,0.05825582998105843,-1.5,-155.6029784887232,-30.435514388216973,1958.1304039352165,100.0,1
4276,2.0679237014590855e-07,-0.11815829635738691,-0.1341696296306519,-1.5,-42.09753848122265,140.48405038152583,1959.057251615775,100.0,1
4277,8.472051364764065e-07,-0.3308688389834911,0.07952981766183251,-1.5,-106.52344823847054,-106.58795821941288,1958.7508898285494,100.0,1
4278,3.2939000571850235e-07,-0.44155605552744664,-0.21550194637857603,-1.5,159.78676557067655,9.552684361634881,1958.0066961162518,100.0,1
4279,3.9937906170267985e-07,-0.33937734016158644,0.2264577538318749,-1.5,1.9766052840747754,-1.4609588452222106,1964.5374124452135,100.0,1
4280,2.1807931843182374e-07,0.004033045554448836,0.39439136522248286,-1.5,-101.09971884041367,-67.06093996200252,1960.7893725354422,100.0,1
4281,3.229058369756317e-07,0.03482795888512991,-0.46551321640830473,-1.5,140.9205632848193,7.5638189380752054,1959.4635668347325,100.0,1
4282,8.874685362163774e-07,-0.35022927968092327,0.2528066024263912,-1.5,-60.553808483440804,48.24593394650463,1963.0126979726626,100.0,1
4283,3.8504726945948904e-08,-0.3302581268675688,-0.3520435977575973,-1.5,-94.86773802558963,99.50046014539717,1959.7226990007778,100.0,1
4284,5.956220838292995e-07,0.17804670252304455,-0.40855089343111806,-1.5,27.847533398416136,138.1433472569629,1959.4780470212975,100.0,1
4285,5.505528038537029e-07,-0.10420082073749744,0.07575878523868736,-1.5,-69.89899493558258,-80.10534278663721,1961.660151715929,100.0,1
4286,4.679965411258502e-07,-0.4540431853544265,-0.0005783523535470302,-1.5,2.3838871124747643,84.02447485597702,1962.739791967734,100.0,1
4287,2.935202080105044e-08,0.12954104740184907,-0.42918391572813974,-1.5,2.146742124471008,107.17883927099234,1961.6119326148341,100.0,1
4288,6.939992551548631e-07,-0.008142745236141459,-0.12349988112683344,-1.5,41.85651149136073,130.26161552770947,1959.7686675299246,100.0,1
4289,1.105644236714166e-07,0.1467780595786813,0.08616747077082097,-1.5,-157.12941985995718,-26.483255276343346,1958.0659511034282,100.0,1
4290,9.89001684750478e-08,-0.10775601484088553,0.45321036849792634,-1.5,41.844341264495675,-101.50676952974564,1961.4685093342455,100.0,1
4291,1.800140501372752e-08,-0.08573268767691018,-0.4138715186886931,-1.5,37.04218679499505,118.12709710522333,1960.6343747861479,100.0,1
4292,1.4150660528014553e-07,-0.44196925698634926,0.045298734412161944,-1.5,49.55518247080532,-138.86163709093958,1958.998472664244,100.0,1
4293,2.3468279085059643e-07,0.27919871338976754,0.005526949184871027,-1.5,131.60822491579918,66.60989899702781,1958.993538211969,100.0,1
4294,7.415207689637243e-07,0.20638109928270731,0.4525945020549276,-1.5,-36.5112890328002,119.13488466314429,1960.5833548450812,100.0,1
4295,4.267870333849794e-07,-0.098918005212465,0.13541131738041584,-1.5,-39.393534840817416,-73.10320598208865,1962.783064160178,100.0,1
4296,4.3637479442904766e-07,-0.008415128259160815,0.4615011750340744,-1.5,-23.807642246502795,78.5946920799333,1962.8217842722386,100.0,1
4297,4.7666211186093436e-07,-0.1965539654107583,-0.4291636481226248,-1.5,-131.91029857246147,-99.48757156911397,1957.57890837124,100.0,1
4298,1.9927745209067987e-07,0.24976831183306336,0.024779602765391765,-1.5,-135.39737631203593,-70.39432616691691,1958.6029397500286,100.0,1
4299,6.103373123555002e-07,0.18188884877464456,0.2976592811929986,-1.5,-18.258736740075097,168.24688408706692,1957.2360334905397,100.0,1
4300,1.9554215293708074e-07,-0.45816676167501574,0.003420634667418887,-1.5,63.60359125419681,118.47660284596147,1959.9314181939583,100.0,1
4301,6.123239405691654e-07,-0.023291284378901895,0.09720570644862714,-1.5,-59.143097896096855,99.44869849222324,1961.1285874734442,100.0,1
4302,5.51115499838593e-07,0.33531786278160053,-0.05617308880808103,-1.5,-4.920621553660623,62.39678633636473,1963.5416254321044,100.0,1
4303,5.579475873120516e-07,-0.17667944708790617,0.06653019230335322,-1.5,96.48952891746231,-128.82210190288328,1957.934606450568,100.0,1
4304,9.298807962466051e-08,0.3001180316812369,-0.20908044629152506,-1.5,-37.90945489739891,-22.847650755983622,1964.0402603690297,100.0,1
4305,7.93563766650008e-07,0.18007426778434915,0.32092049214844204,-1.5,109.00848759158015,97.1308244842852,1959.1059284362677,100.0,1
4306,3.471754682847345e-07,-0.10259303510023098,0.08360269599390789,-1.5,-47.393129512095044,-80.74058940933358,1962.3068401152289,100.0,1
4307,5.053025943416688e-07,-0.24261737357754673,-0.09589965324015046,-1.5,163.94013862919542,10.017966995851166,1957.6609914767268,100.0,1
4308,3.4456305444814806e-07,-0.03294222703702995,0.152269667170437,-1.5,74.93864693168584,-111.94245915208808,1959.9148887901133,100.0,1
4309,5.714371349522947e-07,-0.2477361120944677,0.37942056413765923,-1.5,-137.96138655024083,-29.000641820777272,1959.4741398807103,100.0,1
4310,4.847869975294354e-07,0.333646608049063,-0.28077528490485776,-1.5,-23.71609545589296,98.7122691627323,1961.9140452627385,100.0,1
4311,4.017408551174058e-07,-0.05751946724278173,0.17556992704516758,-1.5,-26.02670643412082,-29.053171159048333,1964.1516769496002,100.0,1
4312,6.487019086765323e-07,0.362277001401158,-0.30426611641880924,-1.5,-144.14297085250686,74.71328309783568,1957.818688119175,100.0,1
4313,3.655935676515662e-07,0.210711729231403,0.20918808911405437,-1.5,-157.8589022168981,-29.049713979765315,1957.970880114079,100.0,1
4314,3.572432661835227e-08,-0.04836705328702583,-0.07240472139038917,-1.5,123.56605174616207,48.103329676973516,1960.0588732984488,100.0,1
4315,8.332365098781208e-07,-0.014316168137812767,0.03595190628510736,-1.5,88.70601980284056,-126.47010042272726,1958.4559841916116,100.0,1
4316,4.196929486789626e-07,-0.16565494384695167,-0.06442289019824005,-1.5,-138.39743594432045,7.99973259331341,1959.6416611892605,100.0,1
4317,8.144327745031548e-08,-0.01346106028058488,-0.05780759167033814,-1.5,-133.97611140108674,99.09711528402923,1957.458415799007,100.0,1
4318,7.705754210409542e-08,-0.07618319177346068,-0.35120716493097504,-1.5,-88.8097677062188,11.037201682369295,1962.4995010458274,100.0,1
4319,3.1790092528777836e-07,0.21646250604977377,-0.011466265743719544,-1.5,-8.062836209453923,143.22943510283866,1959.2941601144307,100.0,1
4320,5.153554475080392e-07,-0.41008355881133807,-0.004095834851052898,-1.5,-72.26798114828159,-43.23577322752147,1962.733118149358,100.0,1
4321,7.110507362740528e-07,0.2542822918604633,-0.38980737964131335,-1.5,139.71614895179542,75.7970474638106,1958.0979269648337,100.0,1
4322,5.834027129277688e-07,-0.3006440155096576,0.0370161264573923,-1.5,-113.65696682258191,39.12877758011495,1960.858056801641,100.0,1
4323,8.06140686340893e-07,0.11193275271124063,0.284095386045792,-1.5,-73.15295403481707,-3.551052529943719,1963.173278548799,100.0,1
4324,4.035398364963365e-07,-0.27277952955820817,0.032883014140333476,-1.5,108.08476171052732,-98.17582208061921,1959.1050197758425,100.0,1
4325,2.540625727749862e-07,0.3953682123454918,0.2395983183299081,-1.5,46.50650708459994,-32.429604124731014,1963.7206399692484,100.0,1
4326,7.791226960064734e-07,0.42672865146750144,0.1302382264887183,-1.5,19.627789835823833,11.018309856009123,1964.4099961515694,100.0,1
4327,8.732144023391678e-07,0.03851647021567672,0.3588404541547985,-1.5,128.50449455708792,65.8883065083036,1959.223982144519,100.0,1
4328,9.40367395917905e-08,0.41094534294689716,-0.13326521378808537,-1.5,-1.2346206654287555,-104.34111950761196,1961.7657079166825,100.0,1
4329,6.919511607017662e-07,-0.10981979570120198,-0.3459350083388528,-1.5,-66.63986685340753,-97.64052809228701,1960.9790263247974,100.0,1
4330,7.683845745334216e-09,0.3620756196534269,-0.10803002204080803,-1.5,-32.56054449071953,-66.43208307794595,1963.1454035670727,100.0,1
4331,5.668284481215986e-07,-0.047105482919837474,-0.11560911946701348,-1.5,75.70959926962203,2.5948873284299987,1963.0778408927947,100.0,1
4332,3.2587945151227226e-07,-0.13873007128532167,-0.3091652299795922,-1.5,-92.36422743594647,-56.62140215191552,1961.5494264929046,100.0,1
4333,7.883814095006288e-07,-0.15709291818617807,0.38363691630365004,-1.5,-55.48823092189706,-130.39715565068005,1959.4210686561225,100.0,1
4334,2.904560253215015e-07,-0.08285832153674047,0.0025733786217740705,-1.5,121.82908591987122,83.3968851390311,1958.9833893219125,100.0,1
4335,2.3014512207905564e-07,0.3472972562334122,-0.11655563708874739,-1.5,-68.37519364012766,64.82791251654383,1962.2781303677502,100.0,1
4336,2.2350081115080957e-07,0.32931967064832857,-0.009030787408749434,-1.5,22.59281776267171,-74.49298024108012,1962.9960893355023,100.0,1
4337,5.347347772495629e-07,-0.11344214598365913,-0.04089290095010155,-1.5,128.2159812223908,70.3318039275551,1959.0884068315056,100.0,1
4338,8.603256064860597e-07,-0.06573226880542248,-0.1874208533193192,-1.5,140.2229607077082,22.392699286128877,1959.400258899436,100.0,1
4339,7.437455602373753e-07,-0.03067360874076021,-0.20337825468791698,-1.5,91.61471737915159,126.45234671009625,1958.3232199606832,100.0,1
4340,5.192579723486275e-07,0.307818476125346,0.19207986172037222,-1.5,75.51721713293384,-139.3068528359574,1958.1379003879092,100.0,1
4341,2.959127309397752e-07,0.3570748542811196,0.1360906080756343,-1.5,150.39537998322294,-11.470163480141156,1958.7401438923878,100.0,1
4342,3.0013329696393124e-07,0.11868515256561608,-0.2773519777918774,-1.5,19.42053883981105,-89.75725201299196,1962.3913383034433,100.0,1
4343,3.1346910782885255e-07,0.10969426546399548,-0.023168362865110707,-1.5,-37.5945183028514,-16.033798151759683,1964.1137583593616,100.0,1
4344,5.928784234620569e-07,0.3589569894935425,-0.0658002130436957,-1.5,-139.1705271738226,64.27122744527524,1958.5489679747527,100.0,1
4345,4.829855730903805e-07,-0.009343285328190235,0.4673935983067239,-1.5,-61.94501681952348,39.19363956456953,1963.1708941849772,100.0,1
4346,4.856225871850303e-07,-0.20548844967633956,0.042320064293180124,-1.5,-37.729179690884045,84.20928916021624,1962.3706558357205,100.0,1
4347,8.776937184901323e-07,-0.37038749060525117,0.2722939127455471,-1.5,-49.15386317399606,-157.11746407831643,1957.6289961284294,100.0,1
4348,4.411162219660899e-07,-0.405933188769846,-0.23881525499431688,-1.5,-117.28346812285969,-105.6912321175654,1958.184679192613,100.0,1
4349,5.091358146971972e-07,0.2950176851089589,0.21459446174168642,-1.5,57.94878585291753,6.595286603881343,1963.6730192878133,100.0,1
4350,2.560515160104096e-07,-0.13553045040987846,0.0822467756570387,-1.5,-55.72874152041307,120.10675901482796,1960.0719272704348,100.0,1
4351,5.219371227467576e-07,-0.04212226763286022,0.27877172416450124,-1.5,-95.33156724364756,-101.2575127483044,1959.610189467545,100.0,1
4352,2.1801717265768546e-07,0.2651711626020045,0.039365307047991974,-1.5,23.516981047880975,-36.12885503789861,1964.0659214247814,100.0,1
4353,1.7542452838496092e-07,0.07887008595152097,0.4826816937119707,-1.5,-30.061684555311896,-44.986628302359755,1963.7937225334574,100.0,1
4354,1.988294329299916e-07,0.22166210787355328,0.18565530263310898,-1.5,-5.937596061019973,-36.86565786951126,1964.1840429269848,100.0,1
4355,2.0995688328055026e-07,-0.0009665388988265019,-0.340664947168648,-1.5,-114.60651902146357,92.0174200181307,1959.033288761863,100.0,1
4356,6.195051951149009e-07,0.15197589869953146,0.2852322822681496,-1.5,-129.5509628765237,2.881253349543356,1960.2605777454773,100.0,1
4357,3.3276702908297085e-07,-0.1364646935148813,-0.42216863587071823,-1.5,-129.3209272897576,-75.27912433098221,1958.8319063847744,100.0,1
4358,2.738432207703732e-07,-0.2732516776067124,0.3503283997152753,-1.5,151.7890051532556,45.97369198915243,1958.1266056681839,100.0,1
4359,6.575050677343865e-08,0.3340935056829943,0.10948721226058915,-1.5,-101.08683660822845,-120.59651107207509,1958.2265495207432,100.0,1
4360,6.700598633632375e-07,0.22525033365664213,-0.1262984464884031,-1.5,166.6339838979592,37.94000143701929,1957.0914536544747,100.0,1
4361,1.150384241347513e-07,-0.29846712721925417,-0.2866121534173254,-1.5,-66.02929275767835,-83.38480845368608,1961.6575624922905,100.0,1
4362,8.373879322839544e-07,0.10129692007026604,0.3376676732815349,-1.5,10.72574104578828,74.02371442773517,1963.1145494971686,100.0,1
4363,7.626607546838189e-07,-0.22630279351388846,-0.21849907911881072,-1.5,54.500135416176924,-76.13727250595325,1962.3063311422873,100.0,1
4364,1.594689544290579e-07,-0.3265193497523202,-0.09851978326046058,-1.5,-71.23661221156489,10.624703269494457,1963.2182117704556,100.0,1
4365,8.566549118432774e-07,-0.36218198448635347,-0.252380397693523,-1.5,-76.19827713113115,-107.824009198177,1960.0972149025695,100.0,1
4366,8.751432485811604e-07,0.19105467138136492,-0.21339963974312826,-1.5,4.3830816986499155,58.48662861392144,1963.6632575709948,100.0,1
4367,8.932853250220695e-07,-0.005764923589901779,-0.23512357631667113,-1.5,-112.43858971065796,61.701261113525796,1960.3478783590963,100.0,1
4368,7.04950847873072e-07,0.23686737754184015,0.15018920050519327,-1.5,47.02844321809934,-129.00976774143007,1959.734189022051,100.0,1
4369,4.894879469064943e-07,0.3757491633795571,0.2094834633593114,-1.5,66.32785654146012,-89.10507425113394,1961.395979259529,100.0,1
4370,5.550514413667915e-07,-0.16772725837805624,-0.465794861805066,-1.5,-100.41204980830452,82.97292500374651,1960.2158555209548,100.0,1
4371,4.544769421953143e-07,-0.17460768194090562,-0.06184640277639794,-1.5,-55.83053343624878,148.91343652009232,1958.0911690281766,100.0,1
4372,7.036253076872182e-07,-0.3206564712904057,-0.12024731947077459,-1.5,-124.48829585961055,-75.21038113165861,1959.1476077698005,100.0,1
4373,2.6923604592527576e-07,0.24138653365853344,0.36090356493440473,-1.5,-13.814176922575575,-135.70103946398018,1959.797867809453,100.0,1
4374,1.6926607638397614e-07,0.17734080508604805,0.2009029173285414,-1.5,-14.778070436702595,64.11740802046376,1963.4367453241362,100.0,1
4375,1.2375611096886048e-09,-0.23982514840009655,-0.10328303961456933,-1.5,137.4541459265068,-44.68859257556402,1959.214784991008,100.0,1
4376,7.583970334145457e-07,0.14914351301342346,0.1459368545556814,-1.5,50.634117505069,-71.94059734575833,1962.5682212000045,100.0,1
4377,7.166315222572733e-07,-0.20588448784715435,0.43859310762074977,-1.5,-67.61566951124023,-103.77552036702298,1960.6305232947975,100.0,1
4378,6.170135894803926e-07,-0.025733842667758862,0.03896143305144339,-1.5,-108.11069804004975,78.34215397688061,1959.9969056469674,100.0,1
4379,1.4549951590202165e-07,-0.3854963127591541,-0.09917033351461874,-1.5,78.97485637997013,118.34966511724932,1959.3799057590975,100.0,1
4380,8.789835214386214e-07,-0.06342649850562405,-0.4515023914740637,-1.5,83.21147602576869,90.90455568957688,1960.6696555714389,100.0,1
4381,5.966313978329924e-07,0.10063593776746275,-0.11339905864861567,-1.5,-2.1952944892064976,-118.39797831167856,1960.9666967289231,100.0,1
4382,8.392971979375082e-07,0.18966187989919342,-0.183287323302594,-1.5,-91.05306634134423,140.43151599575134,1957.3966421477035,100.0,1
4383,8.447382820117787e-07,-0.024284147916404826,0.10823899814662728,-1.5,5.580688641094874,85.3998750051688,1962.673942235318,100.0,1
4384,8.201981379669391e-08,0.14646171627987317,-0.2724154233926261,-1.5,-134.6931540666867,-56.0027435042485,1959.115803936484,100.0,1
4385,5.863708760389734e-07,0.35234043752311583,0.20532190383741236,-1.5,98.57945667676567,68.66183450039061,1960.86229232715,100.0,1
4386,7.818883208144248e-07,0.36030010310669774,-0.2655438872563247,-1.5,52.84040925234594,-101.15244567093843,1961.2213949860336,100.0,1
4387,6.446334889556278e-07,0.02251998152442483,-0.2348739057277591,-1.5,35.28774032374524,158.3254991812675,1957.8307122828514,100.0,1
4388,3.669761341461472e-07,0.20133721509820074,-0.12687597825206712,-1.5,54.13653092201941,-70.87038696283338,1962.5136714269277,100.0,1
4389,8.917229871050155e-07,0.21912493442533276,0.2606757659883296,-1.5,42.620247007637374,89.10981984012729,1962.0540871288945,100.0,1
4390,5.857158460499671e-07,-0.4111081964198551,0.06709220603722288,-1.5,120.85956753003298,108.01016764773732,1957.8406612610977,100.0,1
4391,4.1610464475047864e-07,0.13389644723719912,0.16978922533430385,-1.5,-18.338008487147302,152.38164083274765,1958.534359986563,100.0,1
4392,1.0015166796148627e-07,0.4267813262487148,-0.10773202883983767,-1.5,79.46541414509724,-58.60937848062683,1962.0559306439238,100.0,1
4393,1.7174121957009947e-07,0.21335195959565134,-0.3340327661285747,-1.5,4.7781231120414445,112.19006790778766,1961.3270620853891,100.0,1
4394,2.747610359725269e-07,0.42133681811963364,0.1316785499895522,-1.5,17.225552935405073,70.71018811096455,1963.1904227276357,100.0,1
4395,3.6935094178984227e-07,-0.25902117887342424,0.07248684662489811,-1.5,-7.072963413414926,-38.69121566001709,1964.1451701148349,100.0,1
4396,5.564429782648867e-07,0.07339453797425563,-0.31901049213650357,-1.5,118.46462228428278,1.5962173340671821,1960.9632509619848,100.0,1
4397,8.162781737972026e-07,-0.3145710282172531,-0.29388616166543313,-1.5,-108.9720140667709,-84.51022136282717,1959.6929374015635,100.0,1
4398,5.547712010344208e-07,0.12010791508763179,-0.3949942018210217,-1.5,98.79529238132696,-119.2255835355651,1958.4274397332222,100.0,1
4399,3.8167398681749364e-07,0.13836163590889092,-0.34051525153868534,-1.5,21.02361599128917,134.63449211176396,1959.807349555203,100.0,1
4400,7.106257517969313e-07,0.1502496757606571,0.2720750569617713,-1.5,78.56980614252934,-43.076912941405475,1962.4944462087772,100.0,1
4401,5.914394103990191e-07,-0.02958505691610763,0.3386304136397179,-1.5,-43.940435495914315,122.00252884882569,1960.2545516715556,100.0,1
4402,2.7478259980743006e-07,0.19647104418614558,-0.3427899573313279,-1.5,92.27708481186492,-41.56387404188397,1961.9303428662765,100.0,1
4403,8.190429231934623e-07,-0.017444411823073665,0.3930932200219456,-1.5,33.56982522177094,-45.17717548104917,1963.7325112948213,100.0,1
4404,5.043718193357198e-07,0.3463812041196128,0.04771219090216228,-1.5,85.26206440033378,72.3996752261053,1961.3520728485946,100.0,1
4405,5.83047151382071e-07,-0.17861853646213555,0.02266823090664439,-1.5,-3.462508700611299,-115.10104430757333,1961.1611476110104,100.0,1
4406,7.084434691231825e-07,-0.017475956919895917,-0.3996288161632243,-1.5,138.29470694126678,62.49436842073433,1958.6685054428822,100.0,1
4407,2.269402418683476e-07,0.4408865133964708,-0.23085491422942953,-1.5,55.80548955818155,61.189358872406366,1962.7926268360818,100.0,1
4408,1.949962234230536e-08,0.17639656439122012,0.46320862175452604,-1.5,71.26796777803243,127.01217515348426,1959.1329894618439,100.0,1
4409,5.812345303607151e-07,-0.06494161173049315,-0.4734473761293676,-1.5,156.07471923458812,-27.807121746565656,1958.131949655627,100.0,1
4410,7.500977858698743e-09,-0.22622942050895195,-0.15594119154318858,-1.5,135.53065808326153,-36.33766840555839,1959.5214468947506,100.0,1
4411,7.162999073571032e-07,0.11751689461640799,-0.08592765961029993,-1.5,54.312191157637244,-155.84913951045624,1957.59406360758,100.0,1
4412,6.667121255315116e-07,0.18629336132884242,0.02066286313750595,-1.5,-113.19667428193691,74.9808666113485,1959.8412356208478,100.0,1
4413,1.6983328685950023e-07,-0.4751942639503628,-0.06547286746517345,-1.5,77.00918476455962,107.96947505715036,1960.0575155295603,100.0,1
4414,5.224915917041965e-07,0.07972390390954091,0.18580597625889678,-1.5,144.29208927593334,45.411624118484035,1958.7064260969378,100.0,1
4415,4.2811953191397755e-07,-0.22195592008476753,0.18258848691661184,-1.5,-48.154562230320515,146.54224080813958,1958.4738435990068,100.0,1
4416,1.5686555923891738e-07,0.06671214089514428,0.4710098855848791,-1.5,-147.0510234630873,72.55284237309705,1957.6836740975734,100.0,1
4417,2.3721726359829407e-07,-0.32322113246632245,0.007317542962747942,-1.5,149.16818295267223,-7.88016508387003,1958.8517152809143,100.0,1
4418,6.071743491960764e-07,-0.2889814985578429,-0.06445137939718716,-1.5,149.06846119479553,-81.02064095763808,1957.1989004395953,100.0,1
4419,1.9054570285613646e-07,0.4020858249146442,-0.086511284150845,-1.5,-94.60709741230308,-78.52234131609251,1960.6878959435612,100.0,1
4420,5.867151919353527e-07,0.3543758402493221,-0.18717720893129358,-1.5,-40.8711537240341,55.800372389599815,1963.3209502016168,100.0,1
4421,7.012245213391881e-07,-0.011725422483664262,0.24173239873313285,-1.5,-142.4278135180697,-84.84783736551245,1957.5312127005764,100.0,1
4422,4.7637485855854265e-07,-0.23568180608761904,-0.12131684664340679,-1.5,6.870266998822451,-55.12749171271228,1963.7533056254701,100.0,1
4423,5.697993672708338e-07,-0.0071251076575935945,-0.3079566830415956,-1.5,135.63972448605898,64.08711383000711,1958.8026938026242,100.0,1
4424,4.898920622601143e-07,-0.03920648913738772,0.3307954687330391,-1.5,-156.83181948233369,22.101503122110064,1958.1441699281836,100.0,1
4425,4.1320926818281276e-07,-0.31155139169369966,-0.36775769296698313,-1.5,46.509298108152436,-109.95732256604417,1960.907840432519,100.0,1
4426,2.2221268338763822e-07,-0.014266602827351507,-0.045414221984542535,-1.5,-40.70027556361957,-60.39780084228011,1963.1884472685226,100.0,1
4427,6.518761938017732e-07,0.2586463991963145,-0.008138172476595103,-1.5,-97.69121815689951,105.46656158460145,1959.2719353241075,100.0,1
4428,4.0832055053607874e-08,0.18378163890810167,-0.3012893511434038,-1.5,-51.23340092492054,4.014519648901101,1963.86667279828,100.0,1
4429,1.456381447070247e-07,-0.018167893639551316,0.4941062057969934,-1.5,41.013666558863555,-90.56303634613946,1962.0217893462084,100.0,1
4430,6.33338528800624e-08,0.30901210129405277,0.22363267805142378,-1.5,-46.327579635392894,-150.60671894772008,1958.209554118011,100.0,1
4431,1.7101217393946403e-07,0.057768667273288284,-0.35839070408707563,-1.5,-134.1848189781592,66.46113425252705,1958.8237894858735,100.0,1
4432,8.909526879148861e-07,-0.11520133659865814,-0.34186971252888104,-1.5,-18.8311547878346,23.241874816941703,1964.3111996652876,100.0,1
4433,3.1392144145055735e-07,0.2194437612688697,0.24045483896530168,-1.5,-34.106856841868535,-138.20118991161957,1959.3750125204494,100.0,1
4434,1.5243622468941933e-07,0.02694695723697724,0.026731308932939672,-1.5,-105.47450105870602,-106.32903503809402,1958.8217254769297,100.0,1
4435,7.807995830325572e-07,0.20206212469471346,0.23227504652692513,-1.5,-32.930331915062844,140.80428423426847,1959.2097981194793,100.0,1
4436,2.776951534665454e-07,-0.11217516113154118,-0.009554546937605733,-1.5,78.63489485321129,146.36258547712617,1957.5004043805473,100.0,1
4437,5.312854646782514e-07,-0.07514036257251845,-0.43553644924935114,-1.5,-86.54728977198042,13.683053658809525,1962.583915898076,100.0,1
4438,1.4676792781948707e-08,-0.14000360042638926,0.17660333989915544,-1.5,35.15586099699781,-161.4109736846707,1957.581122017133,100.0,1
4439,3.4351821058733197e-07,-0.44501763440332165,-0.042519081945943685,-1.5,-39.01831052621733,-33.18675456197651,1963.8710489824566,100.0,1
4440,3.7819757436458916e-07,-0.3814069792110427,0.11730052400519989,-1.5,-10.295782749274046,55.63710307505704,1963.7239612239614,100.0,1
4441,4.850918855382215e-07,-0.02500769397191252,-0.1063561290036664,-1.5,27.22019519967204,-54.8501433716687,1963.5844287963607,100.0,1
4442,8.24080946865745e-07,-0.4174330909735085,0.07275842738753965,-1.5,-47.675802567854284,29.804169019602373,1963.7342018778136,100.0,1
4443,6.64395938594791e-07,-0.20980231421822157,0.3484721250055862,-1.5,-125.9232236265104,-64.05000830152608,1959.452531819593,100.0,1
4444,4.3159079223221697e-07,-0.11720099037406125,-0.214164110733219,-1.5,-62.753375900900764,-70.82361287655236,1962.2587280830944,100.0,1
4445,6.098474256336582e-07,0.00942893867697757,0.3821220023310073,-1.5,-75.0454675535022,-39.31841380255545,1962.7112692400424,100.0,1
4446,8.008237520442349e-07,0.1268907288582016,-0.2027789106340252,-1.5,-45.020123691017574,0.6149930976764513,1964.022936860073,100.0,1
4447,8.263198375158323e-07,0.07956843026667082,-0.38777602557976776,-1.5,30.025445571371804,-109.7669819272031,1961.240160858166,100.0,1
4448,3.522511381238804e-08,0.3287264653606501,-0.06624475751524926,-1.5,-39.94583317536674,129.21370056510474,1959.8779136120515,100.0,1
4449,7.599050099732271e-07,0.1623449538919761,-0.31665594822758353,-1.5,-139.83146356210744,-63.468935616087144,1958.5280550137572,100.0,1
4450,7.881069452734307e-07,0.4660733959866639,-0.06581250450520736,-1.5,72.933946238834,-1.8607163847291721,1963.1837569332877,100.0,1
4451,4.428294671371614e-07,-0.3263467656672104,0.3382795003505083,-1.5,12.99463628199656,-30.240142588533406,1964.2632103336496,100.0,1
4452,9.040324516130548e-07,-0.3007589455677143,0.05839522206192246,-1.5,107.48311614169444,-53.19801895468016,1960.8749671485687,100.0,1
4453,7.507779022224003e-08,0.12200485932673749,-0.34557807223184395,-1.5,52.04021220790782,43.96684532021676,1963.3573335213525,100.0,1
4454,8.962937572288173e-07,0.42710035980424355,0.20183010080116678,-1.5,-137.76610946124245,83.8032976619125,1957.9098019702117,100.0,1
4455,8.231879409475376e-07,-0.2905049210072793,-0.20293344809671143,-1.5,47.26380743895057,154.37753275327373,1957.8935099114856,100.0,1
4456,7.425733029774674e-07,-0.04812999728080916,0.345088628218113,-1.5,-21.828680441811123,-113.39063316748998,1961.1423607903064,100.0,1
4457,6.242098768630039e-07,0.15669953213882054,-0.09461097681960656,-1.5,-10.575623694991156,32.86978238282052,1964.2354797365053,100.0,1
4458,2.858589846642482e-07,-0.24275476395527895,0.22896530700330595,-1.5,27.633873184276666,-31.390491199012647,1964.0937585515746,100.0,1
4459,1.3931217488425477e-07,-0.38017204002618443,0.1503193129417309,-1.5,24.12031476360422,47.029801323072604,1963.8278169099622,100.0,1
4460,1.8530450080320293e-07,-0.11023171796029672,0.059925842071528006,-1.5,42.09115323072215,-41.71437050077096,1963.644960877491,100.0,1
4461,5.637628672936593e-07,0.3674382117792863,-0.12684759053150196,-1.5,87.27744032721344,-125.47186603926517,1958.5843728337786,100.0,1
4462,3.554052904033398e-07,0.08291819754688806,-0.2195997631900599,-1.5,-37.58634881241775,138.52480016327672,1959.2885015711204,100.0,1
4463,8.148942380301402e-07,0.12325540650367153,-0.45223918456928286,-1.5,-39.28270510326985,79.4376800729556,1962.5391232611205,100.0,1
4464,6.152564450875791e-07,-0.26652269834195846,0.40013873871808514,-1.5,9.55836976227279,164.59754200569404,1957.608125493788,100.0,1
4465,6.164291179335658e-07,0.33608902109442507,0.35025365442572376,-1.5,-89.15087017032478,-2.0442163234842843,1962.514007540743,100.0,1
4466,1.7051994737216353e-07,0.10342005146404054,-0.06130047539772807,-1.5,12.432785970204504,17.641336627713546,1964.4203967942142,100.0,1
4467,1.5312319151462886e-07,0.013692554196453573,-0.24533652974456407,-1.5,-131.85569091643825,90.71908022777725,1958.0085320349617,100.0,1
4468,3.445268337012955e-07,0.12285266392140494,-0.04873188794438144,-1.5,152.1765260516074,66.07399039589299,1957.5213457273355,100.0,1
4469,7.179828939833965e-07,-0.14089332002623184,0.3483854746186518,-1.5,13.60578258682165,-58.17684453533228,1963.630215622647,100.0,1
4470,7.345279324847639e-07,-0.2747733425374438,-0.18681653498168682,-1.5,-22.440050063713667,133.07002567361232,1959.8984919343382,100.0,1
4471,5.983744375155757e-07,-0.1353111629049832,0.43189047487046694,-1.5,153.06680921434915,47.66212705984199,1957.9867619131649,100.0,1
4472,6.669307281776798e-07,0.0031245255036162285,0.4276035968892453,-1.5,-99.20128352409834,-20.058786623473974,1961.9301814010855,100.0,1
4473,8.738305025508815e-07,0.10272767182868613,-0.2910358828122507,-1.5,-132.19220818846526,-101.53181796089119,1957.4549282938663,100.0,1
4474,7.467913392310757e-07,-0.21693010104911414,-0.2773413654977159,-1.5,0.254533140865341,-151.82851922199475,1958.663146697223,100.0,1
4475,7.900202824049845e-07,0.30250635533719133,-0.06802143236332389,-1.5,-17.342193309952005,74.82650677694267,1963.0368128185705,100.0,1
4476,7.736952767214978e-07,-0.22336196663635488,-0.35295314496363916,-1.5,73.86547010262154,7.35066888016793,1963.1360488411556,100.0,1
4477,3.6129832859940695e-07,0.21272887993804168,0.1453929217833901,-1.5,125.80907386998874,-19.419051786518736,1960.4102284026726,100.0,1
4478,6.176354915716501e-07,-0.25789376979165796,0.01774176495940039,-1.5,-86.95576725169505,-15.5819500331657,1962.5517021574144,100.0,1
4479,5.925278742502575e-07,0.3496907429414027,0.0909077435043092,-1.5,46.275052671526474,-37.610451533068236,1963.6337132219587,100.0,1
4480,2.7353031758461894e-07,-0.24917818565520372,-0.40847648621383664,-1.5,91.31920239805405,-138.4621307879506,1957.5245408109638,100.0,1
4481,8.190518578650591e-07,0.13336397928137952,-0.034470495243064114,-1.5,-127.18427764154757,-103.28010999795279,1957.6952430513131,100.0,1
4482,4.465826281614452e-07,-0.06381383134934544,0.2992916428870369,-1.5,-67.32307728510288,151.05719745259148,1957.5654810577255,100.0,1
4483,6.712177731297321e-07,0.0008710850790490373,-0.025775778912575664,-1.5,-30.020333835873902,-121.83225973420925,1960.5277264835022,100.0,1
4484,8.610084582216986e-07,0.018996896292632966,0.3357488807402054,-1.5,-89.70312764130465,-136.93485539986338,1957.7066890967394,100.0,1
4485,7.222014615440953e-07,-0.2640673734915613,0.05427856975447985,-1.5,-68.95707627777534,13.32326428397754,1963.283142729589,100.0,1
4486,7.085092417919345e-08,0.2856901448192563,0.2449725246535014,-1.5,93.23417767306718,27.571321646731693,1962.1316206112194,100.0,1
4487,7.108322805184403e-07,-0.09815785473553985,0.04497093235497963,-1.5,158.50070694336537,21.28506713063969,1958.0188349660555,100.0,1
4488,7.97636951339096e-07,-0.33942516747956913,0.09251306580551695,-1.5,-65.45961939225975,66.83061178697268,1962.310371430404,100.0,1
4489,1.5366241353701328e-07,-0.4221277111441288,-0.2657616668690409,-1.5,-120.45795480103483,-6.811765155263613,1960.8306319635954,100.0,1
4490,4.0548224764805485e-07,0.15437468988648867,0.10963433020044355,-1.5,132.97855977551527,-49.6729135020733,1959.4036313558206,100.0,1
4491,9.836191070011173e-08,0.17911360384536484,-0.4089637312925992,-1.5,13.523751673773287,-157.6285167402338,1958.1582278041453,100.0,1
4492,9.029293934897538e-07,-0.0560391143565762,0.35758160260076194,-1.5,79.41585628192006,-54.457860152174696,1962.177553001967,100.0,1
4493,8.943409768103302e-08,-0.48165196609686106,0.11285575623057958,-1.5,-8.678624581765444,108.66758407660619,1961.5119994311667,100.0,1
4494,1.3107109640790235e-07,0.47654590354895265,-0.11384936068119841,-1.5,-154.26936991207518,-71.79864753621143,1957.1558961884036,100.0,1
4495,9.035087923227591e-07,0.11056506182161521,0.18263976965689377,-1.5,-148.18028792090695,58.17596900017057,1958.0785084282754,100.0,1
4496,6.086271928303221e-07,0.12548498596906363,-0.15489604512259436,-1.5,-60.717029334401815,-107.1729684877784,1960.6735280103248,100.0,1
4497,8.73249129988139e-07,0.2940528845704561,-0.3875822251085771,-1.5,8.8108271431522,103.73744425454993,1961.7783254615488,100.0,1
4498,6.749328941374394e-07,0.39761256594446653,0.22451128868088652,-1.5,-82.81469303466989,6.899042196065477,1962.780531822262,100.0,1
4499,1.6482369505541816e-07,-0.14990536048349035,0.24742327181273235,-1.5,14.949891789308726,147.77893218781378,1958.9158160071731,100.0,1
4500,8.142418990068695e-07,0.03428035435612563,0.09033955530872992,-1.5,7.422097558504333,0.7296395083137716,1964.5247940303914,100.0,1
4501,2.0293158516068248e-07,-0.21633464865124644,-0.12127880651857817,-1.5,-43.49966148236391,90.74135248401157,1961.9600079171908,100.0,1
4502,9.055502631446227e-08,0.3315244925198045,0.29667917891529305,-1.5,141.50561349698785,66.99070883472565,1958.2905025927062,100.0,1
4503,5.504715420150809e-07,0.22027633744648212,-0.40908050324844325,-1.5,120.26616432777043,-31.93480450707119,1960.5941712259353,100.0,1
4504,3.0959162650141304e-07,0.3269966119262682,0.3393584574094314,-1.5,-47.65294093370246,116.55169378679862,1960.4994736448996,100.0,1
4505,7.258481743778522e-07,0.36194782225741634,-0.2739635486403014,-1.5,5.723750917476638,-102.46621833973116,1961.85656943639,100.0,1
4506,2.8559619509278354e-07,0.09597638255450565,0.0012236840203022558,-1.5,136.8452408794234,-57.428849667767416,1958.9253670164724,100.0,1
4507,4.102170980746178e-07,0.30272158810006555,0.14756787459740595,-1.5,61.88063890806422,-17.852191053006976,1963.4829696407014,100.0,1
4508,8.832775734040232e-07,-0.10067156674785482,0.4183544831288172,-1.5,87.59247780610809,145.56742958474976,1957.17933964724,100.0,1
4509,3.6024947305315895e-07,0.40234200951743754,-0.23212628523092427,-1.5,-109.9752471930337,-37.8295285949913,1961.0934852875432,100.0,1
4510,7.913027106865215e-08,0.06458380747989062,0.42266991422413575,-1.5,-167.05422677778938,-4.930756823697127,1957.4171398092312,100.0,1
4511,6.59094870390917e-07,0.2706144428090142,-0.12117335534918355,-1.5,17.305354984387154,-38.78923717584657,1964.0797351518881,100.0,1
4512,3.050972083027937e-07,-0.02447395601933345,-0.3990561629226963,-1.5,85.64297548153375,44.653606910653366,1962.1632507023135,100.0,1
4513,5.955076757940492e-08,-0.06221023857380369,0.3394130853932554,-1.5,28.78150064481378,162.6795689258928,1957.5802076392297,100.0,1
4514,5.882705113794504e-07,0.05399259278251021,-0.41452435811177624,-1.5,-141.22402738826082,70.15376735832007,1958.200068756971,100.0,1
4515,8.254094305696001e-07,-0.07576458919341575,-0.34258938265416483,-1.5,-73.16227123210638,41.41561110686427,1962.7392377722865,100.0,1
4516,6.647339395020504e-07,0.12372949138721703,0.3169634207005546,-1.5,12.878676361966544,-11.14989038678539,1964.4650940919407,100.0,1
4517,3.85510532458002e-07,0.3012709424189098,-0.20350489947518907,-1.5,46.21794852077005,126.16905362638772,1959.9384065341656,100.0,1
4518,4.886099215806236e-07,0.09595520751741367,0.008081591383670334,-1.5,65.9529566191309,95.07224364404269,1961.128441043017,100.0,1
4519,7.369119846684522e-07,0.08213209151351349,-0.4424238152083499,-1.5,-117.60546890463446,-43.80318600608961,1960.5263377077003,100.0,1
4520,8.297538746813472e-07,0.3844831145669694,-0.30842157967128747,-1.5,103.86707264897315,-70.11508235625237,1960.5378835186125,100.0,1
4521,1.987143475546353e-07,-0.17045871821292166,-0.026536650752247228,-1.5,-115.21653338882429,-18.63629460541119,1961.068873146319,100.0,1
4522,7.013621814628556e-07,-0.3211760823826648,-0.3653994822345824,-1.5,-113.33972081895294,-7.785535426859221,1961.2513299903535,100.0,1
4523,6.514896331098804e-07,-0.2367306034768128,-0.06820269101845738,-1.5,-9.259169639445929,-69.12823675480604,1963.3004968488372,100.0,1
4524,2.321723858043546e-07,-0.11931689481132014,0.05255830067536787,-1.5,-128.432798702344,-68.9601105844564,1959.1229684815075,100.0,1
4525,1.7201647025957249e-07,0.008740033745688549,-0.09358105886406808,-1.5,20.76635605785516,35.85950419577138,1964.1018661670894,100.0,1
4526,3.764787182317863e-07,-0.3989980771246315,0.08823056899772296,-1.5,-127.71855812303865,-87.70199073286248,1958.4201839744699,100.0,1
4527,7.525069587370794e-07,0.33716214843316383,0.15974415919567841,-1.5,82.4365049665196,54.21114111071668,1962.0598005908255,100.0,1
4528,2.825122594752844e-07,0.035802093691767505,0.0676513405753929,-1.5,-42.604533899908084,-4.707132463418566,1964.0712774391043,100.0,1
4529,3.737183094295248e-07,-0.4362415204758568,0.21778738278056203,-1.5,-61.84104182529471,-124.92294879341956,1959.587514931867,100.0,1
4530,1.8496651314761878e-07,0.16884013014752622,-0.30292287296184145,-1.5,-7.464735663396479,-139.06736339748744,1959.5963442569691,100.0,1
4531,7.744567843670061e-07,0.05474220882938353,0.010178027185251216,-1.5,22.89453983704627,-131.36099761039216,1960.0085241188578,100.0,1
4532,1.7905740796378996e-07,0.19481334185722332,0.04624617200214992,-1.5,-53.28286055258388,25.76106740403088,1963.647267317547,100.0,1
4533,7.162335041397376e-07,0.05944731782716399,0.15456506077630694,-1.5,14.589569847290274,164.21440844145775,1957.6092712229436,100.0,1
4534,2.2982075048346607e-08,-0.056858121673062964,-0.2776598887956783,-1.5,87.21537316089189,-18.1540851470248,1962.518074857659,100.0,1
4535,5.983216280272611e-07,-0.13967802306021282,-0.45958991750944916,-1.5,-102.85629084053966,75.98348840059488,1960.3725103130614,100.0,1
4536,5.58524815958197e-07,-0.2703349261463171,-0.10891527955828001,-1.5,83.34657135744419,-76.2460646168068,1961.2886511014995,100.0,1
4537,7.602665791914608e-07,-0.3343708433753955,-0.16226311183889816,-1.5,-2.9995673757890957,-52.847093606167526,1963.825723825582,100.0,1
4538,8.797298807327348e-07,-0.14704098429999138,-0.08594967989819259,-1.5,-92.66248300794128,-105.11611944059662,1959.5350346300738,100.0,1
4539,6.059219231608959e-07,0.31050286586510556,-0.08440139438325217,-1.5,98.22908088409247,113.63773161430005,1958.788094687211,100.0,1
4540,7.130026813625683e-07,-0.06414746036954153,-0.005470672833922094,-1.5,-41.31679497377931,-12.026242463111997,1964.0676103972196,100.0,1
4541,1.347982171454051e-07,0.03920848725751498,-0.18531903657112025,-1.5,48.46854089952117,-42.37430069362728,1963.4837675544784,100.0,1
4542,8.129243085438272e-07,0.19370398150109222,-0.15899061683523522,-1.5,-69.99443024724927,106.09953218771383,1960.4226471019056,100.0,1
4543,5.334500297556495e-07,0.1929293504819619,-0.3623733846496858,-1.5,124.96291458403802,-7.025077859958637,1960.5479347687103,100.0,1
4544,2.602311239351813e-07,-0.02483578274941923,-0.4300273962084673,-1.5,57.97956789536108,-51.48655256620525,1963.0080975068968,100.0,1
4545,8.681451866933944e-07,-0.29977398272956257,0.30048768120748404,-1.5,-2.5841677490708626,-105.20771929721289,1961.7181102654517,100.0,1
4546,2.3774535303052492e-07,0.21656588030564686,-0.4055844034801332,-1.5,38.69432220836388,-55.661423400971195,1963.3690029232773,100.0,1
4547,6.92939443504133e-07,0.43161108094847855,-0.08007448781235417,-1.5,-123.46905480956104,-9.299972457631677,1960.633109299864,100.0,1
4548,5.772809455990104e-08,0.23085860379639236,-0.26685826201677243,-1.5,28.22694987392399,94.97875881685451,1962.0386237127332,100.0,1
4549,4.24767570282234e-07,0.06504513804728876,-0.04256042076115872,-1.5,10.737954712085122,74.45860045456809,1963.0980361186955,100.0,1
4550,1.653476181620215e-07,0.3128791061719187,-0.15981164453643437,-1.5,-159.0605651857719,1.7771716889247648,1958.0883188788248,100.0,1
4551,2.3198275937481138e-07,0.08976262931743037,-0.027067955131730242,-1.5,-28.790261179999384,29.33093329863707,1964.1089846236002,100.0,1
4552,1.3238253113804987e-07,-0.12552461793936837,-0.005472554136611016,-1.5,57.29646890178484,41.30930380242702,1963.2686882688463,100.0,1
4553,6.504981971299344e-07,-0.16077836737054693,-0.05721338564759399,-1.5,7.941781129570131,-74.42432113381832,1963.1126393567924,100.0,1
4554,4.6326498155289874e-07,0.3095789969437597,-0.32864330910807416,-1.5,-17.412259572918412,154.22714858219337,1958.3983471507788,100.0,1
4555,5.110878217633453e-07,0.3043845261982481,-0.009128371311293647,-1.5,-141.16013041851497,-96.62590861765274,1957.0770392680438,100.0,1
4556,6.142269367977053e-07,0.09912184830379603,-0.33635471169680325,-1.5,111.12876632636583,-120.61944768532847,1957.6809322259328,100.0,1
4557,8.337878621314443e-07,-0.3399034202384842,-0.050671252640294234,-1.5,-109.1895851168059,33.48045098442056,1961.2164541860316,100.0,1
4558,7.944794612513666e-07,0.34169561013949123,0.1381952164432422,-1.5,22.682182798821998,-30.26008332589191,1964.1749240347008,100.0,1
4559,4.414147698707527e-07,0.18901774955026304,0.179109957146334,-1.5,134.679690651513,-1.9768430427779322,1959.9160082217115,100.0,1
4560,1.4788398464043017e-07,-0.10695329069002038,0.3809668565340728,-1.5,153.2862490418273,-20.011230442078702,1958.4473857566386,100.0,1
4561,2.836651781160057e-07,-0.14838659286380332,-0.4347274198969395,-1.5,34.57952958983125,-150.97588459597466,1958.423811300797,100.0,1
4562,2.6342876572137804e-07,-0.131869630326883,-0.1579182419500582,-1.5,-12.195453365241796,-116.839148067802,1961.0235007929246,100.0,1
4563,5.446925140285795e-07,-0.12798863515500486,-0.2900166929260031,-1.5,8.95643051157336,-31.392882693856592,1964.2676893781031,100.0,1
4564,8.008425741717927e-07,-0.22568372986777285,0.1808907141313949,-1.5,130.42294847314446,26.995864985142934,1960.0189703294727,100.0,1
4565,8.53172162255773e-07,-0.2971708146395209,-0.328982213487951,-1.5,48.53865156547235,62.01562437429257,1962.9598436809154,100.0,1
4566,4.134544471321727e-07,-0.19826019418759933,0.1629606259609957,-1.5,-37.72352520415786,-87.48274426519447,1962.227558507966,100.0,1
4567,6.142541273146672e-07,-0.26916260179671275,-0.3962792152671866,-1.5,-52.70109485151412,114.8722536270908,1960.4693943579473,100.0,1
4568,4.735274279218767e-07,0.02369677400388086,-0.38808939575308543,-1.5,62.041504283672076,0.24204193055283815,1963.5590338535926,100.0,1
4569,2.9800961346972014e-07,0.14615856187329077,0.011580146873512425,-1.5,26.186541589763632,139.48000999951952,1959.4062565267654,100.0,1
4570,1.170895231821335e-07,0.3038867857933235,0.24342887539720823,-1.5,-37.577131550536635,-143.63786909121532,1958.9204700583175,100.0,1
4571,5.404885032125434e-07,0.3243676649516344,-0.03929081805036908,-1.5,144.89548995544828,-75.6592614869526,1957.7268091866013,100.0,1
4572,3.1959068319506202e-09,-0.2299142000716488,0.4331866595386102,-1.5,-121.17444851729553,-88.86071937168099,1958.7837583167286,100.0,1
4573,8.508277205828343e-08,0.20326121012620751,-0.08997576590394321,-1.5,-14.55222971141257,-107.54778023149333,1961.5389350823082,100.0,1
4574,7.725982005803224e-07,0.06057644891375928,0.2999349843276489,-1.5,-58.578927891828364,-95.43462430344862,1961.3449538409186,100.0,1
4575,2.8856052005441956e-07,-0.24313265845058288,0.2789792937223666,-1.5,105.19266085383126,-53.03106923629449,1961.0036960863376,100.0,1
4576,1.7879773342958406e-07,-0.21882379482545677,0.33604639760497945,-1.5,37.225483257541946,124.16932041204271,1960.2575161265893,100.0,1
4577,8.951276223601932e-07,0.006149644484448293,0.2534709238065211,-1.5,28.586449354213098,-129.96527353622466,1960.0268184017546,100.0,1
4578,5.110902401827956e-07,-0.051680858682310975,-0.05787213953560888,-1.5,75.20426085322458,123.21935565275507,1959.2280612037414,100.0,1
4579,6.729741233053469e-07,0.23638646124787827,-0.19721116827661972,-1.5,-163.68607828629976,35.14485267087659,1957.3923963712857,100.0,1
4580,2.8187239655093694e-07,0.30528970155552965,-0.36906036594096775,-1.5,50.677093365077674,-2.662723724894117,1963.8834049852765,100.0,1
4581,2.0738112159533482e-07,0.24044679771970406,0.3051647020935464,-1.5,-55.657652171269255,-62.15744755280202,1962.7664057993845,100.0,1
4582,8.027286935024297e-07,0.20668506826274843,0.2768345855956484,-1.5,-47.881931477679075,159.41974233936367,1957.4743810983962,100.0,1
4583,4.80420932218107e-07,-0.24607058610885613,-0.11633821743942714,-1.5,116.5143811160535,-104.57843551566381,1958.2903349821165,100.0,1
4584,5.988146779539539e-07,-0.42461145118318083,-0.07235663175241983,-1.5,93.07964327687552,-59.395301750223716,1961.433573793306,100.0,1
4585,6.497514418270847e-07,0.15717880182361962,0.4635340289661228,-1.5,-42.35046294889399,-138.04726598732586,1959.2250194675369,100.0,1
4586,3.3566868912006755e-07,0.20465196484644085,0.048193367183237495,-1.5,-117.91454912692174,81.9941291342629,1959.2821155101274,100.0,1
4587,5.225239203181113e-07,0.12030246122652236,0.3070312397861708,-1.5,-16.63986788096578,161.98385625336886,1957.778749342306,100.0,1
4588,8.599987750159516e-07,0.09149497376796542,-0.36933787003205254,-1.5,120.64393108399673,56.41556934261692,1960.0192886026605,100.0,1
4589,2.986771436487236e-07,-0.0836704757953125,0.3263499953619294,-1.5,-75.89381997730776,-126.3796275134421,1959.0001541870656,100.0,1
4590,4.154672879016316e-07,-0.24605971615334998,-0.054663540610277034,-1.5,-71.49864211603094,7.08701757595789,1963.2246444621596,100.0,1
4591,2.9139452238201235e-07,-0.09416290942093065,0.25434595630915513,-1.5,68.58207186946285,-44.64585743422668,1962.8338017005378,100.0,1
4592,4.1690909065565255e-07,-0.41630069902009226,-0.06918452953680326,-1.5,29.112090399701845,-50.30506409186679,1963.6789892916315,100.0,1
4593,5.165063026276456e-08,-0.4140034056980567,-0.1362092662067818,-1.5,-102.99719207492534,125.44312108477465,1957.822486351437,100.0,1
4594,5.625520175420018e-07,-0.33677726558250454,-0.04873580504076362,-1.5,-68.84295302943825,135.4284688874168,1958.6559330058783,100.0,1
4595,5.805000046323442e-07,0.3892846490304108,0.15749421259818444,-1.5,-51.22232886906862,17.991754207076763,1963.7886485240494,100.0,1
4596,6.320166875244525e-07,0.42012244290795636,0.09094961615035198,-1.5,-31.986607022298074,70.81824995746864,1963.0015075669946,100.0,1
4597,4.222711371200914e-08,0.28502500319745316,-0.35919231773284477,-1.5,-134.68129990580724,90.62702348347996,1957.8204658079192,100.0,1
4598,6.230645450421305e-07,-0.12493138412354288,0.47455100093242397,-1.5,-80.89707371775755,37.437352962796446,1962.5155781122282,100.0,1
4599,2.4266545755116918e-09,0.13284139158798228,0.32851205732233824,-1.5,25.96358166556216,-84.8819213787981,1962.5326081663638,100.0,1
4600,8.778696940945263e-07,0.1529976346508932,-0.2386364794480006,-1.5,-38.225894447954005,-119.50889325920384,1960.5279114799018,100.0,1
4601,5.700259278614907e-07,0.32789803552517743,0.30231111198855765,-1.5,153.02028447371185,-9.780445597866809,1958.5459968276525,100.0,1
4602,6.076500983481873e-07,-0.05065959481936763,0.27195822306780176,-1.5,105.20946816239686,101.26111439829262,1959.1044997105012,100.0,1
4603,8.02354857361665e-07,0.1526781738016038,-0.46430925728505873,-1.5,-93.04632308928612,83.5207144834707,1960.5560329350105,100.0,1
4604,5.1557471473954e-07,-0.18121518031730457,0.2524623917687537,-1.5,65.3192961651207,133.64970168388132,1958.8987807067608,100.0,1
4605,6.837507002832597e-07,-0.40809123612460024,0.14946044741598008,-1.5,-149.49143189946275,49.895408462213034,1958.2073552791003,100.0,1
4606,7.013820825128802e-07,0.33144549691962855,0.2863604408838676,-1.5,97.37890996243073,123.18185031665723,1958.253524422521,100.0,1
4607,7.551967744046679e-07,0.029973071744545242,0.32486233747768173,-1.5,-99.89076652364216,-137.3274527315176,1957.1858092055857,100.0,1
4608,8.834395053147025e-07,-0.047956074496512825,-0.3423756964705703,-1.5,52.1798054742476,-8.71134520459511,1963.826536797873,100.0,1
4609,1.5929929315923712e-07,-0.27152775178537525,-0.17061271221989274,-1.5,76.67571008121782,8.686220920605258,1963.0228402430243,100.0,1
4610,7.141209193081625e-07,-0.19364762163874757,-0.06163902446924077,-1.5,-8.144681266813409,107.07097241014247,1961.6020894412657,100.0,1
4611,5.374952556974591e-08,0.25342715277712646,0.3561105249153874,-1.5,66.04960120329069,152.03275836157587,1957.5333399030496,100.0,1
4612,1.7936916490167608e-07,-0.11420355666160678,-0.4201231585354858,-1.5,123.51390232881505,7.751081675416053,1960.6370196776609,100.0,1
4613,8.937653264699986e-07,0.4856784299276689,-0.008928014693062066,-1.5,-6.408758074133686,-41.969332893197894,1964.0801381773042,100.0,1
4614,1.7732440354993703e-07,0.3882705560041833,-0.03835133027580697,-1.5,35.53860967035396,-41.54965792699036,1963.7779710076645,100.0,1
4615,6.363328449004461e-07,-0.19553033207891832,0.2163414770144535,-1.5,60.02305150609812,-102.45290398906899,1960.947200211733,100.0,1
4616,4.1028194884831267e-07,0.13407619595580822,-0.1386272315042552,-1.5,17.346598680047325,-129.39958109056982,1960.1959417859098,100.0,1
4617,4.2601622000696706e-07,0.4235358610371071,-0.2623451445970878,-1.5,-101.68100069700517,-19.472799820935062,1961.809132008137,100.0,1
4618,3.8825880413500415e-07,0.02978384871704916,0.17278417777511426,-1.5,59.1978948084263,-156.93062510841077,1957.3660042055153,100.0,1
4619,5.709334470777418e-07,-0.28703008559352694,0.19889535916950613,-1.5,-19.676713278164097,-105.95214868585647,1961.5810601169533,100.0,1
4620,6.817531467229524e-07,-0.039637281133385396,-0.2069749282031791,-1.5,-38.30613827350437,-141.34126393667617,1959.0733965692773,100.0,1
4621,8.208862876821096e-07,-0.3439445318509804,-0.1387286903025631,-1.5,99.45588870598357,-134.56375796784627,1957.3999099594862,100.0,1
4622,4.20244742412589e-07,0.14612783963085899,0.28682537900743704,-1.5,-16.873232618554525,61.36099648112952,1963.507934386305,100.0,1
4623,7.390931490259953e-08,0.024918620956982825,0.09954775830465885,-1.5,59.180768087790305,80.00515797758248,1962.0168443853006,100.0,1
4624,5.505774752169304e-07,-0.11905197955625656,-0.16826655994591652,-1.5,81.72005213281058,50.74437421815594,1962.1824909601935,100.0,1
4625,5.345434645310133e-07,0.06028804081451299,-0.1619110311311435,-1.5,31.801741067636975,74.50720216870866,1962.8679559145564,100.0,1
4626,7.042808081811005e-07,0.11456904494150053,0.08735186444456615,-1.5,-58.776638902109674,-123.22555166092685,1959.789288776567,100.0,1
4627,1.1687501981816995e-07,0.20350163857086861,-0.29677917773560214,-1.5,84.38265077594289,100.8707699515955,1960.132123680322,100.0,1
4628,6.098944677298518e-07,-0.01687764100785109,-0.3464022077600796,-1.5,65.22845577498411,105.78868646074379,1960.603807157441,100.0,1
4629,8.209214723781357e-07,0.02662206795684377,0.024620988377436533,-1.5,54.15756708733577,-27.779930344275268,1963.5958137211892,100.0,1
4630,5.685374048040859e-07,-0.2797112162979921,0.11528323995963685,-1.5,-63.22561961153154,-62.28912537153829,1962.5330244740642,100.0,1
4631,5.340203423063325e-08,-0.4857457743209322,0.07861808627548098,-1.5,80.87480665087993,-110.76911480984629,1959.7455842837246,100.0,1
4632,3.789471943254443e-07,0.41243957310372353,-0.21029653982683644,-1.5,162.91688176697733,17.406517945895967,1957.694661849609,100.0,1
4633,3.956083952790103e-08,-0.13646695308518722,-0.07063984607878242,-1.5,41.751192238284425,-84.9528247356662,1962.2571548556637,100.0,1
4634,2.423923925614407e-07,0.021364728989534697,-0.47296640461757355,-1.5,-41.427220983330244,-50.114474057492636,1963.4626584474863,100.0,1
4635,7.24412697521674e-07,-0.03844329447302947,-0.32861299227091584,-1.5,69.82566703783654,130.93947476474608,1958.926368304124,100.0,1
4636,3.230509421388776e-07,0.014070079607109874,-0.2638903549091394,-1.5,8.528678924092755,34.81332791817385,1964.2119488744595,100.0,1
4637,5.986076095659835e-07,-0.4146531495295697,-0.21730172484140323,-1.5,-108.24228238805598,116.68910037716353,1958.0808329644422,100.0,1
4638,5.315155875511099e-07,0.07260920178660073,0.39391869748570246,-1.5,97.3999305176013,-11.40565975985043,1962.0898171915424,100.0,1
4639,6.336288088490343e-07,-0.27063420657718446,0.3704013663951857,-1.5,55.62804446202502,30.412399224575935,1963.5156971383924,100.0,1
4640,4.779654257744246e-07,-0.11801337945020875,-0.12204926482445325,-1.5,-76.56655199917775,70.91700277288686,1961.7649268194186,100.0,1
4641,1.2701206076508597e-08,0.2505492741187818,-0.0546164152470699,-1.5,18.607188889037772,28.88403519456917,1964.2384710871177,100.0,1
4642,4.889156278378517e-07,0.2115740775918187,0.255167480402555,-1.5,123.43449145641725,65.66826040687944,1959.557320457904,100.0,1
4643,2.45418532123607e-07,0.08693134831945289,0.3062935381673987,-1.5,116.94522729729123,58.87958237891767,1960.170986127843,100.0,1
4644,4.318649793567786e-07,0.14709913618600126,0.34586401889371726,-1.5,3.5970799949083583,27.681654315779543,1964.340620487186,100.0,1
4645,5.493842363950053e-07,-0.2153264889003284,-0.2361907848992414,-1.5,1.590793303287036,78.11739088771841,1962.9845717385792,100.0,1
4646,3.1591273480310676e-07,-0.17699535834550745,-0.4592144065546085,-1.5,34.15908176334104,81.85376508759099,1962.5357078382553,100.0,1
4647,3.491373442837199e-07,0.1398652463975941,-0.12886421699289957,-1.5,-111.89497950623087,-91.33758911988048,1959.2218467139446,100.0,1
4648,5.437466963103803e-07,-0.05223441769221159,-0.42082762881034386,-1.5,121.92401990735887,80.43652497625295,1959.101269737097,100.0,1
4649,1.6378752454941218e-07,0.11656818067047328,0.31211708060014604,-1.5,46.18015824601841,-127.95028340398937,1959.823819690776,100.0,1
4650,8.39201609172742e-07,0.26327234897663143,-0.40307940065777054,-1.5,51.505292210624525,-17.533180969306883,1963.7853952775815,100.0,1
4651,5.761251517628788e-07,0.34781822431021403,-0.060893133834811985,-1.5,0.420377808529241,-53.863995921815786,1963.8003410458925,100.0,1
4652,2.9335102897093167e-07,-0.26148226730162893,0.03071236997385074,-1.5,-39.86057767500661,22.574981070753786,1964.0047838137261,100.0,1
4653,7.066850314538783e-07,0.13075191990798457,0.0038445354957595598,-1.5,68.98752565830327,-141.76027527612007,1958.2027555703507,100.0,1
4654,2.698434778104684e-07,-0.30753837699774456,-0.2362250249059145,-1.5,-2.9943049128481474,157.75123697277525,1958.192755485981,100.0,1
4655,5.269839056760772e-07,0.09764417596397434,0.1439702874748276,-1.5,101.48252933507278,50.64087632933393,1961.2623700439685,100.0,1
4656,5.151827202368298e-07,0.17206705646363268,-0.3985676836188519,-1.5,101.06921780102346,111.28688139188492,1958.778581031886,100.0,1
4657,5.504571070786502e-07,0.23323900320424235,0.032825460901740565,-1.5,-127.45945687310217,-99.46102925469448,1957.875092231203,100.0,1
4658,5.846660580209553e-07,0.31144051278931734,-0.36374692072018167,-1.5,4.454360138005587,-150.27762575344073,1958.7777005417947,100.0,1
4659,7.95832881836057e-07,0.13780858592395082,0.47854645362791837,-1.5,106.5546126787011,-28.899270995819492,1961.4342285478076,100.0,1
4660,9.898195028682772e-08,-0.3078489548212105,0.3069663714764088,-1.5,-36.72909894074598,65.65706799201537,1963.0979112056086,100.0,1
4661,7.265071593762331e-07,0.4810469933352643,0.005764196049345528,-1.5,87.21501393671882,115.70996630096126,1959.18810513661,100.0,1
4662,7.491802560758593e-07,-0.05263185281156228,-0.058118911470107414,-1.5,-9.007581469879803,-79.2003567042115,1962.9211530879481,100.0,1
4663,1.3941672863638716e-07,0.2755452273203717,-0.20631022101384036,-1.5,-84.60923300292306,-143.75893800463683,1957.4442346336632,100.0,1
4664,7.092712892014409e-07,0.36458232220898545,-0.10511951387035008,-1.5,104.02956132097586,126.85616773592997,1957.6768500814555,100.0,1
4665,3.1540632022665933e-07,0.0717939679305559,-0.37248062158204237,-1.5,-66.45560350565646,93.1547482549082,1961.2034906929966,100.0,1
4666,2.0081452757878324e-07,-0.10454275105302845,-0.23279495507823667,-1.5,141.36247830599012,30.196698315093986,1959.21364210343,100.0,1
4667,9.000590795263146e-07,0.036637639682382574,0.21580479349981635,-1.5,-16.164032522234915,-15.573767831279904,1964.410717766091,100.0,1
4668,3.825970463728203e-07,0.4798460660131701,0.12735267579714704,-1.5,-38.24693559772665,21.94990540747855,1964.0439556782117,100.0,1
4669,9.064116205995327e-07,0.3100839363190171,-0.0028583453067239843,-1.5,-147.12973459510425,82.68117036031674,1957.2761561751968,100.0,1
4670,1.299624917508751e-07,-0.09099415597005309,0.4575028458875341,-1.5,-17.269781875570672,29.307679905106493,1964.2444096391573,100.0,1
4671,6.808499586688233e-07,-0.12506607979386278,0.16613117138215927,-1.5,5.6542016181140795,159.00229103084192,1958.0856946817053,100.0,1
4672,4.207861371637304e-07,0.4549231303131297,0.07037797486082688,-1.5,-109.64997878962717,-118.681954540128,1957.8827242927755,100.0,1
4673,6.478461832590434e-07,0.004669983811695306,0.03914820207411558,-1.5,14.766681394760525,79.46625660260251,1962.875529789978,100.0,1
4674,7.161832177725989e-07,0.06132032975132042,0.4766976454380602,-1.5,-16.810415051643126,94.6865650794788,1962.1837708546498,100.0,1
4675,5.259585346447859e-07,-0.1673877979211656,0.39001411618392157,-1.5,17.248272766262414,-102.06858052074836,1961.8098246831141,100.0,1
4676,4.930491121974194e-07,0.2083058536291893,-0.4150488106657219,-1.5,-103.28133314991109,130.85415730355155,1957.4533051915405,100.0,1
4677,6.513377555998538e-07,0.09199498344527418,-0.3942825064789452,-1.5,47.7828503038407,-104.60552127086737,1961.1700003830933,100.0,1
4678,6.029617470048714e-07,0.04025288826074077,0.34452097945504107,-1.5,130.6860408677286,49.49950155765563,1959.562258345979,100.0,1
4679,4.346639383227626e-07,0.40705123108928754,0.2736135941724794,-1.5,91.8043777633488,-51.23868056090855,1961.7236910696656,100.0,1
4680,2.3051470455520684e-07,-0.15047479681128897,-0.2730651457915176,-1.5,-85.44088984233723,100.53851005230528,1960.1033515112267,100.0,1
4681,3.4602103157287915e-07,-0.15593722113033415,-0.45930553843990385,-1.5,24.801847692609517,3.207827453397119,1964.3797658447293,100.0,1
4682,3.578989945294233e-07,0.16392323101817016,0.030998840247945088,-1.5,-62.72092790698631,-15.077061505475873,1963.4795781176279,100.0,1
4683,5.110119333507207e-07,-0.4086145103598477,0.26439742028695545,-1.5,-129.76999434538365,43.1688562431821,1959.7728145589697,100.0,1
4684,8.315056868174438e-07,-0.0881379193871038,0.22385595666898095,-1.5,6.624432842991258,-84.1929401350598,1962.7228413576518,100.0,1
4685,1.7497697015420668e-07,-0.2241516961881091,0.10440661617128574,-1.5,106.47522040744168,100.73539503676162,1959.0632184521523,100.0,1
4686,1.4302653233024456e-07,-0.42774535315667506,0.09084250175438535,-1.5,92.69930666683408,-16.86417927194072,1962.2781974702525,100.0,1
4687,3.852454464015397e-07,0.02381878930444272,-0.3366653579188259,-1.5,29.295058418783082,-32.67485636458432,1964.0487365592344,100.0,1
4688,1.0628661777641698e-07,0.057610371438964296,0.36017304365080427,-1.5,-5.005354998031794,91.22249894072577,1962.4134855770035,100.0,1
4689,8.079040675183274e-07,-0.026286083894876213,0.46302214082834414,-1.5,67.85047580429699,-52.81169182740496,1962.656496793463,100.0,1
4690,6.98219026226027e-07,0.15945712276129503,0.22484127694075462,-1.5,51.0753652254514,-148.8938133682729,1958.2224658280968,100.0,1
4691,3.3242696581971774e-07,0.2230287237296415,0.05115451862151729,-1.5,87.35137400498908,-15.133069321809362,1962.53764650222,100.0,1
4692,8.133014053300155e-07,0.065646361203268,-0.17925735672649387,-1.5,33.89139763333824,8.919169905459457,1964.2263382412903,100.0,1
4693,1.7435226066143259e-07,-0.21541392922705493,-0.29131746504651584,-1.5,36.92967081476158,-88.85011109244464,1962.181220845441,100.0,1
4694,6.272807475956257e-07,-0.031820362165566,0.4598082974663856,-1.5,22.433431753425083,154.3009701808757,1958.3414508218775,100.0,1
4695,2.3082002722109827e-07,-0.4590555258099198,-0.19784515531048458,-1.5,83.1620251972999,18.282235191143965,1962.6928245926897,100.0,1
4696,5.583920403093133e-07,0.1866278335763658,-0.30041800015356157,-1.5,-59.95586957748315,120.06069259360214,1959.9500019294583,100.0,1
4697,8.746500040671356e-08,-0.4968898565001732,-0.01521368437813311,-1.5,50.08069845329852,-37.23946814259136,1963.5474101536274,100.0,1
4698,2.0022319165124555e-07,0.017406997361907785,-0.18934916337525393,-1.5,123.1763017314425,31.84337887018873,1960.4149775443018,100.0,1
4699,5.867388351133436e-07,0.24507916925751458,0.3744956921692444,-1.5,12.734074388696824,-59.10270485858957,1963.6084130737454,100.0,1
4700,6.080764994077117e-07,0.09770677060387041,-0.13162374283053543,-1.5,138.67451401329114,99.57805090448498,1957.1067618317024,100.0,1
4701,8.87437395029411e-07,0.211941383572216,0.15097747418974033,-1.5,-143.53361310278757,-59.785682778561664,1958.3761284060047,100.0,1
4702,5.638027785613926e-07,-0.3524907730542523,0.14107948435363213,-1.5,73.92550409856675,-78.90980874500694,1961.5609978264072,100.0,1
4703,2.0224428766915648e-07,0.3610233880507779,0.043114143718262644,-1.5,-118.15481903655649,99.56284705268547,1958.4534624267521,100.0,1
4704,6.015406749277986e-07,0.1320709878989096,-0.43107116036706045,-1.5,1.3336588166336454,-141.74632147274542,1959.4181503623051,100.0,1
4705,8.035147073917116e-07,-0.4434317165230328,0.15613273074588105,-1.5,147.2051481577377,-37.24696767563937,1958.661939697854,100.0,1
4706,8.895056292801773e-07,0.3019218527018523,0.07896842149151131,-1.5,97.61581768577047,-67.3401509673104,1960.9563336472768,100.0,1
4707,5.754883063548574e-07,-0.19571061524037384,-0.12792701962099284,-1.5,-59.96801174095389,-31.856916395563513,1963.3650350130345,100.0,1
4708,1.9969409668458232e-07,0.2567314089358169,0.42668520001426974,-1.5,-138.99143945334393,78.39123891950713,1958.047364004631,100.0,1
4709,3.2416987664787803e-07,-0.36633960918755487,0.01919133034318569,-1.5,1.443466389510048,136.60120872280677,1959.7834861143162,100.0,1
4710,2.0203698582954645e-07,0.07075520850005146,0.32698441348526325,-1.5,112.74145980343376,-114.59930646871462,1957.9503692546477,100.0,1
4711,8.533960570644155e-07,0.11267210844950687,-0.36356251983671584,-1.5,-94.77753754849925,39.30090747412509,1961.8577785645127,100.0,1
4712,7.401251662774097e-07,0.21211963664079386,0.4044299297162174,-1.5,-26.141397245273183,74.33110970014386,1962.9581757508083,100.0,1
4713,2.8601586045141163e-07,0.15390222203494558,-0.06305914352419324,-1.5,-58.07380250278,144.84774565434176,1958.3308837650122,100.0,1
4714,8.998557827765618e-07,0.33359574592376084,-0.06199257428733091,-1.5,-75.3303894310242,-56.545138478209715,1962.2796095380447,100.0,1
4715,7.29741265613249e-07,-0.18579980499947288,0.22550658991345554,-1.5,144.75996042970354,-79.3948102562816,1957.588900721214,100.0,1
4716,6.224892543188637e-08,-0.3448461179465805,0.13108896640651788,-1.5,84.76522566821029,-53.412919086101766,1961.982467520607,100.0,1
4717,6.107205392442532e-07,0.16228091285539628,-0.16387269830648638,-1.5,117.98357713260943,121.09655130873351,1957.2503128251776,100.0,1
4718,1.6928455074591326e-07,0.2914278994257983,0.23594129058384314,-1.5,35.092503529285445,-14.244483759289775,1964.1738459577882,100.0,1
4719,7.913060352254778e-08,0.003337131944930996,0.40539478450876926,-1.5,-90.55131503182609,23.23108179581288,1962.3134465346598,100.0,1
4720,6.088917322560541e-07,0.3836418097080316,-0.19677517511394027,-1.5,-126.07450963515276,104.31108932168164,1957.7123641972819,100.0,1
4721,4.125725747975365e-07,-0.46412847191434453,-0.004578773752318817,-1.5,-51.73517805979363,-140.09849165594497,1958.8540451633914,100.0,1
4722,5.848217771631895e-07,-0.11690781158570407,0.420683360267965,-1.5,2.909475699813489,-43.09149949606212,1964.0641394538175,100.0,1
4723,6.271545450905912e-07,0.2168003252335021,0.026391250683933536,-1.5,-27.89500179735503,129.54557951325808,1960.0645647451083,100.0,1
4724,4.545217894896693e-07,0.09232479609552664,0.34427323549442174,-1.5,-110.33084425853652,5.820757080370899,1961.4297106596355,100.0,1
4725,1.637869092098901e-07,-0.443578059785513,-0.17140020303661166,-1.5,75.92993375995898,-150.84623789412183,1957.2668044848995,100.0,1
4726,4.0529899160836643e-07,-0.376472953020736,0.21994124438614146,-1.5,-83.21632153357649,1.651374663460063,1962.7749751457177,100.0,1
4727,6.030499717421887e-09,-0.2504324367279417,-0.4141230272661637,-1.5,-60.152806527546446,-94.17364310369013,1961.358266884857,100.0,1
4728,3.3986171430913526e-07,0.036484918546609735,0.03912918265694338,-1.5,-6.022644651394344,-131.32808858846911,1960.135185941325,100.0,1
4729,6.901800213146424e-07,0.08850199281336173,-0.3632079731415549,-1.5,-28.880316708477427,-14.627758388038247,1964.2721914891251,100.0,1
4730,8.474382809984527e-07,0.48746199753462977,-0.007055124763184686,-1.5,-90.37760802176916,79.19652313164713,1960.8602920550595,100.0,1
4731,3.9200675215520206e-07,0.30432735810483913,-0.37142633625957633,-1.5,-19.527325465068053,24.886085044225837,1964.284259621678,100.0,1
4732,1.8132778310242272e-07,0.09644540571214838,0.08497245594378237,-1.5,-25.621403619172675,68.60680084526894,1963.1734352370634,100.0,1
4733,4.5527799839172577e-07,-0.17379967987336797,0.38777690323636815,-1.5,9.670373735009514,95.08191632986502,1962.212832320948,100.0,1
4734,5.499886920502289e-07,0.2886155336805394,-0.30378195844259864,-1.5,-28.41138658317548,65.32043359533638,1963.2471368458607,100.0,1
4735,3.669272920131685e-07,-0.2374856110767511,-0.1674331918537282,-1.5,-63.026992843727605,20.612874610301972,1963.4194645667308,100.0,1
4736,4.602130978005507e-08,0.21229693957730897,0.21848663206788765,-1.5,-81.35486734066953,-110.24240085488955,1959.7554145555673,100.0,1
4737,5.102070713445838e-07,-0.2991016022041898,-0.310763528458692,-1.5,-42.1068333015852,21.691048156382237,1963.9678712456885,100.0,1
4738,7.276743099533042e-07,0.16174368159001404,-0.10063162336132178,-1.5,65.5845880163804,-102.5738628786448,1960.7627471815672,100.0,1
4739,7.453545662941387e-07,0.25166835370705937,0.1318497135561296,-1.5,-13.967440821318378,-157.11532161131518,1958.1963570025368,100.0,1
4740,3.294646470438108e-07,-0.3403211720217582,-0.2991218058099786,-1.5,-10.816361751912906,-26.610664993519592,1964.3289350547138,100.0,1
4741,7.673393971719918e-07,-0.01316444522659837,-0.1513662685235395,-1.5,-36.64788980683449,-67.56696103379652,1963.034621247291,100.0,1
4742,2.59554304334102e-07,0.19267702787907762,0.04841961423504255,-1.5,4.525486619950418,62.296402440793536,1963.545763276201,100.0,1
4743,7.261725284127909e-07,0.28107561750895116,-0.2581276650570346,-1.5,117.22466553651248,90.15354406644832,1958.9650335185268,100.0,1
4744,3.938683154941677e-07,0.024666304940120728,-0.3972029172329804,-1.5,-21.638425213319564,147.97811468200624,1958.8383145108169,100.0,1
4745,1.2234014200263155e-07,0.2846899858858146,0.09222090795349175,-1.5,-78.28120372264415,-54.92427630152697,1962.2101475842537,100.0,1
4746,8.56567760971004e-07,0.3831866490017143,-0.1600185920024925,-1.5,75.86301210909869,106.00085416453739,1960.2096593416366,100.0,1
4747,6.216030506745581e-07,-0.2914422257615795,0.025877588605779787,-1.5,3.238795053354019,-161.73835423133156,1957.867079564717,100.0,1
4748,2.0357022627336388e-07,-0.05178642816762727,-0.41439926091345264,-1.5,91.86609591187876,-27.845878372022288,1962.1922723692833,100.0,1
4749,3.7309382522395794e-08,0.2180049089753322,-0.33535090256072525,-1.5,55.60144926420753,32.05931054818023,1963.4902509849715,100.0,1
4750,1.9451109667376126e-07,0.37539702839127276,0.1958851207670808,-1.5,-7.9112543818052865,-59.641834761921125,1963.617465258055,100.0,1
4751,5.761415627198018e-08,-0.3579016469193341,-0.3480019774164629,-1.5,96.58886054333561,-45.972803796654205,1961.6244236846526,100.0,1
4752,8.709004997871286e-09,-0.17372755067847698,-0.3992686850565665,-1.5,-67.3328778785101,-148.08814381867214,1957.7919888187992,100.0,1
4753,1.841558224514965e-07,0.3721232819519894,-0.2947913457504249,-1.5,18.349314708967295,119.300709685326,1960.8273584342962,100.0,1
4754,7.16959571811282e-08,-0.009801652476410844,-0.2804162594184824,-1.5,112.5690936565163,88.80759745117942,1959.2995421972698,100.0,1
4755,4.817927450376624e-07,0.2875758578138252,-0.08939253275998946,-1.5,-28.884999019730287,-121.82724513147103,1960.545093957657,100.0,1
4756,7.710378275646753e-07,0.17671635706877925,0.004710465680995023,-1.5,61.449406451637536,-14.728721885747088,1963.5224270337442,100.0,1
4757,8.165913044838835e-07,0.019700112812017483,-0.4761409051133806,-1.5,19.700660631854404,5.12524451079049,1964.4334812116963,100.0,1
4758,3.8163906860308177e-07,0.0033759191008562823,0.4509352264384401,-1.5,-146.05941857103903,-8.766553978793311,1959.0822034932985,100.0,1
4759,3.6440835866485913e-07,-0.17971322547598811,0.3163241890570993,-1.5,80.05060623707236,-134.46652473285172,1958.296183020709,100.0,1
4760,4.95445961457976e-07,-0.0123611711822457,0.02186345123442541,-1.5,-101.33721465574862,-133.23069194064144,1957.3946045488537,100.0,1
4761,9.034121081268594e-07,-0.17545374693643334,-0.010599981175002555,-1.5,-130.43319982237614,-84.4245064352921,1958.3852964530204,100.0,1
4762,7.825410650052772e-07,-0.13394160986513412,0.4581839812372438,-1.5,-100.99738772291956,101.03277832056823,1959.3379472781373,100.0,1
4763,3.890642447562975e-07,0.057422888290725935,-0.13809653331555255,-1.5,-18.729056147509223,-60.63757450890237,1963.5135836758634,100.0,1
4764,5.921373811952477e-07,-0.08970551584833998,0.25824640411418637,-1.5,-10.963076159220396,89.71184428473126,1962.458886759743,100.0,1
4765,8.579761090976662e-07,0.2180622852725653,0.3852713727436971,-1.5,-57.6113800597456,144.42494251919817,1958.375768623598,100.0,1
4766,2.2910377570882818e-07,-0.2595317087565991,0.34455447584080795,-1.5,-6.096942108619543,165.6875853660407,1957.5300093788157,100.0,1
4767,2.488517624213893e-07,-0.3364668175172844,0.2541190002833658,-1.5,90.36630003421855,-96.86823572948613,1960.0672853223466,100.0,1
4768,3.9945569433622184e-07,-0.18961325919722644,-0.46070392251255704,-1.5,-14.416625678998868,121.77092083187695,1960.708364344356,100.0,1
4769,4.784390283997584e-07,0.04216310553809309,0.1541544312547946,-1.5,-84.88470613397858,32.671683862517135,1962.4322750108518,100.0,1
4770,1.1242962090933088e-07,0.16031980927689912,-0.4037393532458845,-1.5,-27.799230038456106,38.78231978167925,1963.9593734972605,100.0,1
4771,3.8438406608509784e-07,-0.1520718399410331,0.0769202290616772,-1.5,25.50934934489325,-54.848148482029785,1963.607455671888,100.0,1
4772,1.4457211617786136e-07,-0.4771119320383692,0.05096476261240731,-1.5,-4.945702550452409,-22.189860463209634,1964.4074008171108,100.0,1
4773,2.4428826046084843e-08,0.2670004390740777,-0.3066487430460551,-1.5,-153.69488349857158,38.639056726132594,1958.1364080032338,100.0,1
4774,8.506844846649747e-07,0.19168361138886925,-0.40018613735335024,-1.5,-76.04809924513756,146.91028663671113,1957.5615802696097,100.0,1
4775,7.355712580739357e-07,-0.22364783660634527,0.07275555079397046,-1.5,-79.44820777513429,-74.52906798654554,1961.5164252619725,100.0,1
4776,7.911651706943758e-07,0.3158713664873912,0.2215930145448192,-1.5,-27.558254515424835,-77.8564048764188,1962.8021319261688,100.0,1
4777,1.9245285308061102e-07,-0.1317227821944108,-0.19141319633378037,-1.5,151.4084357209248,72.58445175402589,1957.3503184719493,100.0,1
4778,1.5642831318728425e-07,-0.11368885515024814,-0.1913623084650831,-1.5,-143.0201133246412,-38.05691780482034,1958.956406982538,100.0,1
4779,2.0262596450615182e-07,-0.278215488208607,0.08918972618720579,-1.5,-24.58146478738422,145.72557662762236,1958.9724587578012,100.0,1
4780,7.597781012371199e-07,-0.12152190552363273,-0.43325682267561355,-1.5,103.07413843941194,126.10430428605973,1957.775960801346,100.0,1
4781,9.071890778384762e-08,0.023390153239879526,0.17820149412779684,-1.5,38.53398210796235,-146.74640775029678,1958.6714656372105,100.0,1
4782,4.4650494628491777e-07,-0.0374669480222758,0.49131711918237025,-1.5,43.0549942785715,55.72998699919751,1963.2762725309121,100.0,1
4783,3.0022040852590637e-07,-0.39596630112671155,-0.21893644912570978,-1.5,112.55262434540548,99.06569758008848,1958.8086125454074,100.0,1
4784,6.416088305303269e-09,0.4533583604776405,0.12445806169681435,-1.5,-86.85523929676403,-41.153167979715384,1962.1865024604738,100.0,1
4785,2.5912125145946794e-09,0.4913640135583039,0.08675844214423388,-1.5,45.36591408895463,78.94136902774598,1962.4279554574812,100.0,1
4786,6.707286623745943e-07,-0.42891443591488,0.2056820190783757,-1.5,-45.74700992351011,-43.725140612232494,1963.5194446268235,100.0,1
4787,5.07867567619512e-07,0.3303959197834891,-0.13261812412932802,-1.5,10.878777246301023,-9.846113461882545,1964.4841543065327,100.0,1
4788,3.053394833152482e-07,0.19848884151992216,-0.1338979349974042,-1.5,-41.18395959244541,-36.459240699451925,1963.7687978746476,100.0,1
4789,1.9132226214753704e-07,-0.30271781559282046,0.1696434858666961,-1.5,-56.98062182156992,-85.67422725161627,1961.842608821563,100.0,1
4790,3.9690130170319386e-07,-0.03995589668878752,0.17254868063030848,-1.5,-77.74709116847343,-86.72455655095706,1961.0832535545278,100.0,1
4791,8.610789715577408e-07,0.03879385573370378,-0.48876668239581594,-1.5,-70.11060575936338,-78.96695736666969,1961.698755892565,100.0,1
4792,8.783609552639991e-07,-0.3206710379236253,0.05741792019876532,-1.5,-35.63486794388959,-154.53130053024336,1958.127554478815,100.0,1
4793,3.950913149042381e-07,-0.3476626194633838,0.18385691385666614,-1.5,59.95726470778555,5.6081422644311,1963.6157876262946,100.0,1
4794,3.2212529227962687e-07,-0.19492825911691644,-0.2704798858965865,-1.5,100.38878624523919,136.7646857775486,1957.1997339532077,100.0,1
4795,8.022012198815127e-07,-0.46378966734003113,-0.14495232658233867,-1.5,-11.759563869456857,-115.09736250382771,1961.1291635352309,100.0,1
4796,2.381274873748961e-08,-0.07307195632921323,-0.09987259305808899,-1.5,139.26465582488245,-18.43648161639004,1959.509820860747,100.0,1
4797,8.260570973761363e-07,-0.10011975807255556,0.3075138184379417,-1.5,131.63854752450615,43.190020320289115,1959.647723754579,100.0,1
4798,8.15417612138387e-07,-0.26795623960374426,0.15099658528276907,-1.5,57.1820063372531,-153.10079403639347,1957.7292078535284,100.0,1
4799,5.007791148845835e-07,0.12887790052195924,0.3040234362032656,-1.5,28.435353960762555,143.24484295403443,1959.1032723872245,100.0,1
4800,7.814825313497457e-07,0.19509039459955907,-0.331941185030259,-1.5,-73.93500744869878,-25.953064177590548,1962.9756339291341,100.0,1
4801,1.2701869302013012e-08,-0.3831489616955298,0.05937458893202251,-1.5,63.354773055801594,-126.53293144653377,1959.4358566323945,100.0,1
4802,4.951983295458994e-07,-0.4125289832647882,0.07229113979557836,-1.5,121.08602932317382,-78.06757679526521,1959.2490687052002,100.0,1
4803,5.675474143197903e-07,0.28297189995133437,0.3584691140087345,-1.5,73.62510217175677,48.2018012885836,1962.5669968051702,100.0,1
4804,1.178432112314273e-07,0.2736102414913992,0.23534798798117118,-1.5,-65.18474944530278,82.84166525104709,1961.7088196784755,100.0,1
4805,1.0221305483368495e-07,-0.2784029048484347,0.26737480851690304,-1.5,15.545293546448466,68.7255176244894,1963.2749255623705,100.0,1
4806,1.375073336816585e-07,-0.1357801610207845,0.2544007461423768,-1.5,-9.207161892573025,-66.79705535670924,1963.3814371720255,100.0,1
4807,7.209946527330391e-07,-0.36470096640222927,0.3064738981454179,-1.5,122.55827732589493,111.38237812647496,1957.5460967159704,100.0,1
4808,7.886222808418547e-07,-0.026597514974838157,-0.4794790556655666,-1.5,-61.35243610171123,-153.15652406558857,1957.598591128085,100.0,1
4809,6.770993258670899e-07,-0.374173456092938,-0.20537437336145328,-1.5,-28.290970113345875,78.95825707034125,1962.7476916090338,100.0,1
4810,5.154137805310329e-07,-0.33389488209490525,0.07627906289163193,-1.5,-38.19501535427996,156.42116910996222,1957.9292236754857,100.0,1
4811,7.357132342630922e-08,0.18658305366804545,0.40530725654782696,-1.5,-58.487837465380046,141.52655748338685,1958.5613834295968,100.0,1
4812,3.715160463931887e-07,0.2138321667625474,0.43585106150293534,-1.5,-113.00398462296027,-106.20479170873324,1958.4085191664096,100.0,1
4813,8.468641135257251e-07,0.29827000536391096,0.1306824722303443,-1.5,-17.663779520182242,140.7986370504517,1959.4073136956308,100.0,1
4814,7.953817504649095e-08,-0.006331352173032548,0.49921411314232267,-1.5,-56.75356221946814,123.40261879496444,1959.837777244861,100.0,1
4815,8.78581246752169e-07,-0.049152372302548326,0.2518453225789716,-1.5,92.21542826800294,-111.23439445045261,1959.21834172374,100.0,1
4816,8.614346437173968e-07,0.2584768457450343,0.3928166986285874,-1.5,-2.7823159791382523,111.4431124145849,1961.373492652349,100.0,1
4817,6.069222385178501e-07,-0.2044487389350804,-0.09465008380692007,-1.5,-70.0520670139554,-8.987501665249143,1963.2690134026516,100.0,1
4818,3.942288873730328e-07,0.26306029466187947,0.2687559673755798,-1.5,-42.032652624162615,95.36917655444759,1961.7724798107538,100.0,1
4819,1.8888522921484765e-07,0.25683012134611183,-0.22640839879160807,-1.5,28.62058060852107,50.469839009175715,1963.6819864688248,100.0,1
4820,7.71605299486499e-07,0.21729210540962557,0.006478988232791614,-1.5,-57.680351412965166,-41.68170428721005,1963.249576303207,100.0,1
4821,8.894419833308236e-07,-0.42206217906567745,-0.11688543202640299,-1.5,2.022197568461898,-148.41960710189022,1958.9233821696155,100.0,1
4822,1.4552959593503021e-07,0.0068169849532696844,0.26270409238194964,-1.5,-80.46805609173278,20.311263419527585,1962.7851718395602,100.0,1
4823,5.013786512398382e-07,0.18730310487079257,-0.013540162798801015,-1.5,107.96982577308296,-37.23849921385072,1961.21622906934,100.0,1
4824,3.032479228617902e-07,0.07528882026220993,0.1732772452320141,-1.5,23.227652305184474,-158.17401938048056,1958.0231719843216,100.0,1
4825,2.9740985664087044e-07,0.25064871182083676,-0.3465377202284637,-1.5,150.6887374275454,35.880479244329045,1958.4225238410174,100.0,1
4826,6.094745575110351e-07,-0.21677921958229932,0.20177406852134847,-1.5,1.040312899244147,68.29229593506247,1963.3513099624124,100.0,1
4827,4.31752808232105e-07,0.177210866550642,0.2952228370643449,-1.5,-39.38153351890866,94.58252870032874,1961.8655729556197,100.0,1
4828,8.636473844845399e-08,0.46115889124250997,-0.02482664148786509,-1.5,1.8669165148730258,-159.78899808949973,1958.028926491744,100.0,1
4829,2.4358882204157416e-07,0.13327939938141492,0.14914499416648677,-1.5,-106.86253798750424,17.89860185614153,1961.5487055621627,100.0,1
4830,3.8546476954543887e-07,-0.18388519913084822,-0.34104785690160616,-1.5,110.72158029017608,90.18435240344894,1959.3419304720012,100.0,1
4831,2.2296055456281539e-07,0.17380119354298143,-0.3843732953894302,-1.5,10.260644339705308,-148.63986322034583,1958.8808530652655,100.0,1
4832,5.359004857133339e-07,0.3370786361435993,-0.2538252317281649,-1.5,107.04880316679342,63.34026432294425,1960.5973199313999,100.0,1
4833,6.648761008291855e-08,0.26829616427701636,0.06712797126464053,-1.5,69.45706012196192,-144.6587405115824,1957.9741703758373,100.0,1
4834,1.809736817258014e-07,0.1882916978936388,0.40823877084858223,-1.5,6.33211557465275,61.01421996599761,1963.5810285140824,100.0,1
4835,4.670768731126555e-08,0.01094378426063913,0.1241402349543792,-1.5,-48.26694153408453,86.62871402496259,1962.0344172637383,100.0,1
4836,8.82086306329029e-07,0.2821255994321525,0.24311628898662682,-1.5,88.93928151736415,87.99965224544664,1960.5507266260638,100.0,1
4837,6.89667765256835e-07,0.3116184961551302,-0.16846243069930897,-1.5,-24.187820646639018,36.13689483246042,1964.0576265553832,100.0,1
4838,1.4170993545651494e-07,0.10640433479072503,0.14064964107724467,-1.5,-3.63665660987297,-168.65066532876753,1957.283069481519,100.0,1
4839,5.91977395670913e-07,0.09210962587830701,-0.24324579805076124,-1.5,-80.09662802244168,50.85827058655049,1962.2464811431084,100.0,1
4840,9.063874927677244e-07,-0.0427131391008676,-0.1265749744243539,-1.5,65.11025446390529,37.21346152749182,1963.1070014930206,100.0,1
4841,3.2227399239954614e-07,0.041203298780574105,-0.4392521348053952,-1.5,16.003619552960384,-48.859066919396845,1963.8660753745662,100.0,1
4842,4.4782805741982293e-07,0.22332281638114856,-0.10373412285412964,-1.5,25.226634117933276,-117.64654621247206,1960.850885039831,100.0,1
4843,7.267445641800553e-07,-0.2646408921346924,-0.17764368491043123,-1.5,35.42352284359775,64.1233341566056,1963.172600234661,100.0,1
4844,3.004774850418363e-07,0.07687130313016584,-0.05115027481290247,-1.5,16.016303956654998,63.48886626534593,1963.4474599881812,100.0,1
4845,7.328335057607694e-07,0.18329623612888968,0.11283927680448883,-1.5,21.615668775283805,-92.39863315719757,1962.245790343353,100.0,1
4846,2.040843586591088e-07,-0.14098360738374033,-0.34970333406529897,-1.5,-8.584244292388265,-115.00877895716597,1961.150829941145,100.0,1
4847,4.1357294294851453e-07,-0.17915132069271172,-0.4579711176724719,-1.5,-163.4951191248109,26.974733828683174,1957.5379935069886,100.0,1
4848,5.005678200024605e-07,-0.11616906453509775,0.17936504359728947,-1.5,-49.24289202418161,45.63454615328781,1963.3914311844721,100.0,1
4849,3.7606037493070877e-07,-0.0026236492733836144,-0.236385349275319,-1.5,-130.41433746202986,109.99380732555008,1957.1169482686773,100.0,1
4850,4.513758345050983e-07,0.3078092307320557,0.2949202947016705,-1.5,38.4695271972841,112.62021963368439,1960.9309186896435,100.0,1
4851,4.6305017892499875e-07,-0.21712451107885525,0.046426467097833546,-1.5,37.90618754585223,12.978612007403223,1964.1303324479848,100.0,1
4852,8.67597720475309e-07,0.1626424317766352,0.03631444686815551,-1.5,122.51767210232802,55.26335763298087,1959.935883541063,100.0,1
4853,4.012425821335225e-07,-0.4937994642793431,-0.008447127912798953,-1.5,-92.06146331779642,142.02374921764974,1957.234586833188,100.0,1
4854,3.7649255776708576e-07,0.40628874312218716,-0.06143976593068727,-1.5,101.84113142871836,89.24943988049955,1959.8663749593918,100.0,1
4855,9.375357869623523e-08,0.19143162099854263,0.07195471692546165,-1.5,43.71612035068326,30.762312341265666,1963.8115661200884,100.0,1
4856,6.968839031673559e-07,-0.15311444634952626,0.17067745649415134,-1.5,92.87078660577515,-12.772608493062602,1962.3009870388485,100.0,1
4857,2.407835595631791e-07,-0.10947603418343001,-0.4577872278502468,-1.5,120.78871244679131,91.62675779231598,1958.6801450129742,100.0,1
4858,1.8781325254061187e-07,0.302363479975809,0.04533517895875853,-1.5,-79.44544416319005,-86.12324529809199,1961.041686014647,100.0,1
4859,8.979754741947137e-07,0.3081181184701961,-0.32385726690221905,-1.5,99.70225281982174,34.96356734356968,1961.6957705024995,100.0,1
4860,1.5806193335068882e-07,-0.13883317052555816,-0.3650674334388196,-1.5,49.73408252708122,-42.122016374951485,1963.4575480610292,100.0,1
4861,3.2208592143814984e-07,-0.13314727960407713,-0.09427549406469261,-1.5,20.761727955430278,158.37497520564256,1958.0346279233797,100.0,1
4862,6.521928771245114e-07,0.35352662245323374,0.29478025246403333,-1.5,-129.2301887994485,-31.557588041359434,1960.029837325443,100.0,1
4863,5.652279015788859e-07,0.3671373273224233,0.048479996462671954,-1.5,155.29919162354543,-48.07984391085533,1957.8007498100292,100.0,1
4864,7.88738964563739e-07,0.2827144314795797,-0.29564649120913655,-1.5,42.717512463641754,104.27765626649858,1961.3043289603518,100.0,1
4865,5.137701972262513e-07,-0.45705295801596524,0.11002223822405653,-1.5,-156.10096746103642,47.989003654089935,1957.7392139281849,100.0,1
4866,3.8913335487657214e-07,0.2003020215088795,-0.37320515931298787,-1.5,-42.18444597736234,160.57069633112621,1957.5113818988261,100.0,1
4867,7.632607388956361e-07,-0.10127953732050168,0.03980798310886772,-1.5,-159.59413846013854,23.860232819980244,1957.900325993403,100.0,1
4868,1.3064723159534725e-07,-0.303598465608415,-0.035613056909760486,-1.5,-61.399183385577174,-64.6283184204478,1962.5153775203548,100.0,1
4869,4.616716969691119e-07,0.25804294108220993,-0.006399522021468633,-1.5,-115.79988206847793,-47.33559793296946,1960.5517118268995,100.0,1
4870,6.174947630302864e-07,-0.01839553392800568,-0.22018881260621423,-1.5,106.00786928275534,7.523044703106158,1961.662310825861,100.0,1
4871,1.3894396130419793e-07,-0.43175102440045543,-0.21482236828806178,-1.5,-47.91919330005196,77.84028283581536,1962.4112534195383,100.0,1
4872,7.894789512311503e-07,0.06900851442316476,-0.18966632340453074,-1.5,-161.20632028145846,-14.139457075790125,1957.8625805508018,100.0,1
4873,8.979653816231125e-07,-0.20831621104050319,-0.3992370578808899,-1.5,32.743826179241665,92.58567143590066,1962.0828273949187,100.0,1
4874,1.147887405013338e-07,-0.4319920421401087,-0.16243429476774401,-1.5,-92.58707987704459,-128.07614968411016,1958.1719584316559,100.0,1
4875,7.718382863756509e-07,0.22733617274152135,0.06197018249762212,-1.5,-18.861262576676268,-117.75805096548501,1960.9157504780655,100.0,1
4876,6.395742891664213e-07,-0.2714440711993893,-0.38909511880596825,-1.5,7.993300908492516,107.56127119492251,1961.5758885002767,100.0,1
4877,8.122493633853558e-07,0.15933947418175087,-0.31977229503558147,-1.5,-60.34914644624473,62.68357203675588,1962.6110252890292,100.0,1
4878,4.659770059732454e-08,-0.032850369932383355,-0.15833353131661201,-1.5,153.9418503675646,21.105220022476466,1958.3844777416268,100.0,1
4879,5.960410161258862e-07,-0.2206997527063322,0.36658386929052045,-1.5,-12.261725006475675,-129.497905641452,1960.227851245991,100.0,1
4880,4.896201851672429e-07,0.29544954383478067,-0.12363555470512824,-1.5,46.10470909479955,-130.51121419452826,1959.6567212231037,100.0,1
4881,4.323203859017086e-07,-0.3773623201219906,0.23782245668882857,-1.5,-112.99738241998166,61.25289268653586,1960.3298092336136,100.0,1
4882,7.525889074523818e-07,-0.2045608208417598,-0.3522216552975269,-1.5,-13.806883405674496,-70.55830759052849,1963.222906719131,100.0,1
4883,5.699830116874908e-07,0.1437021859191363,-0.3235018368279297,-1.5,-25.91931241793052,139.65484750568086,1959.3973560965317,100.0,1
4884,6.859992182497389e-07,0.11845650095081878,-0.43202629610363213,-1.5,93.30681443530379,18.768838160270906,1962.2321104701607,100.0,1
4885,8.319813070147287e-07,0.12825821143555338,0.4415724436134096,-1.5,142.65590443477524,-79.64420610734037,1957.7332248367138,100.0,1
4886,7.967255396799424e-08,-0.1438859908837723,-0.21728808306963435,-1.5,100.37558883992237,-121.39859069638904,1958.2135760963615,100.0,1
4887,1.1079390244335251e-07,0.4545609031672893,-0.18880610654885788,-1.5,-15.634066868099923,170.1365499348267,1957.0954030387913,100.0,1
4888,3.034617525174175e-07,0.20150222423286815,-0.11282709063611072,-1.5,114.46856972932574,93.82465891597258,1958.9556315010188,100.0,1
4889,7.831582449176579e-07,-0.23153247556879655,0.09375213156412912,-1.5,46.976623691362406,-124.5638671626554,1960.0230422344978,100.0,1
4890,1.712768733954509e-07,-0.07718548221178978,0.33893495057255296,-1.5,27.01957356359873,85.6291627342433,1962.485891770946,100.0,1
4891,8.500971606786326e-07,0.24990720386042956,-0.39726967522859136,-1.5,-57.565185183362246,-140.16656653157244,1958.6865163541834,100.0,1
4892,6.821482730766531e-07,0.04158469022021016,-0.4361325322200971,-1.5,2.76688586128043,-77.03785904269952,1963.0259292436458,100.0,1
4893,2.7881491945491164e-07,-0.37213014126801963,0.05412425182597272,-1.5,135.40545613823707,5.000596303248359,1959.860618194758,100.0,1
4894,1.1401927468022397e-07,-0.05297048932125212,-0.031759909613043466,-1.5,71.06485827039137,135.07642909060652,1958.600885961525,100.0,1
4895,7.147038167293826e-07,-0.36624837276862915,0.03738570064446025,-1.5,68.61431313579799,-13.63722569694259,1963.292996059,100.0,1
4896,2.0944988228924463e-07,0.0383767253554125,0.18150275206524732,-1.5,124.85077852978846,-52.44579079019331,1959.8660689942637,100.0,1
4897,6.870659668845594e-07,-0.22079639693663422,-0.2760519202539557,-1.5,-63.54057679427994,-99.06379649395821,1961.010516440691,100.0,1
4898,6.350552620875219e-07,-0.015867237012637706,-0.4207767844957045,-1.5,39.003438452431496,136.0524870288749,1959.4340353347638,100.0,1
4899,5.487691204797554e-07,0.27941751242353763,0.09746816325920957,-1.5,120.41501778089463,-8.526214388263497,1960.8265638314786,100.0,1
4900,5.694385745395405e-07,-0.03559940559691602,0.19845844826428402,-1.5,-118.64237568685796,-43.0602092135886,1960.4803215895822,100.0,1
4901,5.624615469306173e-07,-0.37984817105722435,0.21125300129340285,-1.5,56.32821454346708,-150.73367106354902,1957.9376340732056,100.0,1
4902,5.560355419355268e-07,-0.22377678103808013,-0.011894899844984345,-1.5,121.00389801426776,-59.81036194407964,1959.896442043712,100.0,1
4903,1.8555946815565888e-07,0.4347380587593203,0.12028813422674979,-1.5,-59.88851987188638,-115.6518532124094,1960.2171564146206,100.0,1
4904,6.792852079145634e-07,-0.2734094976942073,0.11846710699030161,-1.5,-15.786575236331117,11.375974150813017,1964.4425818843774,100.0,1
4905,4.491992247703793e-07,0.4187181941401991,0.19394932029985484,-1.5,-56.206698860308634,-104.01393834822292,1960.9781217287075,100.0,1
4906,7.096095130802167e-08,-0.027214309995237496,-0.3382798380460498,-1.5,-12.632768927389636,-40.54930563157462,1964.0797980805555,100.0,1
4907,6.79014091231626e-07,-0.11228557705194181,-0.20411428779800445,-1.5,127.05395046598233,-20.216184570828766,1960.3218832167634,100.0,1
4908,4.937634251145536e-07,-0.4364628836598568,0.17008801099232101,-1.5,-5.044345533319051,76.59020818363392,1963.0389147581002,100.0,1
4909,8.72061159143533e-07,0.2538660629112204,-0.20539010129880303,-1.5,12.833023255137093,-58.43810186453845,1963.6276602326457,100.0,1
4910,4.6072541375782286e-07,0.29450727120597814,0.2786876782995155,-1.5,-15.566462591304283,77.74956060981613,1962.9380981919692,100.0,1
4911,6.033491849781277e-07,-0.4213882459271226,-0.16530431346252755,-1.5,121.49257989222241,89.81108276830409,1958.7207071732428,100.0,1
4912,2.3777590241850928e-07,-0.12265694975071975,0.1113882174083172,-1.5,-26.732823752345457,164.88423903107977,1957.4247955207625,100.0,1
4913,4.0357662136487615e-08,0.1725239425301999,0.11250623784146689,-1.5,-73.48285791906136,-73.89381589172322,1961.772988862661,100.0,1
4914,6.218988886289648e-07,-0.024418148185527257,0.07447135433174591,-1.5,107.20847825071901,-89.17279006954276,1959.5835889210007,100.0,1
4915,4.771065690232086e-07,-0.2921258813643787,-0.4046723147962325,-1.5,-74.90460823119983,-66.33517108709006,1961.9893554779312,100.0,1
4916,3.829345225207988e-07,-0.07187315510869484,0.35290841310056065,-1.5,116.39590414646915,-28.425377633252538,1960.8817602472782,100.0,1
4917,5.590165462015401e-07,0.21058945915932667,0.2712428560712053,-1.5,-95.79016460908298,102.10138529554865,1959.5440382270122,100.0,1
4918,5.219961282454425e-07,0.2458484411011883,-0.01676613227809523,-1.5,55.31951570416081,96.92072390949342,1961.3667201024004,100.0,1
4919,4.556042113229575e-09,0.18663809865087083,-0.14196309241123423,-1.5,26.01181070742857,-64.71020572161426,1963.300603892669,100.0,1
4920,8.20693663550501e-10,0.1670743658812157,0.11943655487614963,-1.5,1.752776544812902,77.7976579158005,1962.9971315474027,100.0,1
4921,8.829155302244411e-07,0.4541295804980694,-0.17774561062249913,-1.5,61.9799516975325,110.38147284136794,1960.4559934635292,100.0,1
4922,2.902564949261914e-07,0.0320504036517974,0.3735257331437439,-1.5,71.99583798163869,-124.22451341503097,1959.285113465177,100.0,1
4923,8.779159061417578e-07,-0.06486182367682586,0.12128557443944878,-1.5,28.51363813849437,126.96558696880602,1960.2244765413743,100.0,1
4924,4.128181149603957e-07,0.27643400883996944,-0.01122072606527703,-1.5,-135.03891285550853,16.093085300547674,1959.8262144604666,100.0,1
4925,1.9974689811779975e-07,0.4828296451693715,-0.054759047091985494,-1.5,-150.32601032018633,-80.03653932606115,1957.1432061195865,100.0,1
4926,2.573708023513816e-07,0.1461763246937007,-0.3801863488848135,-1.5,71.68046357914575,97.67196148020088,1960.7996800662274,100.0,1
4927,6.896648911373942e-07,0.13838297388223228,0.056842917994510106,-1.5,44.56344000737164,102.25819690143769,1961.3695845626105,100.0,1
4928,4.826895455423747e-09,-0.3900862978074555,0.014643160423971454,-1.5,29.705113590203013,78.76522053354388,1962.7345547798934,100.0,1
4929,3.112153255371912e-08,0.1430832546509824,0.14786574073307152,-1.5,-71.18843399647037,-100.96542623758381,1960.6507786538439,100.0,1
4930,7.339661041818813e-07,0.37396900909183056,-0.11036338064218862,-1.5,-124.03302244863733,98.05166300361896,1958.166225577035,100.0,1
4931,3.4879061910415563e-07,-0.2778736340062842,-0.05997363660264532,-1.5,148.6322027167398,-72.15863953975123,1957.578832466645,100.0,1
4932,6.253381174096335e-07,-0.18183847279164386,0.00409987682672025,-1.5,97.98811691222846,112.74352377531687,1958.851835401762,100.0,1
4933,5.0191931180264e-07,0.35322267161405824,0.1394253261032525,-1.5,60.42591491012138,57.92229788553108,1962.7549522243132,100.0,1
4934,3.032943361247873e-07,0.06920973838806291,-0.1855022083865249,-1.5,51.80871762673452,-34.39794220886365,1963.5544109129748,100.0,1
4935,1.3692164147314547e-07,0.0635650186484222,-0.09498416684740646,-1.5,85.23044439246458,98.43796951104733,1960.219126468604,100.0,1
4936,2.63284877519726e-07,0.007459554912377055,-0.206804900184746,-1.5,-107.40922583341363,132.3571216887909,1957.1300766199104,100.0,1
4937,5.301872037945671e-07,-0.010777487914921075,-0.011312324729688296,-1.5,-44.035018949724304,53.39719075641163,1963.3193686691811,100.0,1
4938,1.4129387839472354e-08,-0.008765762524911565,-0.2903925678094863,-1.5,46.44790389734593,-147.5988041329761,1958.4357205454023,100.0,1
4939,8.587393324764824e-07,-0.1846535518192212,-0.10303656896662021,-1.5,117.10569157576967,-27.312369015992065,1960.8553179073224,100.0,1
4940,5.64490107677505e-07,0.17268635123471607,0.06321470079895389,-1.5,149.87050528012912,-11.339315558245428,1958.7811357668013,100.0,1
4941,5.49906452853652e-07,0.35460767833287987,-0.16704791245998682,-1.5,-86.22371473613765,-50.18440626488813,1962.0041494989437,100.0,1
4942,2.3489337017807703e-07,0.25087892984208054,0.3089182415745641,-1.5,-9.971338571679306,-39.4136943253017,1964.1182294792877,100.0,1
4943,8.236151910481165e-08,0.0006042684825715911,-0.3540333672121225,-1.5,-108.97006226825549,-40.27108712994646,1961.1009793829476,100.0,1
4944,9.034703591781438e-07,-0.12288758624241836,0.13165301305527588,-1.5,-63.210636109714535,36.86668736342849,1963.1756286974387,100.0,1
4945,6.848406047446308e-07,-0.25336697379635503,-0.2557537919575126,-1.5,-23.27266458884379,168.2173915404562,1957.1853715303491,100.0,1
4946,6.213548945929492e-07,0.04810828073926705,-0.2263174985763914,-1.5,100.27055198008293,-2.850971282813264,1961.9762930867655,100.0,1
4947,5.854543066772698e-08,-0.20671472577263367,0.10472005218582237,-1.5,-94.15531433627051,129.4086511317387,1958.0095668971164,100.0,1
4948,3.8860424248648147e-07,0.250023899841231,0.24742473635399,-1.5,38.9583224432922,8.652031907578408,1964.1335692163111,100.0,1
4949,8.996850070000685e-07,-0.24698967014117237,0.027930735851034914,-1.5,-141.02731363795093,-94.43308862569955,1957.193647763758,100.0,1
4950,5.917251550207976e-07,-0.006182108237488562,0.4490932884438888,-1.5,23.698383321667666,89.0659287528189,1962.3758389333752,100.0,1
4951,8.769993150485395e-07,0.11152527191944255,-0.2683723370214781,-1.5,54.27952978965339,21.788142019705713,1963.668071691159,100.0,1
4952,6.262418806456142e-07,-0.21510124289490543,-0.40427298237084075,-1.5,66.00301092101594,-43.12224910973175,1962.956280829303,100.0,1
4953,5.426457128486227e-08,0.08455786313753923,0.4823009602207424,-1.5,137.16947656225955,61.36387481025743,1958.7833713389641,100.0,1
4954,8.181531254978421e-07,0.013555834951269191,0.03827526433874379,-1.5,-166.3849270395955,-9.44760435666408,1957.4575563960716,100.0,1
4955,9.065052321851457e-08,-0.2838310122922495,0.363265829537354,-1.5,-24.33148882247648,-137.12649520790288,1959.5962822045285,100.0,1
4956,5.165183082824202e-07,0.30023053932000016,0.1697171185518073,-1.5,132.4925344642198,62.4396357630957,1959.0712867231632,100.0,1
4957,3.1338450768262026e-07,0.06878731180470071,0.34332338368251675,-1.5,-96.12709430639771,132.71640994732414,1957.6923207023708,100.0,1
4958,6.751606873460704e-07,0.030772721470145356,0.07906040163618899,-1.5,-79.06297013453238,-77.13874352869986,1961.431096741981,100.0,1
4959,3.997287871704456e-07,-0.4594474167265401,0.037353466687109656,-1.5,159.65236095900383,-25.449573634253802,1957.8755652768593,100.0,1
4960,5.712046650881557e-07,0.0022380993299508114,-0.12774227911345537,-1.5,-54.68939842525951,154.72699554107658,1957.6725754877514,100.0,1
4961,5.7009920986187e-07,0.3463256131971658,0.2390685068105822,-1.5,60.48744625639833,-116.68076169171846,1960.13778978993,100.0,1
4962,8.480426974315806e-07,-0.37987482631901,-0.17912240500825882,-1.5,-70.6576918206358,114.81826660306909,1959.9075341727166,100.0,1
4963,8.358057978415093e-07,0.12011803221101625,-0.34242865036236264,-1.5,120.46651364136065,19.15846837610021,1960.7483414366845,100.0,1
4964,5.933873952152759e-07,-0.20034944563006732,0.07736284952483602,-1.5,92.3115661476418,-2.0098728790148455,1962.3679118433706,100.0,1
4965,5.7394883790048625e-08,-0.07998437835263295,-0.24362313016898035,-1.5,-99.60138880569461,-89.26326372200892,1959.9808466828963,100.0,1
4966,3.235356859286947e-08,-0.052327118521633,0.2387904800014348,-1.5,-90.25655491208747,-109.81275770581048,1959.3897516335483,100.0,1
4967,6.793669878845559e-07,-0.33475595208016135,-0.09622047506640499,-1.5,81.91462421044959,-115.15795492764609,1959.4493935857272,100.0,1
4968,3.8334629271609547e-07,0.24012719730293247,-0.3416674730974043,-1.5,-119.30680355257597,-73.65119674569992,1959.5291970547732,100.0,1
4969,1.0171180944811892e-09,-0.05140973530310148,-0.19367102929593896,-1.5,3.8964324406387583,166.52109512529313,1957.464898525294,100.0,1
4970,5.503385549876906e-07,-0.2548769525331404,0.09711014042757805,-1.5,39.563766287221995,-14.298598585175363,1964.088476811012,100.0,1
4971,3.583371015999343e-07,-0.19222130114908692,-0.1017824224578893,-1.5,-96.38284118509603,-71.56200064053336,1960.8677962207305,100.0,1
4972,1.1899121770492641e-08,-0.10477666070093856,-0.21416690561443041,-1.5,-10.573545303223714,-28.51792559540034,1964.3034934361815,100.0,1
4973,2.0520438077663884e-07,0.05375807599195177,-0.10649126521496512,-1.5,61.672669088700296,-97.02237958093431,1961.1722071287008,100.0,1
4974,4.563776323252838e-08,-0.08289990095213777,-0.20917145405965998,-1.5,14.314462158719309,-89.83239359585087,1962.4317882413334,100.0,1
4975,3.1949394528962706e-07,0.030076009565692063,0.39018781746007836,-1.5,95.22455290254517,-73.52642014755583,1960.851711968788,100.0,1
4976,5.867216359070663e-07,-0.39020209129349764,-0.2857516663197526,-1.5,-16.48265889236532,64.77824387396984,1963.4014839921492,100.0,1
4977,4.0672434355858637e-07,0.24634102028998797,0.29421549389962454,-1.5,-128.0941301716686,15.714204802574992,1960.2954481019226,100.0,1
4978,8.18697974134407e-07,0.07889786454748966,0.4517876424504773,-1.5,-152.75258598457216,13.564808667428286,1958.5443394794445,100.0,1
4979,6.853460976610895e-07,-0.10951017380032446,-0.14605758840432967,-1.5,-73.24658135638401,-130.78147066554112,1958.8119949388436,100.0,1
4980,6.972182855075518e-07,0.0702285349204722,-0.33272060486442023,-1.5,-32.11750812838772,-98.31771689104258,1961.8143078495189,100.0,1
4981,8.503088431279349e-07,-0.0004905132668624664,-0.4438027763843056,-1.5,-100.77105966989512,-2.2685625600205577,1961.951409546895,100.0,1
4982,3.311839830787338e-07,-0.10704292847871301,-0.07235819718047107,-1.5,-71.76276204861256,36.017351508518516,1962.897384643323,100.0,1
4983,1.2410251232131211e-07,-0.07508465628698868,-0.11605734138542186,-1.5,-66.69522669192159,-99.49106149026726,1960.8841275522082,100.0,1
4984,1.0146093242710097e-07,-0.006031229328208708,-0.327693570593481,-1.5,-146.32688692993767,-58.7023077551243,1958.202177378972,100.0,1
4985,8.066976724716428e-07,0.40067347567068134,0.2809492445396706,-1.5,86.22004718611849,44.37955521008914,1962.1441957228092,100.0,1
4986,8.562795645379032e-07,-0.4582907230674953,-0.011221986260599746,-1.5,29.694497824639374,-87.3198194447808,1962.3727403827247,100.0,1
4987,5.600653022601832e-07,-0.017771136879016713,0.18945250109973677,-1.5,114.15965212870461,-112.88657579924435,1957.9676915353598,100.0,1
4988,8.02497739402386e-07,0.3270913661980232,-0.06584152933751108,-1.5,-117.92782122501198,-64.18505332459065,1959.9455589829458,100.0,1
4989,1.0497393006644752e-07,-0.3208217023082674,-0.2372453414748686,-1.5,-62.32792414837677,-102.07622603051833,1960.8949385973874,100.0,1
4990,2.926143787784962e-07,-0.46167302587652276,0.18721917045439496,-1.5,-53.30473328769112,94.03557904740353,1961.5629486581558,100.0,1
4991,7.833908299833065e-07,0.42989319233101136,0.053250284274254905,-1.5,28.420244416897265,-152.93828946120283,1958.3706124199516,100.0,1
4992,8.703505441482182e-07,-0.322187612289751,-0.12643090019098951,-1.5,-38.92082630018477,-51.43829114849368,1963.4797064777536,100.0,1
4993,1.5966409467824722e-07,0.4798216968058333,0.07451631862025894,-1.5,-133.06970962281486,36.88160022754518,1959.6799448409138,100.0,1
4994,7.710013210330959e-07,0.37124789162941557,0.09871727908199969,-1.5,47.376454338896544,110.44549941859597,1960.8596455377888,100.0,1
4995,4.997236252834376e-08,-0.3223534733213676,-0.09553083107009913,-1.5,79.12689921510093,40.10457915265076,1962.5350551818744,100.0,1
4996,6.867148729362918e-07,-0.3694176029984088,-0.14793394846748975,-1.5,-106.52097095643789,16.104316982417124,1961.5828353620855,100.0,1
4997,8.138671737681284e-07,0.334914698008577,-0.33806418015043727,-1.5,-126.29285699626837,73.0967728954269,1959.112110709881,100.0,1
4998,6.269504779689086e-07,-0.32772486272688567,-0.017180419801436725,-1.5,-57.9246030759253,82.68566347971256,1961.9431968534532,100.0,1
4999,8.425624921014039e-07,-0.1421233102598906,0.15641018124713826,-1.5,-1.246646300010497,87.07013976548203,1962.608092029673,100.0,1
5000,8.337669247938512e-07,-0.054463576652985665,0.14980332254647938,-1.5,49.84146543076978,101.9720692116231,1961.25745675843,100.0,1
