particle_id,birth_time_s,x_mm,y_mm,z_mm,vx_m_s,vy_m_s,vz_m_s,mass_amu,charge_state
1,5.504505312287704e-07,0.07867142589551628,0.39795304146922866,-1.5,-7.095207662897429,-62.51718082808902,1963.5311422016355,100.0,1
2,6.602817347490555e-08,0.17312625738025142,0.0875932389586996,-1.5,-60.96759936945488,-48.26915892023867,1962.9993189989623,100.0,1
3,7.683382894923248e-08,-0.33862870163087566,-0.2765998636679787,-1.5,31.655415575681467,-17.75952106081002,1964.203609695938,100.0,1
4,8.247865112213395e-07,-0.31862649392304243,0.1448847032298385,-1.5,-105.68471566692635,-29.698037109747943,1961.4693608956425,100.0,1
5,5.441136216547928e-07,-0.28508441315535427,-0.18490244130321,-1.5,-56.5756821623838,-140.54117323860362,1958.6885043514983,100.0,1
6,1.839295612679447e-07,0.21532686225031833,0.10442689548289523,-1.5,103.51411589833789,109.56464874682663,1958.7479934440014,100.0,1
7,4.38634350086509e-07,-0.411760775405459,-0.19999273937328854,-1.5,85.35090918922735,24.896298063180843,1962.5260973830266,100.0,1
8,6.806657896979205e-07,-0.19347476346737344,0.04259511684975648,-1.5,59.71868110745751,42.03148544376428,1963.1811734081773,100.0,1
9,5.579707493599855e-07,0.4300170648283039,-0.06814235790462424,-1.5,145.19942509907045,75.27253528517612,1957.7191981100796,100.0,1
10,4.3515200328111567e-07,-0.3128716111267249,0.2930177395873592,-1.5,67.01436075767133,-45.26921548058808,1962.8736739403644,100.0,1
11,2.1912458429513494e-07,0.3534033575532751,-0.22593563247805584,-1.5,-41.30589221918481,-17.46249641579495,1964.0270290281233,100.0,1
12,3.076856699586248e-07,0.3111077269170125,0.09409790075286363,-1.5,-43.32049606655004,-10.461434594297478,1964.033395661313,100.0,1
13,5.834694044558778e-07,0.05194522718571982,0.2088618806685388,-1.5,-55.190736861945176,-157.77047472677756,1957.4155782907355,100.0,1
14,2.582325513899794e-07,-0.17826128501973898,0.30894273487733387,-1.5,-49.602812454777165,-79.27894325645143,1962.3118244608445,100.0,1
15,7.041993468585737e-07,-0.060914261198948376,-0.16093431610744,-1.5,-109.3187300131355,99.38158149072115,1958.9757534984576,100.0,1
16,5.6804972785548575e-08,0.21747632559959024,-0.19604186370536664,-1.5,118.37291616433195,-37.40733436601771,1960.6126160770548,100.0,1
17,5.775153229410677e-07,-0.05775336305098371,0.020776777667939245,-1.5,-22.961760524984797,-137.72543931893114,1959.5708068819897,100.0,1
18,4.570956762130738e-07,-0.23964071003402054,0.24161860949969863,-1.5,34.60384313292606,7.667779575662903,1964.21919995273,100.0,1
19,9.085045332722804e-07,0.3114949904897612,-0.37752729442553373,-1.5,39.95946860342572,33.49957615400803,1963.846813153349,100.0,1
20,5.214251188361277e-07,-0.17477366092992327,0.043429751710652914,-1.5,-1.3395497938640704,-103.2152500032615,1961.8251971160032,100.0,1
21,1.525529340720543e-07,-0.29964687723888894,0.17767096978563776,-1.5,-22.93436603580595,-99.51747821427638,1961.882660265526,100.0,1
22,6.103122495562816e-07,0.017929377730354468,-0.48340226446963075,-1.5,-151.25393711634217,25.835577283413283,1958.5372234704578,100.0,1
23,6.574487262837305e-07,0.054469390659745286,-0.18426617464381762,-1.5,-40.979078144758915,17.31642766458467,1964.0351684105542,100.0,1
24,1.636163878950184e-07,-0.4763820265622643,0.0015272759687540174,-1.5,-77.09958087232225,131.68185428434444,1958.6037961128536,100.0,1
25,6.649352178951548e-07,0.2366344234075028,-0.30827572361707495,-1.5,78.0694112889991,108.73748111454698,1959.9731155013285,100.0,1
26,8.608247296566186e-07,-0.2158459718505732,0.22120748819340566,-1.5,-90.02631056385562,114.82613200934907,1959.1129393376389,100.0,1
27,5.536299068985075e-07,0.1578449559725491,-0.13410120984914883,-1.5,0.8341624724187054,-94.46662812670928,1962.266201770155,100.0,1
28,7.165686225827997e-07,0.4432033712444098,0.13039134669763916,-1.5,-94.14497089013308,-115.84682031185821,1958.8592407178876,100.0,1
29,2.2551613231857705e-07,0.1906533793061134,0.1072717226904189,-1.5,-158.6739246906667,17.59220498928325,1958.0414669288818,100.0,1
30,4.3298408945090715e-08,0.20886015307046404,-0.18002262926062543,-1.5,124.62146082907248,-70.46311067457125,1959.3156274069327,100.0,1
31,3.2651122325233405e-07,0.011982492900917747,-0.2308938524868481,-1.5,47.589102223948366,9.828280915890616,1963.9378728742638,100.0,1
32,5.5000434843737e-07,0.0506263183214807,-0.10500559391769158,-1.5,-51.831402991260475,123.74462076220954,1959.9525659470705,100.0,1
33,7.825893455155933e-07,0.2534201465068224,-0.21295091959978166,-1.5,-55.30502640988023,132.66647589121055,1959.273907980847,100.0,1
34,8.837116788648625e-07,-0.23241847091670198,0.36051942952345783,-1.5,75.21916352113863,-24.039581371759745,1962.951212392397,100.0,1
35,5.540825721571933e-07,-0.0021778972558075043,0.21232500560060397,-1.5,85.4131421153041,27.835282802309095,1962.4839052719483,100.0,1
36,9.721573985484657e-08,0.049542595147439916,0.20812895876699264,-1.5,-94.54439982158686,-60.54371065042564,1961.3284023409199,100.0,1
37,2.4241124818600334e-07,-0.14744391813500077,-0.144711464749174,-1.5,120.78496497819081,-32.92197105258051,1960.5459500668078,100.0,1
38,3.341062397666773e-07,-0.2530127151032486,-0.3151286838293713,-1.5,4.432264905145304,148.6582057876313,1958.901319399715,100.0,1
39,6.696216335855561e-07,-0.05623491983817665,0.09374894683855242,-1.5,99.95666859813122,-45.301309568065804,1961.471320723378,100.0,1
40,4.61665632709877e-07,-0.3411359960760253,-0.3271256863425413,-1.5,-134.28559815797658,59.822925976792206,1959.0308527231164,100.0,1
41,6.256087521527524e-07,0.22568475154588144,0.30687094409756793,-1.5,-109.60902244100885,63.87373053096171,1960.4385466047427,100.0,1
42,5.713681159958437e-07,0.26321371728297255,0.3983744682046763,-1.5,-124.73876530101182,95.18669775600331,1958.262755420635,100.0,1
43,1.0546480953793382e-07,-0.11334270388021571,0.40337927788067246,-1.5,67.58230413330527,99.38111206798705,1960.8593302423035,100.0,1
44,4.790773890661079e-07,0.33652766614909974,0.24854897639073834,-1.5,132.82611368884858,105.21176278727273,1957.2176666788093,100.0,1
45,4.498670078253344e-07,0.07793699642762258,-0.3718216079812855,-1.5,-47.61581907523565,93.24757959220616,1961.7469023653691,100.0,1
46,4.69528754432509e-07,-0.150982980746618,-0.3332300321658623,-1.5,-53.36065423391969,-40.41656699738123,1963.3981837513259,100.0,1
47,7.559981093217993e-09,0.374956878683643,-0.045989129959663,-1.5,28.6722465450598,156.7247714006235,1958.0675510751955,100.0,1
48,5.692659507090691e-07,-0.14348732472500617,-0.20035110208280313,-1.5,93.15534189822577,108.04911020491704,1959.3521271904858,100.0,1
49,2.9882526188278933e-07,-0.3627048300765159,-0.28213027131466867,-1.5,49.82545836750283,50.83337078126579,1963.2490107929798,100.0,1
50,5.912730497623194e-07,-0.4536834699998645,0.16430024434139986,-1.5,-79.79429896012208,41.94603092124587,1962.4695377532737,100.0,1
51,3.019335931403362e-07,0.3000690877736686,0.25417962408746786,-1.5,-142.564744666794,-92.70746408492904,1957.1647620849822,100.0,1
52,2.0858247245887928e-07,-0.27981334009176645,-0.1759735737300423,-1.5,-43.31846700517856,134.89434256554435,1959.4234644471985,100.0,1
53,6.258737000995145e-07,-0.39752771882247806,0.21063887034237558,-1.5,1.0423927509500257,14.108858514558104,1964.4880095828787,100.0,1
54,2.1937660441212633e-07,-0.21485974541841785,-0.40935160051785907,-1.5,60.136800584191334,-130.33990823708174,1959.2877174632565,100.0,1
55,2.71027302052854e-07,-0.31817648070140314,0.15620791233621098,-1.5,-133.44590847729475,-48.56063703769033,1959.3997397946378,100.0,1
56,1.6710561296034715e-07,-0.01142736095831566,0.09835745438478073,-1.5,13.914652824503955,76.59923607166024,1962.995727386115,100.0,1
57,4.948278457602468e-07,0.2540340249547161,0.23034236318781517,-1.5,-11.853953555600516,-17.656957263171495,1964.4238345915678,100.0,1
58,6.178634426525923e-07,-0.24115797961360577,0.2902320487110427,-1.5,-63.189758917046724,-155.0128345684987,1957.394023121859,100.0,1
59,3.718789679522346e-07,-0.2818848578291497,0.0016892602227598279,-1.5,-89.90881780963784,-8.680441084866883,1962.4612966091272,100.0,1
60,5.525884685696303e-07,0.1937310210345759,0.4585473342029024,-1.5,58.595944295206024,76.52452756710507,1962.173233498744,100.0,1
61,7.410460041358729e-07,-0.326237795520298,0.21989950314325124,-1.5,-42.39368541238929,-91.31693522885479,1961.9575120383458,100.0,1
62,4.15301192173493e-07,-0.41880992072357814,0.1613930319784581,-1.5,4.668773397862397,120.01333457964617,1960.864168764416,100.0,1
63,6.744045975506673e-07,0.14599898064366632,-0.4524032478390336,-1.5,-2.4191958061665475,-154.84368938786739,1958.425608904902,100.0,1
64,8.37612223447521e-07,-0.3859300344126404,-0.05647908269649258,-1.5,-134.51875010557674,-71.13919123873015,1958.6365685358944,100.0,1
65,8.076761845947825e-08,-0.4046781446893549,-0.13623713711730995,-1.5,-62.116972536774504,-95.11363212324662,1961.2516832302072,100.0,1
66,7.146611905574286e-07,-0.14966653774295632,-0.15993121232655166,-1.5,-84.07639524503304,85.26099742637473,1960.8862813397905,100.0,1
67,3.3621972150804615e-07,-0.25475736675459176,0.2936922854366571,-1.5,-8.43348862397157,-87.81923795058331,1962.5569912696903,100.0,1
68,1.5703685269697616e-07,-0.24450044034438012,-0.2948586583641415,-1.5,-20.702976230145964,-158.55740830470373,1958.0204854171063,100.0,1
69,2.1968467988869463e-08,-0.05858061405111216,0.2166204612202523,-1.5,13.717567145734169,-95.75662940588988,1962.1559016914423,100.0,1
70,5.196585608917642e-07,-0.13345554404393786,-0.06773146154061978,-1.5,-44.774585035792704,-64.44294802541977,1962.9711228774602,100.0,1
71,7.614119931000182e-07,-0.2136731036443429,0.15578697564167596,-1.5,135.82711356506977,68.18312877481901,1958.651409117301,100.0,1
72,4.0624113506195983e-07,0.3427086319567034,0.3199129357629553,-1.5,140.62571981635895,46.028076908105966,1958.9586798420235,100.0,1
73,2.3811650780358084e-07,-0.04654475468702626,0.33883657189190103,-1.5,-89.79696020679056,-27.260416990803677,1962.2962727043127,100.0,1
74,2.2468754895949643e-07,-0.3664723870503531,-0.33108087290860555,-1.5,4.3145852204925905,-126.37148614600163,1960.465485059545,100.0,1
75,1.2684032653440334e-07,0.18086956104542765,-0.10030585653638031,-1.5,128.39370914295782,83.19416944864905,1958.5727129438912,100.0,1
76,6.619504815254449e-08,0.11315085833446323,-0.0004348049523362417,-1.5,-89.52918014946214,-48.37872973023841,1961.9014528455768,100.0,1
77,2.00130248855324e-07,0.16198181226417802,-0.29188766421489515,-1.5,5.143808256006548,-130.97291631849714,1960.1614532210822,100.0,1
78,3.801284777410375e-07,-0.3978397373925587,-0.025301359263066377,-1.5,-1.5742307047326718,36.793050011686006,1964.1937479624196,100.0,1
79,1.8263341343562304e-07,-0.1256140464051016,0.4306962480397456,-1.5,-113.34453308191846,13.434743431715207,1961.2204900916922,100.0,1
80,7.09859273588421e-07,-0.40508694977023024,0.1095572431078152,-1.5,-16.343828045156084,143.50515142535178,1959.222406227876,100.0,1
81,1.7412041637922547e-07,-0.07866083461012678,-0.23884203500470516,-1.5,9.030265252726933,46.49276492788883,1963.9679639405927,100.0,1
82,4.50488607109455e-07,-0.18920894893090295,0.2465916113239921,-1.5,-149.28651638453437,42.713703034313035,1958.3928007080187,100.0,1
83,6.402504268210405e-07,0.4266709702341398,-0.1885952625224892,-1.5,113.67843156929494,101.72122990327307,1958.6074879487828,100.0,1
84,7.959879190610727e-09,-0.09766270560786917,-0.07641779331075021,-1.5,51.81942714893766,131.08629230821123,1959.475546467721,100.0,1
85,2.3149570491070945e-07,0.004435295604813365,0.15433546572560497,-1.5,25.483177003309027,-13.182236742611355,1964.3294333157082,100.0,1
86,4.622433401686205e-07,-0.2384499729893759,0.28359193516487524,-1.5,-5.800306592231574,-140.6741793928348,1959.4872844603303,100.0,1
87,2.698444110337579e-07,0.0579431613853845,0.09981607419788058,-1.5,-146.50610047603246,-6.183390309774854,1959.0587062346333,100.0,1
88,5.519499664920211e-07,0.09785279452240046,0.39673255720010453,-1.5,-115.99039038347709,-50.657670169099546,1960.457425209193,100.0,1
89,4.861264569434227e-07,-0.4235990570053478,-0.2604752410443229,-1.5,-24.715408225929455,163.05643301788118,1957.6044121614157,100.0,1
90,5.348076269489839e-07,0.011488914468156747,0.26584711763531155,-1.5,130.86931298160016,77.27857195509229,1958.651202103743,100.0,1
91,6.422710307123013e-07,-0.25097947760909617,0.12331571224863203,-1.5,69.55434692211652,-143.52697339993367,1958.0540051278012,100.0,1
92,5.573850708861989e-07,-0.09700774215457388,-0.26246811919905516,-1.5,-15.442026890264138,-78.89061986738992,1962.8935529387707,100.0,1
93,1.6307452061223285e-07,0.18807150398512204,-0.15009951950379197,-1.5,-0.5678495290125818,-30.293357799581713,1964.305291009081,100.0,1
94,6.97607093586328e-07,-0.36100071952332113,-0.2837009150017831,-1.5,1.0353314671169633,66.516627433984,1963.4122727103681,100.0,1
95,7.630378402037124e-08,0.1811623664499734,-0.10725708212233553,-1.5,78.35934784605647,-49.436904301744946,1962.352947704447,100.0,1
96,4.467705318533728e-07,0.04767260248950741,-0.3640271836714244,-1.5,-65.03917221578864,129.68355130097393,1959.174665226555,100.0,1
97,7.382488990331969e-07,0.17465134326769852,0.13569988717892228,-1.5,162.29961997239397,13.935823934014476,1957.7737132861469,100.0,1
98,6.129104417926978e-07,0.17513391508681578,0.4598883879588558,-1.5,-97.39275586601457,74.31527063670184,1960.7154760242872,100.0,1
99,4.468929063466786e-07,-0.11121468130948452,0.2782716116486654,-1.5,-167.18822888895824,-36.52981938894159,1957.0710142155076,100.0,1
100,8.365630615715499e-07,0.09840792132108302,-0.11677186227688484,-1.5,-7.045221251423316,-107.06286061926893,1961.606789088901,100.0,1
101,5.694830517413956e-07,0.0057614786358589215,-0.390487202005113,-1.5,102.80707435897435,43.393629705558716,1961.3671213286043,100.0,1
102,6.462212037504205e-07,0.2302890207273014,-0.42003833269917024,-1.5,-67.63987591599556,97.94724992762791,1960.9294912576063,100.0,1
103,7.657725115220113e-07,-0.2084673285451215,0.27840069300723863,-1.5,118.61832806156812,-76.02598705957661,1959.4802953348692,100.0,1
104,1.6441760613406913e-07,-0.28989225286847337,0.013985624940513175,-1.5,-98.28456854569836,28.50078933019691,1961.871844657411,100.0,1
105,7.180765174071603e-07,-0.12047187086580931,0.47594591882278076,-1.5,-104.6764079360485,-114.71263446937532,1958.3914693903344,100.0,1
106,1.0135688245996917e-07,0.020218173752876965,-0.4531682887200374,-1.5,-63.39140298016356,-145.324642124425,1958.130630138282,100.0,1
107,5.526229994060334e-07,-0.01852449996162836,0.4878922497489802,-1.5,57.91361969926898,33.676977922512506,1963.3963329082253,100.0,1
108,3.531766890768526e-07,0.4181272650421036,0.24626873929490178,-1.5,-8.903189322236738,130.43075055216477,1960.1841339007983,100.0,1
109,2.377562301698266e-07,-0.0033662595908118126,-0.2158206128415327,-1.5,52.66301162707237,-54.272226330908794,1963.082886411469,100.0,1
110,3.4055195201145374e-07,0.38270413239461065,0.1831018256776656,-1.5,22.95042868930582,-81.227270055349,1962.7248137954705,100.0,1
111,7.168428015978249e-08,-0.4136731607016849,-0.07600197625397884,-1.5,5.313575995192528,129.49991819461175,1960.2588664163372,100.0,1
112,7.852606625522723e-07,-0.13027998213138736,0.15488295150429957,-1.5,-99.89989384197783,70.59396621849376,1960.7268523203415,100.0,1
113,5.780440528693298e-07,-0.43042838124185917,-0.08607512324031323,-1.5,128.7260359463504,-77.25325564864076,1958.7942281994185,100.0,1
114,6.092029778555118e-07,0.2558648043004197,0.35275125581607086,-1.5,-131.38827813792784,88.65872691820017,1958.134325518892,100.0,1
115,5.864904552544889e-07,-0.15832713279612037,0.2032658996793478,-1.5,37.7735102636978,41.392202942128414,1963.7395788963686,100.0,1
116,7.022497692844576e-09,0.1360221332597875,-0.049360629376840076,-1.5,109.90803634089616,128.51565565058323,1957.247362002698,100.0,1
117,4.919702145056453e-07,-0.2453136773081755,-0.20857823927614635,-1.5,-87.6415229172951,-86.83810948968285,1960.6609580616243,100.0,1
118,2.620496291228019e-08,0.2652078172176252,-0.18455184766272417,-1.5,-98.14837476203104,57.580853830625955,1961.2405839340158,100.0,1
119,3.6483573323192954e-07,-0.2858162038875149,0.36844291406266366,-1.5,-116.00577103262292,-65.79713684150649,1960.0068071659134,100.0,1
120,1.9481507881379427e-07,0.0868433392890494,-0.08523573612303385,-1.5,-155.95904588017663,-39.029201580782484,1957.9496376817874,100.0,1
121,5.086017049638102e-07,-0.101976409877438,0.35267462604169936,-1.5,-40.51524719221551,141.46072441720446,1959.0203328343596,100.0,1
122,5.087983152589647e-07,-0.25791860497972824,-0.17078016819374517,-1.5,-83.12614874605958,115.40129895225327,1959.3840536915961,100.0,1
123,3.944505342888524e-07,-0.38083755749549253,-0.2582751312025447,-1.5,56.89207611779249,-29.433513454701238,1963.4943967902864,100.0,1
124,5.100053405213748e-07,0.3338297361677104,-0.3120089194781851,-1.5,72.85622758535457,0.8042916432995825,1963.187359750239,100.0,1
125,4.135619302815549e-07,0.24447198291325725,-0.42239499578392803,-1.5,-125.4738510143008,28.523940598865586,1960.3203778440106,100.0,1
126,1.0979106245274378e-07,-0.3905186729594774,-0.17135541550802816,-1.5,-40.722553985183936,24.377878328844233,1963.9655493188366,100.0,1
127,4.350032745558428e-07,0.4207065776476543,-0.0368652059042463,-1.5,-61.614968094088134,-77.78474334327879,1962.0311964074158,100.0,1
128,6.535411138141854e-07,0.0937737893154479,-0.16834646147660787,-1.5,44.9286472347275,141.05108295216272,1958.9536224530204,100.0,1
129,4.770919497028808e-07,0.06979720728957362,-0.12257404222856458,-1.5,-136.59172433150002,-46.91231422594777,1959.223116922686,100.0,1
130,4.479405604594094e-07,-0.030694088554345966,-0.26160187153329406,-1.5,-21.772298023878072,-109.4926421515032,1961.364477760208,100.0,1
131,1.1003429599256306e-07,-0.3037850871466597,0.22587340926402627,-1.5,94.406395475603,-50.5037520984047,1961.6192519914302,100.0,1
132,5.681437241679374e-07,-0.009160266660168179,0.04496064334939169,-1.5,9.600266542024645,-51.039334027224214,1963.8523639852642,100.0,1
133,8.982305005802652e-07,0.044404300521736335,-0.20050854182460248,-1.5,-105.03496992080152,-101.56719654973394,1959.0980184628065,100.0,1
134,5.26489753499612e-07,-0.23752268840533247,-0.2766875556450619,-1.5,50.391151816275745,95.45540738415427,1961.5713811344938,100.0,1
135,6.637655439321327e-07,-0.03922095706830874,0.2534904006898744,-1.5,-119.58441320206575,-27.65985455151871,1960.7008407279877,100.0,1
136,4.2210517617013915e-07,0.3589355227697597,0.18877140726130834,-1.5,-138.61467492719578,80.44654175213563,1957.9907078638246,100.0,1
137,7.39270819911904e-07,0.3548472558496906,0.1453169962673612,-1.5,-64.45137838219958,137.92559902107976,1958.6311125950804,100.0,1
138,5.5126744931326105e-08,0.30690460985182333,0.19722004413064545,-1.5,104.00369809753111,115.7461771411764,1958.3664977540268,100.0,1
139,8.443621825285008e-07,-0.45195383655894594,0.02956454254264904,-1.5,-147.23293243735566,-66.26016717887613,1957.89308699874,100.0,1
140,6.315339255396533e-08,-0.12507651226134453,-0.1518134867077162,-1.5,-80.48905605080571,-135.06997446710687,1958.2366813333972,100.0,1
141,7.943051215813856e-08,0.04958123857046544,0.35424699696458856,-1.5,-10.309966071279051,0.48155243944719983,1964.5118373206583,100.0,1
142,8.451663139914065e-07,-0.0010726475061075067,0.33792745206748714,-1.5,-5.761671043960798,92.66048528841222,1962.344038103163,100.0,1
143,3.118011250256755e-07,0.06819581107383822,0.2559495931889756,-1.5,117.37859369835378,-68.69002451717913,1959.8258168876532,100.0,1
144,5.359236780304206e-07,-0.3311184007768301,0.12482559871083541,-1.5,-79.4458372509569,-79.16622465186428,1961.3348398690102,100.0,1
145,8.614825161436571e-07,-0.2834789662419859,-0.21296154434542328,-1.5,104.28429971500671,-106.93192034460856,1958.8526324127847,100.0,1
146,8.844528619126755e-07,-0.1829498970452576,-0.23036019616328116,-1.5,-17.532655445652733,-17.689482448819106,1964.3810665117521,100.0,1
147,3.002429900713159e-08,0.17236459436462118,-0.1680693006599531,-1.5,12.123642229902027,-95.90341954631673,1962.1592284227434,100.0,1
148,1.3373119496548372e-09,0.1728621773446488,-0.16673112015882086,-1.5,-76.36545563394264,117.15260150368134,1959.5552738856006,100.0,1
149,8.698924346198001e-07,-0.20081274205061214,0.04383892773024814,-1.5,78.87541043191493,139.37566203808476,1958.00060794852,100.0,1
150,8.017868847008109e-07,0.3298472807930266,-0.2234049810934692,-1.5,129.16725185581748,-56.623055124343985,1959.4700653346385,100.0,1
151,7.041747229787058e-07,0.13647802456631958,-0.08281903191089375,-1.5,40.68837862390565,-140.7824871794054,1959.0656021212433,100.0,1
152,6.602626932753653e-07,0.021143906949876574,0.37885859338717615,-1.5,38.32533058680111,59.700760595078286,1963.2575670262709,100.0,1
153,5.028109131606982e-07,-0.29205567696677925,0.35449549812628967,-1.5,37.211602211600756,-110.94566673596535,1961.05064747433,100.0,1
154,9.001631244241828e-07,0.12041830603499534,0.47499335451598207,-1.5,-41.589538258932905,1.8503270813716393,1964.0978012469827,100.0,1
155,8.59560166964444e-07,-0.12148202159949681,-0.31568916695511084,-1.5,170.2719597002792,3.6129835540047757,1957.1427368375041,100.0,1
156,1.8158560920128352e-07,0.07384765537203102,0.2809746507160509,-1.5,-40.6630858104731,-89.89014704069174,1962.0600299642986,100.0,1
157,4.900923412562953e-07,0.12706939260460587,0.22291741257467768,-1.5,-59.58711559123357,-113.35177691411242,1960.3606904322637,100.0,1
158,9.079348939091438e-07,0.23094280533880304,-0.35964057912377695,-1.5,9.975113771150053,-52.250969544005876,1963.8186320414354,100.0,1
159,3.2769335341873633e-07,-0.02413838608376528,-0.3496413811414823,-1.5,-64.03759499795528,-127.47006586593284,1959.3529174197138,100.0,1
160,7.510669699261478e-07,0.1467766534719757,0.45072099531326426,-1.5,-69.21281115713907,-56.26047142198816,1962.5130910119385,100.0,1
161,2.0823939211527476e-07,-0.12148272821919517,-0.036986666467785256,-1.5,-49.31269656176546,39.91430693569788,1963.5142964403854,100.0,1
162,4.57319958645176e-07,-0.11241587092647155,0.287212470561054,-1.5,-100.79019983816379,-115.96149342880365,1958.5217777508822,100.0,1
163,4.319954451698769e-08,0.36911535863247374,0.19842447977608524,-1.5,-56.54958951062935,-7.279796089106272,1963.7113929397087,100.0,1
164,6.891767893665619e-07,-0.1808099054951073,-0.45791940247640944,-1.5,4.830458338001005,-45.65331279656191,1964.002476568977,100.0,1
165,5.829241089278615e-08,-0.24312174261901148,-0.03690192744194265,-1.5,18.11505789054792,-92.25743285580272,1962.287873128357,100.0,1
166,7.169139697537506e-07,0.11140411400254897,0.34778871833853325,-1.5,99.26472686899427,21.12672916259179,1961.9157631204878,100.0,1
167,1.903863411219756e-07,-0.15626629040794507,0.2921879136493004,-1.5,-97.12084811310876,-117.8965612342613,1958.5916440077697,100.0,1
168,2.174062595590078e-07,0.06037113425153347,-0.1247590319356845,-1.5,75.60533133387646,61.542307139256586,1962.1186673012423,100.0,1
169,7.03760590638077e-07,0.11204979063330472,0.06858057746928575,-1.5,2.21207997640826,-78.38561838016719,1962.9732774033039,100.0,1
170,3.6733954121550316e-07,0.22921316904099187,-0.05594827874655264,-1.5,83.26568967342261,0.8641576775534388,1962.773385905986,100.0,1
171,7.105370143612283e-07,-0.2379589869341379,-0.38995862306990225,-1.5,-26.82716652173748,151.9510044972818,1958.4699338092514,100.0,1
172,6.717666821026293e-07,0.11409964778727705,0.33481743624710386,-1.5,-77.45488570682933,-101.73322472022866,1960.3735302065004,100.0,1
173,2.484751490626035e-07,0.010994026888344763,0.2909094508551742,-1.5,-25.26337990428108,-145.65373677405034,1958.969126062404,100.0,1
174,2.8630386037493044e-07,-0.332996706803891,-0.27618315256755166,-1.5,141.48387229850965,86.15079037816248,1957.5427559731022,100.0,1
175,5.285888025651703e-07,0.4641865768168697,0.09753583789274349,-1.5,-5.0920002518618785,123.03679178697438,1960.6757268009248,100.0,1
176,8.24139508377166e-07,-0.09340038901456763,-0.18532581834536127,-1.5,19.597542419241456,-134.22124556300534,1959.8504738466077,100.0,1
177,5.504382654059425e-07,-0.48121738808150993,0.09876496251307997,-1.5,-23.047880520436326,87.7814031684928,1962.4414658092144,100.0,1
178,3.426384984740351e-07,-0.31701778270523256,0.3557744598949399,-1.5,-70.27814909253968,42.100435090223684,1962.830054128852,100.0,1
179,1.502122716215099e-07,-0.12619110255741275,-0.1531002923806675,-1.5,-161.2158923135048,-22.831703407358948,1957.7797209214345,100.0,1
180,8.63507374609174e-07,-0.021887699179316863,0.3301619354713675,-1.5,-134.8038950836237,24.69884932619026,1959.752832113881,100.0,1
181,8.661007675926326e-07,0.16511565725976382,0.4221722196825375,-1.5,-91.22277174799689,-121.64935770056859,1958.645737736098,100.0,1
182,1.8676905574555934e-07,-0.21435387232447187,0.06447766578272349,-1.5,-7.780872818261184,78.39310249550155,1962.958803889029,100.0,1
183,6.529180863711474e-07,-0.260743592557255,-0.3948108710344361,-1.5,-65.14292056907583,-118.09730809681517,1959.9037506944437,100.0,1
184,3.6009333568723316e-07,0.43475025671606193,-0.06708640536892543,-1.5,134.32916523138414,-88.5595388919885,1957.9392660921862,100.0,1
185,4.640304560591995e-07,-0.06811299472704824,-0.381658227907542,-1.5,-87.42300679615454,140.74455187642982,1957.5396484531173,100.0,1
186,1.4987993836950648e-07,-0.1384909151502245,0.06349792385374582,-1.5,17.09859982004069,-82.14316991397999,1962.7463982355969,100.0,1
187,2.789056831748018e-07,0.4684771149444549,-0.01403274259529969,-1.5,-36.50210937232145,-162.02291567197062,1957.5059277240148,100.0,1
188,6.074060763512672e-07,0.3321730513836037,0.16795534630771422,-1.5,54.80912144273559,1.418232485572488,1963.773722985778,100.0,1
189,6.612326795591985e-07,-0.25602512303389674,0.22890264780752048,-1.5,-69.67836896410526,107.21423722582327,1960.3732599943098,100.0,1
190,3.027657295238922e-07,-0.26748373232327644,0.01818494184200028,-1.5,-30.86503399654848,-167.36529938469675,1957.1534156791067,100.0,1
191,6.538421259580836e-07,0.34889821967068313,0.1886563867311853,-1.5,36.53576892107059,109.84819299710436,1961.1251358214622,100.0,1
192,5.676306921407587e-07,-0.21196570109949814,0.31019691694678,-1.5,-111.16542053405998,-50.56440090391538,1960.7393444578106,100.0,1
193,2.3902357219600826e-07,0.2693199215983037,-0.2660393233424556,-1.5,-74.85185934142976,94.92429848125343,1960.8161216639116,100.0,1
194,7.612795997143817e-08,-0.13334435662547747,-0.2820710826108154,-1.5,89.05997244513978,51.876603773171745,1961.8334347123264,100.0,1
195,6.57131764217905e-07,0.09627536985903626,0.10609096003034782,-1.5,80.94290396474035,-15.832677660841375,1962.8068827273796,100.0,1
196,7.519234686793741e-07,-0.3341307870957519,-0.13852780751066954,-1.5,53.483877628448646,71.86503694102883,1962.4953955526676,100.0,1
197,3.254273630993368e-08,-0.10807964491799191,-0.04218906164100692,-1.5,-0.2031774333839907,-70.58551546753189,1963.2704678650991,100.0,1
198,6.658565443297399e-07,0.18359593417771933,-0.34998427303678264,-1.5,41.89268323564083,130.65167635422347,1959.7419291384467,100.0,1
199,5.398157008187158e-07,-0.08090790409277156,-0.35239392313297535,-1.5,29.774823000031198,-128.1364565128963,1960.1295351822457,100.0,1
200,6.5469944504875135e-09,0.2251691752141414,0.058570953281195215,-1.5,25.935676731137303,-67.27565213890867,1963.2153762559813,100.0,1
201,8.124688668013586e-07,-0.22825407481823068,-0.4021015389775655,-1.5,67.57340706037537,0.7529885660870418,1963.3763149056788,100.0,1
202,2.076331226207378e-07,-0.12692090570456674,0.38631502637686393,-1.5,-115.97238502103836,-125.70176843039843,1957.0801612586372,100.0,1
203,2.635050886132415e-07,-0.3456546199088413,-0.20374347197895104,-1.5,159.95474221108634,-53.840728826638866,1957.275898443991,100.0,1
204,7.98484331764335e-07,-0.14981271263712442,0.16744002212994544,-1.5,-76.59248824208375,-38.20008426123293,1962.6735924685622,100.0,1
205,1.5710434033755977e-07,-0.17571739327835637,-0.4646558920642791,-1.5,22.522016166352362,-131.39465980468188,1960.0105837542678,100.0,1
206,2.2850789035203353e-09,-0.24956933948433668,0.3717300004054194,-1.5,1.728498401538426,-131.63811145387086,1960.1228803756833,100.0,1
207,4.922802157691274e-07,-0.04721542369291917,0.41810995874199963,-1.5,132.94613937262565,-53.63942421784117,1959.301258730169,100.0,1
208,6.353326821194672e-07,-0.011086940074123116,0.37560052087730844,-1.5,-124.11602968648667,45.91478358796061,1960.076613321292,100.0,1
209,5.8031177011437e-07,-0.03419931509315495,0.1268264273701714,-1.5,-57.26184332071799,-135.4373220046742,1959.0281007106169,100.0,1
210,3.506899408065054e-07,-0.13631293971594816,0.3246353810757626,-1.5,-47.20260852687197,69.2776852436601,1962.7495516090867,100.0,1
211,4.322849609162243e-07,-0.4751309118362568,0.05628207431345007,-1.5,-37.5780794928227,-41.19141721626793,1963.74755031177,100.0,1
212,7.965791929539366e-07,-0.11187779770073872,-0.3985424599241313,-1.5,-64.4526373841578,60.01443635150063,1962.5639890790235,100.0,1
213,7.802193825798629e-07,0.37188152891033166,0.12105037622622193,-1.5,-23.463581156633953,-114.4784927591195,1961.0602798794935,100.0,1
214,3.9017798791671546e-07,-0.1567742094267822,0.23039728940711393,-1.5,-130.37510748876701,-3.7194973053130744,1960.2045257965353,100.0,1
215,7.260750190338783e-09,-0.017588162375173227,-0.13339027774383733,-1.5,-5.716187667692198,-106.04993704051893,1961.6661342640293,100.0,1
216,8.962690082678412e-07,0.13245060681715456,-0.3904853585214146,-1.5,-44.89307552718625,-39.31298935291432,1963.6324469981594,100.0,1
217,8.188700491571334e-07,0.009346564715302944,0.47079124125804084,-1.5,-50.41067359332774,45.952124176017826,1963.354387913122,100.0,1
218,7.414266777687157e-07,0.2774571523953511,-0.13029414032593545,-1.5,-68.75878276256398,-22.706546331600865,1963.2039957204734,100.0,1
219,4.826745704237204e-07,0.12615341079404496,-0.17592334529092232,-1.5,61.729236168865135,126.95436973322069,1959.4604807634628,100.0,1
220,3.057969795851115e-07,-0.08937470970906515,0.07184840345777553,-1.5,18.92429964266118,-161.199863431075,1957.8227093327343,100.0,1
221,4.504179214462235e-07,0.29781379710335687,0.06949029857304302,-1.5,-45.43225205811501,58.93894347215738,1963.128981417534,100.0,1
222,3.4600931220676493e-07,0.33589970998523183,-0.11566270864074164,-1.5,27.54292386296925,156.9571686780769,1958.0651472338125,100.0,1
223,4.572481205922146e-07,0.27980892611461783,0.07820559108496257,-1.5,-87.78038558372015,-111.50307806583479,1959.4067861867654,100.0,1
224,1.4871494102555574e-07,-0.21016131105086064,-0.011971280441560572,-1.5,-41.30303680216974,-47.00722034981872,1963.5421224542226,100.0,1
225,2.49347671902016e-07,0.23573873610169788,0.27645905321937186,-1.5,29.44901850807734,115.82212618136181,1960.9006289615675,100.0,1
226,6.683913980756629e-07,0.061831659633618745,0.3364905322695978,-1.5,24.46810992028319,-144.92630873072312,1959.0331704442237,100.0,1
227,4.650447510867868e-07,0.23921494166686771,-0.2505557039104198,-1.5,89.91415222211812,106.39866842221618,1959.593849463273,100.0,1
228,8.428084146523023e-08,0.43507288404375466,-0.19666233365183028,-1.5,-13.17475277824736,-13.165366453743045,1964.4506573802005,100.0,1
229,4.878377854555468e-07,0.3519807284538546,-0.30580091579590046,-1.5,-51.4428399300287,29.58286619078095,1963.6424762451038,100.0,1
230,1.4913274983642458e-07,0.15405282717126123,-0.3376232011654643,-1.5,59.88364930673948,-67.59370211470564,1962.4623120575507,100.0,1
231,3.7738998220365545e-08,-0.25927159475008776,0.16748505943714256,-1.5,18.55289284983739,102.06498662791849,1961.7981075884634,100.0,1
232,3.017250977511195e-07,-0.02925118044019319,0.34012125332382837,-1.5,-62.556817345039335,54.58944134881919,1962.783718029833,100.0,1
233,1.6259394632092342e-07,-0.1803827005810608,-0.2623796533126609,-1.5,-95.01337618114925,130.95440021669614,1957.865340026396,100.0,1
234,4.0686755051852837e-07,-0.41059084449995753,-0.18558828533913696,-1.5,-104.57920612587628,11.195545151344946,1961.7214725034175,100.0,1
235,9.601246588062112e-08,0.26871205497075773,0.3893432588668115,-1.5,-35.551992992655705,-53.564533806356096,1963.4867411771563,100.0,1
236,6.870522924951879e-07,0.1552716335977385,-0.20215306136029756,-1.5,28.367280537818772,-151.8587128817307,1958.4553900926423,100.0,1
237,5.317835402674682e-07,-0.4326046735932384,0.05951085401606195,-1.5,-16.057858635145397,154.0301634122276,1958.4254237017522,100.0,1
238,8.557604377340018e-07,-0.13641188502663304,-0.406716247190524,-1.5,40.01914998588919,-109.35339135003005,1961.0847992121057,100.0,1
239,4.995092695160724e-07,0.2700626282338391,-0.15969374804540437,-1.5,-111.68315412183627,102.14855958982878,1958.7000360252339,100.0,1
240,1.9432088434219206e-07,-0.07068507862644653,-0.14330881967354542,-1.5,-43.6947049526717,147.0234969895444,1958.5423534757158,100.0,1
241,6.574941943453632e-07,-0.01781309324114088,-0.018495738833875452,-1.5,92.81210253495021,-126.64976423208248,1958.254078792926,100.0,1
242,8.01927985496152e-07,0.095141163985149,0.02059721165977717,-1.5,-20.348189409816257,-44.26577095173727,1963.9347695317995,100.0,1
243,4.501774731709741e-07,0.42238609550061396,0.16710700305639584,-1.5,-40.786458255405634,-56.19392015671366,1963.3114868574808,100.0,1
244,5.140064590559803e-08,0.30878477323324405,-0.021718312626110018,-1.5,17.227418530358904,153.87909108128548,1958.4273608293233,100.0,1
245,6.080729096072772e-07,-0.1682170132039129,-0.4433741773414261,-1.5,-103.1605938716848,42.204027529031904,1961.3745175765137,100.0,1
246,4.384132961973723e-07,0.11840981181011731,0.1517774464077607,-1.5,74.94761078265944,-124.36337532582579,1959.165611371757,100.0,1
247,8.753051302529195e-08,-0.4069318693375324,0.13408849674512682,-1.5,91.32948100689131,-102.50498021362475,1959.7359365987418,100.0,1
248,1.6565550476837166e-07,-0.44070276512819767,-0.09203275467569562,-1.5,-77.62482119895088,107.82074553517334,1960.0414179889672,100.0,1
249,4.090528305571749e-07,-0.1968136646801129,0.0810580752519393,-1.5,85.97378667643166,145.57312863917568,1957.2506887184504,100.0,1
250,6.378137507805768e-07,-0.282020642196336,-0.3013472078424934,-1.5,-84.19111592418007,30.502126035962643,1962.497073264788,100.0,1
251,9.531617333648712e-08,-0.1425054486546921,0.0743427615363922,-1.5,-100.43192321159212,79.8969154238653,1960.3426225973622,100.0,1
252,6.836809946484327e-07,-0.2347315304002013,0.0910188482146479,-1.5,55.58637473766402,-99.31901796052604,1961.239193438937,100.0,1
253,2.9111950436624744e-07,-0.021870114887967737,0.2846777243499271,-1.5,79.6180484572847,87.20316402262128,1960.986960897606,100.0,1
254,5.143931163062835e-07,0.33876598891946674,0.2987663806050499,-1.5,-14.85719098731211,-44.091899597345424,1963.9878957193182,100.0,1
255,4.528262938500539e-07,0.3454595541983055,-0.35775776776467766,-1.5,-124.50206832816215,47.71100012028581,1960.0092300077729,100.0,1
256,6.732364459728121e-07,-0.14295077829393085,0.4069845304848733,-1.5,-58.739509504626945,31.479582638113307,1963.4082591672618,100.0,1
257,3.099099506144685e-07,0.04118728503325532,-0.23835022848784168,-1.5,33.00953461640003,-73.56276908053331,1962.8836378898632,100.0,1
258,5.654944687847469e-07,-0.40649602074465546,0.0748513267445924,-1.5,14.502529532636906,-108.04680827822408,1961.5118786599726,100.0,1
259,2.0694948187931383e-07,-0.193501618670365,-0.11751833204062381,-1.5,-120.81588897413096,-119.71883881474116,1957.1622842448123,100.0,1
260,8.159326769590991e-07,-0.07243022441117317,-0.36799921129629193,-1.5,112.2545446195901,93.72299764162976,1959.0886154514417,100.0,1
261,5.400636693847475e-07,-0.11325673506160597,-0.2390268065219567,-1.5,123.25053404699139,48.67498535216644,1960.0646259560497,100.0,1
262,4.874223731542974e-07,0.16108237813634602,-0.15754893082521731,-1.5,-80.3858087979738,27.33337028879681,1962.7033130044597,100.0,1
263,7.750351339758649e-07,-0.16017932173530097,-0.06126942379465223,-1.5,-130.2417262499593,-64.12412418144558,1959.167801824929,100.0,1
264,7.566753255234738e-07,-0.3303071270920199,0.044183376253652,-1.5,-10.13093398159202,-157.72561704648936,1958.1709016758716,100.0,1
265,1.48130125154343e-07,-0.44015139396841946,-0.08121987911735384,-1.5,-94.86544557943567,56.235039820527206,1961.4411675595907,100.0,1
266,1.9186918025540967e-08,0.041811118284115545,0.09774356791472606,-1.5,-54.11591900305316,-2.797527534391643,1963.7914673957316,100.0,1
267,7.825211978322366e-07,-0.0844173117156172,0.39445050450207464,-1.5,-12.149850148151558,63.5296714139215,1963.473872568094,100.0,1
268,3.4257974592927896e-07,-0.11925407989128527,0.33847772427235984,-1.5,-39.927037814323455,-163.97569297289976,1957.276447012931,100.0,1
269,6.543819287943218e-07,-0.10017513351820677,-0.15826361698167324,-1.5,-33.29681401446889,156.6411998861933,1958.001057951918,100.0,1
270,3.6039732106991024e-09,-0.3177145523821405,0.1747664453056098,-1.5,33.11401910416473,161.22967327732553,1957.6316661874334,100.0,1
271,1.4427413851599896e-07,0.02156534897559322,-0.4249756805937508,-1.5,13.28225420913055,37.46729354738014,1964.1367238314876,100.0,1
272,6.630151163686104e-07,0.21118436471863394,-0.43059121945942785,-1.5,108.47898622158596,105.59669337727586,1958.6972543408167,100.0,1
273,7.866539139625217e-07,-0.19356304530361607,0.04183467658155877,-1.5,-153.9945577295791,-22.775770747633626,1958.3616179660626,100.0,1
274,1.620276172820841e-07,-0.45686064387339786,0.03719935211196549,-1.5,120.30518118376445,97.94317376836997,1958.4042188370233,100.0,1
275,7.0795008613768e-07,-0.16972409445102907,0.11441218934921324,-1.5,-140.95343598121545,-62.41304289594134,1958.4815616256615,100.0,1
276,1.9718839378663598e-07,-0.2995616744969799,-0.2552190759516647,-1.5,43.72990218449963,-155.59698231550234,1957.8790976501523,100.0,1
277,8.157331592955539e-07,-0.03886875681803633,-0.328696393396557,-1.5,-25.739725486758985,29.623753921484827,1964.146935949955,100.0,1
278,6.796527558623044e-08,-0.3806304944435181,0.08713059639110962,-1.5,-101.035820116725,-85.89014994556638,1960.0581449186145,100.0,1
279,5.092467651248242e-07,-0.40292349439156433,0.151900032900875,-1.5,-132.11554867627802,103.4210146663505,1957.361198601188,100.0,1
280,5.075977669105169e-07,0.006950205210293255,-0.09534907885483783,-1.5,64.75475136554945,-66.49874614965886,1962.3450321496066,100.0,1
281,8.170829894640934e-07,0.29418131645940654,-0.11030906514237092,-1.5,93.1376397979927,-73.15504128695231,1960.9658350550872,100.0,1
282,8.595037016154465e-08,0.0647835020207513,0.4031272950918043,-1.5,103.83646272260114,-84.528343363097,1959.970977959541,100.0,1
283,5.214065355550754e-07,0.10589831231640161,-0.29501926779952464,-1.5,-95.6970491769688,20.460807023618415,1962.1000780849315,100.0,1
284,7.637916543300766e-07,-0.3044545854907226,0.017122576371838682,-1.5,39.66920988749441,-102.75908841842814,1961.4484978710113,100.0,1
285,1.971456932693734e-07,-0.017616677235034954,0.3644253478543331,-1.5,-76.90911941898581,12.222087814713891,1962.9948787976439,100.0,1
286,1.900787325329033e-07,0.21423603984757464,0.054274911580756,-1.5,24.10627995923684,-88.05961289074659,1962.4162856311068,100.0,1
287,6.633381314850056e-07,-0.08446372997204424,-0.34225400848875787,-1.5,16.98939219439865,-130.02753300125974,1960.1575159870704,100.0,1
288,5.657109060990635e-08,0.18032111319192246,0.06892831058878873,-1.5,142.469038989419,-77.0446993567973,1957.8508557846237,100.0,1
289,5.423831929763123e-07,0.3524414110047523,0.2395995675061729,-1.5,-111.54557108329469,-74.82552694843244,1959.9418390234753,100.0,1
290,8.858967366346446e-07,-0.37146250839083506,-0.24937647206520047,-1.5,5.942512988959205,21.997598836370138,1964.4068006527928,100.0,1
291,7.603104581363353e-07,0.0025477637953166365,-0.26453058777464816,-1.5,150.77680231896912,-79.94830999368011,1957.112135233378,100.0,1
292,5.720599455342532e-07,-0.37523660529359393,-0.003967951784755978,-1.5,127.22832375489541,48.43197278319472,1959.8164668950453,100.0,1
293,1.383958659041891e-07,-0.10413168146025262,0.1936059595753019,-1.5,65.91758966310636,41.73447401082299,1962.9891470199668,100.0,1
294,7.187908567018026e-07,0.31225284231109063,0.34232902221010786,-1.5,-168.6875379043847,-27.235704469664675,1957.093768122501,100.0,1
295,8.967298091105422e-07,0.231127758442928,-0.11784505892862741,-1.5,-66.13187242318607,49.41115555557058,1962.8037088365709,100.0,1
296,5.272635803291847e-07,-0.3391965086608702,0.21342329494700907,-1.5,123.64803568903581,-100.92431486565829,1958.044619564445,100.0,1
297,4.4928213062784476e-07,-0.04026513822810694,0.08539058496457537,-1.5,-46.42561540474322,106.16932421775533,1961.1185642626422,100.0,1
298,5.614919085322605e-07,-0.3058448364360517,-0.2681836702646027,-1.5,123.19868363299061,115.00903892999088,1957.2961685911587,100.0,1
299,8.866554133057645e-07,0.13773150787195806,-0.05846158376213571,-1.5,-96.50285928099788,-95.00606804264315,1959.865896292856,100.0,1
300,5.402255994069653e-07,-0.2834332612406944,-0.13937865713312428,-1.5,61.26424229674129,21.22698251664766,1963.4687148246533,100.0,1
301,7.160895286205265e-07,-0.14497933067028426,0.08953597396463485,-1.5,-10.93429097829505,61.70552348502184,1963.5391913375124,100.0,1
302,8.263373983030323e-07,0.025078685478371995,0.3862906029659551,-1.5,141.90632411114626,93.74181182205938,1957.1633437604821,100.0,1
303,1.2908660866616198e-07,0.26132692307369076,-0.1456881478520717,-1.5,-56.91357299151513,53.55039630577923,1962.9840769937398,100.0,1
304,1.2677124663386602e-07,0.18426152361100084,0.36332117023581834,-1.5,-11.39139441506858,136.4264566184285,1959.763083725671,100.0,1
305,4.0179539317813626e-08,-0.23137530178263346,0.34665405772647967,-1.5,27.76641604598203,-141.60998493126635,1959.2317179378908,100.0,1
306,3.0984227699321296e-07,-0.44625148106558543,-0.10635126038382893,-1.5,65.80789803863794,144.97458613455402,1958.0768565602787,100.0,1
307,2.0393937936939574e-07,0.11325114978654743,-0.16158804257825013,-1.5,43.10690549024671,-41.186086736017685,1963.6340767119925,100.0,1
308,7.383060765196363e-07,-0.09623182581454647,0.1842167225963063,-1.5,-131.85841700000265,52.384360076871694,1959.408717687997,100.0,1
309,2.1562615096904946e-08,-0.20260819480101855,0.13885937207045007,-1.5,19.728045485556972,-46.64709427889087,1963.88597914512,100.0,1
310,1.9349704648261074e-07,-0.03438908623676558,-0.3243699928855336,-1.5,-30.75292387595934,-87.14507408343772,1962.3642067674907,100.0,1
311,7.317282302934276e-07,0.42608840186127483,0.22511933984955565,-1.5,-129.65413063477428,-26.590902005879357,1960.0755129856568,100.0,1
312,2.820824698928549e-07,0.1807532141346818,-0.40805865716310685,-1.5,43.104052821476294,142.47049964788178,1958.8919019758537,100.0,1
313,2.4183732517355153e-07,0.04698712739475788,0.21185473876231248,-1.5,-58.2893472475228,76.27973330623267,1962.1918969739731,100.0,1
314,8.501284296928553e-07,0.24855520277031154,0.10056352264399214,-1.5,-2.8450405038554596,-26.473667537337178,1964.3585051964892,100.0,1
315,2.352830428141426e-07,0.4511538436743479,-0.046625931917423445,-1.5,32.07447499852014,3.2807960813314123,1964.274357287386,100.0,1
316,3.460897255544839e-07,0.014162483396972252,-0.44290301171338603,-1.5,98.51747793781533,130.0109495666017,1957.7550270142824,100.0,1
317,2.373082802944323e-07,-0.36958743368264896,0.15308089954146178,-1.5,40.88754138395225,-135.70324783774967,1959.419843665975,100.0,1
318,3.3361212520632146e-07,0.30864270197501487,0.36806933169818873,-1.5,-34.162888519192535,118.34298184488087,1960.6736398396902,100.0,1
319,6.844140811592907e-07,-0.4415600241217878,0.014354777305422433,-1.5,43.071851656799346,-128.00929993416798,1959.8907421056283,100.0,1
320,5.475962515367211e-07,0.199794547405381,-0.003954469727456431,-1.5,170.37690639193735,4.499111728717615,1957.131767160325,100.0,1
321,4.7260386717814345e-07,0.24173506177808957,0.24564180511678435,-1.5,9.135757549434754,30.749673335844545,1964.2770379429344,100.0,1
322,4.024551747412071e-07,-0.21613215797654098,0.21335769649383793,-1.5,-22.139728955865454,-142.6909436231579,1959.224952187937,100.0,1
323,6.509811466187438e-07,0.33136839655606026,-0.3368422616505771,-1.5,85.18596440966942,96.65990500758461,1960.3095420105599,100.0,1
324,2.901517377385555e-07,0.3799582409549332,-0.26242627804179464,-1.5,-146.82855031816666,44.20244950044929,1958.5455844926757,100.0,1
325,3.4671976912536096e-07,-0.09521680256137062,0.4253384825324669,-1.5,115.7712527158076,-98.26390081511448,1958.6614074687186,100.0,1
326,1.9137693381336508e-07,0.062135494645714134,0.3542317369289223,-1.5,-161.05442434113158,26.217282780939268,1957.7506002424982,100.0,1
327,7.953606725684236e-07,0.22929258869734004,-0.154293859291415,-1.5,69.58037363501967,142.1143216297528,1958.1561167227342,100.0,1
328,1.9527955446904008e-07,0.1185234715238233,0.19909971782436398,-1.5,-55.651755227368184,-76.55012370858384,1962.2579460831455,100.0,1
329,4.330103082082653e-08,0.45417824968624293,0.16108200745641782,-1.5,-49.78233893758757,-42.48576826173719,1963.4484878629346,100.0,1
330,1.4220916505202256e-07,0.052886883890637844,-0.3134119841683566,-1.5,36.66270745943123,-50.263057550721406,1963.5536043595878,100.0,1
331,7.757839500856637e-07,0.4321462558936235,-0.17077195316926144,-1.5,-7.061039689598726,21.75050932861242,1964.4058499527482,100.0,1
332,7.657624936614282e-07,-0.30097501949187144,-0.353466347158206,-1.5,-75.6166832563312,-74.9861982912013,1961.6504463194444,100.0,1
333,2.3008098392408047e-07,0.17823554133098202,0.429850081149377,-1.5,-98.7714437980743,-105.5956103663797,1959.2108245994168,100.0,1
334,4.33030909000528e-07,0.29180762502708235,0.1068382182081105,-1.5,130.28954786199245,75.93477097803569,1958.7424104615088,100.0,1
335,3.056905169619514e-07,0.25390829107636664,-0.11943525583869016,-1.5,95.91749735784539,90.76639876717448,1960.0955540028087,100.0,1
336,3.5283498091788453e-07,-0.19748778216749158,-0.07386614124561096,-1.5,27.189719540801548,-117.50729507005799,1960.8329967191858,100.0,1
337,5.087457359295622e-07,-0.039866268558867386,-0.40228863892513017,-1.5,65.31085544623195,-30.74819875807041,1963.2122469820085,100.0,1
338,5.457274820339339e-07,0.37012821855031103,0.03333601555516712,-1.5,95.18963987684349,-62.66201394782975,1961.2306571982424,100.0,1
339,1.2853608441543233e-07,-0.2441641883868306,0.19087945930626954,-1.5,-87.45433971674781,56.77327649235557,1961.7700731245652,100.0,1
340,1.9429716486408737e-07,-0.4167679833239708,-0.047874566552631004,-1.5,83.20310843154182,106.88975568622664,1959.863543500618,100.0,1
341,7.732907217878887e-07,0.17541522860056333,-0.20460704998099247,-1.5,-136.79821799938924,35.37140683808083,1959.45104490942,100.0,1
342,2.0799580157933242e-07,0.14066386452881297,0.21603589069518445,-1.5,-79.52166701440592,81.24478639062019,1961.246765561571,100.0,1
343,6.74293193404284e-07,0.12541832498083264,-0.0007862511399501091,-1.5,42.49365592391191,89.98548742585123,1962.0168672886284,100.0,1
344,5.924133526589624e-07,0.2453898242093154,-0.1345366211459247,-1.5,116.14959002140021,51.76887721389897,1960.4189711273466,100.0,1
345,8.547380212759372e-07,0.3169342584103592,0.24162575934538633,-1.5,120.24364034655348,117.63323505372468,1957.3239832059319,100.0,1
346,3.531900514931443e-08,0.22483924474608735,0.314664580365813,-1.5,8.969836932451868,-80.6318484936801,1962.86304496774,100.0,1
347,4.248462340536582e-07,-0.3131699470478406,0.15746145387003843,-1.5,-24.75250255645462,-149.51344850195684,1958.6848466765593,100.0,1
348,6.627273413370401e-07,0.01910991076262358,-0.47221649711502917,-1.5,88.86762738240813,128.04094558782572,1958.3465850871567,100.0,1
349,7.843824397549895e-07,-0.2654673817644906,-0.2257827645600507,-1.5,-104.09856535812716,14.038480752521012,1961.7287518958049,100.0,1
350,6.323842685319392e-07,-0.17016815758734932,-0.30337358828615174,-1.5,77.63849796512346,-10.59335846733907,1962.9756317020936,100.0,1
351,3.309530120102219e-07,-0.15714161477265887,-0.38307338418086073,-1.5,-10.778833329430647,-51.08981537557781,1963.8449362877602,100.0,1
352,2.0432463683400934e-07,-0.24217426937790815,0.27084162902934295,-1.5,87.68165779045451,-61.66283220228469,1961.6123236455367,100.0,1
353,4.659957029504702e-07,-0.44559758445770975,0.19566944984081486,-1.5,-85.04153705660102,17.3098563796319,1962.6211025343885,100.0,1
354,4.6744753464411183e-07,-0.1983373433971828,0.41573117542251026,-1.5,26.95944044439489,-118.41736394784141,1960.7814265625582,100.0,1
355,2.6740882240738944e-07,-0.15507659985001868,0.4636761740994403,-1.5,-44.44225853434569,-2.9852429181150235,1964.0339254318437,100.0,1
356,6.382947187178669e-08,-0.45930978656469634,0.18470143451703566,-1.5,128.90498342147018,87.88045595723274,1958.3344497240482,100.0,1
357,5.168281099000625e-07,-0.17859913177153955,0.06077398927424313,-1.5,95.09321882549646,-48.77679849181033,1961.629779017546,100.0,1
358,5.057432040148972e-07,-0.3796647543937063,-0.14559177452140462,-1.5,-136.94593845931834,-97.72117658355833,1957.322065438581,100.0,1
359,4.770166615699899e-07,-0.21209772666133825,0.3345840290056921,-1.5,-152.9433435385327,11.417902714217497,1958.5431451543247,100.0,1
360,9.057745602676572e-08,0.21473793828442292,-0.28376495253165535,-1.5,86.162485670174,-108.03872513603145,1959.6726630231512,100.0,1
361,3.013184589663085e-07,-0.414390152179283,-0.08664228213396274,-1.5,66.24384058169835,-52.53917233975153,1962.7186948773306,100.0,1
362,7.006186576454569e-07,0.3578628115735784,0.31127566650714206,-1.5,90.54225631457732,-68.47723839667026,1961.2562948042162,100.0,1
363,2.4822350863091027e-07,0.2942328488349839,0.009091170096438471,-1.5,-1.0034129422715499,-95.05381849246514,1962.2377661788594,100.0,1
364,5.481934363175188e-07,-0.16501435981043763,-0.05902136411909614,-1.5,36.396864225290585,27.59065959174552,1964.0079709726203,100.0,1
365,1.485542032772805e-07,-0.06395371952273408,0.19043714265250128,-1.5,-146.823287254863,86.41506256646072,1957.1378708582188,100.0,1
366,4.524580814994294e-08,0.09695392214390584,-0.370500108631639,-1.5,100.75838906345301,92.7355877691738,1959.7604812988181,100.0,1
367,1.7507226058963164e-07,0.417343932454443,-0.05939015095653424,-1.5,-19.098782103011256,-31.197785267048022,1964.1983659963532,100.0,1
368,8.886974479256969e-07,-0.410262345332777,-0.15494107887887568,-1.5,60.853800578679845,-151.26882846329843,1957.7609258427349,100.0,1
369,7.335358867152141e-07,0.18817135349881087,-0.23981152424752605,-1.5,-78.9890522108471,148.48571157558206,1957.326239888194,100.0,1
370,8.041970411813399e-07,-0.1730069041537442,-0.22725908859251143,-1.5,62.945317071114346,122.31072181591045,1959.7171379190975,100.0,1
371,7.119197960238117e-07,-0.2571300259623453,0.08994206052272467,-1.5,-120.23588996749807,-36.718782187819066,1960.5122667467547,100.0,1
372,2.2018542226810432e-08,0.33524759719138086,-0.1904471108665398,-1.5,42.322431128771036,-161.668688471439,1957.4180272127378,100.0,1
373,5.968248382733801e-07,0.16458483027170406,0.05283226703809158,-1.5,-13.88700449901697,-122.22890648162169,1960.6836898879133,100.0,1
374,3.5676504884389275e-07,0.08917906047462662,0.3493204284069871,-1.5,-156.3571625367962,44.07453651697072,1957.810807820916,100.0,1
375,5.398512569298484e-08,0.011857091131485423,-0.06666219799073816,-1.5,-88.44516790720154,109.23404837176173,1959.5046979316774,100.0,1
376,5.20772501050636e-07,-0.03632802236790584,0.2755990339155936,-1.5,19.595040944150913,144.26677749826948,1959.1366510651555,100.0,1
377,7.330150037464736e-07,-0.17387468302832862,-0.02278031061044375,-1.5,148.26848720188943,-84.16811321474957,1957.1268407251646,100.0,1
378,2.680584938192792e-07,-0.31603682782742826,0.10160183496221412,-1.5,-55.67065992417125,-145.9183987616047,1958.3211904058508,100.0,1
379,3.2810600124550646e-07,-0.21279807007355114,0.16838524369416175,-1.5,100.63369950661902,-10.543250305423848,1961.9314423961762,100.0,1
380,2.3021848107608887e-07,0.10338932555459229,0.378806664446964,-1.5,-12.055924625762488,-42.020373343378054,1964.0525016332003,100.0,1
381,2.875704447185512e-07,0.2792658901689144,-0.16539468721929004,-1.5,-0.5187603648719505,86.06048162501058,1962.652952168642,100.0,1
382,6.245711323319045e-07,-0.1524107724921484,0.05247100875521158,-1.5,75.55028237556053,83.34587499725538,1961.3156059696375,100.0,1
383,4.4316458340887164e-08,-0.2266639253483547,-0.19711865873910925,-1.5,-9.979152914797353,-142.13346203972037,1959.365147628649,100.0,1
384,6.799334382854541e-07,-0.36695280464955193,0.032308608888566875,-1.5,-16.220320779356275,59.03451676558797,1963.584760913111,100.0,1
385,4.824944266839637e-07,0.06295503939149415,-0.32698122854211986,-1.5,-98.29406208925747,102.086231164223,1959.4208238739348,100.0,1
386,3.521354749530285e-07,0.05259854866733758,-0.1346377653472289,-1.5,151.96765634406057,12.30195682849312,1958.6137392425323,100.0,1
387,5.061777599300552e-07,0.15748792085896995,0.09825516055761851,-1.5,25.444973555123003,148.54571361608868,1958.749603842512,100.0,1
388,1.9334034901456879e-07,0.41276912920072056,0.0531323407571525,-1.5,-20.703236334326924,-124.74557499357954,1960.4650478371036,100.0,1
389,4.751715841042395e-07,0.23253968840902903,-0.21826543453593966,-1.5,87.22849629603864,5.987086196632728,1962.5923240701154,100.0,1
390,4.236805943210611e-07,-0.13223977283119492,-0.4741400744826857,-1.5,-133.71419232559438,100.68231289213203,1957.3954308998311,100.0,1
391,3.861347531127916e-07,0.36733909206096743,-0.23606270763711137,-1.5,-87.85220722577438,50.504564303920546,1961.9236898860675,100.0,1
392,8.501236299998414e-07,-0.2798883108279436,0.24443020523293493,-1.5,-7.326403463310198,50.66274291041582,1963.871914499318,100.0,1
393,7.855630534059335e-07,-0.16629649202452731,0.4379530867949423,-1.5,146.774779061293,-33.60401110279461,1958.7601233779094,100.0,1
394,2.454570455887005e-07,0.14290065776500227,0.3474942112293826,-1.5,-26.033809430612674,12.427018227094099,1964.3271357517426,100.0,1
395,7.149859187244172e-07,-0.16977538327252226,0.344979182325814,-1.5,71.09107887585878,-59.303446774033645,1962.3563504040535,100.0,1
396,1.2264696314178723e-07,-0.14599023939776096,-0.13583492736430972,-1.5,-44.84056609347958,-7.571217116868513,1964.0125474573517,100.0,1
397,2.282780115530196e-07,0.24433618166890192,0.37876559877754684,-1.5,66.83800547142535,42.57274035028621,1962.940021770864,100.0,1
398,1.1728024752784934e-07,0.07320962339727823,0.40262343070666035,-1.5,3.848060855018272,75.05239436403217,1963.1010205269654,100.0,1
399,6.175533766331518e-07,0.1671229999742675,0.09097691797629358,-1.5,43.14179532420264,93.53541514870669,1961.836689909559,100.0,1
400,2.310677805006452e-07,0.027388924691691584,-0.1649317662205055,-1.5,45.8696811052696,6.7530791229623235,1963.9917653961259,100.0,1
401,5.498778412530482e-07,0.2021732505391394,-0.3237477302993548,-1.5,-149.71773428516678,-2.1670285985270086,1958.824440906765,100.0,1
402,7.286832144017655e-07,0.20600736912634918,0.11351024872494825,-1.5,138.39942109335365,-28.855240401645,1959.4453964345419,100.0,1
403,2.8034581779514576e-08,0.3445387876074319,-0.22969370396735853,-1.5,-42.802480772773485,-54.652134401473404,1963.3120939145642,100.0,1
404,6.514735170932918e-08,-0.18967551110287595,-0.4498361965325748,-1.5,64.9078223176391,-148.56145511517607,1957.8380308192438,100.0,1
405,6.182354241886503e-07,0.09651367393415973,0.24256480749660905,-1.5,147.35257639843692,-16.51488471426616,1958.935364701385,100.0,1
406,4.055392744170721e-08,-0.07177088773111626,0.3504538741103766,-1.5,-25.346758218129423,159.8716345837606,1957.8590063049687,100.0,1
407,5.510757425239686e-07,-0.23298620175273518,-0.2444324514867094,-1.5,-153.25640867467968,-21.314549154045324,1958.4359702223176,100.0,1
408,1.0498808258057521e-07,-0.11061331501867702,-0.4358405021479704,-1.5,115.90899638848835,93.76642882617934,1958.8737191681168,100.0,1
409,5.650321375387287e-07,0.3485685941986853,0.16141078044370485,-1.5,-110.13394384104622,-64.3957794881409,1960.392048612793,100.0,1
410,4.7471873003833587e-07,-0.18969404338308093,-0.32616353185727703,-1.5,3.3654628954936374,101.97341570418881,1961.88770892099,100.0,1
411,8.172058560980561e-07,0.14166476351258522,-0.05976908195566027,-1.5,169.35251428934208,11.463337356620173,1957.192275701766,100.0,1
412,1.2691049516780208e-07,-0.1739777287992126,-0.17277302615394582,-1.5,-127.79521928785282,60.883537380833644,1959.432280807198,100.0,1
413,6.288838544420716e-07,0.19589809490102789,0.07547938242196102,-1.5,126.40279294278122,30.586972845135712,1960.2295930055147,100.0,1
414,8.895491205706602e-07,0.14144596959930555,-0.20921884445790076,-1.5,-11.643698852671843,-93.38072812880976,1962.283809788302,100.0,1
415,3.4558554173517217e-07,0.30432651067473987,0.27172871246619545,-1.5,52.83888851954621,-150.35804860156088,1958.0637873539465,100.0,1
416,5.903392505427633e-07,0.3410541767373345,-0.10495270294049033,-1.5,-126.47720967330329,75.4555287100043,1959.0107873328518,100.0,1
417,8.30166895976731e-07,-0.10037563130883351,-0.009524388522021414,-1.5,-5.041607121934093,72.09291223344236,1963.2092299267188,100.0,1
418,1.7515796972073182e-07,0.046616563940979835,-0.30744534345786656,-1.5,24.699510373561406,94.63748337505797,1962.102690277416,100.0,1
419,5.311343573984349e-07,-0.3370841486936891,-0.0910781246363631,-1.5,34.223667451144905,129.69331575179703,1959.9545073040929,100.0,1
420,3.8622211328022054e-07,0.20166379322805078,-0.17997344392856268,-1.5,-102.71421850406807,20.36841627038471,1961.7462127405436,100.0,1
421,2.4025858043995696e-08,-0.1496290190452596,-0.4024104260822922,-1.5,127.92871294211804,24.500188441629607,1960.216128756579,100.0,1
422,5.356758326337833e-08,-0.4358647155874996,0.023839166155611543,-1.5,36.50773266903751,-13.590731704778001,1964.1526834065692,100.0,1
423,6.10777688398567e-07,0.35553935895537025,-0.3440524693469355,-1.5,-117.68884134289884,-45.920635290406274,1960.4728812569742,100.0,1
424,4.039221590381151e-07,0.3806087972104281,-0.30483324873678785,-1.5,-38.825499364930934,-115.46380225829098,1960.7585208875807,100.0,1
425,9.03527648685771e-07,0.16815518520623737,-0.24148041330115558,-1.5,-49.76615638746388,97.93534525681146,1961.465086126689,100.0,1
426,5.972541708525905e-07,-0.041142530208867066,-0.16753193719481788,-1.5,140.1078963721158,-29.630648113564828,1959.3124019238694,100.0,1
427,4.3749305343469434e-07,0.33895685903126976,-0.046978933897516735,-1.5,-24.331762292196544,94.44809433102637,1962.1164106869717,100.0,1
428,4.217756842718102e-07,0.016502832714177504,-0.3598573251488244,-1.5,-89.44846617905547,-23.860980625408654,1962.3564690870871,100.0,1
429,8.919527464696915e-07,0.24813760748854735,-0.03774801099786466,-1.5,166.3643744692495,-15.54978085259947,1957.420339500186,100.0,1
430,4.442921041536249e-07,0.4020509392611151,0.2784554585685632,-1.5,-156.74090362268373,8.956797508134086,1958.2556909597056,100.0,1
431,4.158437695195468e-07,0.49581049193953236,-0.028638305507269833,-1.5,-29.877584907989174,-90.64027474769952,1962.2193956792546,100.0,1
432,3.01373985796761e-07,0.14178695494558216,0.09961775967668147,-1.5,96.63438991464557,-49.872524579323915,1961.5269083660412,100.0,1
433,2.4604288846659693e-07,0.08436603165431054,0.22771745204408103,-1.5,-37.245399266650665,-154.74238299935791,1958.080912884674,100.0,1
434,3.301111797417555e-07,-0.07313663371186777,0.20330826966247056,-1.5,-10.32284668471305,48.44719496075946,1963.9143551598397,100.0,1
435,6.780181121767078e-08,0.15799259097545432,-0.10049227626386859,-1.5,79.30599265807172,131.7131165821722,1958.5135947230135,100.0,1
436,1.9313407264207534e-07,-0.19909318635147968,0.32250234568010505,-1.5,-81.71682107102863,150.42756655614272,1957.0659658376806,100.0,1
437,1.7151900284324965e-09,-0.43138688766717925,0.14782325227968707,-1.5,-126.71303472217848,90.4461977786596,1958.3606864939388,100.0,1
438,8.836679764490435e-07,-0.4108320687742595,-0.1494464154966619,-1.5,-56.99853819785616,122.82854394674102,1959.8667305970991,100.0,1
439,6.764229003706907e-07,0.12396166257190712,0.41460587636363355,-1.5,-92.9404675699877,111.79440542841873,1959.1522061006158,100.0,1
440,1.2235977193134426e-07,-0.4794068913411101,0.10453849692586263,-1.5,-38.509410937824406,94.16519786842693,1961.9029606598165,100.0,1
441,1.709359016069105e-07,-0.23046099838778203,-0.3353246298060598,-1.5,137.72765104871056,66.76091343608735,1958.5676809443976,100.0,1
442,7.852511169540057e-07,-0.08764989812468495,0.3598707913310432,-1.5,83.55131996232366,-143.07925836757212,1957.5394731712743,100.0,1
443,5.044554776846663e-07,0.258367506583205,0.2550566546109561,-1.5,-78.74286719354221,63.91980795690319,1961.9192402550682,100.0,1
444,8.749847221771413e-07,0.12843346100859768,0.07943801779151288,-1.5,-111.58992852684696,83.84484493304222,1959.574192546855,100.0,1
445,6.992100462476822e-07,0.2595179156647467,0.2893354254258417,-1.5,6.698886297180599,167.8085270243985,1957.347365555335,100.0,1
446,8.472810240604337e-07,0.09271612150525993,0.36321086843205064,-1.5,-23.541579198318157,120.42164007816842,1960.7033709655993,100.0,1
447,1.3116808931037212e-07,0.3001805871113816,0.34929489288554866,-1.5,31.79769207415282,-21.53688048140835,1964.163525734051,100.0,1
448,1.6029038658507243e-07,0.25644782830817714,0.030565025056596144,-1.5,31.01021891613367,-96.3448201989429,1961.9300008434905,100.0,1
449,1.9177988300300335e-07,0.08989965425694871,-0.4452595448167342,-1.5,-95.38335348649686,-133.82206190848927,1957.6534315068031,100.0,1
450,7.390653800884509e-07,-0.33266563109332015,-0.12869920520944894,-1.5,76.23000994969365,-105.99460441132271,1960.1957595314016,100.0,1
451,3.719611092301707e-07,0.10402475625505103,0.47222115406641746,-1.5,-34.23417642932562,-36.6426833565479,1963.898831708693,100.0,1
452,5.268495834730431e-07,0.47853378442305794,0.02658724154184968,-1.5,-7.007835279982159,-140.94493502877094,1959.4638812186754,100.0,1
453,2.3049360193008477e-07,0.23290309447198485,-0.43365386613892115,-1.5,-153.02139171469562,5.71763712509308,1958.561984867861,100.0,1
454,7.181967269189036e-07,0.1937433982585708,-0.3032386159894658,-1.5,40.05229541897347,145.8858109174883,1958.7052943387755,100.0,1
455,1.3041948566195681e-07,0.036978086221767355,-0.27850280180829,-1.5,-68.29687471323999,-26.901689117581153,1963.1671152230408,100.0,1
456,5.982211318176666e-07,-0.12549772324830524,0.1073569097109192,-1.5,-36.70693318832846,-132.796979846132,1959.7017246167297,100.0,1
457,1.1658699615204614e-07,-0.0277452862978671,-0.27595191593830676,-1.5,-65.75863652974827,-152.07664030570817,1957.5397271731697,100.0,1
458,6.058756819517989e-07,-0.3117918947042585,-0.2552652816806407,-1.5,-59.06100638385434,141.5981604541245,1958.539007716483,100.0,1
459,7.045463196526951e-08,0.039620614050117006,-0.10037653530622231,-1.5,86.35100403714992,59.09597051700122,1961.7503553297909,100.0,1
460,2.3245323524143547e-07,0.39066308282991224,0.008160794594313016,-1.5,110.80339468794935,-75.71491122030163,1959.949781553257,100.0,1
461,2.4168874018673664e-07,-0.10924511302496394,-0.4774637520797244,-1.5,73.46348029544436,-40.82771656444842,1962.7403039855133,100.0,1
462,6.093757497525915e-07,-0.004394515913907507,-0.3290404765439641,-1.5,-35.200767848397064,6.646942376881856,1964.2123129555148,100.0,1
463,6.314923292740113e-07,0.026358616585601822,-0.42403038421119604,-1.5,-8.682478830667165,38.61294343639358,1964.1402550293255,100.0,1
464,8.238130401718461e-07,-0.09833990980152278,-0.2582163209047776,-1.5,-123.54012196135949,-23.57288790462571,1960.5089756202954,100.0,1
465,5.454645615269248e-07,0.3069808184197274,0.32527910978115254,-1.5,28.828159680765737,-158.22570174386897,1957.9445474229376,100.0,1
466,3.9892465611554565e-07,-0.4344777398939564,-0.03837492473878044,-1.5,-18.968565020347764,75.49105854822042,1962.996327018079,100.0,1
467,6.614007883379015e-07,0.21652478210848553,-0.0567680343866461,-1.5,-64.70563684702378,98.88360853064889,1960.9815141378333,100.0,1
468,9.057395288602014e-07,-0.26373195351723794,0.37120582288999604,-1.5,143.05961584095587,-80.64057498807284,1957.6629766758022,100.0,1
469,7.599192643920363e-07,0.18207682735329372,0.2747583233682849,-1.5,58.876335445854934,1.3380243932431772,1963.656047550416,100.0,1
470,3.388011169024605e-07,0.23233051398823096,0.060562326636980524,-1.5,-118.49479777806246,-23.441904057809573,1960.8219568078616,100.0,1
471,1.6668685349781962e-07,-0.22169994881614535,0.08731133689294379,-1.5,-93.92975106203205,-32.81913212874431,1962.0176840940735,100.0,1
472,3.689157328008334e-07,-0.03130485454142338,0.13713914795341822,-1.5,125.64352986994531,-89.04050856857386,1958.494007522566,100.0,1
473,1.8185850655172925e-07,-0.13736394533237573,-0.2694070638887348,-1.5,-16.230821038768326,-4.86263907056126,1964.4658819780525,100.0,1
474,1.394823173555743e-07,0.18761543027331562,0.4047406888901667,-1.5,19.36778667060513,-79.1779956922513,1962.847171866361,100.0,1
475,7.655900985919192e-07,0.317821954817351,0.28634900993108464,-1.5,99.0044594555415,-68.82073074008227,1960.835309324689,100.0,1
476,7.018250108304217e-09,-0.05126922264401833,-0.4329153995797355,-1.5,78.55811576806653,-97.86410861225386,1960.526593790207,100.0,1
477,4.784367914835265e-09,-0.4422426681630594,0.22316899071796636,-1.5,-103.27943639763802,-74.84355546266356,1960.394115092479,100.0,1
478,3.9384050747201337e-07,-0.47133103351108163,-0.016736866751223954,-1.5,101.71547958305854,-99.171621378538,1959.395885724085,100.0,1
479,7.65823258000548e-08,0.14106237370436728,0.3763386215155491,-1.5,-41.9412409048333,125.14047102745961,1960.1005283118823,100.0,1
480,5.002371787265682e-07,0.18517069775247058,0.2144929345847448,-1.5,30.74569697587901,16.84340094783476,1964.226129606291,100.0,1
481,5.066854034811179e-08,-0.31447413303269556,0.1267516366412189,-1.5,107.81201147029627,-5.189158890228173,1961.5715457456229,100.0,1
482,4.012858433949771e-07,0.38299755548139885,0.10672511359301128,-1.5,-149.71834886210516,3.547994942220545,1958.8223793932991,100.0,1
483,2.802536232252384e-07,0.07038669197903429,-0.1841708668964367,-1.5,-111.21225942109282,-36.380828472304856,1961.0511352181145,100.0,1
484,2.463771888098018e-07,-0.3092345691359298,-0.3408536330861821,-1.5,-42.916729486174795,-80.20752482326196,1962.431704176751,100.0,1
485,4.3715742035182905e-07,0.011328614331407652,-0.011956387907834105,-1.5,-102.63142726660938,-82.81775486455459,1960.1074704930197,100.0,1
486,7.97938298537192e-07,-0.15694294591978722,0.012331003979906031,-1.5,86.28913559801836,133.51861341966054,1958.0960781367112,100.0,1
487,6.536890459722653e-07,0.03534058366034373,-0.3687897807342242,-1.5,55.19522743894776,28.02988558451746,1963.5633676172035,100.0,1
488,5.172760373610876e-07,0.28045081625678697,0.40912340460939045,-1.5,-57.128722743314356,-151.43327556140875,1957.860454260362,100.0,1
489,5.498905266344707e-07,0.2166138684591338,0.06269618276482745,-1.5,42.400323999302444,-59.90200369866819,1963.167656809721,100.0,1
490,2.633390055352777e-07,-0.4770859414430144,-0.1245251691048315,-1.5,143.81936330376007,24.389430349997063,1959.11572723314,100.0,1
491,6.12362734317493e-07,-0.14931439778299405,-0.42566178237178376,-1.5,-52.074964845440874,-62.73425952423656,1962.8463763077393,100.0,1
492,8.522117521950692e-07,-0.30031535065483,0.15574876123037554,-1.5,-8.341151390473323,152.32286967537624,1958.6070189891261,100.0,1
493,4.1154216153111596e-07,-0.40963641903481646,0.22680338345107096,-1.5,30.35938740749853,11.73922076185223,1964.2692749616274,100.0,1
494,6.389247325167064e-07,-0.16202043624362222,0.10151096249763777,-1.5,71.4103869394385,-9.808766525385517,1963.2161447488509,100.0,1
495,3.4857480604639747e-07,-0.025850158223427764,0.4900350845194738,-1.5,83.22743208932052,94.66688311234155,1960.4909237371498,100.0,1
496,1.0412528397444736e-07,-0.07197921307719236,0.1128709219086156,-1.5,-102.3017455423884,90.20946322257602,1959.7984314388575,100.0,1
497,4.276057341643066e-07,0.4804757086781538,0.10710304365949899,-1.5,-58.26586909987168,-4.691266926082774,1963.6691082712475,100.0,1
498,6.492832685103549e-07,-0.20543543878080112,0.40345780655692626,-1.5,56.13876401465521,146.69238740286573,1958.2500016389854,100.0,1
499,6.859783688534406e-07,0.4257320803353051,-0.1495370991104683,-1.5,148.53837092363972,31.808219415821764,1958.657161375384,100.0,1
500,8.540584606913508e-07,0.06824891712383341,0.1504371956224636,-1.5,-36.654485135466615,29.293420283991075,1963.978520889078,100.0,1
501,7.013505214914795e-07,-0.4657376240437052,-0.06563056478200999,-1.5,84.91118423158814,130.16689175382936,1958.381974322085,100.0,1
502,1.8664517970398142e-07,-0.3724231330095627,-0.16971898122973358,-1.5,27.083018061908472,18.176426914318842,1964.2681624216734,100.0,1
503,8.339145799154266e-07,-0.05924562136174874,0.10611477858292459,-1.5,-73.47141010054152,-62.52113381056843,1962.1687863155428,100.0,1
504,9.066476104393331e-07,0.22838102658485065,-0.43974430395149555,-1.5,1.2650945282400405,-133.9207711748446,1959.9685999652904,100.0,1
505,1.0621954392345316e-07,0.24139763632722927,0.2522623866148644,-1.5,-63.14747883786327,111.42940912322801,1960.359448918744,100.0,1
506,5.466769377035126e-07,-0.043971304407707086,0.21178274728135035,-1.5,97.13398897667217,-102.99435154815697,1959.431151635797,100.0,1
507,1.2806447665983388e-07,-0.0690262976877324,-0.35974813706628916,-1.5,64.06461660818476,115.19747006437495,1960.1118728418908,100.0,1
508,8.059968323291892e-07,-0.41921705195710623,0.144113766997235,-1.5,-73.87108758754468,-10.106941249055371,1963.123582055738,100.0,1
509,1.9200250103075244e-08,-0.014154629970469108,-0.4292332367924528,-1.5,0.835225227090084,153.82647920866563,1958.5070852461108,100.0,1
510,7.17414904000505e-07,0.1744394439196203,-0.0445951392069977,-1.5,-82.62539018318384,58.520672569349216,1961.9280471121358,100.0,1
511,6.395617202676056e-07,-0.04013552748373605,-0.4724855689682829,-1.5,3.860805770903508,-135.14355922664438,1959.8812716194022,100.0,1
512,4.057039631147233e-07,0.10576609974876434,-0.32062703138014526,-1.5,-21.188167704354893,-60.25753402479428,1963.5002870915794,100.0,1
513,7.481479956355208e-07,-0.1226939556547912,-0.1931408671550122,-1.5,-140.65487982726407,-15.620470085265922,1959.4349930429498,100.0,1
514,6.862067539776473e-07,-0.1159258289440141,-0.14664939915537822,-1.5,-88.74835063364307,-78.77704772134803,1960.951604012258,100.0,1
515,6.735610305433366e-07,0.1671090832219577,-0.19192756766839678,-1.5,17.836547702818013,-39.70506478064453,1964.0566823956333,100.0,1
516,5.948840268401475e-07,0.2342718127486303,0.3073392399763629,-1.5,-36.62151801214704,56.74665885850315,1963.3776935151866,100.0,1
517,5.413442667141626e-07,0.020942456355704697,-0.4170116745152281,-1.5,41.141413689248225,149.5211680560225,1958.4085607066122,100.0,1
518,7.1601348451102e-07,-0.14651030683888172,-0.43550694225044795,-1.5,63.75851230097773,151.50337101323692,1957.6503433828327,100.0,1
519,7.61202945544598e-07,-0.16044186384635858,-0.17665316485433386,-1.5,18.097846444454788,-131.8935526667167,1960.0229195050645,100.0,1
520,4.224404662871684e-07,-0.1924771538792702,-0.025138238743785717,-1.5,7.457507891712524,59.8785847090913,1963.6120357482566,100.0,1
521,4.0016207571494347e-07,-0.1016324773842988,-0.21682377433496774,-1.5,168.32151792862362,28.884387036012853,1957.1016440271796,100.0,1
522,6.017541451207944e-07,0.17803228557358955,0.21775237409920445,-1.5,-1.759077746006241,-85.63121037922308,1962.6710085290922,100.0,1
523,5.940262966801108e-08,0.13993666645308334,-0.4373715406853506,-1.5,105.15988403154785,-76.98505510851349,1960.2112096267947,100.0,1
524,5.356732772515284e-07,-0.46190949907443074,0.021902557057432506,-1.5,-76.45571260135398,7.14736936424256,1963.037627094275,100.0,1
525,7.053002739771535e-07,-0.27918018897479935,0.09412682004638362,-1.5,-112.23599271007434,68.07126339317075,1960.1486350036246,100.0,1
526,8.276986433091611e-07,-0.403831166035705,0.16294443724274685,-1.5,-101.2238171874298,24.102147909119704,1961.7813618154048,100.0,1
527,2.4487949744152914e-07,-0.2024867391374737,0.4069145627925651,-1.5,60.46934943530311,1.7726165497914732,1963.6072931916835,100.0,1
528,1.3088621179361574e-07,-0.08183668825840855,0.43708588865336745,-1.5,43.21919504074566,165.18946902237732,1957.1044496322281,100.0,1
529,6.965635371884457e-07,0.04626187675578174,-0.08146648172186399,-1.5,-53.87650266664206,143.1970489156952,1958.5722386239368,100.0,1
530,2.1523992821243297e-07,-0.2652908159425732,0.3070753738014577,-1.5,-61.41498314829066,-67.66396293524197,1962.4125647352864,100.0,1
531,1.9186506206847678e-07,0.3816513573801877,0.16894311005251178,-1.5,65.7030495487587,155.28989454839558,1957.2893102955609,100.0,1
532,4.2575235845173833e-07,0.4500823237212467,0.14513169763101139,-1.5,69.34220958321424,-34.1262685728425,1963.0181715994233,100.0,1
533,5.134067886356882e-07,-0.39414174067899926,-0.30096154465526403,-1.5,-50.042119049361744,-42.7938404788974,1963.4351936858643,100.0,1
534,2.434945907245108e-07,-0.09179665188791157,-0.05830673780126875,-1.5,66.19165549836491,115.08469949733087,1960.0478215977605,100.0,1
535,7.545541701600695e-07,-0.36433552055273694,-0.07668464667700192,-1.5,-48.06647765555236,-52.89846562992753,1963.2383075739733,100.0,1
536,6.879998500611759e-07,0.029195426169169928,0.2546677287738018,-1.5,14.608605199904316,62.27143754348292,1963.4974262744815,100.0,1
537,3.3111869808143603e-07,0.1180990675897077,-0.3232424970779108,-1.5,-16.941852704348904,-90.75623669123188,1962.36835619481,100.0,1
538,3.9948873121920386e-07,0.4682368887073358,0.05374365159748355,-1.5,122.16785744227339,16.137733929257145,1960.670261522249,100.0,1
539,1.001960972084234e-07,0.020231106984145233,-0.05698394693193718,-1.5,-68.11751576230328,123.99950125224191,1959.4380352544192,100.0,1
540,2.386846869461062e-07,0.3506092037418788,-0.037833977303920324,-1.5,131.8390981457307,-29.459953573314387,1959.8887339850978,100.0,1
541,2.472473076921985e-07,0.3508855640063461,0.20707300229480766,-1.5,123.0926983907589,-70.86323665723609,1959.3978349379365,100.0,1
542,2.3956144220012225e-08,-0.1284143611248061,0.1434389019342164,-1.5,-70.0796952593998,108.40240370266604,1960.2936110312571,100.0,1
543,8.919013971135206e-07,0.1366167410378893,-0.07702950840679137,-1.5,17.24922496917488,54.72795650505243,1963.7007412742082,100.0,1
544,1.6973732150660377e-07,0.4030037284175034,-0.1226365519270868,-1.5,-42.182749458908724,34.216832995678935,1963.7879494115357,100.0,1
545,7.490285461822723e-07,-0.15639088280161573,-0.42047597941979387,-1.5,-4.627822337152857,-15.854712423478153,1964.4695206646795,100.0,1
546,3.817148462587456e-07,0.3769742765865269,-0.21512174257535968,-1.5,-14.294839523732568,-140.71688380468487,1959.4406606073635,100.0,1
547,1.482283264900308e-07,-0.3439234100035759,0.15234814828498866,-1.5,-94.62234474223959,-113.00969582067299,1959.0019670209958,100.0,1
548,3.099946472186437e-07,-0.4312573294529986,0.1900189909029912,-1.5,93.18621437217519,63.82356554465951,1961.2894146959243,100.0,1
549,7.361890034978534e-07,0.027473018143003767,0.015250004354248746,-1.5,-101.8039337959095,-135.86737830317196,1957.1891326192347,100.0,1
550,3.14366063916188e-07,0.14046142481542118,0.16076209829932672,-1.5,-108.64227453630149,-8.513361715426765,1961.51412564937,100.0,1
551,1.4974893787782898e-07,0.29751421611434514,0.2928893395470687,-1.5,-93.88953635795447,-114.16506443820025,1958.9702344064447,100.0,1
552,4.3485108515391465e-07,-0.21016874234848018,-0.12211524982142387,-1.5,-88.23086965399021,-98.4164810289554,1960.0874460513514,100.0,1
553,1.1787870501489045e-07,-0.2527586649996657,0.12873972816097892,-1.5,-25.0835329535078,-152.82443597664846,1958.425080111343,100.0,1
554,3.4407846425486605e-07,0.44635269749067785,-0.022907412326636064,-1.5,22.03977027905207,164.79703016307516,1957.4906062716134,100.0,1
555,7.078914800248518e-07,0.053705057727167896,0.02503714196700328,-1.5,48.22379148219745,-137.04331910248757,1959.159738482441,100.0,1
556,7.869805690814447e-07,0.031210469584838016,0.07513359768728402,-1.5,40.11419636339399,64.43034411610788,1963.0723033738034,100.0,1
557,1.8560253498652161e-09,0.4137865701769903,-0.023439424052964314,-1.5,145.19603827924445,-11.036762731355234,1959.1349077086436,100.0,1
558,2.965348925910245e-07,-0.18226877592460575,0.41831498731097366,-1.5,161.6544510316634,-45.27937476047245,1957.3530348276684,100.0,1
559,3.2585086352588075e-07,-0.3747958909882878,0.30653235343877877,-1.5,86.9560834100589,-3.7390964552153627,1962.6099829007833,100.0,1
560,8.107786716032067e-07,-0.3666740920614952,0.16709625356039934,-1.5,56.25945243385067,-66.14941521972459,1962.6187645959321,100.0,1
561,6.984612249488155e-07,0.3645845219526448,-0.24491279733659582,-1.5,35.27021300630127,-113.53178282223404,1960.9385081204935,100.0,1
562,2.184267707256369e-07,0.48529002601841,-0.020852735857986485,-1.5,-35.13190720500049,133.57582937962334,1959.6776605268062,100.0,1
563,3.8996904699905336e-07,0.1514874820996471,0.22031139084661003,-1.5,133.56718138958252,-106.2822239877224,1957.109394792738,100.0,1
564,7.939028971816342e-07,-0.20687310493361666,0.1385108677912673,-1.5,43.30728138300264,125.10361822249556,1960.0731747445004,100.0,1
565,5.160224542699849e-07,-0.06938575539765343,-0.03930339264957285,-1.5,-48.91342997011223,9.503105576805693,1963.9069360891535,100.0,1
566,6.659202291275761e-07,0.03155629212218527,0.26754889263009984,-1.5,-101.20741207021634,135.5352371104289,1957.2430982148335,100.0,1
567,1.4580318977290194e-07,0.17297736641297035,0.23655682292370003,-1.5,-90.63948011419242,-97.98288028529392,1959.9992668574541,100.0,1
568,1.4730722883028003e-07,0.0550551127690932,-0.002556409102255865,-1.5,-77.073007690746,-36.86139696748646,1962.6803802874372,100.0,1
569,4.77541276741525e-07,0.05304480153468157,-0.3879728466138193,-1.5,-41.33911690224781,-56.11816517161259,1963.3020947418267,100.0,1
570,3.0135337100653574e-07,-0.37635027241623925,0.17961457134335432,-1.5,76.21339460098584,10.179214488758287,1963.0336696913575,100.0,1
571,4.5438194533380736e-07,0.011964781178954035,-0.4812422432991908,-1.5,-158.0300258559311,-3.656223103447981,1958.1691523529632,100.0,1
572,6.026381070451477e-07,0.27709547186553174,0.41331475523886185,-1.5,-96.07579316772708,47.10125513190827,1961.622848561446,100.0,1
573,4.081714536686354e-07,-0.06345278166883128,-0.2940013829235289,-1.5,21.641820234561745,-117.4298582329862,1960.9067153432993,100.0,1
574,6.92163326219686e-07,-0.16419704427894052,0.18186017394964382,-1.5,88.70000421272451,-144.66570650996798,1957.1963184307203,100.0,1
575,3.1470980530639265e-07,0.3969445624156705,0.11341581636521997,-1.5,-81.43371027724409,105.88737280996433,1959.9922707439478,100.0,1
576,3.276706883139512e-07,0.3774330602893818,-0.2117229453687587,-1.5,59.50029545268478,153.29726965270913,1957.644745152756,100.0,1
577,8.297616727962849e-07,-0.1150016121893075,0.21726583014443832,-1.5,41.20823082653405,115.03962128725115,1960.7348248838657,100.0,1
578,7.803846600509431e-07,-0.26536924379345617,0.08944054246314456,-1.5,7.387581370248924,-70.20594114783336,1963.2701891831334,100.0,1
579,6.819985218484675e-07,-0.23679856199918803,-0.1103584521313892,-1.5,145.18165766770983,-23.438015259628497,1959.0268584130429,100.0,1
580,7.096991522716204e-07,0.11511908217640311,-0.17103539082778188,-1.5,44.97359327340917,-127.5182869480397,1959.8800342541497,100.0,1
581,1.749113047577425e-07,-0.41395494724805243,0.2781992727571921,-1.5,-120.57509645321079,82.14622301874387,1959.1138125247305,100.0,1
582,4.6650304403831324e-07,-0.019260794464816936,-0.46135937029286966,-1.5,-108.51167863721084,89.03748364061897,1959.5180091982857,100.0,1
583,7.546372305347596e-07,-0.2848130762546367,-0.2129484899598201,-1.5,119.76194139226224,70.51820127930704,1959.6166836778102,100.0,1
584,2.6367636163610234e-07,-0.15663399234848654,-0.47110676775857097,-1.5,126.57918784751988,-46.18557654369401,1959.912724584776,100.0,1
585,8.747724632973141e-07,0.18723680809743623,0.20069681045003737,-1.5,-87.02469375485572,-49.64052571927564,1961.9826215207204,100.0,1
586,4.4391186003436945e-07,-0.008696556716752998,0.31443279358817283,-1.5,19.5781711966714,104.35773670205315,1961.6675162394747,100.0,1
587,1.9950831856733801e-07,0.4245638622380728,0.2224269587460749,-1.5,32.62100170268595,123.8967656197089,1960.3567909906144,100.0,1
588,6.378925739161476e-07,-0.014787047508367776,0.007531249154407151,-1.5,-128.0830734225887,109.6825359561205,1957.288367582812,100.0,1
589,8.61105442084842e-07,0.09008105800407765,0.01209710221672361,-1.5,-5.86323563986495,-84.31113206733609,1962.7201893656381,100.0,1
590,2.2570313278616854e-07,0.33908601923792836,-0.34422832090009103,-1.5,78.42484495142604,-24.673861414472377,1962.817880121173,100.0,1
591,9.57261733290706e-08,-0.09111755103033461,-0.406658341194386,-1.5,-32.10031088036121,162.13828259735996,1957.5735065697772,100.0,1
592,8.123082295128452e-07,0.22997038231115355,-0.40801541654757645,-1.5,17.903256551900665,32.78307060498021,1964.1838075782716,100.0,1
593,1.6011074134950306e-07,0.23292647394793556,0.42642654363067595,-1.5,146.81590913978243,-78.23056891092176,1957.4826571843398,100.0,1
594,8.485661116787692e-07,-0.41091897937862437,0.20309114261089023,-1.5,60.97024655280494,114.0882697915615,1960.275435237964,100.0,1
595,2.4868094680074e-07,0.05308531437509996,0.18900603529149435,-1.5,-125.5322531073823,38.306372397859086,1960.1498824145137,100.0,1
596,8.651802878476169e-07,0.1482221688273039,0.04660676290515088,-1.5,-18.904663339478468,125.53669624927365,1960.432716995146,100.0,1
597,8.267724897417982e-07,0.24043405600209924,0.22629718418890943,-1.5,-138.7067855244987,-38.964963319459876,1959.2486941552634,100.0,1
598,6.524770596565668e-07,-0.41623985849221395,-0.12908863157755884,-1.5,21.12310547315724,-52.23609048718506,1963.73075841163,100.0,1
599,2.4733633767379125e-07,-0.44366649359604743,-0.06045463635024328,-1.5,158.55503107119353,-57.17092988940993,1957.2953464318368,100.0,1
600,6.54904038280753e-08,0.34394791415546394,-0.34098791261601213,-1.5,97.3573128438191,128.96569915409592,1957.8821947052018,100.0,1
601,5.240342089908665e-08,0.13687945597585752,0.14943171214640982,-1.5,-106.9637412610858,26.547028986209362,1961.4452068751673,100.0,1
602,2.785787668563386e-07,-0.4361569348341854,-0.17094419389064858,-1.5,51.26028958678332,113.28703809728833,1960.5998357586268,100.0,1
603,3.034469362687044e-07,0.22245215179413252,-0.4423868818480088,-1.5,158.17768633963394,17.222773473327884,1958.0849016026496,100.0,1
604,7.918193379105074e-07,0.2762091140253559,-0.24316200525956913,-1.5,-124.58416238501243,30.86478827182654,1960.3416634846824,100.0,1
605,7.81783046440178e-07,-0.10798606564634151,-0.2897152118872904,-1.5,34.43913061560439,135.23210459773358,1959.5763599397294,100.0,1
606,7.244825073314587e-07,0.3438904210389814,0.12077935719962378,-1.5,43.63186288470756,-46.06216768206024,1963.5141515954936,100.0,1
607,2.3520715822315023e-07,-0.3088876108506288,0.3680526919442795,-1.5,134.1872835369336,49.27417308619141,1959.3312928317614,100.0,1
608,8.685514772426668e-07,-0.24732495911513255,0.32362934471114047,-1.5,-14.570398463551664,-105.08481757761393,1961.6722893667597,100.0,1
609,8.99181506509896e-07,0.1862686128795645,-0.037754679589724977,-1.5,-109.56586350233934,-40.73391828180688,1961.0582234402245,100.0,1
610,1.1489920778486056e-07,-0.30073895358700686,0.28213453625649815,-1.5,-70.16052275623728,-104.93961432365667,1960.4791416024566,100.0,1
611,6.601772272837839e-07,-0.3778834644434703,0.0035603273780922557,-1.5,-131.18150498530895,-55.90141927309849,1959.3569685841255,100.0,1
612,7.063797643020781e-07,-0.30469117796597656,-0.04216668901229662,-1.5,-140.63482455429505,29.540300887092965,1959.2760150147844,100.0,1
613,1.4836175372489653e-07,-0.1059214065911856,0.4068899704107396,-1.5,-101.74637379548088,-127.07515256271915,1957.7826404600596,100.0,1
614,8.448737817996506e-07,0.09300295083955186,-0.2892797843754248,-1.5,142.30858924673907,-84.0005646731658,1957.5764242622365,100.0,1
615,1.8121544474918669e-07,0.2643310365703037,0.0481261114739575,-1.5,23.940059329812804,-32.12903058916859,1964.1303126877342,100.0,1
616,2.7753497075947584e-07,-0.48217865689967393,0.10740015090380983,-1.5,67.7581476287053,-150.49907499055033,1957.5934583368035,100.0,1
617,2.998435679976308e-07,-0.04854818266235121,-0.25088116180475556,-1.5,-92.92517489018697,10.87641790362875,1962.309838346469,100.0,1
618,3.981862499983332e-07,0.33466294455752216,0.3250876403598411,-1.5,2.106308163249015,-35.252921632073466,1964.2214949563238,100.0,1
619,5.794039383954122e-07,0.1606960422802438,-0.23878205014511625,-1.5,27.475693089765418,-144.51995249260375,1959.0233168308396,100.0,1
620,7.18042485192394e-07,0.15902958744464624,0.29855260688416924,-1.5,-91.8454924057568,65.7493732197679,1961.2890433875582,100.0,1
621,8.026715436354928e-07,-0.17751083941426324,-0.4067146349031952,-1.5,-18.48529025036418,-73.96173531151422,1963.0591539788609,100.0,1
622,7.785276670407711e-07,-0.05978554794851313,-0.34688148531461377,-1.5,131.06758492996482,43.4558939368171,1959.6801166845853,100.0,1
623,5.355487433567205e-07,0.36960553538500474,0.26651008950490973,-1.5,48.709413127795536,115.19229436187467,1960.5538540571958,100.0,1
624,4.1669811420475805e-07,-0.24859356374763136,-0.42261735271171524,-1.5,-58.06615221870058,17.981068204971553,1963.5983014402038,100.0,1
625,5.067941576320635e-07,0.13187639458837577,-0.25551188256591617,-1.5,143.38190996653978,35.24044249488822,1958.9826506054724,100.0,1
626,3.43897033489807e-08,-0.462570089546684,0.10895086741081517,-1.5,-93.23771586170221,-117.05330174177304,1958.83091132399,100.0,1
627,7.254734466123269e-07,-0.08864232446171388,-0.4548131737700819,-1.5,-125.3547777448935,-83.48390079999616,1958.7572346439147,100.0,1
628,6.348207976129543e-07,0.2953315196438144,0.16267679222687184,-1.5,27.528631438082186,20.483002819349963,1964.239269364295,100.0,1
629,4.4055624509953453e-07,0.4671814725063887,0.1162482800364951,-1.5,-117.43209507969989,6.380769202185136,1961.0156233685932,100.0,1
630,1.9109134395695816e-07,-0.27431962025732587,0.23261280688169197,-1.5,-125.80887174316447,106.1184511185185,1957.6323169556254,100.0,1
631,7.520600150231631e-07,-0.15361203379972016,-0.3802493102642687,-1.5,-143.0234780750193,42.325871338619784,1958.8685743563508,100.0,1
632,3.516573786374216e-07,0.010183010781168636,-0.039171308769234595,-1.5,59.85387836970772,-56.207913923227196,1962.8223225556192,100.0,1
633,8.627834934961426e-07,0.36367940766128903,-0.15383717592839172,-1.5,-13.343406797149546,143.80368349276551,1959.223249243202,100.0,1
634,8.617933410878579e-07,0.20265296100058267,0.20210069193787,-1.5,-121.74352470577878,-10.581797894426204,1960.7345118632625,100.0,1
635,6.411903541268376e-08,0.275200818753011,0.2695529782778765,-1.5,-20.823715574554143,-122.72890820700914,1960.591052266157,100.0,1
636,1.4511016200005983e-07,-0.18160162793206736,-0.08060311393788702,-1.5,-69.86873685735222,135.12049953244903,1958.6408799170385,100.0,1
637,8.319169495998172e-07,-0.09759220200391584,-0.18070999221038622,-1.5,-84.67482544749816,-113.97601564127568,1959.4011656779494,100.0,1
638,3.513010826214145e-07,-0.4179324083411824,-0.09049101263269385,-1.5,47.670821446953944,105.6206745936343,1961.118316712964,100.0,1
639,5.387323508690209e-07,0.06073498977823683,-0.1576209735060214,-1.5,37.196580082778766,-114.80955034513168,1960.8285156652087,100.0,1
640,9.02331349567482e-07,0.02077895927998628,-0.26757249331541955,-1.5,-33.599697745214506,35.05682613887447,1963.9387377203573,100.0,1
641,7.924018016671531e-07,0.14302658352748593,-0.46694218734598575,-1.5,0.9763295146942581,147.1509458102795,1959.0198907091142,100.0,1
642,7.080848925368957e-07,0.40894849487547325,0.011158314651937269,-1.5,103.89981282323956,93.11984530330199,1959.5782223662611,100.0,1
643,7.280449405326651e-07,-0.28009449252932284,0.18110863576367034,-1.5,-133.20461295775857,-18.69387220635041,1959.928661072856,100.0,1
644,7.883002154432535e-07,-0.40710204093363245,-0.09765135616624895,-1.5,30.711050309888208,-82.36425018011361,1962.5713357601203,100.0,1
645,7.184398614564798e-08,-0.4760336961777342,-0.03542105955206409,-1.5,86.13399870601947,-142.83836080210955,1957.4451264892227,100.0,1
646,7.736166063833382e-07,-0.3664068508935102,-0.16501553920823997,-1.5,46.382359057684276,-153.71109639899697,1957.9670226738226,100.0,1
647,2.307132378810192e-07,-0.20873199231814077,-0.09065620239157729,-1.5,-41.810003073297395,-14.475236052674122,1964.040650661376,100.0,1
648,7.19874953758221e-07,-0.20460726848528324,-0.02789952010295275,-1.5,119.42350469873136,-45.33415053112299,1960.38162804777,100.0,1
649,8.545175158291362e-07,0.4607850769513483,0.14930773664637273,-1.5,37.67119587841187,105.14052807096292,1961.3616791974346,100.0,1
650,3.8447492014400816e-07,-0.059398445559898705,0.010750262839071795,-1.5,-115.59020497336476,-99.85364626470688,1958.5916981617147,100.0,1
651,2.8747861827485223e-07,-0.1992551260239447,0.2311761279629036,-1.5,45.10230694602496,106.51306594090825,1961.1308051627116,100.0,1
652,2.998975361214591e-07,-0.2977651826353746,-0.19084360766025385,-1.5,-69.13592590459301,16.64232595578376,1963.2515231121629,100.0,1
653,4.672851132502448e-07,0.3393589924793376,-0.2340785640574182,-1.5,-114.96084278282565,-82.36286545971454,1959.4421780920352,100.0,1
654,6.190750381865061e-07,-0.0697467255398919,0.4877039863111051,-1.5,-7.77166845729211,-166.47485271096483,1957.457281998865,100.0,1
655,7.712050012535126e-07,0.10591786161129833,-0.13404342999927446,-1.5,113.57924013687236,114.74504595134681,1957.8934130604978,100.0,1
656,8.703414637495603e-07,-0.006392640721566304,-0.19924632002860093,-1.5,24.46811143752109,-56.60558657214183,1963.5708302370037,100.0,1
657,7.084053789706934e-07,-0.21433148211402173,-0.3901088131723874,-1.5,55.9568223571706,-158.6201516731594,1957.3251563756603,100.0,1
658,4.947001563962715e-07,0.08197499042541072,0.1697208876385897,-1.5,11.270769505134954,162.79270514725405,1957.749930704055,100.0,1
659,5.361311467124604e-07,0.40676931143254696,-0.28228470373772163,-1.5,-27.817635783147388,82.41765650067893,1962.6122376319026,100.0,1
660,7.28436661182996e-07,0.2121503497918645,-0.39154006340581315,-1.5,104.416449320955,-61.2092760383162,1960.806955287593,100.0,1
661,3.621122972891986e-07,0.1678381991949894,-0.299835344514467,-1.5,14.838477430758845,93.57793233611127,1962.2528574150087,100.0,1
662,8.33515800292844e-07,-0.342744468685335,0.24972687257027618,-1.5,85.43723315418964,-30.01818426877446,1962.4506806720758,100.0,1
663,1.0059524082792062e-07,-0.3132636706858736,0.30137826617914976,-1.5,-95.34745079607498,-71.72114435588975,1960.9126006390757,100.0,1
664,1.4550536642811452e-07,0.2077386474566393,-0.44833660466624886,-1.5,-63.70311076813172,34.914735674044,1963.195395567493,100.0,1
665,6.052477437298415e-07,-0.040939776854078284,0.33325034801268266,-1.5,-95.75210759066164,-14.909095282833016,1962.1474305046308,100.0,1
666,7.196878894394141e-07,0.17189514830516198,-0.39829569511431206,-1.5,137.47306433518813,-76.66263923194663,1958.2229910289627,100.0,1
667,5.783962025544204e-07,0.028192339598462977,-0.29322572615352693,-1.5,67.408389494595,93.69392204052593,1961.145288922914,100.0,1
668,1.818037038287616e-07,-0.03746468273481638,0.031563299742510945,-1.5,12.866925243025365,-108.1310828804,1961.5186456967554,100.0,1
669,6.476564135184291e-08,-0.3152517201497501,-0.16612728443539893,-1.5,-66.2811146155202,-131.6383127568262,1959.0026683815395,100.0,1
670,4.604834864857217e-07,0.18640811920597872,-0.19668958573853682,-1.5,-24.310630062737545,-50.10841387335729,1963.749328807315,100.0,1
671,4.0983153347047356e-07,0.027287484723324658,-0.4224132360614693,-1.5,-124.0417813251441,-82.79241382187432,1958.870168991647,100.0,1
672,3.0632280213390845e-07,-0.134573810834744,0.2729859457304564,-1.5,152.38019691831227,-40.03851013435309,1958.2110406081079,100.0,1
673,3.9589231071133636e-07,-0.3064520150438051,-0.13384486821636113,-1.5,85.5704880513255,136.94936908594917,1957.890662970675,100.0,1
674,5.117587826802312e-07,-0.10738063836720436,-0.2622435186172975,-1.5,119.79255501466719,-90.98613289709942,1958.771184607743,100.0,1
675,6.833374003597404e-07,-0.04594705694504731,0.07086901893966951,-1.5,13.704679404632918,162.73900876829475,1957.7388699858977,100.0,1
676,3.573150908725546e-07,0.11333741107431493,0.16363187998606032,-1.5,-153.45697557294235,-60.69054204485913,1957.5956939624784,100.0,1
677,6.161061295529831e-07,-0.21701929015307403,-0.01777916598283017,-1.5,-26.695590159788203,77.73220687216846,1962.8189768154714,100.0,1
678,3.186760767565971e-07,0.27027392069864425,-0.3177208920463184,-1.5,-37.686390262972544,2.707378136870018,1964.1755757464,100.0,1
679,3.9383621586371835e-07,-0.02386652838869327,-0.26966077618156903,-1.5,-107.93229764484238,31.191891458475748,1961.323780332681,100.0,1
680,3.1776920492912345e-07,0.08771886759878728,-0.1603381558699053,-1.5,-38.31789444599885,32.61179553176447,1963.8944717126608,100.0,1
681,7.292876279261674e-07,0.0739426922190054,-0.07002897386003043,-1.5,-108.30235732794974,117.92845831478235,1958.0032595434664,100.0,1
682,3.351516339968189e-07,-0.42817356449982663,-0.1804741355440806,-1.5,-163.77336072027276,-4.696308293162407,1957.694950004452,100.0,1
683,3.0458850171558187e-07,0.10963163777793053,0.11133160531327983,-1.5,121.90762893077242,69.804961895389,1959.5099090255685,100.0,1
684,5.120407238330451e-07,0.3476519193920383,-0.3448589042968116,-1.5,-34.373059295069766,120.6353219353456,1960.5302594355396,100.0,1
685,1.950247500813643e-07,-0.4467212128455126,0.0944994923806104,-1.5,27.78007651790096,-148.99737452299456,1958.683572198441,100.0,1
686,5.971524453698154e-07,-0.12614339995680493,0.21545396694210348,-1.5,-37.46367342697358,47.6866497357683,1963.6027456887675,100.0,1
687,6.415141647373748e-08,0.11807204150032216,0.45442067520641455,-1.5,55.12109013997818,-118.7438022911206,1960.172150885059,100.0,1
688,4.934729658453493e-07,0.14897366044655322,-0.3412356635525279,-1.5,145.0471917069299,60.421167679556014,1958.2451023659687,100.0,1
689,3.2665293365222924e-08,0.09542254346247739,-0.15965365166762702,-1.5,-21.46829240213037,-93.11643706146666,1962.2134766218599,100.0,1
690,7.678032089639258e-07,-0.1499871906376381,-0.3684838111559663,-1.5,71.97222594253523,149.72096486342008,1957.5027248102042,100.0,1
691,1.9068544444666404e-07,-0.06401141325091668,-0.0241680954667843,-1.5,107.84122832224587,67.61919209132658,1960.4109774741103,100.0,1
692,6.346906268456914e-07,-0.26901134202961846,0.07069023749839456,-1.5,63.40951454072733,-42.41382988215048,1963.0572041503447,100.0,1
693,7.869100039461681e-07,-0.4418500709817036,0.006074516284458687,-1.5,111.87994085571736,-25.12255292382398,1961.1896956783253,100.0,1
694,2.9619863823509754e-07,-0.04852820960717859,0.2924207729278364,-1.5,92.90636373675314,-91.17907138838652,1960.22143412016,100.0,1
695,1.1342321344559451e-07,0.062400824834667676,-0.3353815380736464,-1.5,139.65416803529538,44.896195148531625,1959.054448267757,100.0,1
696,4.188941131641365e-07,-0.06717068381277748,-0.3576763824203065,-1.5,-167.20392382272829,34.02526229978468,1957.1148192300434,100.0,1
697,3.7176217614539616e-07,-0.1536610914319413,0.09430662796470299,-1.5,32.91697277177263,-5.48678402950082,1964.2554962047802,100.0,1
698,7.937563987785884e-07,-0.165461114683599,0.4203503654006846,-1.5,-39.52895857166421,102.02085107937988,1961.4898658023726,100.0,1
699,4.5416928682020376e-07,-0.28160431519074736,-0.21271570921307661,-1.5,-54.255348945922194,35.23309095082513,1963.4735222760041,100.0,1
700,8.841459130631561e-07,0.4795250609249196,-0.13177148898681743,-1.5,2.7409276403424236,-52.563549407966605,1963.83371160988,100.0,1
701,4.4161702355714525e-07,0.003744294126619692,0.05196150957415605,-1.5,-104.10361599864783,-89.89897839285693,1959.7178105753028,100.0,1
702,2.3144105046008298e-07,0.2855419985774243,-0.30793259805115886,-1.5,-48.073593749035176,-41.24812464581984,1963.517458049046,100.0,1
703,8.39907225160762e-07,-0.16731183960672152,0.24476198958072082,-1.5,-48.730262347944176,-160.593198664757,1957.357522871142,100.0,1
704,8.316396351158917e-07,-0.11439771724975314,-0.45782397006760794,-1.5,3.3532997393113475,-3.297496610985368,1964.533320705732,100.0,1
705,8.19705479430152e-08,-0.22502674062799682,-0.1338970655765338,-1.5,-71.49797178660143,127.64079945500146,1959.0837533426236,100.0,1
706,5.812068514383741e-07,-0.1745466886523308,0.1522199730227733,-1.5,-42.984949085537956,117.9610828826658,1960.5230841138784,100.0,1
707,6.675706756041823e-07,-0.2175149537124263,0.37858827179154103,-1.5,131.48035887648376,-89.1260798997011,1958.10692848413,100.0,1
708,4.454787094430261e-07,0.3756976910364541,-0.05154662733593729,-1.5,81.4620805689387,34.497770769707245,1962.546080862162,100.0,1
709,8.929657805856667e-07,0.27622238046155245,-0.16315949605500496,-1.5,6.635048607553146,-112.47280918834758,1961.3054656502102,100.0,1
710,5.304745987320439e-07,-0.38212055915867177,-0.004092701611272482,-1.5,7.591359345878758,-12.482155279958656,1964.4846279187273,100.0,1
711,4.867416581729213e-07,-0.18462394601704757,0.2539643943307243,-1.5,-138.261935818849,-61.81568076250701,1958.692355879714,100.0,1
712,5.079216701592501e-07,0.020842893848451918,0.4017587480891665,-1.5,33.476925398978274,12.529274496499317,1964.2137355727236,100.0,1
713,3.172435583121038e-07,0.1663851701197908,-0.47046295706334257,-1.5,-93.25353574104321,-94.36110176364461,1960.054347923005,100.0,1
714,2.881129723451989e-07,-0.11293451472729145,-0.24779913396854145,-1.5,-103.49642204906212,61.1308776768992,1960.858177605822,100.0,1
715,3.8615496056817297e-07,-0.15103308176457925,0.021408765027981863,-1.5,-68.53205637422026,115.77319616563297,1959.926838064331,100.0,1
716,8.133110687703705e-07,0.0772578664865744,0.05753359114009612,-1.5,92.77942552150422,141.89046975684164,1957.210351254615,100.0,1
717,1.4611559896658946e-07,0.004282015317186338,-0.07379024727536335,-1.5,156.1939014017191,68.64268909414716,1957.1164841840573,100.0,1
718,7.02969617779437e-07,-0.12703928809182638,-0.2326465350442777,-1.5,127.172791119895,102.78201374028153,1957.7222032546904,100.0,1
719,7.294655112543528e-07,-0.1359773604374493,0.18506590368993836,-1.5,139.07911747558683,18.861460984995965,1959.5189538858394,100.0,1
720,2.7439116210171224e-07,0.11513795957308776,0.2651409514654048,-1.5,130.85872741294676,-79.70399202316946,1958.55471033657,100.0,1
721,3.8960389126660857e-07,-0.30299235665269697,0.37384225256195697,-1.5,-165.7551805081003,-12.775065445759424,1957.492095540545,100.0,1
722,6.821350109248311e-07,0.17163137395152936,0.3539289979361782,-1.5,-25.046907452099095,106.65105642468365,1961.4819629190365,100.0,1
723,2.7667608688216634e-07,-0.12601996138175922,0.22070553236397578,-1.5,-48.19840843100102,1.9276463645255655,1963.946660138799,100.0,1
724,5.19066671382874e-07,-0.04696667232092908,0.44484383954317114,-1.5,-76.23420816358393,49.37666049724845,1962.438171553423,100.0,1
725,7.840135586472595e-07,-0.2576141527194125,-0.3910760117637829,-1.5,0.7806121153242559,151.62170012788687,1958.6790285703235,100.0,1
726,8.983034226716173e-07,-0.10643739270291297,0.04869601125792635,-1.5,-95.97576454158822,67.58817293178373,1961.0287549565744,100.0,1
727,2.5342196800562853e-07,-0.041563011700406466,-0.18081705634739823,-1.5,-129.4174314691624,50.84202743854282,1959.6120797096537,100.0,1
728,7.063690419267798e-07,0.04583333592700572,0.3198976687924875,-1.5,-61.25012603826036,133.72721847876844,1959.0249460801565,100.0,1
729,2.2125098973217593e-07,-0.025086195504670287,-0.46819492973424864,-1.5,144.16579889487656,-71.43698497956656,1957.9392906502903,100.0,1
730,1.5876449928595503e-07,0.10424984497069566,-0.34663148639805186,-1.5,5.979625187366605,91.32425373312643,1962.4060260376386,100.0,1
731,5.276871479175944e-07,-0.368304896717608,0.07191097333167044,-1.5,-118.27293641162554,4.5351483528146925,1960.97022700706,100.0,1
732,2.407587003982992e-07,-0.26019815536096014,-0.2996255725659192,-1.5,94.15297942644072,-115.35856089175013,1958.8876703783296,100.0,1
733,1.9967644064420784e-07,-0.09712385229786923,0.2787861710296714,-1.5,4.793636735199709,158.72149516238414,1958.1107717099153,100.0,1
734,9.003424968506505e-07,0.004720080613872935,0.4730060643477419,-1.5,-119.69056143954377,-5.632452890571048,1960.8813659277946,100.0,1
735,1.4034644890908382e-07,-0.20530193688736037,-0.16851827452074694,-1.5,-106.13922794556733,-13.768239852146673,1961.621315679615,100.0,1
736,1.213378668691009e-08,0.24937937100428517,-0.12435612576642179,-1.5,25.91501824285448,-168.65558534291654,1957.1144554236582,100.0,1
737,6.12480089169619e-07,-0.32220819251663296,-0.1207479760867722,-1.5,14.454059276974304,39.07044256746728,1964.0972142320581,100.0,1
738,4.5420347281710916e-08,-0.2736864681426913,-0.1941565594068506,-1.5,97.70993010234908,-60.3149814847874,1961.1802973806398,100.0,1
739,6.050340703360685e-07,-0.30588971925584435,-0.24674592795887398,-1.5,131.4777990368835,97.55614008491109,1957.7052061427128,100.0,1
740,2.837300389746704e-07,0.39743594374765834,-0.22046105308504846,-1.5,-13.581983684338917,-41.18225233061918,1964.0602939009552,100.0,1
741,5.699406026956681e-07,-0.032873613605963935,0.242791758482977,-1.5,-73.17546667311758,-142.63764440518725,1957.987012148406,100.0,1
742,5.66031429238451e-07,-0.45539961549029073,0.12958962812115765,-1.5,37.38145753353639,82.62843616366028,1962.4445098998208,100.0,1
743,3.601394668035184e-07,0.3263725037054308,0.17027513192240115,-1.5,18.33195687437523,-9.919598419637746,1964.42837161106,100.0,1
744,4.985438159374332e-07,0.059272531992515955,0.32991104209867056,-1.5,-48.5932276788219,98.88890101354859,1961.4466522814782,100.0,1
745,4.2529516209179794e-07,-0.2590610962492834,-0.017964111048478917,-1.5,-11.831585122432571,55.555222197141426,1963.717626632263,100.0,1
746,4.3090360374928357e-07,-0.131905533670089,0.2001538046450728,-1.5,-146.18659321082671,80.38097008222692,1957.4426341224369,100.0,1
747,4.3838033849850705e-07,-0.4454733605139126,-0.010938745101155677,-1.5,13.2636917235001,137.83735103586105,1959.652577730913,100.0,1
748,1.7734750070844522e-07,-0.32086913922243926,0.09062471676402466,-1.5,-44.88517330643714,148.1429098350305,1958.4310776100833,100.0,1
749,8.020784540145451e-07,-0.02440533313032525,-0.40592190883297535,-1.5,44.52379341788879,-119.82436976939121,1960.3757391110462,100.0,1
750,2.4366423415701096e-07,-0.43662818884255306,0.24330912640682179,-1.5,143.928716356855,-47.4073512421284,1958.6858742335905,100.0,1
751,5.526070491431479e-07,0.21652243701014984,-0.44823468724805693,-1.5,8.037543682930961,-68.41138012313861,1963.3309876908997,100.0,1
752,3.49100812085682e-07,0.31738959409463696,-0.16505286149536236,-1.5,-14.701015006481988,152.94929678478286,1958.5207885128386,100.0,1
753,3.956354815885269e-07,0.31517174613002946,-0.21848254087882268,-1.5,-39.45125343488281,107.73327023246475,1961.1859746983625,100.0,1
754,7.057490360825716e-07,0.2662369331219783,-0.01615859601724634,-1.5,92.6420691232398,-21.731204446113814,1962.233036121861,100.0,1
755,1.4801159211587907e-07,-0.28674808120697587,0.2936614517205796,-1.5,6.517168114852277,-93.33467096437566,1962.3097237647949,100.0,1
756,4.424111623223548e-07,-0.46170013104613006,-0.08543154559854106,-1.5,-56.29622775349142,111.74655699453791,1960.5501085171795,100.0,1
757,8.63909115310569e-07,0.07722966045897657,0.06286009985228966,-1.5,-10.917551780221805,148.78579337141107,1958.8662233598538,100.0,1
758,7.66228402404322e-07,-0.4652211238811079,0.05474724716677273,-1.5,97.45178113378421,-112.61254727387487,1958.8861250252587,100.0,1
759,3.380590052046426e-07,0.3255484420025383,0.3406183039535312,-1.5,-31.614420973550033,125.10582527711573,1960.2964947003222,100.0,1
760,4.986162738949663e-07,0.01961216596275456,0.14473821568148437,-1.5,84.27860368875976,13.859215325454539,1962.6814120934062,100.0,1
761,1.1514610243880472e-07,-0.2832797054363527,0.015813981877236344,-1.5,-124.64012301530452,25.29735873654768,1960.4178558771127,100.0,1
762,5.64754045940458e-07,0.07840158388987593,-0.29405159130160924,-1.5,60.47956415741293,75.23368326371246,1962.165997434477,100.0,1
763,4.4933682893229166e-08,0.217830797682791,-0.4312157176931751,-1.5,-47.60714932105047,40.389233806395524,1963.5466776708383,100.0,1
764,7.402828971423595e-08,0.11172512093309356,0.4267099351109416,-1.5,47.76182780697338,-57.514389630646704,1963.1159387708312,100.0,1
765,5.41176001414366e-07,-0.10913659551776007,0.21242218750216754,-1.5,38.059919412996344,-69.96198050406451,1962.923852339758,100.0,1
766,4.610009003090007e-07,-0.1668903374049028,-0.22446185515524048,-1.5,89.77744492606254,-40.60661607466703,1962.0663595759556,100.0,1
767,7.343414864269002e-07,-0.052895796278536356,-0.4557844583960343,-1.5,-33.12592010039128,-49.74000716487911,1963.6297745173024,100.0,1
768,1.7100005085749532e-07,-0.12363916417324514,-0.4311865813542228,-1.5,-11.823388533717264,34.26750522578159,1964.20447811202,100.0,1
769,2.0525618124878076e-08,0.05419023296459317,0.3556464939363714,-1.5,42.09727477286549,-165.72509664734582,1957.0836206110503,100.0,1
770,4.0968566805142704e-07,-0.18901173699331575,-0.17913961431316855,-1.5,138.3050941422595,-82.35329694377963,1957.9333292231688,100.0,1
771,2.8610920436456873e-07,0.4148435794422804,0.016716512499658744,-1.5,14.409839783188922,-149.91163437837315,1958.7578065349373,100.0,1
772,1.6135827831524643e-07,-0.10617533333185591,-0.12752922996473795,-1.5,-31.402307150267383,-145.5375707999447,1958.8889700178065,100.0,1
773,8.173853700424367e-07,0.4896854696532322,0.07714776074132373,-1.5,-18.826112549580575,20.71365538696284,1964.3395348648135,100.0,1
774,1.339802164226921e-08,-0.004248539690525022,-0.44336989791581566,-1.5,111.56154544960843,72.18427977283127,1960.0399836729616,100.0,1
775,8.619442077985962e-07,0.18667637484917582,0.33811608847778774,-1.5,-135.11012407354644,-79.03069961199404,1958.293310297975,100.0,1
776,5.728522051243207e-07,-0.38634162229643415,0.16468567853395255,-1.5,-108.14860724321632,-118.55907121903633,1957.9736749121944,100.0,1
777,2.1388321763708437e-07,0.3615013010617595,-0.10135486559610485,-1.5,122.77186162569828,115.87945453036313,1957.271649076039,100.0,1
778,4.91930657280426e-07,-0.36432621675292404,-0.1174367237838406,-1.5,1.9865141201027492,-56.31748042054059,1963.7305521447854,100.0,1
779,8.107734780005083e-07,0.2889823097961782,0.006619797203347959,-1.5,57.72257741263793,33.24087569268884,1963.409390449724,100.0,1
780,2.6781329241699775e-07,0.4004732077360789,-0.1685895406163676,-1.5,59.690830173449704,-20.483729040559297,1963.5250718806542,100.0,1
781,4.856913869665707e-07,-0.34145363306702026,0.2149279572923393,-1.5,-21.873052754689134,-41.893354036742494,1963.9704179841594,100.0,1
782,7.721101975992824e-07,0.30227104166512864,-0.2731256008587983,-1.5,-132.02462485322957,65.85317448886666,1958.9911036317226,100.0,1
783,8.684654915116153e-07,-0.43417200742998396,-0.2442209703107597,-1.5,26.293295755373205,-13.785923827810386,1964.3146125732164,100.0,1
784,1.9522524156802808e-07,-0.16689940472140924,0.020465785508049984,-1.5,-96.18556793134067,138.9693683719681,1957.2555115370483,100.0,1
785,8.174736699361937e-07,0.15628153702622463,0.33228677877049867,-1.5,114.47026930352095,4.190075308620753,1961.1966466880924,100.0,1
786,2.3933839075120923e-07,-0.40993583790480426,-0.06513846201266622,-1.5,-86.48576158283748,-143.98900005307914,1957.3453111736014,100.0,1
787,7.253095187859851e-07,0.32152289157316916,0.31099587332516077,-1.5,49.08744775221205,-108.41361177970764,1960.930951747201,100.0,1
788,6.698308789775015e-07,0.079541824791418,0.26925501536171015,-1.5,-77.2605863798044,-29.41004401243107,1962.7988020603555,100.0,1
789,3.489526545039634e-07,-0.30736045101716253,0.218818880854214,-1.5,20.128386488474415,140.5307379739687,1959.4027778912618,100.0,1
790,4.332958986088355e-07,-0.19357808374502639,-0.15965772890825095,-1.5,-76.81648244128186,-126.69774573160342,1958.9436427620906,100.0,1
791,3.626051892625291e-07,-0.04586497873725669,0.43840517722525707,-1.5,50.57420228486148,151.49244121695693,1958.0361530328055,100.0,1
792,5.08184002540132e-07,0.11385765259660018,0.20561787104741866,-1.5,44.91431261733422,-25.48455093011361,1963.860109186022,100.0,1
793,2.1252081098583878e-07,0.23337767274287685,-0.21715854681219993,-1.5,102.5880180516054,96.98729666257226,1959.4597339839522,100.0,1
794,2.169994301466764e-10,-0.17642009395692182,-0.21835976261378898,-1.5,7.141121554789187,28.725501051142835,1964.3159461345397,100.0,1
795,1.3056901844930711e-07,-0.026123612798898854,-0.22030370694394025,-1.5,-139.48345840435135,-73.59911540219981,1958.1983610731847,100.0,1
796,7.025193228690332e-07,0.2026872530783736,0.2897059216037222,-1.5,-81.37773167069139,-102.95779642101034,1960.1506684972953,100.0,1
797,6.305586846467487e-08,0.3646638784648908,-0.3230517159146424,-1.5,114.77796538630652,76.81804563517709,1959.6781094844896,100.0,1
798,8.327062371683343e-07,0.19352711250994956,-0.1105678338918024,-1.5,109.3649520845989,30.56495547193433,1961.254286679487,100.0,1
799,5.154579716483409e-07,0.001494775481745094,0.15742498224006232,-1.5,-55.33174828194297,155.8736625039601,1957.5635584153574,100.0,1
800,2.8951529086204796e-07,-0.38632146306989673,0.06727245474445084,-1.5,-94.37630279505666,111.47998094935073,1959.101481185801,100.0,1
801,6.479077064747718e-07,0.21793622105539484,-0.31604124478884266,-1.5,3.8227949960085126,148.780828271596,1958.8932940932152,100.0,1
802,7.564202395839051e-07,0.4254927879646717,0.15813122602680493,-1.5,14.663516169299994,132.6013777511792,1960.0038627967479,100.0,1
803,6.240977637891512e-07,0.17421010041947965,0.44198309308368605,-1.5,154.98339993102235,11.115861239089952,1958.384505055344,100.0,1
804,1.8398399486831904e-07,0.4932771582779917,0.012012137662809019,-1.5,18.478675547990385,-22.4569751187996,1964.3236772702805,100.0,1
805,4.009299208518525e-07,0.09106200709968797,-0.0649714791090014,-1.5,-72.99172838358346,74.62912395427107,1961.7634892390893,100.0,1
806,2.2160659011593152e-07,0.17459625706925594,-0.06967350576900778,-1.5,-52.83436332477877,-19.766073212341794,1963.7288811513572,100.0,1
807,3.5122881269367285e-07,0.28549469560933977,-0.03773781648053242,-1.5,3.230724846962915,69.9492467350817,1963.2905927458341,100.0,1
808,3.7288289839013725e-07,0.18395516218177957,0.26628098184881893,-1.5,162.63750860772123,-47.37589014094683,1957.2219731275648,100.0,1
809,4.244942059653096e-07,-0.2555783669649053,-0.26948070263956775,-1.5,-72.16143374382611,34.32314943786542,1962.9131247100145,100.0,1
810,8.871410047763793e-07,0.46114633935606913,0.12956929311393875,-1.5,17.556444782540076,12.417172534913288,1964.4212560800106,100.0,1
811,6.854651800661446e-07,0.044535236185825104,0.33918158234195217,-1.5,-34.753142722692154,-135.93586612714677,1959.522121752467,100.0,1
812,1.6966043486534854e-07,0.04745299863491792,0.1523658077144122,-1.5,2.831411440889148,-165.5170559122327,1957.5518827294286,100.0,1
813,3.435461432943175e-08,0.1794795774710253,0.2523644593461726,-1.5,67.21926568592974,129.26576543410494,1959.1286885943737,100.0,1
814,4.344099359529769e-07,-0.46105167257704815,-0.1901156803417004,-1.5,-55.829352979601836,-160.03195048492796,1957.2138729418407,100.0,1
815,5.578041535967657e-07,0.017507714383359466,0.4639572443073548,-1.5,-37.759998428395946,-13.174178393811342,1964.131846340379,100.0,1
816,3.447277716570712e-07,0.1420253173557654,-0.1938014534244496,-1.5,-130.56522142284672,-9.302299513005662,1960.1733281637887,100.0,1
817,2.0267261761170238e-07,0.17252803307946463,-0.1741388570300147,-1.5,87.07582021623777,-11.525307036674718,1962.574394793102,100.0,1
818,6.458920527176413e-07,-0.3613008700630079,-0.12085765119317754,-1.5,90.73961020586077,72.63132704037555,1961.0977282476704,100.0,1
819,8.34288864203596e-07,0.25695037975558027,0.328286293001546,-1.5,75.65504836716866,-142.61037756382117,1957.8947571648985,100.0,1
820,6.706048645792979e-08,-0.0449821996300475,0.22534360931875805,-1.5,15.89650937273339,151.08543985093027,1958.6561150750645,100.0,1
821,1.5809402670981025e-07,-0.3177046079579722,0.3428558884266304,-1.5,-60.57121449152146,-1.4161576596097516,1963.6044430431084,100.0,1
822,6.622626030544022e-07,-0.05128039364451608,-0.2912533884073566,-1.5,-83.63366477764913,-144.52010619010616,1957.4301099372083,100.0,1
823,7.137680911324292e-07,0.4028149193725363,0.06557638458423837,-1.5,169.44584828471628,-4.450681555857498,1957.2127074487566,100.0,1
824,2.0041392794028178e-07,-0.29260171701669635,-0.012082510778840335,-1.5,115.68714498612896,-31.26970115614915,1960.8804085258985,100.0,1
825,8.153679991600462e-07,-0.11778585365117075,-0.400261910241007,-1.5,-157.94141780330705,33.036529917935745,1957.9010144793822,100.0,1
826,5.995024958674928e-07,0.2733408511393295,0.24803142113241958,-1.5,51.581849822711575,56.458087217246856,1963.0499441997822,100.0,1
827,5.391628724248648e-07,0.3452700203322755,-0.0403605619303331,-1.5,48.21185600010802,-15.904950913859262,1963.8828722058715,100.0,1
828,4.2770460638031793e-07,-0.4591303541901608,-0.10041322079273902,-1.5,46.89871259652411,-156.06998701836204,1957.768105822293,100.0,1
829,4.962868832459874e-07,-0.03586433254705604,0.33248164913499173,-1.5,-27.8843178528707,111.14575982269655,1961.1941186831677,100.0,1
830,2.9341036831832323e-07,-0.16286578463166487,0.1089175311496119,-1.5,74.89664111864755,104.83554336243651,1960.3094878776612,100.0,1
831,1.459982830053963e-07,-0.2894753694952549,0.16991532715080532,-1.5,73.41838809807324,68.03042187790008,1961.9874842246898,100.0,1
832,3.6022096306898404e-07,0.36253850652043734,-0.0864973757825202,-1.5,-128.91858591255732,-20.824700079636653,1960.1937701000456,100.0,1
833,7.995780716429704e-07,0.12065508221324052,0.44244962420837475,-1.5,47.90651790373801,36.088728564425,1963.6231449743796,100.0,1
834,1.4185290969543796e-07,0.39508751955598775,-0.04679511899380572,-1.5,-48.70397418408966,-152.58431344542728,1957.9987835683644,100.0,1
835,7.535972376336855e-07,-0.15880074946820516,-0.20420464815792838,-1.5,21.493518507024408,124.98037357221978,1960.4415883035301,100.0,1
836,2.517551326030734e-07,-0.3404869356921754,-0.2942886564994029,-1.5,-68.72646908709083,-79.77599099457687,1961.715002229882,100.0,1
837,2.0674553366675513e-07,-0.41992707344840247,-0.027731893499723364,-1.5,-85.17875559879481,74.3136147414063,1961.2841080590129,100.0,1
838,3.644212927706848e-07,-0.24655625239445306,-0.1592279208347788,-1.5,41.762194669764824,-44.62394613330134,1963.5880191104213,100.0,1
839,1.3058140182417628e-08,-0.22696160148781422,0.20504536658199668,-1.5,-101.2383634121589,-66.48057877072253,1960.8019820180896,100.0,1
840,9.004325149691669e-07,-0.290826765937842,-0.1040409163789421,-1.5,-67.46145164249958,-29.999423353840356,1963.1511081439592,100.0,1
841,3.850441407508397e-07,0.09827224463914225,-0.10590756260106972,-1.5,4.094229904953517,127.86475722991048,1960.3691303951286,100.0,1
842,2.751356778553144e-07,-0.29731898101436105,-0.08422049485196136,-1.5,129.33019958546922,-48.70148336859004,1959.6722050534402,100.0,1
843,5.177168141095892e-08,0.06466919571422215,-0.12919755578031894,-1.5,3.0177344493102867,52.18990099819091,1963.8432711850312,100.0,1
844,5.34861338632928e-07,-0.37549993607409937,0.08390669541875925,-1.5,-19.127890080748738,133.41123915179298,1959.9104192169532,100.0,1
845,2.4668234144811937e-08,0.3703294806967402,0.19774772401221583,-1.5,72.92878130638724,34.16056019555476,1962.887601277878,100.0,1
846,1.6899098274616977e-07,0.2386278668524255,-0.2811480201404129,-1.5,39.802124443731586,-94.42274909612664,1961.86478168324,100.0,1
847,2.1161005879689317e-07,0.3394837589245856,-0.18040507515673282,-1.5,71.59464724672272,-62.88152641996181,1962.2266450099091,100.0,1
848,7.49149678989264e-07,0.33404036263944237,-0.33998975939416937,-1.5,102.15350628101604,-22.73591467659169,1961.7494808472472,100.0,1
849,1.6890827654320958e-07,0.2270786261386994,-0.33047925889845875,-1.5,-32.02844691461267,-6.456155077863575,1964.2672381618493,100.0,1
850,8.494434880090831e-07,-0.22082018951334176,-0.35893007061433324,-1.5,-104.9670412699114,-119.05447260522246,1958.1167582822695,100.0,1
851,6.022373896697077e-07,0.04251072416165206,-0.22654396579387703,-1.5,19.60318258495869,35.73936668353616,1964.1160096001793,100.0,1
852,4.5624733715126876e-07,0.13866289833361017,-0.24660990909892933,-1.5,-74.02095650310447,-69.44165084161808,1961.915401181429,100.0,1
853,5.70363713778235e-07,0.444235294084529,0.06940510027726417,-1.5,24.018297689075162,126.21789231415966,1960.3329950041707,100.0,1
854,8.976912864535467e-07,0.30288229446950965,-0.0562372762935528,-1.5,11.102981016716566,124.85876239235401,1960.5357174845153,100.0,1
855,5.641079309302787e-07,-0.21451711311543847,0.06534639878365667,-1.5,10.424176635316618,-142.65528297051495,1959.3249074740538,100.0,1
856,6.756871699211206e-07,-0.20979078749857788,-0.026317751312831556,-1.5,-121.65133036870266,-101.44201823443866,1958.1429357996774,100.0,1
857,4.973903698209148e-07,0.040932548265829094,0.11202009747200015,-1.5,-17.728310374955818,-160.16157872658945,1957.9191152795836,100.0,1
858,2.2160905066907175e-07,0.10649726390546473,-0.26896248649855214,-1.5,19.008264965237874,46.26955684842979,1963.9020088176987,100.0,1
859,1.0788460113055393e-08,0.4252565958998888,0.04884091420236096,-1.5,107.5838146617718,-79.46106115975157,1959.98085420453,100.0,1
860,1.4556217745768753e-07,0.109763138823237,0.048264205794256755,-1.5,-26.165075187769048,-93.92983850463455,1962.117697933802,100.0,1
861,2.0913187066412764e-07,-0.36819714807942966,-0.07850072372593726,-1.5,44.17533129134272,-57.43270030861606,1963.202310335512,100.0,1
862,4.430569694958004e-07,-0.24855385467587496,0.15693264754449543,-1.5,-83.69951378965752,-79.56915846055963,1961.141613111961,100.0,1
863,6.850079259305993e-07,-0.4369561599297029,0.12694922722487595,-1.5,80.78887550075744,-50.09300340121669,1962.2377875455613,100.0,1
864,4.8147976060974e-07,-0.26002456971711424,0.12753644983377543,-1.5,-123.24045742849768,-68.1100944066411,1959.486180343935,100.0,1
865,4.235766460912262e-08,-0.13493127420577286,0.17145947028287012,-1.5,142.19633064079977,-74.44603930631413,1957.9712145611402,100.0,1
866,5.019189134484013e-07,-0.37025633072750624,-0.2793849488301084,-1.5,-40.96372866365008,4.8626529430166405,1964.105805145552,100.0,1
867,1.6927883281422584e-07,-0.4839690230892092,-0.07177062319047735,-1.5,-23.26502239942762,95.21381005196473,1962.0923411945407,100.0,1
868,5.581564162333173e-07,0.07593871371705117,-0.2772317960168881,-1.5,-95.35388486653024,1.506025527185509,1962.2228861151586,100.0,1
869,1.0314098908851973e-08,0.2275522861371788,-0.33826346672618945,-1.5,38.33683160554572,105.45876941892357,1961.3316959558945,100.0,1
870,4.4230577200457473e-07,-0.19043447319354967,0.3037271784071072,-1.5,99.83976552327985,38.42590683953545,1961.6240101431129,100.0,1
871,3.1854320472460156e-07,0.445086712768918,-0.0034682903988978724,-1.5,-171.01535649458054,-7.190731925508843,1957.068043651916,100.0,1
872,3.9347776703391583e-07,-0.28189302041691405,0.2763411321791627,-1.5,-47.62017580005118,101.23837741486994,1961.3506560687479,100.0,1
873,5.892012363053572e-07,-0.14483246499146088,-0.20626844344549666,-1.5,25.55445763841718,136.90577480075112,1959.5961483905667,100.0,1
874,5.979063830728184e-07,-0.3869007518990933,-0.21231569519454913,-1.5,-48.81949543122334,-103.32532617833628,1961.2123342723787,100.0,1
875,7.853334361133512e-07,0.12334175953773786,0.4687904179582961,-1.5,106.33023360690657,97.87335668187187,1959.2161630966234,100.0,1
876,4.907098319418951e-07,-0.1573857788274701,0.090556935517306,-1.5,118.80505004736891,119.74974456853917,1957.2834861167003,100.0,1
877,3.239877573567882e-07,0.15642501038382556,0.4204523534808217,-1.5,-23.17485347083066,-102.64565825257236,1961.7186549744163,100.0,1
878,1.2639586063751647e-07,-0.3952209893089567,0.1467469667982199,-1.5,-150.0049179099037,40.468188310180345,1958.3855944639365,100.0,1
879,2.0262335285152665e-07,-0.13826762635055015,0.32717886225424286,-1.5,54.74335492306036,-49.05656249397248,1963.1632395280262,100.0,1
880,1.3858447116791296e-07,0.2973731439521662,0.3381114528254118,-1.5,6.403088339270466,52.82462246405536,1963.8181804809174,100.0,1
881,7.563341711444117e-07,-0.3854675203142206,-0.08636280528984612,-1.5,-94.1199624805978,12.378109266604287,1962.2439963826532,100.0,1
882,3.2808468144484984e-07,0.1755273642438519,-0.17524483669932897,-1.5,95.26162914933842,28.034495289746282,1962.0276693644753,100.0,1
883,5.705468856280053e-09,0.03565746793453076,-0.12727512415394854,-1.5,-147.9835595069316,-30.720721041256354,1958.7165159053761,100.0,1
884,3.6848671843755286e-07,0.1260440984893342,-0.13652524465530497,-1.5,-10.175313417552013,-103.93902695039216,1961.7610527124834,100.0,1
885,1.3179341490047796e-07,-0.29772666706257145,-0.01986789061289635,-1.5,-65.10986227633946,-128.0147171725761,1959.2820685872957,100.0,1
886,4.7292311249465516e-07,0.43610816634748045,0.0845518770256056,-1.5,66.95127339268063,26.990220988631503,1963.2122506820842,100.0,1
887,2.3769917393224164e-08,0.37337614319647916,0.10104926706714094,-1.5,-17.964638900671712,-20.020957027395756,1964.3547844763193,100.0,1
888,5.045261539523155e-07,0.4485420760294036,0.02026926162164038,-1.5,-73.57098795333283,-111.50596660511002,1959.9915855454997,100.0,1
889,4.678994022737677e-07,0.02571522280768974,0.01098142320283248,-1.5,-2.264878314198096,131.30498684531068,1960.1446775740574,100.0,1
890,4.964063609277466e-07,-0.2621135993460655,-0.4015136034196664,-1.5,62.0392150489051,-15.818651496460616,1963.4954016567192,100.0,1
891,6.634314333693425e-07,0.02144691311034405,-0.1027951207386453,-1.5,14.504110058172511,-169.5689919117971,1957.1533598672252,100.0,1
892,3.214494858648523e-07,0.2617993240531377,0.32864002131469466,-1.5,75.53054865747919,-1.9645110595970028,1963.0854701672895,100.0,1
893,5.307782607648324e-08,-0.15906004543048263,-0.34533602887153103,-1.5,-106.06615170475892,-117.69923500361269,1958.1394607658156,100.0,1
894,1.3596194800825855e-07,0.004751196129347059,-0.30305505867993693,-1.5,-33.676988764946806,24.34429198156618,1964.0994124895444,100.0,1
895,2.448083579690231e-07,-0.04359040639913451,0.3452622485634831,-1.5,-70.54069547603115,-69.64892842096653,1962.0362696233983,100.0,1
896,3.434768113464104e-07,0.3754182765217964,0.08021299658415103,-1.5,105.42221836628276,-72.29030033851953,1960.3758707497473,100.0,1
897,2.3647533199552543e-07,0.02400031585640661,-0.042915059390367466,-1.5,125.88753920440993,40.54636408577265,1960.082040655088,100.0,1
898,2.587636446544398e-07,0.06448115368099487,0.2536267064039004,-1.5,-39.83671625738049,55.04381260461173,1963.3635682160113,100.0,1
899,7.365177778443467e-07,-0.046799183945289285,0.0129821809262049,-1.5,-67.31068859236221,-149.3948818633761,1957.6934710879486,100.0,1
900,4.148528349947563e-07,-0.03792787268354045,-0.3581740291566639,-1.5,-80.02578152170342,126.36022932553469,1958.836964375231,100.0,1
901,2.158001648000826e-07,0.23765947592490722,-0.3768070769262583,-1.5,127.46546983118131,67.55477358900704,1959.2351040220226,100.0,1
902,1.4541520009862086e-07,0.3177195242482364,0.18428173267068476,-1.5,-36.19503206550046,-133.98192856825392,1959.6305898656103,100.0,1
903,9.012993952314557e-07,0.2499308350782414,-0.28191463890618496,-1.5,-1.6305642013775241,130.22993088847667,1960.2170269200549,100.0,1
904,1.3160350259213057e-07,0.06888655594663586,-0.08842750915035762,-1.5,-15.990260408284913,101.25501676402119,1961.8626403034245,100.0,1
905,4.5099748297869477e-07,-0.06889165114343493,-0.4500635448618436,-1.5,-123.79195788091958,-64.98657625333345,1959.5574965631934,100.0,1
906,8.391011523590443e-07,0.17962538299238812,-0.06802559698370546,-1.5,152.7874225078039,-61.97593309340693,1957.6077935855167,100.0,1
907,1.811321274779265e-07,-0.4931436689264757,0.004594753649609827,-1.5,-94.59371941645749,-93.3697806008563,1960.0376013188215,100.0,1
908,3.9904973549883386e-07,-0.43889461147736764,-0.14054316408815987,-1.5,107.56498090646419,-129.3934871422468,1957.319694539932,100.0,1
909,5.54260674930541e-07,-0.134158996038715,0.2673163064701844,-1.5,28.02894131407811,95.10819944034466,1962.0351921191827,100.0,1
910,8.391974434138189e-07,0.3639615786708669,0.11811921233164648,-1.5,43.28446624025465,-128.66788709154264,1959.842931481966,100.0,1
911,7.221593108001943e-07,0.15592443154466115,-0.47135707223228246,-1.5,11.942208547560659,-85.13646721888145,1962.6569878281396,100.0,1
912,5.486340416331108e-07,-0.17685663473235316,0.21648843748096555,-1.5,-124.83310169616652,-102.50559895339967,1957.8872759099925,100.0,1
913,2.736184877861087e-07,-0.3037018371436986,-0.20462611434492564,-1.5,-87.5662973819001,-137.6351337096194,1957.7543257001607,100.0,1
914,5.02814962971203e-07,0.1028220157100078,0.18611921858896283,-1.5,-120.17777262596452,115.12579199430435,1957.4771112967012,100.0,1
915,7.472547581111376e-07,0.24818169757888803,0.2343873795845862,-1.5,48.266003973824546,108.40501342264577,1960.9518179168417,100.0,1
916,2.837386799201552e-07,-0.004943963395068248,-0.06536672727579888,-1.5,19.50287981237232,-120.5684205776853,1960.7386822074373,100.0,1
917,7.532160750662849e-07,-0.14814039575152996,0.3918468385368553,-1.5,107.67292115637365,46.46767168399419,1961.0355896321853,100.0,1
918,3.6457351792961155e-07,0.40771273507592365,-0.07349478005747517,-1.5,70.4862763184196,-75.16147876413838,1961.834784895732,100.0,1
919,6.067386169804404e-07,-0.15228503453103312,0.33524931614663145,-1.5,-8.953362260777407,106.30638737444487,1961.6401493581213,100.0,1
920,4.346699695378466e-07,0.07089147994740168,0.31427441718581917,-1.5,-1.3261358292092678,144.03279500821463,1959.2514084700858,100.0,1
921,4.145132619582756e-07,0.09586484275151588,-0.20095510081407622,-1.5,-45.665432532286225,158.52140289879145,1957.6002961178692,100.0,1
922,1.3345723464086841e-07,0.263419493797006,0.18049624684677154,-1.5,28.84615921143779,112.4587244173844,1961.1053568503896,100.0,1
923,1.5572486637566405e-07,-0.21909637429786266,0.011391292425359583,-1.5,-66.11706323440261,-78.71538034443266,1961.8475244301276,100.0,1
924,7.489363572193315e-07,-0.32340931098137554,0.3266825148226498,-1.5,140.66572048720786,-9.120469603913712,1959.4752507699989,100.0,1
925,5.746612399072358e-07,-0.12153999384734665,0.17845471490741682,-1.5,0.2805922199824009,166.3402919998317,1957.4841288734754,100.0,1
926,3.857778577111329e-07,0.10719346237117602,-0.32136420531904125,-1.5,-112.46852004783078,116.94744837956104,1957.8272172441295,100.0,1
927,2.7647071468497483e-07,-0.10295257569465031,0.2966809839820895,-1.5,-42.31381030485428,-111.22145451002076,1960.9315683573182,100.0,1
928,2.58718488557076e-07,-0.1422293630862599,-0.34044783115649263,-1.5,87.89309914172895,-64.67163540348463,1961.5059696477174,100.0,1
929,7.168121460090638e-07,0.10110079621869292,-0.09539570340320297,-1.5,-19.580655639371532,-82.77945615915561,1962.6964731788912,100.0,1
930,3.133075382372319e-07,0.38941988038753395,-0.2822812275807321,-1.5,-126.06981421535721,-31.132635108971545,1960.242446035951,100.0,1
931,5.837075439021188e-07,0.1391880474765132,0.22890976991147183,-1.5,15.177346391003598,-72.06845172223532,1963.1579337101277,100.0,1
932,5.332727824396003e-07,0.3422846402532954,-0.188986598672485,-1.5,23.235209063896562,78.66428166601818,1962.825856288799,100.0,1
933,8.90130375552566e-07,-0.15939730931402663,0.299143097872025,-1.5,156.67669455008908,53.48188093257111,1957.5508647447461,100.0,1
934,1.7798191158027126e-07,0.1872504428264955,-0.36677994453930624,-1.5,52.65730463412193,-44.27663347197699,1963.3339181767294,100.0,1
935,5.391561589441321e-07,-0.12558218305472632,0.3722275837447685,-1.5,11.265052119136206,-104.42597960740298,1961.7292370890327,100.0,1
936,6.551668629593566e-07,-0.2931046456120498,-0.15406063221978486,-1.5,-23.054179818155013,-19.41330637398314,1964.3077443706914,100.0,1
937,2.2742291461140687e-07,0.09275247611047677,0.16265495658205217,-1.5,17.332161308647095,154.31947950894454,1958.3917842695805,100.0,1
938,2.6068124380165277e-07,0.11900559926140508,0.4041082328825231,-1.5,-64.11573653286545,-94.98760951761898,1961.193466395681,100.0,1
939,6.404067103757972e-07,-0.06689544000502881,0.4165615681656495,-1.5,24.76774809420299,-22.425738330698703,1964.2548030183855,100.0,1
940,8.441151593579187e-07,0.17763937737806415,-0.18886953595086955,-1.5,76.22186332385007,39.85155567008699,1962.6551829927348,100.0,1
941,4.1270502876069754e-07,-0.3635918770301858,-0.2566493908424513,-1.5,144.43689131400285,-74.09861406646809,1957.8203865745977,100.0,1
942,7.937171282960383e-07,0.12770099351343384,0.3116197584749144,-1.5,-85.11614849605971,-27.24604462331456,1962.5050778491536,100.0,1
943,5.654134556899742e-07,-0.18781362357524353,0.3221248814496432,-1.5,22.240858636326575,110.73922976794206,1961.2892324855234,100.0,1
944,1.3646002037179422e-07,-0.0538511815111314,-0.27980181251466446,-1.5,-141.2352187363344,-77.38657832345359,1957.9267649097653,100.0,1
945,5.989591637385164e-07,0.0069172797466934026,-0.003760682544673468,-1.5,6.078846717961153,-128.14839612063815,1960.3454599790361,100.0,1
946,6.60031429185052e-07,-0.22131397541120454,-0.19732396697529453,-1.5,-102.00105567048865,-40.26190126459579,1961.475987672242,100.0,1
947,8.452053020582728e-07,0.2527044524633317,0.41099186126834286,-1.5,-8.957124548270873,-61.799655306362965,1963.5462456458652,100.0,1
948,2.1421935051427975e-07,0.38339871669900144,-0.09820541246617305,-1.5,7.946426780784822,-156.02228707454947,1958.3174376243437,100.0,1
949,4.825750441230197e-07,0.02268642438207086,0.30071606481668295,-1.5,-26.92912070788001,116.1024284775927,1960.920277529313,100.0,1
950,1.552367844752275e-07,-0.4563314376122706,-0.11090812739480099,-1.5,-7.54574009800659,12.524991063642137,1964.484531033869,100.0,1
951,9.000968170963977e-07,0.43678447661785896,-0.18299014582194623,-1.5,-67.52381812816695,-40.461170530311506,1962.9612105008196,100.0,1
952,4.2194955083404507e-07,0.00855246829093132,-0.026123554943586574,-1.5,-91.37339039459216,-123.83748633846072,1958.5015871250398,100.0,1
953,3.122425471215833e-08,0.10826980304468356,-0.1942007403213663,-1.5,-4.662771229665511,25.321706378131392,1964.3702186748533,100.0,1
954,3.5105947045541225e-07,0.21409821821064742,0.29079469039329886,-1.5,-47.96973144845642,-66.4815654851765,1962.827652286755,100.0,1
955,1.0516144435796747e-07,-0.009007704092472691,0.25128285357469443,-1.5,24.941292861211593,-51.34186343828859,1963.7095587777808,100.0,1
956,3.4242594130619523e-07,-0.2966616595371608,0.3423674512290406,-1.5,36.9729121184516,-107.12607688770564,1961.267522212679,100.0,1
957,2.300401575455176e-07,0.13552361912663996,0.4749772845973783,-1.5,-85.39693848660502,64.2450996349957,1961.6302445507247,100.0,1
958,2.932917978471558e-07,-0.32340279566322766,0.3692670441239111,-1.5,-141.2703045805905,85.46608968487173,1957.5881933705607,100.0,1
959,5.575556358543092e-07,0.37928090494701294,0.10053419403770351,-1.5,43.41749338095283,154.54713911617912,1957.9692003005694,100.0,1
960,8.098224400057335e-07,0.2696825593888563,0.1377152656133097,-1.5,69.5838412447091,-100.35351162729775,1960.7397960993785,100.0,1
961,6.938382553290305e-07,0.3601908976895585,0.11756204097174115,-1.5,-137.88733956644032,-10.303313969103018,1959.6668618861409,100.0,1
962,8.528542623972114e-07,0.038426978782105596,0.12827731511046656,-1.5,36.074310024270495,3.3431416083034216,1964.2048655439662,100.0,1
963,4.938245057588393e-07,0.37117838188649627,-0.2242014786946965,-1.5,-74.11936435508747,-31.03387372436473,1962.8949296320955,100.0,1
964,1.7163686395678345e-07,0.011011775082737716,0.44185203330131895,-1.5,25.655036485991985,-57.66010445563394,1963.5249979878533,100.0,1
965,6.890689105376884e-07,-0.20087837070735673,-0.20680089267716303,-1.5,87.60032106226446,16.81475635288005,1962.5128621195615,100.0,1
966,2.338633269998778e-07,-0.1780766795510811,0.40417989380715336,-1.5,146.6174025577835,70.2658816176845,1957.7996142133213,100.0,1
967,4.219044272355297e-07,0.26895015561804286,-0.36603852121572916,-1.5,87.90511817490926,71.55987760219789,1961.2662135422477,100.0,1
968,5.884241749813219e-08,0.08571531132555019,0.04876724609887472,-1.5,57.850554296428335,-65.76150154362702,1962.5855457911778,100.0,1
969,3.975535887358687e-07,0.3671226546022679,0.10609091453269898,-1.5,-142.9537417697228,6.72856582028311,1959.3193308856444,100.0,1
970,6.315501696960218e-07,0.11503707441215996,-0.1920908918762486,-1.5,-109.4414617084532,-37.08943036665567,1961.1374829114673,100.0,1
971,6.364098942522392e-07,-0.04558566903120862,-0.354913608829986,-1.5,-53.57287849856094,46.38026284717754,1963.260579794169,100.0,1
972,4.39281180729812e-07,0.3133042178147588,0.15878148201560155,-1.5,118.48459557579089,-21.58479782074513,1960.8438957194962,100.0,1
973,7.343876279133414e-07,-0.48640377523426764,0.05807536189755616,-1.5,14.125942593823481,-105.46975348938359,1961.6548817543967,100.0,1
974,2.8584950174180453e-07,0.3571469209296476,0.1692504235285166,-1.5,7.0669504947038275,-6.624168974539109,1964.5150711720776,100.0,1
975,3.844828444622745e-07,0.34424212673501564,-0.28256082081740996,-1.5,-25.143441930314374,-1.8920378179182624,1964.3771312522765,100.0,1
976,1.2571778088249637e-07,-0.00047986111387349645,-0.41396338176740094,-1.5,-0.1589973017463497,-144.91621850585483,1959.1867064167093,100.0,1
977,5.012528031091254e-07,0.36896021667531315,-0.1327289899904075,-1.5,-31.611579508237405,-70.69875601817601,1963.0118899804472,100.0,1
978,3.3971731608285674e-07,0.23093434562414372,-0.033621275866583714,-1.5,167.18527549595538,5.712510325814283,1957.40382577261,100.0,1
979,3.7636357552709644e-07,0.056067538941344384,0.46411796423296525,-1.5,-144.09437769062907,27.42574719662782,1959.0553654694877,100.0,1
980,7.71468497174501e-07,-0.3357521401185538,-0.3222431400032138,-1.5,-35.67099127127117,15.074241261050688,1964.1572324786678,100.0,1
981,7.57547108111998e-08,-0.2862757295190948,-0.05746085334608765,-1.5,82.16226033995301,-95.66102396292204,1960.4875969350906,100.0,1
982,1.9395786340742894e-07,0.16150415418613878,-0.24191059475853732,-1.5,62.794969992090536,-2.673220166286681,1963.5332775137188,100.0,1
983,8.088652662470622e-07,0.4181637659608676,0.26547001934996156,-1.5,-78.48570323333583,76.41999123860005,1961.4824153158224,100.0,1
984,3.09744301259108e-07,0.1206209826248653,0.17625593219781274,-1.5,7.105557948624102,-101.84315921319148,1961.8844941111713,100.0,1
985,7.190446994662744e-07,0.4419895652692059,0.18172797952034525,-1.5,66.07508879666005,-8.353129239632437,1963.4096857606032,100.0,1
986,8.903113617178408e-07,-0.1523366630997309,0.47060637757445756,-1.5,-53.54095504406694,-138.6239374889872,1958.9104258117954,100.0,1
987,8.611597775578038e-07,0.10567641389598077,0.05647444013987611,-1.5,-54.727188061875616,1.2347223847842048,1963.776132000184,100.0,1
988,3.968911706489639e-07,-0.2063744188550405,0.30849335060037764,-1.5,12.686093218223709,102.70165137645851,1961.8115913893307,100.0,1
989,7.762753941911476e-07,0.4050727239134681,-0.2923465296293782,-1.5,-113.61925994014787,-105.5384833869227,1958.4089405844666,100.0,1
990,5.31873158201152e-08,-0.41020713173525497,0.04097531530178269,-1.5,16.366560541684347,22.40785055281666,1964.3429716309138,100.0,1
991,5.640357997181962e-07,-0.26570008962677794,0.36745631656407995,-1.5,44.40888273900233,31.479572817107712,1963.7846556828113,100.0,1
992,4.4079933460904967e-07,-0.10502171073606409,-0.1755487237187178,-1.5,-58.63755400387943,124.26443667260364,1959.7278569497894,100.0,1
993,7.593783670868383e-07,-0.023517548834729788,0.15342285869407224,-1.5,59.42966657390706,85.438290676069,1961.780237305748,100.0,1
994,5.972823885620487e-07,0.10445885204559531,0.38174465687301684,-1.5,-23.551117030191403,-98.50026253528104,1961.9266880883297,100.0,1
995,5.232913507650769e-07,0.06001197661327899,0.3651492887538294,-1.5,-92.26762838819118,42.04552709097442,1961.9205245548028,100.0,1
996,6.516790050171267e-07,-0.343601967258599,-0.08006471911483566,-1.5,-55.19893339868123,133.54009614122916,1959.2175496203504,100.0,1
997,1.0448524404325794e-07,0.27898453429962095,0.25641482902433105,-1.5,-24.351596124887568,2.6681213993415964,1964.386206213152,100.0,1
998,2.337726994823305e-07,0.2646347906913476,-0.40890391511653534,-1.5,151.3933673258869,30.246823323235525,1958.4632915310701,100.0,1
999,5.726449629557339e-07,-0.281023990359936,-0.027062855494393055,-1.5,-135.95075660975456,-61.129787625842155,1958.8756538147557,100.0,1
1000,3.989738638042819e-07,-0.005621547010286986,-0.4455347554345485,-1.5,-40.13707383692013,112.23025738245181,1960.9198532570906,100.0,1
