particle_id,birth_time_s,x_mm,y_mm,z_mm,vx_m_s,vy_m_s,vz_m_s,mass_amu,charge_state
1,5.722531887542946e-07,-0.08166000357342909,0.10747774816786154,-1.5,-105.35913222607861,-91.67991313892833,1959.568200662977,100.0,1
2,3.343268526311488e-07,0.09852131861023157,0.1616202557707239,-1.5,75.94034774780984,87.28215083829527,1961.1293113905351,100.0,1
3,4.918875645697645e-07,-0.34092646712166136,-0.31227641222467367,-1.5,74.04036310081604,4.2440544770881266,1963.1386346612474,100.0,1
4,4.481250025010411e-07,-0.3107462223693592,-0.32474944973916303,-1.5,-113.3403402642059,37.52215713033933,1960.9077849963296,100.0,1
5,1.2900393988718955e-08,-0.25950511517689867,-0.15007545744800085,-1.5,-43.00890876859418,44.82849236214867,1963.5564484641645,100.0,1
6,1.82564558414695e-07,-0.051287029470635986,-0.21598462767449766,-1.5,-18.254728030234887,34.97593828718131,1964.1427480994362,100.0,1
7,3.0183241843670825e-07,0.21863362520945706,0.27509928115359933,-1.5,-23.918899333351703,-48.21634901635847,1963.8015063158357,100.0,1
8,3.610100788858849e-07,-0.015541044708874295,-0.48869721695147844,-1.5,114.5485915995719,64.60067630260858,1960.1323065165604,100.0,1
9,6.14690969586913e-07,-0.26734483556599037,0.07953231322213802,-1.5,-43.021869481974264,-101.58174952393516,1961.4391535747582,100.0,1
10,5.630408020203555e-07,-0.01792962950362997,-0.32163400180521384,-1.5,-94.71310753361682,66.90077142086304,1961.1137142732825,100.0,1
11,2.2314198203260313e-08,-0.2732298645896325,0.24109811199822134,-1.5,-80.87703567350938,90.3373585758371,1960.7935518591287,100.0,1
12,5.956609269739264e-07,0.23460836151508635,0.2222538256592695,-1.5,-147.21671729341082,-29.446275054117915,1958.7938741227777,100.0,1
13,7.025598511920493e-07,0.15798690743314378,0.34006588652240255,-1.5,-25.06352169369953,-50.93183777624967,1963.71867996594,100.0,1
14,1.1776505940598748e-07,-0.19403737258075712,0.18282843142136931,-1.5,-114.20853181351984,60.643591280548335,1960.2785649911416,100.0,1
15,4.1487521978509185e-07,-0.01664354634081741,0.002722272926102794,-1.5,163.1651244820757,-50.69798040069428,1957.0948222306886,100.0,1
16,5.213784255201342e-07,-0.23706117503858792,0.4207669827471946,-1.5,-1.7510644829712227,-13.455050308993657,1964.4920925421131,100.0,1
17,8.481200717237339e-07,0.18256211783063342,-0.4343616907087632,-1.5,-48.175528721571396,-96.75827660467814,1961.5632135128915,100.0,1
18,3.34934352144964e-07,0.23696955468717495,-0.033276920531939785,-1.5,46.76968143710652,-89.37786639683569,1961.947369366149,100.0,1
19,4.355619248074718e-07,-0.3024399476958564,-0.1766438524085808,-1.5,-136.10416093407295,51.21901794350893,1959.1491918288066,100.0,1
20,6.838760068787496e-07,-0.040150423335370604,0.008596532979396807,-1.5,45.42202900470533,9.80194904859446,1963.9893195590641,100.0,1
21,5.387918547591204e-07,-0.008232651479458458,-0.35791018649293777,-1.5,-110.028014995555,-84.0201525439531,1959.6550043690752,100.0,1
22,8.57524384789563e-07,-0.35542542832363494,0.22215646459984495,-1.5,30.322128906859547,-50.64673254633078,1963.6518946205988,100.0,1
23,3.388303632015577e-07,0.30520483674769194,-0.23133014985058956,-1.5,-30.123609003714712,-16.233481751965492,1964.2409038905923,100.0,1
24,6.616368052718904e-09,0.14765711717417626,-0.10704969599310442,-1.5,31.290863626764864,-80.97821398735734,1962.619855442984,100.0,1
25,3.897259573499713e-07,0.28884435428087857,-0.10536247389706005,-1.5,-105.21284034212972,9.036883454976826,1961.6987228498401,100.0,1
26,1.5231871643804725e-07,0.07461049926225326,0.18303521842911774,-1.5,48.44127042889771,10.059559248683707,1963.9158675597812,100.0,1
27,5.437742561337385e-07,0.3856590236622692,0.27502510944869996,-1.5,53.65482623066846,157.41250865603652,1957.4871003424012,100.0,1
28,8.532618806477044e-08,0.34440934787162203,0.3238465927752128,-1.5,-149.02019132285793,37.01482346178311,1958.5290836973352,100.0,1
29,3.0487947825696526e-07,0.050759254161995296,-0.33262145803811893,-1.5,-136.2098327885691,-92.11802512168771,1957.6451254416672,100.0,1
30,7.984629871140357e-07,0.30582401947465654,0.3797748235547503,-1.5,-46.47600167097643,116.66808194981347,1960.5208048345119,100.0,1
31,8.305995471582681e-07,-0.18644086735585713,-0.14665319929681767,-1.5,-91.85832814528995,62.523365463883835,1961.3939335553052,100.0,1
32,1.34611593731613e-07,0.36342082222017147,0.33609283256234945,-1.5,-7.929954135954743,-44.0362846818865,1964.029329649878,100.0,1
33,9.763295978947983e-08,0.3957215919133144,0.045784308894067795,-1.5,-64.14062023264461,114.92514096950482,1960.125373305351,100.0,1
34,9.324712241540562e-08,-0.11436972190905152,-0.21803124257295847,-1.5,-141.74466545051376,42.9385157156139,1958.9481922579253,100.0,1
35,4.6450424944556524e-07,-0.03386689131156131,-0.09761324486205096,-1.5,156.58771324042988,33.37763568944199,1958.0039600991738,100.0,1
36,6.620831851280369e-07,-0.1457801140278474,0.41900784539725866,-1.5,-121.22455979900138,5.604783214207498,1960.7872089476693,100.0,1
37,3.948705343982167e-07,0.2759360303225504,-0.39733526433909966,-1.5,93.31294378872225,-121.67117781159956,1958.5459160503622,100.0,1
38,8.424873442757492e-08,-0.3980334161079887,-0.14485794499225624,-1.5,-17.291117972992286,-160.85211215212837,1957.8664156478026,100.0,1
39,7.45542743998155e-07,0.07323896896906903,0.44661389835358956,-1.5,-54.08414530584017,-68.4337683889544,1962.601592488082,100.0,1
40,1.4590482294709575e-07,-0.3095803638867218,-0.032788777134624636,-1.5,-13.294209713311133,86.93013236003162,1962.5696681499226,100.0,1
41,1.793161077353707e-07,-0.16313665071892702,0.46201231174957047,-1.5,123.47080697478098,-72.50929451898017,1959.3138207799911,100.0,1
42,4.601388949667128e-07,-0.16110034946368929,-0.28820658687768663,-1.5,150.73230560341625,-13.018868453441618,1958.7045635771112,100.0,1
43,4.486416105439931e-07,0.08716912855749791,0.08099627383127699,-1.5,-106.80708093216832,-112.43640842034522,1958.4084323221277,100.0,1
44,4.979050684015624e-07,0.4050914868250743,-0.13310081822091913,-1.5,-44.89727523438154,162.17240161651125,1957.3189911449265,100.0,1
45,7.606997532289003e-07,-0.24140713166064237,-0.40818308869910913,-1.5,-52.98222774691207,67.36720378176604,1962.6685480905153,100.0,1
46,1.7523898983294468e-08,0.039390170021424135,-0.3860380622632684,-1.5,-63.962293076367445,-147.05153252065148,1957.9831352986348,100.0,1
47,2.0944984435873518e-07,0.2028432873840406,-0.1559732565425073,-1.5,-161.84221511410394,40.564770173449645,1957.4409015584267,100.0,1
48,3.660370950545419e-08,0.2405761919126728,0.23083085965219785,-1.5,-39.23409484568704,-122.74072013921892,1960.3083144463467,100.0,1
49,6.044540758118421e-07,-0.46577284049763934,0.15967639540275191,-1.5,-111.47214077981052,64.3910956344559,1960.3165649708446,100.0,1
50,7.017902715629172e-07,0.216660047386892,-0.015050675093580896,-1.5,-122.42048776362184,-63.00116963071429,1959.7084893082977,100.0,1
51,7.111927927229022e-07,0.07245218015619612,-0.41620746743157516,-1.5,-31.21751284765722,131.59270319408478,1959.8780864185942,100.0,1
52,6.644337299746535e-07,0.06863386966777223,-0.0792606329109693,-1.5,1.3390387994426551,-146.1094183565029,1959.0976318470575,100.0,1
53,9.525300284872175e-08,0.31256518495564317,0.2917527864975152,-1.5,-109.47852809276456,90.01284279721187,1959.4196656878632,100.0,1
54,3.511229459584654e-07,0.44813525310883184,0.07100630527367591,-1.5,-52.70239468718656,-37.326666398529234,1963.4771360614159,100.0,1
55,5.070934601360223e-07,-0.18458233068816765,0.27611320742696166,-1.5,157.28807374876183,-36.82248011272793,1957.8860674413318,100.0,1
56,4.263259527397686e-07,0.17430293017994905,0.4312107706189364,-1.5,159.00832850628697,2.5436043214224884,1958.0917158827938,100.0,1
57,3.8080318165706974e-07,0.02568648952693824,0.45280599511416025,-1.5,161.57615776630874,19.018349281512748,1957.7907788878297,100.0,1
58,2.8974477483688883e-07,0.06738410967265583,-0.37568018433540845,-1.5,-115.07475944235196,-71.24551955280198,1959.8712105516186,100.0,1
59,1.2952685344464647e-07,-0.4116754390876694,-0.13479935097575937,-1.5,-60.5889539734162,24.989040485595357,1963.4453933782186,100.0,1
60,5.641382690734411e-07,0.17321248067324935,0.43007182319332965,-1.5,-133.42771994041266,-27.55361476323013,1959.8089519468763,100.0,1
61,2.933820987935826e-07,0.04692186351062552,-0.24767658740388382,-1.5,-112.24201805187559,-65.78303378755923,1960.2264175639198,100.0,1
62,5.295415495467748e-07,0.08450893838983828,-0.45812042921525215,-1.5,152.5974502861018,-73.79110198260146,1957.21285957877,100.0,1
63,9.101990039424095e-08,0.21912757534737887,0.23785786834877354,-1.5,-37.766912977326776,152.76523305535164,1958.22616929706,100.0,1
64,8.102132174718941e-08,0.19718573072979004,0.36523875833021374,-1.5,73.16488285524636,111.56311686770925,1960.003534980912,100.0,1
65,8.758277768568913e-07,0.2115067565914622,0.2831642116891529,-1.5,-47.405205931158456,30.47128427589439,1963.7305144930995,100.0,1
66,1.593679391967797e-07,-0.152750474026527,-0.3527367067863945,-1.5,1.457644861393381,93.16107845203663,1962.3282536311917,100.0,1
67,5.654696569159263e-07,0.15169804839688567,0.1405737528286879,-1.5,127.05103688473127,108.05817642048095,1957.4459764706985,100.0,1
68,7.665211175877712e-07,-0.23969547631876953,-0.37958764644453313,-1.5,-125.62415002787785,11.28221702895787,1960.4857996871124,100.0,1
69,5.908776732709771e-08,0.14491904876544784,0.4095141368575065,-1.5,61.99094491799851,83.25221419010875,1961.7949632534867,100.0,1
70,9.057690094587386e-08,0.3331284559505426,0.04065100683304318,-1.5,-166.76906512994842,14.494398693806598,1957.394001622647,100.0,1
71,6.529720132275414e-07,-0.181666990637005,0.2566467166596083,-1.5,-153.01547838693705,-71.18551477120364,1957.2767234417586,100.0,1
72,5.32155429528064e-07,-0.3496961775018397,-0.1657615864999558,-1.5,90.68629927452172,47.45114547108876,1961.8709616545898,100.0,1
73,6.899828534362149e-07,0.44006359828534547,0.16036867461932378,-1.5,107.42324234641261,-94.70015376970741,1959.3124850686552,100.0,1
74,2.272551122702393e-07,-0.4927573076599943,0.040816012784014644,-1.5,117.75402345176879,98.61848696248465,1958.5253815706044,100.0,1
75,8.623877821821218e-07,-0.47282524927102587,0.0069143979436006075,-1.5,66.41367963772814,-125.65354422682589,1959.3911544779276,100.0,1
76,8.557364809376536e-07,-0.15188638875705213,-0.15670786619675417,-1.5,7.8366698305018705,-161.6450973197915,1957.8617763735454,100.0,1
77,2.1677202477705668e-07,-0.06469096346175965,-0.17517277440012763,-1.5,-19.262611445069773,149.64640290203732,1958.7363763827252,100.0,1
78,2.8259302686866967e-07,-0.3336896845047216,-0.18232100312320162,-1.5,149.04315844246386,75.75969088778666,1957.4115286327024,100.0,1
79,8.151785871794081e-07,0.16388183489064678,0.45328073850387257,-1.5,66.18339980118027,48.95760194150945,1962.8133372965003,100.0,1
80,2.1731148866551585e-07,0.0652314942615258,-0.36693368794966635,-1.5,-12.550901848710605,94.498694498095,1962.2246960700172,100.0,1
81,5.305350556656367e-07,0.15020387019287187,-0.18778677084032339,-1.5,79.14917782266456,91.46010725918586,1960.8120110546715,100.0,1
82,7.728519181950825e-07,-0.05939818575496673,-0.4528616668886215,-1.5,76.24208983005617,3.5560961764058954,1963.055726204547,100.0,1
83,8.241204791838167e-07,0.30670962663561463,0.3317434168715732,-1.5,106.98270022345058,-40.47352011920341,1961.2062314525188,100.0,1
84,5.901449951614438e-07,-0.292380985546301,-0.05408836131438605,-1.5,-76.44902380358866,53.272916988455464,1962.3279107583296,100.0,1
85,2.6921632156307486e-07,0.1856306914998445,0.07656390957005756,-1.5,128.6808340543044,36.77726996770735,1959.9749900513889,100.0,1
86,3.5166666369725237e-07,0.12999413048891242,-0.03631047911616385,-1.5,-49.98610819346521,-156.86670762708914,1957.6280319029047,100.0,1
87,4.878864481051518e-07,0.05492801285020587,0.2041118370528556,-1.5,-52.24505763306068,162.9321147742643,1957.0735464448533,100.0,1
88,1.5207943805037246e-07,-0.32506394667219285,0.055198618678765805,-1.5,-27.282693481009495,-43.45224763926302,1963.868845691496,100.0,1
89,4.87964480171372e-07,0.09191914915232477,0.15081241531863446,-1.5,113.96093599784656,90.30942585467251,1959.1504278473426,100.0,1
90,6.335886601712768e-07,-0.004567831438311619,0.27643368574584504,-1.5,107.75748590374303,34.482316128510774,1961.2783026312836,100.0,1
91,7.438720452984069e-07,0.03766633056736163,0.251608995867388,-1.5,-29.362672199213844,-63.03318175111046,1963.3079070145325,100.0,1
92,1.660772749457585e-07,-0.05208780848797035,0.3350391161598187,-1.5,-33.4843173864332,115.25669979967688,1960.8691899019125,100.0,1
93,4.728735986806052e-07,-0.06125915189924052,-0.19014190788958815,-1.5,-144.44045257205633,-50.87163242836184,1958.5612880226608,100.0,1
94,1.6325048838654034e-07,-0.37778985217002947,-0.053427285922274345,-1.5,-90.83303457324247,144.13329401230925,1957.1377671624214,100.0,1
95,5.197708605858084e-07,-0.26901916467351683,0.3508607127150514,-1.5,-83.04182055639103,-125.50027712477484,1958.766709627876,100.0,1
96,5.527800192254669e-07,-0.2577332067113592,0.21131182366804996,-1.5,-54.64970753758885,57.1237912720642,1962.9476733226725,100.0,1
97,1.5966722436343117e-07,0.14640347834394174,-0.21927338875106359,-1.5,-61.63166702487238,-99.4199262082879,1961.0534164470394,100.0,1
98,1.891167003759784e-07,0.10515484916693398,0.38929877181585615,-1.5,-28.779280880328013,-121.22712222000288,1960.5838477597429,100.0,1
99,7.664416896661184e-07,-0.07544614386378869,-0.04881061808459201,-1.5,132.36390235509006,73.6488897615415,1958.6906148384833,100.0,1
100,6.529741947352531e-07,-0.2700403103167011,-0.3972490301626126,-1.5,6.371607144547939,-26.59649479790226,1964.348572772407,100.0,1
101,4.584321642621978e-07,0.06749202447304276,-0.27197353505144023,-1.5,71.46089384517992,-21.456967789558384,1963.121551369211,100.0,1
102,4.172661386067131e-07,-0.06938825544708654,0.11441916827186058,-1.5,-20.422773017831133,72.93258635422713,1963.0784585584133,100.0,1
103,4.43158664466046e-07,0.3146497459957028,0.2072862370552641,-1.5,-56.24206894460189,-123.0687469431176,1959.8735161925151,100.0,1
104,1.7495045374876994e-07,-0.33101003948350344,-0.20477606207847984,-1.5,-34.99446048379209,-9.232032782672485,1964.2055502345672,100.0,1
105,2.7964405283383884e-07,0.42283755858004785,-0.1886981654915989,-1.5,-119.51781595796992,42.171622196913574,1960.4464624712527,100.0,1
106,8.646685357452884e-07,-0.24675238531057328,0.061197844134744335,-1.5,80.52477648765539,6.97203019915152,1962.875553221,100.0,1
107,4.790541401232738e-07,-0.07496217493283663,0.008384925076983202,-1.5,-33.454087637944745,-49.9310810165577,1963.6193616469975,100.0,1
108,4.951958213248797e-07,0.33456223960632137,0.3272443709033419,-1.5,143.05072514323717,93.59889048854824,1957.0868718586403,100.0,1
109,1.8912842708154247e-07,0.25095825662601845,-0.3608832874113936,-1.5,49.21800356575623,50.60499330069028,1963.2702333209684,100.0,1
110,1.75914092892501e-08,-0.16791410040277804,-0.19617907168345958,-1.5,-125.26898120938067,111.33054158902826,1957.3774493240667,100.0,1
111,5.056303549695256e-07,-0.2724670979731395,0.2736044696430551,-1.5,89.45725459314167,34.0025299162596,1962.2065420913475,100.0,1
112,8.2987441070501e-07,-0.2587301769574755,0.3695924315810615,-1.5,66.57156667055894,12.9854993358876,1963.3677418110333,100.0,1
113,5.379721426660647e-07,0.11591096100696505,-0.10768052876891443,-1.5,-118.44914008724106,25.356174349395353,1960.8008955274086,100.0,1
114,6.893840112614724e-07,0.2150163260356606,-0.1977433022755234,-1.5,144.35775889209387,86.91405132166034,1957.299177794912,100.0,1
115,4.3021090296596985e-07,-0.14846198512893724,0.44565284059123367,-1.5,-72.66811786430614,-19.388991479048837,1963.0987488971655,100.0,1
116,3.120649801185139e-07,0.06443825945627622,0.4949428551231756,-1.5,-90.00300123890428,136.08387662532724,1957.75226332566,100.0,1
117,8.156288956864116e-07,0.0022919638708456813,-0.23659124049165792,-1.5,-83.82754363283846,10.84630395062696,1962.7196913683897,100.0,1
118,5.277804223909963e-07,0.19688302860887424,0.2856076451931911,-1.5,38.86057315437657,-36.66370848229681,1963.812342002303,100.0,1
119,2.855107372875684e-07,-0.23850596829715828,0.19067749031439432,-1.5,-81.62360882569772,144.32433018237757,1957.5294021970165,100.0,1
120,7.730336527713951e-07,-0.27231491772226046,-0.18640353883115482,-1.5,40.58001192586003,136.13326990582377,1959.3964074997627,100.0,1
121,5.009178127149893e-07,-0.2830363160040314,0.0004818593464337997,-1.5,60.35313373087256,51.63255922375409,1962.9327202792765,100.0,1
122,2.023947114011813e-07,-0.20479490207311618,-0.10541836664343199,-1.5,-8.908990819360449,-36.19260837487113,1964.1853301681426,100.0,1
123,8.041450703528096e-07,-0.12584123049464396,0.3153563903595051,-1.5,108.89153842792786,-13.931451149224559,1961.4693048308982,100.0,1
124,4.813619144617123e-07,-0.16962141571085393,-0.44050139445363684,-1.5,36.09818497154422,-53.65319596440874,1963.4743547779524,100.0,1
125,7.420751826086415e-07,-0.018507681172399922,-0.30844572134237985,-1.5,-148.10551899222145,8.643366064486377,1958.929129328892,100.0,1
126,1.2067813281077887e-07,-0.28845773475594916,0.12369363070894819,-1.5,-23.915613655172063,81.12426823579258,1962.7175504368515,100.0,1
127,5.291564837058009e-07,-0.18666313997736986,0.3943931669745753,-1.5,133.17554625037462,26.98068695040366,1959.834075292786,100.0,1
128,8.278420696877934e-07,0.11205590753760349,0.12076954661984315,-1.5,3.2452413928431416,66.47425991872004,1963.4112985930105,100.0,1
129,7.113309821493274e-07,-0.22908243816798105,-0.11157298061715841,-1.5,61.730470870346316,92.29862391850433,1961.3983785185014,100.0,1
130,8.257773194101855e-08,-0.33832664212810626,0.134640743196666,-1.5,-156.8561689112255,-26.535938600589734,1958.0871462994721,100.0,1
131,5.735344111196069e-07,-0.2898881542967188,0.0010767925753896361,-1.5,-91.70954228831826,134.20556670474136,1957.8027255024592,100.0,1
132,8.16021404795083e-07,0.3386638189439414,-0.23968168068758014,-1.5,-9.681200227298861,-128.2760163078721,1960.322632698116,100.0,1
133,4.5439285851364335e-07,-0.2851168855207755,0.32463660879565215,-1.5,28.779380017176038,89.61468965655838,1962.282915623972,100.0,1
134,3.9770058002686694e-07,0.4000040265866472,-0.14414480090363607,-1.5,-83.56576192320425,-5.121533842596067,1962.7541414021841,100.0,1
135,6.762188987350794e-08,-0.2041619503631771,0.0942246848005565,-1.5,110.66547864941627,49.627817232580746,1960.7915539032078,100.0,1
136,7.770659982707691e-07,0.3042550538692651,0.22714903121401914,-1.5,116.41441355303766,64.34939467075556,1960.0306441453258,100.0,1
137,8.297933670919148e-07,-0.18637071861476942,0.11790013858544188,-1.5,-119.84256897531488,46.97459897217852,1960.3174314327084,100.0,1
138,3.6892710493376995e-07,-0.24774523308601223,-0.2732006239200885,-1.5,-81.3117251385989,-16.945423728371487,1962.7823471378028,100.0,1
139,2.9429820300482843e-07,0.39160065227679125,-0.009577497814079216,-1.5,154.2074772875129,-39.17758101783932,1958.0854060434501,100.0,1
140,8.266725553869032e-07,0.21293374785804398,0.21843481669519066,-1.5,-69.88313689826505,-33.63194297410823,1963.0075205803914,100.0,1
141,1.5706227136539533e-07,0.2854239264273136,0.3443004177899179,-1.5,-154.4705160798179,16.421575044187676,1958.3877240733598,100.0,1
142,2.894041159861101e-07,-0.15688192900487521,0.12178670672094315,-1.5,-82.24498213672837,117.75833855204428,1959.2809964068254,100.0,1
143,7.381716327567345e-07,0.08186846912428743,-0.3160831748416274,-1.5,-114.56626033510835,-112.74828472392099,1957.9519101731719,100.0,1
144,4.3639384314066895e-07,0.06215530687249223,-0.04287087141695456,-1.5,30.59849380285543,167.02932155771762,1957.1863028805144,100.0,1
145,3.1332729776143805e-07,0.2563266969789984,0.10132375747502527,-1.5,157.7300562054453,-39.883125634706026,1957.7905536408036,100.0,1
146,8.950641988276088e-07,-0.2822852342211548,0.25748816883876513,-1.5,159.91206809281945,21.247253023490607,1957.9044846425386,100.0,1
147,6.747820370701804e-07,-0.05560697650877384,-0.09446849780939634,-1.5,11.346234419114683,60.09131502476041,1963.5869176303943,100.0,1
148,4.467611860155358e-07,-0.39655322089969586,-0.08813955606612403,-1.5,-26.29618178870559,62.71299019497838,1963.3616268915594,100.0,1
149,7.44533726946185e-07,-0.08772527320023317,-0.18791733953496648,-1.5,-46.30261622168624,130.7113514538356,1959.6387158346995,100.0,1
150,8.105623808612538e-07,0.1564628308848981,0.06639554303750092,-1.5,40.76642977924695,28.687011729317412,1963.906423388657,100.0,1
151,8.589761597103311e-07,0.07840676354050165,-0.14927887145054364,-1.5,160.82232508293154,-14.074203200301243,1957.894630164077,100.0,1
152,6.964692013999874e-07,0.43334809263246155,-0.15229553403757262,-1.5,121.45785604456147,108.92396398191639,1957.7530093302514,100.0,1
153,5.037394249199652e-07,-0.02433955850760448,-0.4413314816898357,-1.5,-47.22967508756301,-122.56475586002931,1960.1429857737996,100.0,1
154,5.994944261325617e-07,0.3024823488381421,-0.20734323254302375,-1.5,-125.2326940548207,113.88602661272657,1957.2327484354712,100.0,1
155,7.334428682937665e-07,-0.4498752920902619,-0.062464208944868635,-1.5,-122.27152825717245,-117.28171173912743,1957.2194459833386,100.0,1
156,3.307626995219097e-07,0.44260016150733383,-0.11794588687288689,-1.5,33.72475886830109,-35.95502135799583,1963.92035565207,100.0,1
157,2.4600007163050755e-07,-0.2322743249525674,-0.10339133586135069,-1.5,-61.54396065331789,71.99732857966043,1962.254318851312,100.0,1
158,6.640603700555399e-07,0.23825280388746703,0.1744956130810233,-1.5,-78.31284614013514,-27.916417377840915,1962.7789121641665,100.0,1
159,7.962403804009271e-07,-0.1889645847153513,-0.1758895756731402,-1.5,-118.01976622864744,24.66588427477948,1960.8355910678513,100.0,1
160,3.462291252974948e-07,0.014468734568855775,-0.1003472394155048,-1.5,44.832378526493706,1.238499861243444,1964.026937243958,100.0,1
161,8.192110563617969e-07,-0.2843742129660888,-0.3075712091238964,-1.5,-133.41932072953222,-95.20887024124625,1957.6894141179766,100.0,1
162,4.590661563686089e-08,0.03499110957023884,-0.48530035021167045,-1.5,111.84383920855181,93.56900303740538,1959.119466384786,100.0,1
163,1.6033638932759451e-07,0.17158895197388294,-0.11678312549137558,-1.5,55.83625474760373,-118.89559782480586,1960.1427080036224,100.0,1
164,4.0445129592006755e-07,-0.3986112584404358,-0.25376859490511405,-1.5,-28.40376681023185,-106.31797541732972,1961.454307497445,100.0,1
165,9.080419509916527e-07,-0.25807209505777073,0.2593148667857437,-1.5,113.82734069320409,-13.58981311817352,1961.191459229888,100.0,1
166,1.590602824801451e-08,-0.0013587779505955877,0.36757611599485573,-1.5,-48.2338038660149,-58.51512965231537,1963.074824359102,100.0,1
167,8.897502150542845e-07,0.22390655414845262,0.18179813014971974,-1.5,-128.74842243421037,13.301639947696515,1960.2704395979488,100.0,1
168,3.2488166095248084e-07,-0.09299836543646485,-0.0614020319310957,-1.5,11.148359766750364,-59.17078326520463,1963.616005931003,100.0,1
169,2.0662667079062027e-07,-0.10185201887626406,-0.2970031931878724,-1.5,-100.58741905580554,106.13548165745233,1959.0892570087672,100.0,1
170,7.780168216565754e-07,0.24597758093116276,0.025686807851455568,-1.5,-36.16614246813918,-10.373481877728791,1964.178629167632,100.0,1
171,2.095474754274321e-07,-0.11037006597233136,-0.033681641065703864,-1.5,118.57309154488428,61.63470440444308,1959.988487578587,100.0,1
172,3.223882857077382e-07,-0.024095634330174327,-0.16269732263648273,-1.5,113.84210045861333,41.28488417525664,1960.8031060685155,100.0,1
173,4.315957200363468e-07,0.13796413392699655,-0.29006386584447214,-1.5,-101.65239579199724,-131.7489429628232,1957.4785548567465,100.0,1
174,7.973871833416891e-07,0.05164841514260523,0.03797191431517773,-1.5,67.26525649515999,50.20304232081888,1962.7450996185178,100.0,1
175,4.772198268054148e-07,-0.2116184709296265,-0.11932630039937381,-1.5,34.47946557170356,-55.83315179870168,1963.4426683456393,100.0,1
176,3.9502195444466667e-07,-0.19358704479906316,-0.07439994195408796,-1.5,-26.510230351704774,108.74406622120745,1961.347807507508,100.0,1
177,4.6835965333240443e-07,-0.2344782256171652,-0.13593719064883947,-1.5,-37.889810988013856,-29.79596939226523,1963.9475167879102,100.0,1
178,1.3376722223923063e-07,0.22671558328943509,-0.37423370444867227,-1.5,-24.117672721125256,141.29578385898046,1959.3027141287598,100.0,1
179,2.883102108704107e-07,-0.30494533664789497,-0.002982839089463697,-1.5,-8.179456680230363,2.7385498452572805,1964.5200134127656,100.0,1
180,4.890200279928367e-07,-0.4264000036754274,0.2259550619292026,-1.5,7.414956194670053,142.60218610000572,1959.342471649676,100.0,1
181,2.662656207583559e-07,0.003977838936407901,-0.42981853664121955,-1.5,-46.16741237677744,-114.24203823099516,1960.6709599015821,100.0,1
182,1.3949145064157222e-07,0.24779213597201025,0.25219475182228185,-1.5,80.04707646181969,106.47820851185625,1960.0173833229521,100.0,1
183,8.782833373971206e-07,0.4689412251778557,0.1485012578803766,-1.5,36.51353071256409,-162.2636754292733,1957.4857721008389,100.0,1
184,8.270186217914679e-07,-0.20928730331550544,0.06543238001492786,-1.5,-52.226432989626375,139.1156639679701,1958.9110541323878,100.0,1
185,3.8190694400937423e-08,0.15723178272543706,0.17333107093183484,-1.5,28.648869094193234,59.44896592456753,1963.4302506114789,100.0,1
186,3.253296586416972e-08,-0.36146896704877013,0.23261227348169364,-1.5,-169.37501536882263,-4.229610493559753,1957.2193287493396,100.0,1
187,6.080325190560464e-07,-0.3114707329521175,-0.12428234749893906,-1.5,-99.21358717577121,-19.560359224113665,1961.934591858982,100.0,1
188,4.077245590800227e-07,0.43751213232632147,-0.10524007491917788,-1.5,90.70254906191978,-16.24193894113493,1962.3767562013247,100.0,1
189,4.636020024477585e-07,0.20173187604852105,-0.04389243887728091,-1.5,128.91995426212674,-78.70488546127694,1958.7236846129445,100.0,1
190,5.132136540243238e-08,-0.354915997879771,-0.2671907033871927,-1.5,-2.426389404413359,156.29782715051908,1958.310084774272,100.0,1
191,3.7548249858202094e-07,0.11674362163874208,-0.40409268305881707,-1.5,6.976246076120941,19.159289047945446,1964.4331344945274,100.0,1
192,1.4520442014929474e-07,-0.21600489031141698,-0.1764063587260847,-1.5,80.13023386622167,-80.69773188597799,1961.2445813704967,100.0,1
193,7.520149997671092e-07,0.02271977645170153,-0.22362493625172514,-1.5,-116.19758040504585,-112.18748774060292,1957.8879886675327,100.0,1
194,9.008750769915443e-07,-0.028057983605635786,0.40035282915216414,-1.5,-78.55422088046946,37.35426711656822,1962.6123354794695,100.0,1
195,8.790373456399131e-07,-0.3490159785673813,-0.24446561817466358,-1.5,-96.66148266584051,-102.39060214774646,1959.4861593353485,100.0,1
196,4.3289266355843435e-08,-0.19441227650338025,-0.18249689050122467,-1.5,100.6340127620039,134.41125325911662,1957.3501722325675,100.0,1
197,2.9095106865273895e-08,-0.1632239300277015,-0.3826108891775424,-1.5,78.20590237116015,-60.47499618157283,1962.049922386605,100.0,1
198,5.972110275969412e-07,-0.43047702525636267,-0.16339971366461073,-1.5,-75.59757615056223,70.53707694548316,1961.8162027881913,100.0,1
199,3.109803062712336e-07,-0.33925743317949414,-0.36308524569254974,-1.5,-1.3318640485046769,-72.73385343032092,1963.1916103553071,100.0,1
200,3.227907897435253e-07,-0.2524901655352953,-0.04989014797214485,-1.5,-36.902480664999224,-88.97672499138494,1962.1759950617854,100.0,1
201,9.884535562340945e-09,-0.1853390066758659,0.23854555544834422,-1.5,63.55179761894259,91.87712301356191,1961.3599999878359,100.0,1
202,2.6990901234016497e-07,-0.003232132943838399,-0.26262688631332437,-1.5,-0.5739537953500026,-37.69745255382437,1964.1771455024427,100.0,1
203,8.035886172125024e-07,-0.2479503857282549,0.3486294768612923,-1.5,-61.0925409857175,-76.07867179153477,1962.1144266837434,100.0,1
204,5.596664909317224e-07,-0.1335024240131284,0.18313356178655912,-1.5,36.003955183633835,-65.13799473019867,1963.128636416828,100.0,1
205,1.5619576584818213e-07,0.413711113190814,0.1245680617036556,-1.5,25.967220453766576,-9.73683162051998,1964.3431940060857,100.0,1
206,5.115167670976941e-07,-0.16769312739164402,0.0885160745520092,-1.5,-151.02480587755747,-8.737140133870653,1958.7058116669941,100.0,1
207,1.6099175547282745e-07,0.4625034711427701,0.08396817868711803,-1.5,-84.33180669039189,-11.563389297237219,1962.693995679007,100.0,1
208,7.61193766092874e-07,0.08266834635471766,-0.10027302056448946,-1.5,-131.20281085808716,-5.3934752864476465,1960.1454076454131,100.0,1
209,1.32794586777779e-07,-0.01976511629281566,0.4744799169263741,-1.5,-89.98882231206477,93.62651879490888,1960.2421720551176,100.0,1
210,5.504523777302878e-07,0.33573900438969323,-0.13406617413206104,-1.5,14.173581663647058,-66.54562037152121,1963.3604040670486,100.0,1
211,4.571058362489115e-07,-0.06933495255162529,0.3713599883674484,-1.5,-38.801817387030646,-68.60592390931559,1962.9571906789367,100.0,1
212,1.8594651736147312e-07,-0.19280573708916612,0.04895928145704953,-1.5,83.38638983419807,32.07098623330937,1962.506419887225,100.0,1
213,6.984890083116209e-07,0.10283180962504133,-0.00720166156517918,-1.5,-87.85051445130297,-101.27274886299497,1959.9590311316472,100.0,1
214,7.191402383651434e-07,0.2041219726467388,0.1817171867792382,-1.5,100.69207521043269,-122.9947854026284,1958.0977184552637,100.0,1
215,7.018030003924959e-07,-0.3267447928496465,-0.3676982707603033,-1.5,-32.56936055150472,-144.74049677357294,1958.9289705380174,100.0,1
216,4.3254896490236203e-07,-0.24916357532834255,0.364213612727832,-1.5,-61.41125406821273,8.688594309267293,1963.5596381237901,100.0,1
217,2.7382543415833583e-07,0.4003326746071825,-0.0676218184474024,-1.5,117.64324922307222,21.31574886052218,1960.8974963084847,100.0,1
218,7.736341727922413e-07,-0.44301552348227446,-0.11002937727435863,-1.5,-106.5460884798109,-16.644660863892984,1961.5769606519418,100.0,1
219,8.445389806862753e-08,-0.05742843033066383,-0.4728953319131126,-1.5,0.561888945077447,-43.29249499360959,1964.0617939423832,100.0,1
220,4.021038056497426e-07,-0.35821508390830786,-0.1459361639659504,-1.5,84.38270199049828,28.240960098884425,1962.522686249412,100.0,1
221,7.967780747099903e-07,-0.01624557976393051,0.122030851893651,-1.5,-50.70553293731451,41.77706895992294,1963.440070820801,100.0,1
222,5.088753729493116e-07,-0.20320428753453446,0.32414428692222347,-1.5,-87.7572156955503,143.62758641926268,1957.31527194238,100.0,1
223,9.428917790581162e-08,0.16805064370154454,-0.06688421722357371,-1.5,108.63241766072335,-21.582896741746776,1961.4144036045907,100.0,1
224,7.380457226467426e-07,-0.16592707275402008,0.44062673411654857,-1.5,-7.072756811611034,-66.37601901168871,1963.4045651564975,100.0,1
225,8.279875865331945e-08,0.0693689240913656,-0.01292809874220844,-1.5,-72.22148240273812,47.81335611979926,1962.6286522728244,100.0,1
226,4.797545604610173e-07,-0.0387080641963446,0.24292299666528003,-1.5,47.93264945307561,24.547527028835994,1963.8006941386157,100.0,1
227,4.032780371143935e-07,-0.38360380161754715,0.049710069652637336,-1.5,157.8478360829433,18.874138128091626,1958.0962984031162,100.0,1
228,5.646275890638734e-07,-0.2183588250498912,-0.36384559142945505,-1.5,-127.52990873839681,20.277510175076817,1960.2903436033162,100.0,1
229,2.8412813549290573e-07,0.1605019605600118,-0.2436976465662489,-1.5,-46.80446089891405,56.75484953208981,1963.1611028544455,100.0,1
230,1.0738241737904194e-07,-0.3167282743111272,-0.15863471551911265,-1.5,66.78071261248009,137.16763293690028,1958.6063063218164,100.0,1
231,3.1465303141077e-08,0.3105203908005824,-0.12201788416025172,-1.5,-125.45507444268671,5.822660582346503,1960.520442940204,100.0,1
232,7.547470716028651e-08,0.39889972997549106,0.27442731456956043,-1.5,165.48740965480357,0.36447795776718833,1957.5564029339469,100.0,1
233,8.118126670923337e-07,0.010852938203109933,-0.08472702736161113,-1.5,-46.19655159626661,-57.8560563889327,1963.1433573801648,100.0,1
234,1.2022126332741416e-07,0.18753631015274488,0.1159586256360751,-1.5,60.43327511986887,-158.60396461022307,1957.1933700925763,100.0,1
235,4.583595556940169e-07,0.16615597880902755,-0.3915029261047441,-1.5,-65.62161400264819,-53.62385125429665,1962.710262014869,100.0,1
236,4.800526315376783e-07,-0.39577125725681284,0.03684468792427466,-1.5,-37.92542869251652,154.30900483628696,1958.1020604531968,100.0,1
237,7.715160554590611e-07,-0.1569032871094845,0.4554831139997471,-1.5,102.18442374070256,29.08473050234409,1961.6640151316733,100.0,1
238,8.854997335757984e-07,0.07529852342692647,0.19455763790304942,-1.5,8.18353308189787,-162.71430718346235,1957.771787080975,100.0,1
239,6.584982961630447e-07,-0.1618753129387504,0.3535983596619981,-1.5,-43.015074696438475,153.65324263947232,1958.0484341919039,100.0,1
240,2.667967901980055e-07,0.13218654175103509,-0.18317537382352836,-1.5,-164.75708696176886,38.99939230278268,1957.2295307301126,100.0,1
241,3.539829284241668e-07,-0.08822408831269875,0.2821883004986161,-1.5,50.0705368677221,1.9407151434176053,1963.8998093662115,100.0,1
242,4.951680642076256e-07,0.15530413087449324,-0.17540169613400844,-1.5,-102.84397656285492,123.52388013481453,1957.9525667868745,100.0,1
243,2.9918609243847654e-07,-0.46972753487954094,-0.08072449735999045,-1.5,-138.07333285044137,-87.2150356991376,1957.7391497770332,100.0,1
244,4.5101570515295023e-07,0.03334382696090375,0.12288407017980187,-1.5,114.16659787496714,-65.84286966069608,1960.113259664,100.0,1
245,1.0400805776859706e-07,0.24522651323937508,0.09165069369092749,-1.5,38.442372908546645,-60.72315550386854,1963.223922179267,100.0,1
246,4.967667774226449e-07,0.37680037086301166,0.1408556845797599,-1.5,-109.51927921653645,96.60044258723048,1959.10366449506,100.0,1
247,4.799541883223019e-07,0.2538669893096392,-0.018074515400210444,-1.5,-18.917920689769712,-24.03706360233616,1964.3007962418292,100.0,1
248,1.0077762771703761e-07,0.33950446732219247,-0.10761362043709644,-1.5,-101.23838193897906,-73.1760358161695,1960.5635271703745,100.0,1
249,8.787947930836786e-07,0.14276626516582663,0.40793249787844305,-1.5,-28.07777187239776,157.82023925015608,1957.9881759285056,100.0,1
250,7.898423554035739e-07,0.3560758266708977,-0.3172448125785465,-1.5,70.07698859585058,-151.21131532658868,1957.4569318512915,100.0,1
251,1.7910189926705717e-07,0.015763155498781035,-0.12358408210067263,-1.5,27.665243886284202,97.01845727807701,1961.9468238191946,100.0,1
252,7.282545293729578e-07,-0.25629222660857415,-0.0017033867025907663,-1.5,90.63506866828415,-26.045825433318143,1962.2742381153364,100.0,1
253,3.3335188436126475e-07,0.38405734045380807,0.1910993961351466,-1.5,-104.39386241154638,72.89202747872132,1960.4086206928828,100.0,1
254,8.659725046503986e-07,-0.07596465995854731,-0.29858021150908626,-1.5,-118.27432251476475,-56.35744489407285,1960.1653780497236,100.0,1
255,4.135660666917753e-07,0.4952528651953061,0.02065302570304089,-1.5,102.07177616190945,77.9840187455057,1960.3349539294516,100.0,1
256,1.9554940209704224e-07,-0.23958894656281793,-0.280509358764744,-1.5,-1.692887963909691,-93.89259352425616,1962.2931996207299,100.0,1
257,9.954863157696347e-08,-0.1950474616225748,0.20787343915176087,-1.5,-13.480248380855254,-51.79958882267682,1963.8096577233557,100.0,1
258,5.51322154710119e-08,0.2667528357419146,0.252405121788871,-1.5,-81.11143892943754,4.755241909482138,1962.8580204424643,100.0,1
259,8.094703476269727e-07,-0.23366096346910112,-0.06625151724735966,-1.5,45.99481025541147,24.48013505561005,1963.8478776838492,100.0,1
260,5.129443540873536e-07,-0.11213212790994355,-0.3432531750060478,-1.5,-88.90827403103654,-99.40412334387418,1960.0069962470004,100.0,1
261,6.210299561708514e-07,-0.32603861910647786,-0.021020646836435473,-1.5,-46.789512494801784,31.327936551868365,1963.7318014886941,100.0,1
262,2.439648354656536e-07,0.39971540792250815,-0.000654332038275882,-1.5,153.1624558415006,57.139179591257125,1957.7256351548267,100.0,1
263,6.810032148400602e-07,0.19792950646727242,0.1715428343820751,-1.5,-83.57394723822779,72.21914802496228,1961.4313845423453,100.0,1
264,4.911121437270431e-07,-0.09346845306960502,0.24128723101111565,-1.5,115.25692131513004,102.41002891901675,1958.4793372236265,100.0,1
265,7.517770138406275e-08,-0.17407006340852527,-0.45345934113792297,-1.5,54.95899511240897,49.035919448593674,1963.1577302209307,100.0,1
266,5.407093172698622e-07,0.4758972654805833,0.12827229561103973,-1.5,16.225317447542317,79.78264199661079,1962.8511801397217,100.0,1
267,3.371085698075549e-07,0.23678055984543242,-0.23816702850798918,-1.5,-126.32321122784171,-8.949586763353704,1960.4529164119149,100.0,1
268,3.088909924171872e-07,0.14157606677617357,-0.08227031561183926,-1.5,-122.55528188514181,-84.24263480627047,1958.9019035237784,100.0,1
269,6.422978103155833e-07,-0.07584349522480308,-0.3672357646588546,-1.5,79.18397228121967,-20.884511087864364,1962.8313789005206,100.0,1
270,1.2111262511996144e-07,-0.23471540679455344,0.30722136745195916,-1.5,164.0376315380566,-46.456772219022035,1957.1271573458139,100.0,1
271,1.238072731708516e-07,0.4033520303437879,0.23326158522084614,-1.5,40.088565845686674,-76.34948441192778,1962.6453957311292,100.0,1
272,6.760229631820436e-07,0.34456731260416645,-0.25662326218474524,-1.5,25.2051042393161,-12.166524569898035,1964.3395746831316,100.0,1
273,5.209634200140894e-07,0.08238647882338695,0.03511530058750107,-1.5,40.21112416036726,-107.87013820010375,1961.1630184777046,100.0,1
274,4.508327035499064e-07,0.17455033997867123,-0.1845198648609023,-1.5,-132.45277125319268,97.8744710039307,1957.623594458133,100.0,1
275,3.3826556073166527e-07,-0.31940992352510317,0.2799157662456439,-1.5,-95.57264713319245,-10.08171267148697,1962.1869213853442,100.0,1
276,2.93697402504263e-07,0.05752826950184668,-0.36773731484536326,-1.5,-134.82332301080044,-98.74605837092818,1957.417986479807,100.0,1
277,8.83004307269398e-07,0.023376935614732534,0.02336894259781758,-1.5,146.56993047835465,-34.55154394316973,1958.7589776582631,100.0,1
278,2.9553722893627244e-07,-0.27084566382574415,-0.15819884018497243,-1.5,141.96597002868305,26.726020960438095,1959.220423899151,100.0,1
279,1.93139077325988e-07,-0.41678890007739955,-0.12331519432805922,-1.5,89.25552402950491,-1.9069990319501964,1962.5093887803548,100.0,1
280,7.580929896050019e-07,0.27179656577577804,0.2762201977509703,-1.5,129.3424919757666,28.791284032371557,1960.0650162684394,100.0,1
281,5.57248856171328e-07,-0.11114183669588282,-0.08224431372339844,-1.5,36.27120273684217,64.7764372295818,1963.1356803079088,100.0,1
282,1.2862339475746422e-07,-0.24111432204931293,-0.1482683163916258,-1.5,38.62133500629686,7.405331420261946,1964.1453204422066,100.0,1
283,3.766118110599108e-07,-0.22363568052816493,0.21666609705011566,-1.5,114.6651071975634,122.31779981558728,1957.3715935677048,100.0,1
284,4.94205600742557e-07,0.37292580480547066,-0.004855352560369562,-1.5,-96.8443565784687,-104.72622684830671,1959.3536878968919,100.0,1
285,7.82502719921156e-09,-0.055740733829939826,-0.4148073998668375,-1.5,50.148106282108145,-137.43648216977587,1959.0838846438521,100.0,1
286,5.922617193507318e-07,0.3362033209727896,-0.23214906632397928,-1.5,-85.26086885326782,-71.0038044854124,1961.4031534228536,100.0,1
287,7.901115046610162e-07,-0.4335168185169685,0.08697728841588594,-1.5,64.52096771710472,151.32754219393806,1957.6389621083151,100.0,1
288,8.400620122679227e-07,-0.34305293991669983,-0.08125529275565394,-1.5,92.15266147447927,37.882827976848354,1962.0107197958368,100.0,1
289,1.0820032450951463e-07,-0.37543998266668527,0.023372401771485096,-1.5,69.84746580536779,-46.580610603619945,1962.7442177987668,100.0,1
290,1.5522624020559463e-07,0.2759099718393333,0.22467060608113695,-1.5,-59.00661564807821,-136.28739327776248,1958.9173673254938,100.0,1
291,8.130683067444347e-07,-0.20477281514340526,0.3229741637979668,-1.5,-23.52026299155596,-2.629935473503214,1964.3963874265155,100.0,1
292,6.605739881289435e-07,0.04979645595687508,-0.21416014317607565,-1.5,-98.11713502776821,-121.1116581484653,1958.345802033084,100.0,1
293,5.975454376991527e-07,0.4568698436306395,0.03769131074524776,-1.5,65.38974973546475,-142.44318795783786,1958.276641616315,100.0,1
294,9.054402916642192e-07,-0.4623064184101589,0.09842447927016977,-1.5,-85.32382884458163,-37.729569265814824,1962.3225041008034,100.0,1
295,9.427581409521592e-08,0.224899757192077,0.02131245949521802,-1.5,-24.191125247973687,108.84537166567335,1961.3721627453392,100.0,1
296,4.648177303496567e-07,-0.2912130037321634,-0.03182585454097034,-1.5,101.29182286083507,-62.57495208876321,1960.9277468225976,100.0,1
297,2.3674368358571405e-07,0.014291818306582743,0.20057861585439613,-1.5,-48.59794006764591,29.64675580726884,1963.7139802826218,100.0,1
298,6.825022631000241e-07,0.24435825234571829,-0.021629462298073922,-1.5,98.15794698745495,24.45234078928568,1961.932819119774,100.0,1
299,5.368502576713351e-07,0.11505229880221525,0.34690999597921296,-1.5,24.43916773011672,-157.7694877213682,1958.0410624118504,100.0,1
300,5.006270815492722e-07,-0.08472273987341636,0.2076832190459608,-1.5,44.75327373776433,-79.89809848545502,1962.4033032519826,100.0,1
301,1.385677966593887e-07,-0.4171205331337265,-0.13404357301853748,-1.5,-13.738047214000948,-109.70503972383545,1961.425338009089,100.0,1
302,2.1945409567556166e-07,0.2609762429128584,0.3001516032281558,-1.5,131.7131957670429,-15.033827496929387,1960.0609440417297,100.0,1
303,2.539297861349645e-07,-0.28522851499981783,0.2819840130205144,-1.5,89.91938053719122,90.61919206671747,1960.3866846362516,100.0,1
304,6.14710080989885e-07,-0.22819570659733374,-0.34320612448233995,-1.5,-106.30459301547023,25.873965298041544,1961.4900350727512,100.0,1
305,3.867340759644413e-07,0.289625331228837,0.146230006386237,-1.5,-2.2930132260051517,107.13320107673125,1961.614260139727,100.0,1
306,2.1240791658078753e-07,0.20356063567396374,-0.3066662059905407,-1.5,48.23072481845564,138.38738130085636,1959.0650872664514,100.0,1
307,2.8675514730480044e-07,-0.2895911411582758,-0.26220404324084023,-1.5,116.45347925148174,51.2292375150018,1960.415118963325,100.0,1
308,6.321313442621713e-07,0.3161193747650367,0.16964014840985733,-1.5,-48.232480281412634,-105.64653015931147,1961.1031907519125,100.0,1
309,1.5029107757269673e-07,-0.1643904521614908,0.12040375012411061,-1.5,-67.81172765524819,-58.01963494489783,1962.5107841281797,100.0,1
310,8.78558956532114e-07,0.2171438355314021,0.4385433928654339,-1.5,-47.90990722963874,61.483348975488546,1962.9920338234022,100.0,1
311,1.3807660184268347e-07,-0.06417437492673612,-0.29664811684409487,-1.5,-31.990613456028406,-5.63563373638808,1964.2703802046265,100.0,1
312,1.1281493060992232e-07,0.28327274913974526,-0.22163094833398395,-1.5,26.890652667221396,-83.70331443695221,1962.5707462961764,100.0,1
313,6.842450668780591e-07,-0.0909987605991796,-0.03062527147994987,-1.5,17.76943607495266,142.46249562494546,1959.2860870092509,100.0,1
314,7.428574612954051e-07,0.3030688005499665,0.050920649318640744,-1.5,-145.97156095244253,-72.10558838128377,1957.7809820772668,100.0,1
315,8.396846582499385e-07,-0.15807216654348533,0.2007270133386106,-1.5,58.81690685819945,-37.71094645666192,1963.2961422697056,100.0,1
316,5.425830535328504e-09,0.48897603347639734,0.06550506591237838,-1.5,-79.68887884923548,145.91748880682036,1957.4910102767253,100.0,1
317,7.047630595265825e-07,-0.330859132002008,0.1783769703540599,-1.5,-70.55210355660068,100.82675506625723,1960.680915501724,100.0,1
318,9.154341927004604e-08,0.1885262202966581,0.012581693325018623,-1.5,144.19995865760478,-83.75990216049573,1957.4483229396735,100.0,1
319,3.730660433272857e-07,-0.2474756358551625,0.21117334067384297,-1.5,-74.96017184700027,-71.41997446307107,1961.8087180330538,100.0,1
320,2.3540439269621762e-07,-0.13663122737526545,0.33367458989393506,-1.5,-63.56353626781677,-91.08216646137177,1961.3966967638046,100.0,1
321,8.499333653678729e-07,-0.18249019877488407,-0.40432877039215276,-1.5,-118.45166454918372,102.812234192674,1958.2676359302804,100.0,1
322,1.2158661636502345e-08,0.2053522661525092,-0.2886352348676411,-1.5,-31.53155531653321,102.89144482586453,1961.58925309737,100.0,1
323,2.1116430446450084e-07,-0.08941396987488319,0.03465913104685076,-1.5,117.1605827506693,33.37541566011368,1960.7582119540311,100.0,1
324,4.3297257274184644e-07,-0.0009073112126252062,0.37314962931136847,-1.5,-52.53005686115167,144.53264234138342,1958.5107083419568,100.0,1
325,3.2085336280534133e-07,-0.07218999742250634,0.21198719996115611,-1.5,-97.03308318097561,-125.83149863160487,1958.1022192384771,100.0,1
326,5.229981692537595e-07,0.05218731727636949,-0.3006767052547786,-1.5,-122.86372391954286,-21.49988459261141,1960.5753100998845,100.0,1
327,1.3077637364696886e-07,0.2669661713551187,0.12834602010468948,-1.5,13.567311925809634,90.88608822242125,1962.388578564619,100.0,1
328,3.468705945175521e-07,0.01826003125957134,0.23608344453931623,-1.5,-85.15915899370279,-18.660641840500467,1962.6036238506535,100.0,1
329,6.982040004282435e-09,0.13421101290051468,-0.3507141419079031,-1.5,-33.094188408553876,-58.14902176895058,1963.3992849716087,100.0,1
330,1.6624572604197826e-09,-0.11552438012903048,0.40022204006535494,-1.5,-147.98852436060898,-79.8650970679321,1957.3283447582396,100.0,1
331,5.076615250353293e-07,0.1250892709602655,0.0450241370115034,-1.5,103.66353213179737,0.5714880110709394,1961.8019348990215,100.0,1
332,1.7823137832599863e-07,-0.18565238715452131,0.0294989778772388,-1.5,110.35835355162838,79.5676938484624,1959.8222629011905,100.0,1
333,1.451835936455375e-07,0.07914791616463963,0.26924702500941905,-1.5,97.66475647174107,77.86470738891451,1960.5641965905338,100.0,1
334,4.1179504595152335e-07,0.30487709677601776,-0.3076420328073369,-1.5,-129.83269524179536,-100.42932230163949,1957.6697139033479,100.0,1
335,5.285195191367326e-07,0.42440058370568307,-0.23914925154245453,-1.5,-32.60391545461935,-154.88244933007203,1958.1526237381695,100.0,1
336,8.86363136620104e-07,0.004134292482625554,0.14343165909564268,-1.5,18.408549894772282,99.64745876828188,1961.9237486502695,100.0,1
337,5.746826520711288e-07,-0.48298069901893714,-0.06645511422597335,-1.5,16.596290949206498,-160.21436438932358,1957.9247193996468,100.0,1
338,2.4696925379197653e-07,-0.46549819801904624,0.05196612349701678,-1.5,29.235465248794934,-26.74193417805038,1964.139364402189,100.0,1
339,3.280603939838897e-07,0.053503658919476685,-0.03274680732909508,-1.5,-98.65571023778594,-130.56563019891072,1957.7111516550062,100.0,1
340,5.090174515830402e-07,0.28816266700009574,0.013644446478726651,-1.5,-88.4083121297758,-76.86326325976248,1961.042910130616,100.0,1
341,5.077852018229235e-07,0.428693994500096,0.19761294680074776,-1.5,-64.98418575586989,-40.184434131599616,1963.0526108898102,100.0,1
342,6.877204588329996e-09,-0.274107545741547,0.4029826958237758,-1.5,36.73082589331352,-4.320320551797944,1964.190792037692,100.0,1
343,8.480084264328904e-07,-0.3305840755087237,0.2801302919589261,-1.5,-74.19583953398416,90.53816644960668,1961.048470609006,100.0,1
344,6.120695199020577e-08,-0.15047418970748658,-0.2875425567547585,-1.5,139.96763537251917,-26.85461144761489,1959.3624414993656,100.0,1
345,1.5635416285632736e-07,-0.252493022051772,0.016312952804792596,-1.5,80.26069475143785,-6.372276988975641,1962.8884077374657,100.0,1
346,8.879393528664656e-07,0.024884928932909802,-0.1982690933393848,-1.5,89.37169965060146,45.533891806504904,1961.976720112817,100.0,1
347,7.431610165950429e-07,-0.18552267185425442,0.3209510639134585,-1.5,-106.09580428870717,29.572589870078573,1961.4490634494794,100.0,1
348,2.0741356696243835e-08,0.41658192287054646,0.09534065239913796,-1.5,-122.09655425374613,-49.50509428253725,1960.116058641827,100.0,1
349,5.220986004450037e-07,-0.03922983056552735,-0.1415931902703815,-1.5,-136.60480974944122,-77.45344988983939,1958.252633170606,100.0,1
350,5.123856333582995e-07,-0.11911225489029402,0.3886864870802845,-1.5,-33.08007109749365,108.6159479757651,1961.2551009513377,100.0,1
351,2.899072243715865e-07,-0.23139882808148812,-0.01509041883805539,-1.5,101.36674362522966,-48.82926499965807,1961.3142972080077,100.0,1
352,5.625386245213458e-07,-0.29275609782390993,0.098676621021991,-1.5,-63.759098878668176,79.66193951699238,1961.8873665347617,100.0,1
353,8.556558741949434e-07,-0.4800458358059782,-0.12871917144484876,-1.5,99.84661063604091,-51.3659199525876,1961.327479764165,100.0,1
354,5.47306388124555e-07,0.3324477475337283,0.3263534764886936,-1.5,-5.090139043557008,-69.77744111105893,1963.2927661107096,100.0,1
355,8.024789669379399e-07,-0.30794753505774375,0.36724496606571605,-1.5,-44.69397742407685,124.16334578051111,1960.1018336333286,100.0,1
356,5.112407327542239e-07,0.006512118175123393,0.2373783046330412,-1.5,-56.85227051599618,126.06147025928513,1959.6656886620674,100.0,1
357,6.035177547675236e-07,-0.15269737228560684,-0.2016686664069823,-1.5,51.01214916658754,91.66088068242914,1961.7363048728182,100.0,1
358,7.453457198137949e-07,0.4551222166143556,-0.20462788029464593,-1.5,-136.75895066963346,-34.414286247676486,1959.4708297343789,100.0,1
359,8.993802795991651e-08,0.1390350213979301,0.3039107944581497,-1.5,122.30791866011992,14.966762889440828,1960.6708176814823,100.0,1
360,7.189634244430326e-07,0.4717357239218911,0.023250306658517707,-1.5,-90.38301196840467,-80.78221639482766,1960.7953567182858,100.0,1
361,4.0738477389170274e-08,-0.03387601049423803,-0.388253988644147,-1.5,67.66337165993214,-109.21362412430445,1960.3334764032818,100.0,1
362,4.703635499659807e-07,0.20740572117367564,-0.05971482373955543,-1.5,-156.95889681838034,28.992591986530602,1958.044080347935,100.0,1
363,8.773088283129242e-07,0.015741889468865813,-0.37465205672449964,-1.5,67.95901465992587,-56.835599702074646,1962.540336706252,100.0,1
364,2.4794635714102613e-07,-0.26854875784438287,-0.2006244022091058,-1.5,51.624847050263476,98.65648007000358,1961.3809064976047,100.0,1
365,1.1356011146195979e-07,-0.4601469713569847,0.016867236359866953,-1.5,63.561948294428575,69.01168617049454,1962.297263965644,100.0,1
366,6.912996879717706e-07,-0.09387232414945429,-0.4083375143708387,-1.5,75.02502611141593,-7.830790816829758,1963.0902196379807,100.0,1
367,8.545977780589409e-07,0.17907644642676568,-0.25656905946792524,-1.5,-59.21601154114625,-60.54800961413411,1962.712584352344,100.0,1
368,8.688180656445038e-07,-0.0887696277319616,0.008759253973397921,-1.5,30.12254617874248,-22.165546197397134,1964.1829362459118,100.0,1
369,2.5306605422285728e-08,-0.2801240676478996,-0.3401698171723062,-1.5,154.75791379625855,-69.62801677892034,1957.195752515061,100.0,1
370,3.052000728539884e-07,-0.37174753921105036,-0.001166184807869811,-1.5,12.671818799701306,124.95631609424402,1960.5199897839843,100.0,1
371,7.042603604088505e-07,-0.204579617469552,-0.14048827554065615,-1.5,78.0854355559622,-37.24312241111098,1962.6331549357965,100.0,1
372,6.675426711731765e-07,0.38695923276219657,0.07901212643164955,-1.5,-127.7654805026558,4.050349164491638,1960.3756943325182,100.0,1
373,2.6806088763523376e-07,-0.33972211118673923,-0.23422685799954696,-1.5,-9.444738545909917,99.37385567380154,1962.0012538192868,100.0,1
374,3.3126310022740075e-07,0.16670360743304938,0.44700211782002885,-1.5,143.37108715864846,33.09088293201143,1959.020931766646,100.0,1
375,7.719725483131054e-07,-0.46840123163940445,0.06730911804297697,-1.5,-81.44760932976993,-93.89202769835028,1960.6029328589939,100.0,1
376,7.64518819231351e-07,0.002445833160888118,-0.268754705015522,-1.5,106.12593049247195,-52.60985682335028,1960.9647564676588,100.0,1
377,5.069232722344362e-07,-0.2468669169217718,0.37928682117852963,-1.5,22.635205149637542,156.14424431779284,1958.1930213133717,100.0,1
378,1.6594193449218227e-07,0.4445954342467745,-0.08034199635918832,-1.5,51.72253245429524,-88.74261479129783,1961.8518838644902,100.0,1
379,6.193629773683439e-07,-0.10911968290564963,-0.4087982083219014,-1.5,69.55843323729663,104.84023790248315,1960.5059130612829,100.0,1
380,3.66810420109153e-07,-0.19707237655081747,-0.20037707712762118,-1.5,-94.76906270429753,-51.468182351595544,1961.5766967482314,100.0,1
381,7.971644972055896e-07,0.39530891893508996,0.11733371424054434,-1.5,-40.52768559027485,114.61934785540102,1960.7736223399247,100.0,1
382,3.227937647640089e-07,-0.34257955766972586,0.321412313823505,-1.5,109.15949562448742,-131.31482873569905,1957.1034480924234,100.0,1
383,6.00416394785932e-07,-0.40201495880429083,0.2046855314594348,-1.5,-11.490102663822364,61.947703945664614,1963.5283918962737,100.0,1
384,8.460983659137473e-07,-0.4928674576460973,0.03150924815766889,-1.5,-107.7939117026186,56.42534783392537,1960.7676912341758,100.0,1
385,4.028868072004834e-07,-0.09623665152851833,-0.41630526066979184,-1.5,-40.520318890589806,156.94738738048105,1957.840368267438,100.0,1
386,3.6886280264593476e-07,0.02056460527846807,-0.01619340705914504,-1.5,31.047892186065223,62.6233872186059,1963.2950939759928,100.0,1
387,7.378089994369464e-07,0.267621973428163,-0.021755532174634815,-1.5,116.23710333024026,88.87660016219998,1959.0822269672947,100.0,1
388,7.647256939816793e-07,0.1406074400265008,0.013863796060853634,-1.5,93.32735708134645,-115.06041400702478,1958.9447138229486,100.0,1
389,4.4671936196952045e-08,-0.12275863881781349,-0.3200486378497588,-1.5,-80.1381245080196,45.38669599173895,1962.3789682661761,100.0,1
390,7.294565088873407e-07,-0.06534834130541427,-0.2384985522773554,-1.5,103.66110873066734,115.64988923925333,1958.3903502422106,100.0,1
391,1.5895880435085062e-07,0.06762702507012541,-0.34503964126403125,-1.5,-9.447391023251269,62.264999909075556,1963.5292467532302,100.0,1
392,9.36623194186362e-08,0.3228480483147801,0.20779427443929624,-1.5,107.29253236907407,-46.9894092241387,1961.044006182607,100.0,1
393,8.978422364092034e-07,0.0009027972589577104,0.38359381855209845,-1.5,130.70313594218769,103.47017967485516,1957.4534217802125,100.0,1
394,1.1422851841205536e-07,0.40485548417170647,0.22526995603336034,-1.5,23.742318866647764,13.147677534850372,1964.3514774949022,100.0,1
395,8.951264688359832e-07,-0.3322455433811752,-0.36855196663578055,-1.5,-9.099935228738083,-94.31273601286132,1962.2526813004313,100.0,1
396,2.5063937116919173e-07,-0.34289234122779444,-0.04171218694713641,-1.5,64.27881131868698,-33.75459847166166,1963.196920271526,100.0,1
397,4.106590750134617e-07,-0.18796343909335764,-0.32443324970690957,-1.5,-126.63893319997082,19.2860556605875,1960.3581088467386,100.0,1
398,3.87175574858438e-07,0.07630126357024615,0.1273127555074672,-1.5,-87.14889616128048,-114.32027641522049,1959.2726279322,100.0,1
399,3.1379851468192614e-07,-0.23219656703082384,0.29929183710230833,-1.5,-62.70314261277857,102.70559228016425,1960.850112447913,100.0,1
400,5.917761278100297e-08,-0.019931960721861288,0.32919933021262804,-1.5,29.91017172475908,147.05481021413618,1958.7990072200903,100.0,1
401,7.946080707656664e-07,-0.12477947439485015,-0.20812555065615018,-1.5,-122.21809730453225,11.506492776676534,1960.6997790537366,100.0,1
402,3.087165057589005e-07,0.2511487084302955,-0.18280508880036309,-1.5,-151.39319754216723,-21.163779859301663,1958.582518155964,100.0,1
403,2.5600294086941864e-07,0.013207807007009973,0.010288012540870382,-1.5,53.56617774539919,68.43802404611037,1962.6156495178936,100.0,1
404,7.661345470602322e-07,-0.1036364370783149,0.054167442368823766,-1.5,3.8993099310087382,107.25980916390664,1961.6048060163178,100.0,1
405,7.277867466306185e-07,0.08825856688038533,0.3835625979631291,-1.5,103.00270319750375,-96.05776825645044,1959.4837673626512,100.0,1
406,4.225755100332685e-07,-0.3759805048505762,0.11450990368390429,-1.5,41.70315312184435,-151.45525693288877,1958.2480533459545,100.0,1
407,6.631295269107261e-07,-0.22485207340364463,0.021177305880103033,-1.5,-110.62051226322775,-114.2417801393651,1958.0922358773964,100.0,1
408,4.490783966322714e-07,0.3209675140590924,-0.0266337131492226,-1.5,28.375581628846174,-114.21694712097162,1961.010607218564,100.0,1
409,5.931779685674882e-07,-0.15194362497221026,0.012723198433674117,-1.5,151.32033152487085,43.85835702957749,1958.2114002456426,100.0,1
410,1.1517783831924801e-07,-0.303278841998733,-0.1336257760694991,-1.5,-46.60822650170922,-63.02385756502275,1962.974516611492,100.0,1
411,1.4160856814032462e-07,0.04457749581504406,-0.3967791402342683,-1.5,6.036904956190225,-39.73248684420214,1964.1278399161945,100.0,1
412,7.378447898342804e-08,0.054651662669247404,0.2731707545522827,-1.5,-13.36260677888616,-152.22851201221002,1958.586532971355,100.0,1
413,4.520982926976122e-07,0.10095584474863369,-0.3534799537100503,-1.5,149.06487256465203,61.696594857057114,1957.9035931874837,100.0,1
414,1.8851134713300244e-07,-0.17803182131526182,0.29596129051502373,-1.5,-82.58322516753886,89.13523291644171,1960.7774497479286,100.0,1
415,2.720135973501734e-07,-0.2459417106237114,-0.018927810318009955,-1.5,-116.35610875428426,19.623596582499584,1960.9919573213092,100.0,1
416,8.853249749415069e-07,-0.1439666392314582,0.2470463454497661,-1.5,12.766884887234715,-141.0513409592606,1959.4271642829701,100.0,1
417,1.6075799631139224e-08,0.05705289199715186,0.28185302134797396,-1.5,-52.850818522005234,159.02739730905319,1957.3784417308764,100.0,1
418,1.950781435401284e-07,-0.11948812337582329,0.3378952097623883,-1.5,131.50665615328896,24.82975385127403,1959.975196010704,100.0,1
419,2.743730367530426e-07,-0.30597663110311696,-0.1307467431858226,-1.5,32.037531356691396,163.52307934245317,1957.4593445006876,100.0,1
420,6.622708282140571e-08,-0.32709747975337855,0.2703836104898501,-1.5,34.16867640435516,50.7714676772017,1963.5855076590906,100.0,1
421,3.090293097719009e-07,0.17959792851782788,0.3315688931541012,-1.5,-22.30249531566852,76.45286504821281,1962.9240546681233,100.0,1
422,5.986236250390938e-07,0.25456379017828495,-0.3722996116693758,-1.5,47.057169644031504,-117.19151430739515,1960.4757223759655,100.0,1
423,3.129358075970741e-08,-0.3900133345242974,-0.21200948463442035,-1.5,37.54232254487091,-1.8901739680379361,1964.179291084813,100.0,1
424,3.14547549033256e-07,0.29028825932104046,0.3141102578322657,-1.5,-36.198529945866476,43.667710912914394,1963.7199606154427,100.0,1
425,3.0504531363487903e-07,0.3295161892723393,0.2613125470554783,-1.5,-1.9943285095076895,136.16400526603041,1959.8134280052884,100.0,1
426,2.9547058194549494e-07,-0.2391136494579587,-0.034740965434696146,-1.5,-107.63283051476974,-95.72473213750125,1959.2511926036216,100.0,1
427,4.1689411495483056e-07,-0.08557760255416491,-0.1897298142500555,-1.5,35.98667207064717,86.48534934883753,1962.3043928115283,100.0,1
428,4.690946829157454e-07,0.39883986629098955,0.046590750995948935,-1.5,-1.2637977577980488,79.11685338590887,1962.9447808310022,100.0,1
429,7.149048081725675e-07,-0.14178388494238847,-0.20834041361313915,-1.5,38.48464759636602,14.796984644144331,1964.106226101571,100.0,1
430,6.920656305300129e-07,0.2086689967001972,-0.28067982066658775,-1.5,-68.40954659476505,-62.96267492967168,1962.3376676215871,100.0,1
431,6.290079217259562e-07,-0.2499862055429069,-0.41872107100828126,-1.5,-47.247228709309965,63.142595336044856,1962.9554244301244,100.0,1
432,3.394061587748401e-07,0.1418551007508387,0.05695985950003187,-1.5,112.08425045643719,-116.46879082842884,1957.8777867447993,100.0,1
433,4.472346694542841e-07,-0.045445030253442986,0.47337381246373494,-1.5,-78.65815313516697,94.44466605681313,1960.6902831056498,100.0,1
434,6.995256805870846e-07,-0.025096217970486324,-0.4769074213049171,-1.5,-39.79483132528642,-85.15834453807904,1962.2888966769028,100.0,1
435,8.379560367808887e-08,0.26944881664945963,0.02700372068963448,-1.5,100.5257088244643,-118.57364200846104,1958.3789621910055,100.0,1
436,4.17492993947721e-07,0.15160862672757713,0.044078736965223346,-1.5,-92.07929719124239,99.94208404528162,1959.8332248259248,100.0,1
437,3.137956018940498e-07,0.2277653763555984,0.05194521645593723,-1.5,-66.36795048148805,-60.78059307824087,1962.4765733429979,100.0,1
438,8.222177955031795e-07,-0.20226531297540576,0.3501025162487776,-1.5,-34.1095635537047,131.11890484580533,1959.8616422422128,100.0,1
439,8.450413493848301e-09,-0.2408139885625549,-0.19466076532264492,-1.5,25.40986046186205,-127.70151611210557,1960.2193622245725,100.0,1
440,1.6103234083436774e-07,0.26399212832394225,-0.3532540485663427,-1.5,-71.7686100819918,131.27510420700528,1958.833683570014,100.0,1
441,2.8282175695931125e-07,-0.168840421346462,-0.35440197478602514,-1.5,-135.6341464788684,-56.35147872299539,1959.0408815082988,100.0,1
442,8.544794806051014e-07,0.2563287038467333,0.4174405787774581,-1.5,-147.51318537028723,-44.28600325837862,1958.4922507693109,100.0,1
443,5.263127424648643e-07,0.2328474224271989,0.08139973423732551,-1.5,36.04515231851485,132.57564947986197,1959.7289941278766,100.0,1
444,3.36513692690082e-08,-0.015141570180714431,0.029111047346963653,-1.5,19.38170632477208,-166.74806066905091,1957.3534989850918,100.0,1
445,2.9341774776816684e-07,0.22078738377200152,0.1284007643501522,-1.5,-23.457633938735707,-161.88285530249874,1957.7172847056436,100.0,1
446,3.277195120141569e-07,-0.18812052810305377,-0.18554728572381943,-1.5,-50.822779341399674,16.220876113534835,1963.8144552233687,100.0,1
447,6.596415080057651e-07,0.44285193798803973,0.19020265424243626,-1.5,26.691080441360484,48.30917192937728,1963.7635031740715,100.0,1
448,1.1754264440547179e-07,0.057631170837865155,0.4734695271228796,-1.5,103.23975064995405,-94.72180784306256,1959.5363276221262,100.0,1
449,7.017098715609738e-07,-0.2665384746521356,0.12189383312670954,-1.5,8.10423818059071,142.92640434368263,1959.316118070545,100.0,1
450,4.611459633559132e-07,-0.45394538200529005,0.07966610482220098,-1.5,-72.9251838580303,-112.08097741613285,1959.982922968169,100.0,1
451,2.3233450142559167e-08,0.28578446008341746,-0.21079688180450956,-1.5,-114.76696316692657,80.85019902705442,1959.5165413307586,100.0,1
452,2.041815350190907e-07,0.26239220946050856,-0.38143978066498735,-1.5,27.303535905813572,-115.05651319766712,1960.9767469207702,100.0,1
453,2.8551906423251994e-07,-0.06018648403537415,0.18611853151737248,-1.5,101.65570170672738,-34.737174076034854,1961.599534388672,100.0,1
454,7.565449988954326e-07,0.15559563639275795,-0.31469420454469893,-1.5,21.787849500710664,13.682346379346155,1964.370476584756,100.0,1
455,4.4747845186100574e-07,-0.29134069308006344,-0.14053031423376505,-1.5,110.8282533471353,17.296705496622934,1961.3340379713798,100.0,1
456,4.982015370798202e-07,-0.14883059092526918,-0.4049483010096147,-1.5,65.97232334730604,-84.27928045242504,1961.621253378111,100.0,1
457,1.7799842321282833e-07,-0.047678346994491916,0.0520010246553065,-1.5,118.42657497799631,67.48129246399587,1959.8047626670625,100.0,1
458,7.887981170082711e-07,-0.13963187197554117,0.38476369990583037,-1.5,22.727815070430367,48.76231403835018,1963.8021716603434,100.0,1
459,1.656916904412752e-07,0.36812519187438203,-0.0051242253823473105,-1.5,-7.037483889838061,-93.96709220896054,1962.2777442728193,100.0,1
460,5.68959497727736e-07,0.30258875437958405,0.18075389142264328,-1.5,-117.28442759711467,-25.847117731147254,1960.8644970559135,100.0,1
461,4.829720426926896e-07,0.1883633602594267,-0.1332962089216991,-1.5,-30.267613473874142,-136.90984291880847,1959.5287323110817,100.0,1
462,1.104875995876548e-08,-0.13809968109052528,0.11444010332194991,-1.5,95.43975229361979,-22.880082454403897,1962.0858905193584,100.0,1
463,7.972671037121205e-07,-0.3730573549411516,-0.28604864811906494,-1.5,102.50847892556023,86.75635819288688,1959.9435278414546,100.0,1
464,4.213237621095106e-09,-0.07810400678810372,-0.15870070816854095,-1.5,-142.0392706435073,-36.223567995414996,1959.0625270733126,100.0,1
465,8.814865383801435e-07,-0.4778060707408126,-0.010630126717074116,-1.5,50.67290112343525,-63.50825990444158,1962.8581824171035,100.0,1
466,6.750885182110538e-07,-0.4012406650116982,0.02744447028400847,-1.5,-4.7048797488995575,80.2023909042145,1962.895495655825,100.0,1
467,6.952239128860665e-07,-0.11441235169426645,-0.13574009956691585,-1.5,102.57389606238009,71.82765698389878,1960.5439729332568,100.0,1
468,6.459321673593215e-07,-0.24203606416936352,-0.407625621568428,-1.5,79.51459457092098,84.8540779454174,1961.0942101215808,100.0,1
469,1.655979746889942e-07,0.13735716235797035,0.20871318913818107,-1.5,30.187811230592473,162.4133742761152,1957.5811293980855,100.0,1
470,5.649994488832897e-07,0.11159924993605197,-0.24062390841076942,-1.5,-88.64276753194235,-24.64470295812685,1962.3833429395274,100.0,1
471,3.8800428261011145e-08,0.2016699470396646,-0.118327747274713,-1.5,-30.630135601388094,98.85023976519766,1961.8113342412757,100.0,1
472,1.0445833709887962e-07,-0.26512015287247387,-0.09488713298427304,-1.5,-20.01154018573758,2.4615318581620995,1964.4354826225363,100.0,1
473,5.070137769508719e-08,0.17984118446368605,-0.06902843699350114,-1.5,71.40924356621059,2.790627225160165,1963.2387064743612,100.0,1
474,1.7670444611636128e-07,-0.25376128571888434,0.3178029005548548,-1.5,-94.3922370531446,134.55604351052395,1957.651159682191,100.0,1
475,6.307928875392567e-07,-0.06332103125986117,-0.021753920359967524,-1.5,38.50536935735551,77.08496989293087,1962.6483460399602,100.0,1
476,3.760483455003351e-07,0.38302669665518063,0.3167768638263632,-1.5,-39.64730858382744,29.492433414208737,1963.9174049739206,100.0,1
477,3.584900355570252e-08,0.11132680835129362,0.015483231921178515,-1.5,23.450314869466304,130.06384538060055,1960.0884584945306,100.0,1
478,8.712455696494909e-07,-0.30808912554588097,-0.30919051019316685,-1.5,51.29687454187367,-95.04547544470101,1961.5678103307714,100.0,1
479,6.621487716742318e-07,-0.4076237215297097,-0.062004339365230296,-1.5,-141.38458223989804,50.81171197487595,1958.7858116948782,100.0,1
480,3.102606170031839e-07,0.45525792490449274,0.07142541023573452,-1.5,107.13823162368008,-73.7922869925377,1960.2268705359318,100.0,1
481,6.571480278724743e-08,0.011086511508637542,0.2819851771733303,-1.5,127.95683797443611,37.659743286656266,1960.0056320371373,100.0,1
482,7.36895486450439e-07,-0.10066688151339521,0.4101642742296504,-1.5,45.695952531652964,-139.8765854334334,1959.020088471744,100.0,1
483,6.053530610077348e-07,-0.27656032651197765,-0.04831000978128943,-1.5,42.7881594449915,-106.50389208050096,1961.1831583636308,100.0,1
484,7.080757293558867e-08,-0.319638304198311,0.08102965675116121,-1.5,154.98013063128795,15.581319344891769,1958.3543264340885,100.0,1
485,2.5868937384701013e-07,-0.2769531708203839,0.37881322121976235,-1.5,-122.71845591647423,91.76296417096557,1958.5538096386745,100.0,1
486,3.807813318610833e-07,-0.24184559931372085,0.07518843267119643,-1.5,7.1835014747566195,-2.0779599921076044,1964.5247174965666,100.0,1
487,2.0986318937519454e-07,0.3110926021963905,-0.22859593085189092,-1.5,-2.7398487944923233,-169.97460591824367,1957.1700010059556,100.0,1
488,8.147486262557536e-07,-0.09034023294303685,-0.3235985498050147,-1.5,-38.083598530860655,-133.80521318453535,1959.6068714703244,100.0,1
489,3.088538534930295e-07,0.30812488922004144,0.09460814863328697,-1.5,-98.01310148393117,42.398632509362265,1961.6342865490926,100.0,1
490,1.148999608705473e-07,0.3398410436795899,-0.2789917149682632,-1.5,10.97058888735093,152.99330898284146,1958.5417993630049,100.0,1
491,4.0687285129676727e-07,0.2520799261065817,-0.14925617263391716,-1.5,-91.50737182914516,41.09710689808276,1961.976226912972,100.0,1
492,3.3119066803010475e-07,-0.27831569094203884,-0.3437114182068629,-1.5,-29.017394669081025,31.89626350276947,1964.0656571121322,100.0,1
493,1.0466893705058862e-07,-0.37526300970717424,0.13532602355055098,-1.5,93.79028680787759,11.379670313921764,1962.2658258936717,100.0,1
494,4.5077782612399315e-07,-0.3612512788275014,0.03591929960624809,-1.5,83.10408978894299,-25.894639215336476,1962.60960564917,100.0,1
495,3.126711825129988e-07,0.4327681402900267,0.2218621796752343,-1.5,-62.62898170809999,135.22560814786095,1958.8784882726593,100.0,1
496,8.717898877213841e-07,0.3303203048390464,0.0852601715481157,-1.5,-122.3935717639847,98.63914421655976,1958.2398778201843,100.0,1
497,3.117375954453857e-07,-0.22386467608252264,-0.05847629079806432,-1.5,162.7835741272416,5.7162191089369365,1957.774787635082,100.0,1
498,2.9669321147742053e-07,0.1843838522839793,0.0972455976960987,-1.5,116.18802705559533,37.332308412132335,1960.744737946192,100.0,1
499,4.007823046605922e-07,-0.36260236718446176,0.033729540325182064,-1.5,-49.035270098350296,146.07108312201566,1958.4871884258202,100.0,1
500,4.7617634004008645e-07,0.09183962229195809,-0.09667693134465034,-1.5,66.76441832348405,-33.6648921875466,1963.1155018862387,100.0,1
501,9.337578418567355e-08,-0.20556045123244296,-0.139896172948334,-1.5,162.58013757398737,16.22187893689948,1957.7328305405492,100.0,1
502,7.498463607165403e-07,0.06199379110716557,0.2543891981747715,-1.5,-15.416713548222692,-33.07389384474153,1964.200022593282,100.0,1
503,8.889553878701982e-07,0.16446884520676489,0.43366540489997574,-1.5,-127.359703189468,106.28111871261788,1957.523209587773,100.0,1
504,6.301273088332911e-07,-0.04378663392593487,-0.28781581809157675,-1.5,39.210903315590166,26.193833381647906,1963.9729311831366,100.0,1
505,3.7888946270353994e-07,0.07612667634827362,0.4495085053501843,-1.5,-52.645485648645646,-3.79973599148397,1963.8297535971249,100.0,1
506,5.986109946525938e-07,0.03050069177482442,0.472983327345224,-1.5,-31.221124976376245,58.6001938973496,1963.4165490024102,100.0,1
507,1.8997999889206858e-07,-0.4334081932456791,-0.06511172247894798,-1.5,117.84828338823569,46.68967949498234,1960.445138787932,100.0,1
508,4.3502276287417347e-07,0.22647049510862535,-0.035782206786282314,-1.5,110.48125563791643,10.287770758401109,1961.4029010357926,100.0,1
509,3.357909144820474e-07,0.18079449511248383,0.40254019178261147,-1.5,108.73686099433834,-29.89870972683971,1961.2994795502036,100.0,1
510,7.573310547623776e-07,-0.16749798034192953,-0.054140459577484513,-1.5,-93.06750117921425,110.81097465685012,1959.2020453199787,100.0,1
511,7.462465380878963e-07,-0.07918189765036386,0.29978843214220696,-1.5,-63.44351846654766,-133.07616634036725,1958.9994742681447,100.0,1
512,8.494486773909113e-07,0.10443878054051153,-0.39140577653462255,-1.5,-156.96165436535583,38.464382821563326,1957.8806951852755,100.0,1
513,5.025633390382829e-07,0.19529584716573425,0.2573480542591831,-1.5,-106.18850815861963,-106.20638711516953,1958.789802489568,100.0,1
514,3.3631617089009543e-07,0.20361509253122034,-0.4073244391796301,-1.5,-109.70170293490999,62.684088354993385,1960.4717615172158,100.0,1
515,8.741752392449887e-07,0.24579553514110059,0.41910721024245645,-1.5,17.243663637962946,88.09211393155744,1962.4871265293798,100.0,1
516,7.578179403605588e-07,-0.12423059165135808,-0.4526843896687865,-1.5,-51.77455222693472,-100.08011991603261,1961.3048339321003,100.0,1
517,7.297949149327976e-07,0.4630775593984434,-0.13697780004059912,-1.5,162.2313681095658,-3.920593773318301,1957.8250428503295,100.0,1
518,7.175406047969165e-07,-0.3184203599860265,0.21877013644039048,-1.5,-14.177374746045633,118.61122521111197,1960.9037879420193,100.0,1
519,2.2684542509140396e-07,0.05285425327428378,0.08517651347790249,-1.5,166.3203358359631,-19.801471260844256,1957.3856885880846,100.0,1
520,8.658529346520577e-07,0.28668616157360705,0.043264152057736614,-1.5,40.298125614346866,-70.2282719233637,1962.869668918637,100.0,1
521,5.711188872567367e-07,-0.186465450805488,-0.24361181526331965,-1.5,80.82818218361743,-67.71691935631699,1961.7070398160663,100.0,1
522,6.534380064947985e-07,-0.0028505202627402654,-0.009285680821529427,-1.5,19.908161061581847,-42.08643093600039,1963.9871903147298,100.0,1
523,8.380339736364294e-07,-0.4391270949838735,0.20331115814594605,-1.5,37.16825217252174,17.659562952657627,1964.1079265490714,100.0,1
524,3.559791361571559e-07,0.2354409636158092,0.236058424111748,-1.5,31.088904655238995,91.16251561149221,1962.1763840238352,100.0,1
525,6.159159889668396e-07,-0.07673760728415055,-0.21301263893105823,-1.5,42.25233638558795,156.5916564987454,1957.8322398640464,100.0,1
526,3.4389148930981076e-07,-0.004053929315713323,-0.0440505665746263,-1.5,96.85495777187148,124.26524225002015,1958.2110593574137,100.0,1
527,6.469923699293458e-07,0.02620101700908203,-0.3941146296177206,-1.5,-8.995011977698397,56.29905574266027,1963.7114839884541,100.0,1
528,6.741583803044523e-07,0.1267353292000113,-0.07637719712503156,-1.5,23.91706751179597,-102.40426035153345,1961.7223625196361,100.0,1
529,7.553983999230329e-07,0.10208323564593666,-0.04389930153935588,-1.5,-101.64498071659092,-98.29864103681045,1959.4435335909968,100.0,1
530,9.070511576640838e-07,0.4582781053123145,0.06171559967259946,-1.5,-44.42961559250155,11.12025828751919,1964.0049988174808,100.0,1
531,4.6987997906921953e-07,0.31336757737136894,-0.16774714971616028,-1.5,28.793001239101756,-157.03902810686006,1958.0406004465356,100.0,1
532,3.288682122506053e-07,0.10223733510420302,0.2775936380028459,-1.5,11.89019805221048,99.89637846005587,1961.9614224104855,100.0,1
533,1.6614218076521343e-07,0.09937118875818315,-0.007439414669044224,-1.5,9.223441404284808,45.960227456311635,1963.9796006799452,100.0,1
534,7.076170387506947e-07,-0.33458650606210577,-0.08714448172362783,-1.5,-32.5986312308988,-7.0733269335180164,1964.2557327278173,100.0,1
535,8.068349885384016e-07,0.2069100193343695,-0.22062617768801124,-1.5,-43.84648621673829,-145.06075926655365,1958.6853111292758,100.0,1
536,7.040335915825176e-07,0.16107875025216142,-0.24813581819232297,-1.5,132.6849739241021,0.5473608074581701,1960.0529799872854,100.0,1
537,4.3108329957408745e-07,-0.21148932870992268,0.05434023462633703,-1.5,-64.82640469399409,-140.20950521870282,1958.45656530006,100.0,1
538,7.671422020534193e-07,-0.4174488364060195,-0.16628735647408302,-1.5,-61.03789645116539,-124.4994301855213,1959.639648850377,100.0,1
539,5.974445349192192e-07,-0.4359194043448958,-0.24205580485975497,-1.5,-111.54564069336111,-109.72998377756403,1958.2977779103499,100.0,1
540,4.906144265204614e-07,0.3230986104009671,0.3636242760155571,-1.5,-8.287397682925207,-63.94298374283176,1963.4805576159495,100.0,1
541,3.6510211492728667e-07,-0.16584569069018498,0.23986950059055176,-1.5,-137.36875420226795,55.6321000992741,1958.940576197653,100.0,1
542,4.7026472962091293e-07,-0.2920507086923793,-0.2333994095630886,-1.5,42.294245072515224,-17.598061266505226,1964.0047839400843,100.0,1
543,1.3201244199961835e-07,-0.3947282944586909,0.0064095060145017224,-1.5,-34.66692371213576,58.75369673344205,1963.3541437516114,100.0,1
544,7.824126720379782e-07,0.44661011907886056,-0.14535675945426563,-1.5,-10.156786949437693,-78.80979569837497,1962.9312626903102,100.0,1
545,7.946737829284322e-07,0.20940027964635177,0.3485615835219363,-1.5,146.96935538175853,69.04231177570473,1957.8167570100804,100.0,1
546,2.2672935631030376e-07,-0.051544178782079515,-0.12970718233765716,-1.5,103.88960973790067,-51.518844733842464,1961.1134704274325,100.0,1
547,4.35391022433076e-07,0.43544807540426234,-0.07154652531939917,-1.5,111.08948770781184,-82.91847476917343,1959.642043468373,100.0,1
548,5.415360629432113e-07,-0.135435751689243,0.43557381686023267,-1.5,-25.181415306030072,-115.48706878953334,1960.979836594889,100.0,1
549,5.241837628125848e-07,0.01730811187600733,0.039703327075485656,-1.5,-53.17998352979531,63.51756992929344,1962.7915564135126,100.0,1
550,4.346785091065675e-08,0.16002727357891186,0.16619758354162997,-1.5,57.69547604912959,124.92867071307192,1959.713587630463,100.0,1
551,5.456323396927604e-07,-0.019317177367582487,-0.48177030056866127,-1.5,-149.8307668431062,51.949534099936436,1958.1280023226616,100.0,1
552,8.561842088219088e-07,0.3448230162787444,-0.26208552236904514,-1.5,50.0052966816568,105.47192961330263,1961.0681856155734,100.0,1
553,3.9915191047426155e-07,-0.22620772249350166,-0.21560647382713863,-1.5,58.219068728698126,-116.54823428294293,1960.2143595505117,100.0,1
554,1.591828658950136e-07,0.018429957669802453,0.3200090432475694,-1.5,-89.23791438756035,-72.7611390749187,1961.1618233951042,100.0,1
555,1.5243315135874968e-07,0.14502714119067833,0.23487142204902678,-1.5,-48.139896014924915,-67.02785235569638,1962.8049071892974,100.0,1
556,3.237052952935916e-07,-0.3094976304458724,-0.11791628562128331,-1.5,-71.8505932740323,47.56111934887517,1962.6483939917978,100.0,1
557,6.997705767047908e-07,0.3015591500170666,-0.1128967630768413,-1.5,-144.32920655055182,-56.30822796748401,1958.4207285120788,100.0,1
558,1.319987028426646e-07,-0.13303289643342775,-0.2835822358156622,-1.5,63.67221415128632,-42.9125046560303,1963.0378631996252,100.0,1
559,3.5684515488945386e-07,0.26880562395221314,-0.25502377918902425,-1.5,92.77527026016715,119.0394905854332,1958.733170999931,100.0,1
560,6.924417429688856e-08,-0.2453755245308087,-0.13709284120663598,-1.5,-52.24132858024917,58.29711461899846,1962.9787508481595,100.0,1
561,1.3495703753805064e-07,-0.3671769079391446,-0.1427943117325287,-1.5,134.5905938312067,-90.8875597038268,1957.8146260076253,100.0,1
562,8.170235427082237e-07,-0.005578599629586804,0.36642606858435733,-1.5,44.62536190479495,74.01405659274518,1962.6369462454545,100.0,1
563,2.4654292290729865e-07,-0.002714718854106428,-0.3192392230936482,-1.5,41.72853570048147,37.744452785977735,1963.733019495856,100.0,1
564,2.429339612626879e-07,0.3675024967518604,0.014545312689975354,-1.5,19.67920770024781,-97.4137049155689,1962.0235944414746,100.0,1
565,6.372159839916347e-07,-0.43068872401201774,-0.0781704458864447,-1.5,17.881234655272223,16.74013499471855,1964.3862439942131,100.0,1
566,8.243059612850001e-07,0.06113095296576975,0.28422661199516075,-1.5,-18.4078218978207,-52.77214601621885,1963.7437559325178,100.0,1
567,3.727533385042409e-07,-0.2665085472867674,-0.338597884288386,-1.5,-59.518355488585065,-141.98118616975856,1958.4974328295389,100.0,1
568,6.86316207270003e-07,0.02475829014096055,-0.3386876672743548,-1.5,-73.20728599227114,13.64604192742331,1963.1270374286764,100.0,1
569,5.125118219554293e-07,-0.12328152180695488,0.36777530192734426,-1.5,-87.71273487732813,-19.309869073682734,1962.4848767220674,100.0,1
570,6.970731651517385e-07,-0.2708588613760132,-0.323264908337567,-1.5,30.273610525247594,-15.247635554598236,1964.2464978667751,100.0,1
571,8.441775386884773e-07,-0.2700113387578342,-0.14042623566158444,-1.5,11.607647931896441,-157.28055087714773,1958.1985029846696,100.0,1
572,1.0640993744274065e-07,0.11413562918501026,0.4516721885381045,-1.5,121.98530642325498,-15.87436087254123,1960.6837776525424,100.0,1
573,4.7539171288605235e-07,-0.2003337782893212,-0.3103150091837329,-1.5,28.61628592814516,16.302960554369772,1964.2628662994605,100.0,1
574,6.394088751750745e-07,0.08605473897401898,-0.3789999362828961,-1.5,-62.85654469545538,63.67920510266961,1962.500267488535,100.0,1
575,3.4750271168299104e-07,-0.02326562571820011,-0.39605947402187375,-1.5,98.719598913201,-73.79608435102558,1960.6687290286966,100.0,1
576,8.88814475813597e-07,-0.026407652060751456,0.21758628797040783,-1.5,-20.413369425556976,153.07804591468337,1958.4595202540615,100.0,1
577,2.628089966179165e-07,0.2801836970620687,-0.33398662045756805,-1.5,65.32050599421802,-52.48054044567641,1962.7512095620575,100.0,1
578,6.418112264318548e-07,-0.00034216203525419303,-0.4328608434052787,-1.5,-15.249537502187035,-82.35626414272896,1962.7527056734768,100.0,1
579,4.521149722695316e-07,-0.23625674121893894,0.13609506047729059,-1.5,-30.753889027221188,79.98066321263083,1962.6692482657133,100.0,1
580,7.418309812840504e-07,-0.21719449855912445,0.44291381722141465,-1.5,133.5887681302141,-13.86150487754979,1959.9426486451364,100.0,1
581,5.71689862604398e-07,0.035495827643436687,-0.47295176319205595,-1.5,-166.48191259345197,5.999447179454746,1957.4629155309426,100.0,1
582,5.472417399524436e-07,0.26485817478099855,0.3804593471699865,-1.5,36.22617748243751,-156.34711731745557,1957.972555792768,100.0,1
583,4.7011167347927035e-07,0.1617894499937785,-0.3558277947282876,-1.5,-46.754803841096056,66.90660067354598,1962.8425258716559,100.0,1
584,5.955601200184342e-07,0.26331953422154275,0.24943655365197315,-1.5,-124.75464805558461,34.192166132540265,1960.2756081300975,100.0,1
585,5.387214820482725e-07,-0.287493624033092,-0.23060969332801617,-1.5,94.91905725903034,141.69504964797315,1957.1219102908349,100.0,1
586,4.772422070318806e-07,0.06287152239876381,0.05547764483407852,-1.5,5.63403630691025,-36.892521679821314,1964.18443272141,100.0,1
587,6.241656269964799e-07,0.19014105445454096,0.3198818456519103,-1.5,146.60227260223286,-4.415848404889438,1959.0562932741002,100.0,1
588,5.683667371462231e-07,-0.277442888977496,0.05676863581794654,-1.5,-65.09828316437196,-135.51527027628651,1958.7779637613671,100.0,1
589,2.8967176593704584e-07,0.18130066528713473,-0.3314810469478225,-1.5,30.30642199144607,152.80174872451687,1958.35298979498,100.0,1
590,4.209856932551051e-07,-0.40498811862269063,0.15377194142007697,-1.5,-29.903660124261894,-41.83134853224247,1963.8658802620096,100.0,1
591,7.515683653397866e-07,0.40657798870176337,0.21740161111834774,-1.5,-9.139723011642838,-34.359978910774416,1964.2171834037733,100.0,1
592,3.8279058493887324e-07,-0.3105013900929819,0.29867239486790925,-1.5,110.83941070131719,-24.971062189583577,1961.2507125185807,100.0,1
593,3.0989844441956444e-07,0.12430504839816822,-0.3683809372032794,-1.5,-52.47490375733343,-127.81800608001187,1959.674010661855,100.0,1
594,4.490577045194469e-07,0.2629560655536186,0.04768356058868929,-1.5,-27.37199428222236,-122.79102085490923,1960.5066756817114,100.0,1
595,5.15136101774096e-07,-0.08224725404488273,-0.24940146842526678,-1.5,-138.47170385768302,-87.4783088578561,1957.6992667353816,100.0,1
596,3.091416660730047e-07,-0.30801078181446345,-0.20121058761092073,-1.5,-41.53134504094253,5.035069335030745,1964.0934503536264,100.0,1
597,2.1309620162914508e-07,0.05897984259379074,-0.19457067375674664,-1.5,44.83359848179642,33.70930851371902,1963.737996076063,100.0,1
598,3.8469412287830033e-07,-0.1414073434230551,0.18255942520790744,-1.5,18.996966183001614,-62.66847705193631,1963.4472398121534,100.0,1
599,3.7921389650844827e-07,0.1800593699469254,0.05675530367026056,-1.5,-89.29432480119739,-141.3498861142398,1957.4115610979518,100.0,1
600,1.8429702808780748e-07,-0.4455862549880134,0.047095356126096034,-1.5,-65.28267606951256,-9.209249995675695,1963.432364046659,100.0,1
601,5.179479101015964e-07,-0.19877419769875032,-0.23056780656359832,-1.5,-51.719342978958366,113.70568479014126,1960.5635447682794,100.0,1
602,8.240338490824019e-07,0.45403660495799664,0.024434739555727957,-1.5,-119.22163894981168,117.63281009571082,1957.3865252068224,100.0,1
603,7.761996718508211e-08,0.1103876695828298,-0.43695510012056904,-1.5,77.72633532716554,12.517851460509993,1962.9608265213938,100.0,1
604,3.0415290222771573e-07,0.31021007325278027,-0.007082370480358835,-1.5,132.99245586200473,-22.114140322389346,1959.9074615266215,100.0,1
605,1.3788665843840692e-07,0.15520166904201863,0.3993221605155364,-1.5,-146.89692290697474,31.042362490001725,1958.7932387155192,100.0,1
606,6.329410418745162e-07,0.44842906912295843,0.02955770178526779,-1.5,-126.59247763226197,-20.344021289713663,1960.3504155305552,100.0,1
607,9.617120400090713e-08,0.21668620416795828,0.3520596091620567,-1.5,71.47604735180502,116.00480218427894,1959.8079872250955,100.0,1
608,8.54208246640704e-07,-0.3401943111731806,-0.13839707938772686,-1.5,87.10324247158132,-124.75131281409308,1958.6381547820997,100.0,1
609,2.6863204792357355e-07,0.390399901986927,0.15992914541415656,-1.5,138.16639653027323,37.214341776151215,1959.3209093719533,100.0,1
610,4.800635087447635e-07,0.32661302987725677,-0.3332292762764824,-1.5,103.13954468171052,-78.64820728057738,1960.252529670739,100.0,1
611,4.741684296019211e-07,0.11665084888522681,0.44127440957271935,-1.5,-63.72351952211572,-147.9607472147471,1957.922423542235,100.0,1
612,8.557550412639884e-07,0.3593284769341246,-0.07970512789344573,-1.5,-55.6386234849466,-138.07470530576202,1958.8907589749763,100.0,1
613,3.494857654070879e-07,0.20744411543239125,0.3015005947078739,-1.5,166.67265566785156,-22.723996621574223,1957.3239721865923,100.0,1
614,2.765896292201859e-07,-0.12254124018414239,0.12502699922563057,-1.5,142.7083463948741,32.64942552403976,1959.076728754727,100.0,1
615,8.654497753488144e-08,-0.025197566104885317,0.09929070935221722,-1.5,-90.51253652918197,79.07792473827827,1960.858854894016,100.0,1
616,5.450987150154215e-07,0.13806600821074708,-0.17980498409349227,-1.5,-99.32675620270577,35.03914029846726,1961.7134705189553,100.0,1
617,8.495072888344753e-07,0.09365418808528117,-0.11515634379437242,-1.5,-71.20008837536184,-112.44730398739522,1960.0253665469327,100.0,1
618,5.213841912557417e-07,-0.024979907379346245,-0.3719692412231958,-1.5,-139.1400796554784,79.67934261109777,1957.9848127247212,100.0,1
619,1.6876045432846325e-07,-0.03079225175492995,0.0016065702892566164,-1.5,39.226387614531205,-50.87500644342908,1963.4883015949515,100.0,1
620,8.977395391520661e-07,0.20968737516625321,0.060361118540542616,-1.5,49.14589892571958,-56.16845082386481,1963.1207482009254,100.0,1
621,8.322485230538456e-07,-0.4805308624158105,-0.046338774267238245,-1.5,-67.46293249550578,-50.45016385788542,1962.7319786389455,100.0,1
622,4.577725199849721e-07,-0.3223763597736105,0.3530060670614006,-1.5,80.4478596165857,-126.19337344561217,1958.8304318260061,100.0,1
623,3.194225505389588e-07,-0.00747247432249876,-0.14523493124318326,-1.5,-26.72861795372859,5.072092743963792,1964.3505647219927,100.0,1
624,8.267568439012202e-07,0.4434230919740365,-0.17726926701225543,-1.5,-57.371443166083566,-122.2225653938739,1959.8937339263352,100.0,1
625,9.005578925797726e-07,-0.12207778336358513,0.40149456094021246,-1.5,17.1681241095713,15.242300853888327,1964.4047989264761,100.0,1
626,4.91870375398972e-07,0.13820929912661598,0.01901909591389235,-1.5,158.0935008513973,-63.09271805614183,1957.1507453905967,100.0,1
627,2.2271049790553065e-07,-0.09779006722080273,0.1366310738395149,-1.5,-98.46092042296345,-113.34379335643727,1958.793485266675,100.0,1
628,1.0422625949642929e-07,0.18464478560992817,-0.3909905782559901,-1.5,-2.1589873827841983,74.31473628099631,1963.1316677724644,100.0,1
629,2.7611986482009094e-07,0.030932225163919372,0.48869128245700516,-1.5,-46.435873600097594,-66.68484017945642,1962.857643335188,100.0,1
630,1.2881121312889775e-08,0.05410224579062842,-0.46316804901792674,-1.5,-111.96304499214304,86.5742227525438,1959.4342210896011,100.0,1
631,2.580365138463185e-07,0.13418157020197813,0.05706165953844518,-1.5,-55.37543747971968,146.36013133988845,1958.2965963163576,100.0,1
632,6.095163813982982e-07,0.16582406891314258,-0.4568735589837283,-1.5,40.428165694441795,139.99977275826464,1959.1270794188795,100.0,1
633,1.6823421009220943e-07,0.3726236735393585,0.2088056222584085,-1.5,89.8913257518148,-70.90744006474317,1961.1998803702231,100.0,1
634,6.960342613806414e-08,0.001317317044789996,-0.398543533989082,-1.5,26.060963418561744,-78.1713330820695,1962.8100659860086,100.0,1
635,1.6207098820010145e-07,-0.3049115179646726,-0.37390051938951346,-1.5,-52.60970743819968,70.5533827316796,1962.5666167380193,100.0,1
636,6.231962677224954e-07,0.1096665577094604,-0.45552864157030065,-1.5,57.47631558010198,125.72407385164543,1959.6691600031913,100.0,1
637,4.30166015454587e-07,-0.019988534530216397,0.2701210272777865,-1.5,22.619013409555087,77.57882078039087,1962.8762551584432,100.0,1
638,5.151260523613535e-07,-0.4212210475648859,0.027840985198733664,-1.5,-4.852705373492801,-165.97956469874958,1957.5087539061233,100.0,1
639,6.878402205182687e-07,0.3274759220038907,-0.13376013247000249,-1.5,20.103859108368017,-125.46840839503355,1960.4251578700726,100.0,1
640,7.790754198316897e-07,0.18240158038152077,0.0399225420726416,-1.5,103.8069424489542,-40.47808827453336,1961.3767943297305,100.0,1
641,4.83612116208097e-07,-0.24512473898092038,0.433928273773241,-1.5,-154.7820297625391,-8.579109537466879,1958.4131863343505,100.0,1
642,6.105861284743025e-07,0.2353028023555548,-0.2412863549340369,-1.5,-79.97702866820704,-108.84729886059029,1959.8901057667213,100.0,1
643,5.968516844762558e-07,-0.010599329533906467,-0.14958206469081617,-1.5,32.48452982481111,-128.25750538101806,1960.0785836036346,100.0,1
644,4.7625575597571453e-08,-0.36450220226944857,-0.324058929375372,-1.5,-125.01109317222456,55.41943094150379,1959.774017463273,100.0,1
645,4.9396043044738115e-08,0.16900799363387084,0.40008290449308487,-1.5,-49.49517157715245,-139.1044343998488,1958.9827642393839,100.0,1
646,6.007196745925542e-07,0.05547669501989146,-0.42601030667762846,-1.5,17.860751782460692,28.770670369234722,1964.2470639760165,100.0,1
647,1.9725964891122216e-07,-0.3254510499334978,0.12459706799375804,-1.5,-134.3869724435824,3.835619883623872,1959.933344765502,100.0,1
648,1.6912629243211484e-07,-0.08491414479044505,0.0702813572397512,-1.5,-76.6752539523938,-132.7627482998138,1958.547483305255,100.0,1
649,6.919229689374779e-07,-0.3940841421978509,0.20832161294143214,-1.5,-62.76019782476231,-6.284624515314994,1963.5261514249892,100.0,1
650,2.744687848520464e-08,0.4648011550612654,-0.1549421125325435,-1.5,-65.63480097163716,-137.39902353425936,1958.6288233096584,100.0,1
651,3.0490760521406607e-07,-0.11801407122633839,0.037709275516654164,-1.5,-62.248188606724035,135.37422991041532,1958.880360603341,100.0,1
652,9.043204101284526e-07,-0.17448925072228857,-0.40285260196071454,-1.5,-97.51263692393944,-21.99596283912547,1961.9940747935634,100.0,1
653,4.7257354485315143e-07,0.09116889690523347,0.375750435921336,-1.5,-129.18617959759854,-67.7361092734592,1959.1161366206961,100.0,1
654,4.606060282632301e-07,-0.0653974256449267,-0.2629389055958352,-1.5,3.6459329877084,-23.5798565243677,1964.3940500330045,100.0,1
655,2.929362064804458e-07,-0.2968945107600454,0.38752130493712517,-1.5,8.751351432473072,-26.25745691458156,1964.3439734605076,100.0,1
656,6.219240043025408e-07,0.11005351313617971,0.2853230589433107,-1.5,72.3819831941111,-17.504926434286357,1963.1270239914556,100.0,1
657,1.5833030539603095e-07,-0.2178131931882989,0.4035839132067699,-1.5,-117.10386164693617,16.201165526162487,1960.9787082192147,100.0,1
658,5.79659572569137e-07,0.3514462816917846,-0.03783314857328255,-1.5,-94.30404499845329,141.7082566224519,1957.1506848906872,100.0,1
659,4.4129987564537927e-07,-0.44146184017678447,-0.025630469776537792,-1.5,-73.36260835884973,140.92896119531633,1958.1037362349641,100.0,1
660,6.919673414340784e-08,0.33963740115501273,-0.16678131941143454,-1.5,101.49975421235625,-6.451027749376979,1961.9045518072328,100.0,1
661,2.933285001069885e-07,-0.047192398723258894,-0.0951020304251749,-1.5,12.827394409395367,-16.697022278701642,1964.4261130584223,100.0,1
662,1.7307516025841332e-07,0.4439598795512281,-0.0824256945405792,-1.5,44.902957831799334,72.85652192889373,1962.673925504823,100.0,1
663,4.706999452608949e-07,0.2906297023471598,0.17556256232934647,-1.5,141.17027106553672,19.727333851526392,1959.3608838426178,100.0,1
664,7.236247779927792e-07,0.4366320000480834,0.23087880465947366,-1.5,70.77636852512252,-51.3779762867484,1962.5912196576253,100.0,1
665,7.291529330311502e-07,0.2751731018625112,0.06321946633895413,-1.5,-22.42479900432821,-60.06148488020488,1963.4925598763373,100.0,1
666,1.3262493038435488e-07,-0.14815796613143126,0.2605006391031635,-1.5,30.092920928890237,8.58754958203528,1964.2896823962283,100.0,1
667,4.36998062418532e-07,-0.18730820413942784,0.24542312807350825,-1.5,-64.62571477253917,64.98441694558626,1962.400017532234,100.0,1
668,6.622282671948595e-07,-0.2925313048702126,0.33782873356047294,-1.5,-115.92371801744089,112.3638381311401,1957.8941099425124,100.0,1
669,8.76448737836259e-07,-0.4160555529046035,0.16537985127598875,-1.5,-137.2593304216186,50.77929805576602,1959.0800456763639,100.0,1
670,1.447658789864052e-07,0.10667958765907902,0.4693976476373113,-1.5,-3.0577899240873476,93.4476950041962,1962.3127845696042,100.0,1
671,6.577173047307589e-07,-0.00011007961122995242,0.16757957987829142,-1.5,44.398991408378265,23.663825158069077,1963.894610005063,100.0,1
672,3.406828177561448e-08,-0.46544774176306297,-0.0471118527422006,-1.5,140.74285959570932,31.33182488376319,1959.2404269227416,100.0,1
673,3.3194720305595793e-07,-0.29189886027142564,0.058008228161339916,-1.5,-39.6633478266836,120.9511787768007,1960.4109052588474,100.0,1
674,6.316908141126671e-08,0.014915307929526047,-0.4915023049817391,-1.5,37.0831302925672,-163.37425343513607,1957.3826864025204,100.0,1
675,4.4122727897362057e-08,0.13919160433454178,-0.2881157285349239,-1.5,-62.74095994416759,104.48056872199018,1960.7551272331139,100.0,1
676,2.5226869443701267e-07,0.03931902805346518,-0.4242240592490483,-1.5,99.3659753193203,-69.46781917240875,1960.7942042229727,100.0,1
677,2.2119873995220953e-07,-0.40668693871698985,-0.18240425877897365,-1.5,97.28790310353922,65.27676869677593,1961.0423997569137,100.0,1
678,7.319490716795332e-07,-0.2553698501129122,0.4115058948782673,-1.5,117.84751265622239,-3.480100936973956,1960.9979956451616,100.0,1
679,2.1258398498194604e-07,-0.1874142329010721,-0.16719670354792945,-1.5,-116.63651040604012,76.03635704566156,1959.598857703703,100.0,1
680,7.738233941788772e-07,0.41403333521749786,0.19176171418120772,-1.5,-62.95634754678054,-68.18846441046009,1962.3455653607607,100.0,1
681,5.9192389754435524e-08,0.47897462570902444,-0.06770258296139826,-1.5,-134.44454116963783,84.13563869899737,1958.1264376736576,100.0,1
682,5.218097704695713e-09,0.25731418589953015,0.06063384663990576,-1.5,73.01296610846705,-37.80031294254772,1962.817752463947,100.0,1
683,8.68963642777904e-07,-0.04742185979405956,-0.0563065157366788,-1.5,95.79925573305644,-104.27798768689459,1959.4289704276334,100.0,1
684,7.128437493408395e-07,0.1318511847887003,-0.24789825336407437,-1.5,88.31570535894501,13.10011301807117,1962.5091106774503,100.0,1
685,8.307539812937682e-07,-0.26437545348718433,-0.30455382428393696,-1.5,-43.815831342914635,74.79744132583134,1962.6254869335028,100.0,1
686,7.759755671643324e-07,-0.39513641666266325,0.18121940194768418,-1.5,141.86073680719747,-62.77830236233583,1958.4043766217317,100.0,1
687,3.775993471585532e-07,0.19593706980694078,0.1321665577887079,-1.5,-79.65630905645055,-112.8999289512082,1959.6738924465078,100.0,1
688,1.2471059567812198e-07,-0.26735596971041437,0.04331114709824328,-1.5,32.337557824323596,111.66323261317588,1961.0963492654982,100.0,1
689,1.5401974510093994e-07,0.1806002327257781,-0.11501515683407423,-1.5,-60.24390057842858,-149.40441513009262,1957.9229503350898,100.0,1
690,4.2362461458391803e-07,-0.25887615727021857,0.2168878130793224,-1.5,135.811506469639,-86.7265246290462,1957.9190562692693,100.0,1
691,3.8742787411681345e-07,-0.282449762051044,0.28814677630974644,-1.5,-70.16912649675949,28.161243902628453,1963.0834226529114,100.0,1
692,5.052956663730455e-07,-0.0677743376931685,0.2112298226380933,-1.5,-125.05705324564899,21.733181639540017,1960.4340561506956,100.0,1
693,1.552977008794141e-07,-0.2891293854849074,0.3617821667047835,-1.5,-29.263135639054184,161.24586876045203,1957.6916828158587,100.0,1
694,5.295326163742353e-07,-0.09387642186326406,-0.25631849129808004,-1.5,5.118844889733608,-43.372565481683715,1964.053437220246,100.0,1
695,2.784755782496575e-07,0.07921513108997039,-0.15689497540305028,-1.5,63.55204534098354,90.95985431506513,1961.4027451551328,100.0,1
696,1.7600557030863344e-07,0.09249096205888103,0.29444860801831074,-1.5,-21.84763278032022,35.40470997447182,1964.098386975472,100.0,1
697,4.123251288525935e-07,-0.3469628128703921,-0.0856141366774376,-1.5,-98.37187176319246,-111.3556270366512,1958.9119902229431,100.0,1
698,4.4449771871080344e-07,0.35463450169486727,-0.22414275524197302,-1.5,-5.468152428294074,86.9595305073732,1962.6057743798394,100.0,1
699,7.966627848935608e-08,0.161624153081256,-0.14503667305733559,-1.5,42.52135455234695,-78.23876322353102,1962.519787569648,100.0,1
700,5.772059945220458e-07,0.10460212181269798,-0.2693900236724609,-1.5,-57.41009436580497,131.28868821520513,1959.306164864943,100.0,1
701,8.555480738813348e-07,-0.27693148092302194,0.03234462521968292,-1.5,-32.4958884449789,60.783245129852865,1963.3294936438424,100.0,1
702,8.05162227482706e-07,-0.351774754532047,-0.27338152358223955,-1.5,-55.02963437251197,132.24208935821403,1959.3103519884573,100.0,1
703,2.859226928724486e-07,0.3307019086918624,-0.15533722948156842,-1.5,-37.29837270995043,-48.311990144473015,1963.590606330047,100.0,1
704,8.208558665967693e-07,-0.1591736261625348,-0.24152674224712922,-1.5,115.6856602392791,-28.062129246798943,1960.92902247462,100.0,1
705,9.050373368820406e-07,0.10263412035557336,0.35047854525949007,-1.5,111.60208931528364,111.790627810221,1958.1780091351222,100.0,1
706,1.3913148980380096e-08,-0.419959435011802,0.2245438491175379,-1.5,55.95706416090328,-16.38985573687434,1963.6734621279445,100.0,1
707,6.376356734977735e-07,0.11952810298090083,-0.4160913563558464,-1.5,-109.30407566217983,17.422881545435583,1961.4184531885137,100.0,1
708,7.23538349776102e-07,0.25871807646500256,0.15621949895160883,-1.5,-97.5836588211564,60.23209714152568,1961.1891316931014,100.0,1
709,8.811327538772464e-07,-0.35712021019551693,0.06220159589974837,-1.5,27.231016092202136,-12.447423863024108,1964.3107747166414,100.0,1
710,4.489481019871193e-07,-0.03616534430244917,-0.03700338305755203,-1.5,129.99818443438303,-11.611014287277149,1960.1986997896709,100.0,1
711,1.5955153256709911e-07,-0.1547135995488007,-0.3127126590821047,-1.5,69.19160951229482,-73.05715763626772,1961.9603612604762,100.0,1
712,1.5047588328237403e-07,0.3027450316641127,0.30282508900634275,-1.5,-7.169708397234026,-2.6731958406570135,1964.5240481021422,100.0,1
713,6.700070446935496e-07,-0.17104949276660805,-0.402972624768941,-1.5,-37.4710491948794,109.21224569947168,1961.1430065468567,100.0,1
714,3.0827527669972817e-07,0.444611200690804,0.048857518490259176,-1.5,-68.58219277402557,146.4748873739287,1957.8699845672165,100.0,1
715,4.970199136995998e-07,0.3971287508160149,-0.08730600858611866,-1.5,3.6357412480570934,-114.24455872683464,1961.2109138114185,100.0,1
716,7.610332315375895e-07,-0.2720686457549054,0.17077681090584299,-1.5,21.976513891413724,-41.210462861148294,1963.9837109441823,100.0,1
717,5.217426089275217e-07,-0.35674468325066383,-0.07834074241196887,-1.5,-150.24591056286155,56.02177309457365,1957.9839155530894,100.0,1
718,8.113500134157419e-07,0.3360944808844076,0.0016195790547203813,-1.5,-39.92955054711906,5.286434419985594,1964.1260068718502,100.0,1
719,5.49980172981003e-07,0.08625288143994692,0.07179527299763876,-1.5,54.76577651597107,-116.80155348747506,1960.2988019920958,100.0,1
720,1.0042729287909987e-07,0.013550397016496733,0.44659898023545413,-1.5,-15.504064972701197,-110.04720695735215,1961.3930056152283,100.0,1
721,8.287534591706414e-07,0.3590713179574026,0.32221491698862326,-1.5,30.309655042936203,-25.73396374705089,1964.1365467266207,100.0,1
722,7.887077639165377e-08,-0.3587993256440254,0.20550152556698972,-1.5,24.538763608103512,25.6137156182535,1964.2186927424716,100.0,1
723,7.200961479333779e-07,-0.12142771323991251,-0.23568540011972933,-1.5,-58.47645799244559,78.78402988854849,1962.0873749049274,100.0,1
724,6.871073932196642e-07,-0.15984249808020423,0.35890133816067593,-1.5,117.57338281054446,-117.99138324326202,1957.4646406515133,100.0,1
725,6.084801767201203e-07,-0.28126452798750756,0.03813075176030024,-1.5,-10.652755437907075,55.298835077957676,1963.73161198437,100.0,1
726,4.787397097894752e-07,0.2382526351201415,0.0986224365185644,-1.5,-3.2355860038743924,-158.40197905912376,1958.1398393065535,100.0,1
727,5.802356358832666e-07,0.1566491470445733,0.3412087023861092,-1.5,-102.28635374076433,69.86926262702262,1960.6297647043173,100.0,1
728,6.742716361579789e-07,0.1118264663629804,0.4170819121250455,-1.5,-49.35693171194529,44.69746213235104,1963.4101243594118,100.0,1
729,3.392217340308075e-07,-0.18778124603648125,-0.32508158111858926,-1.5,10.223228513552884,161.01887782157607,1957.9023706124806,100.0,1
730,5.126842075542433e-07,-0.38374900772129367,-0.10253304554409902,-1.5,47.25582827254829,147.1343433019041,1958.4513417446767,100.0,1
731,1.525177825974124e-07,0.12197932443959252,0.36124027369648004,-1.5,95.20572368966769,-75.00566170918397,1960.7966001486298,100.0,1
732,8.459257276929217e-07,-0.237645504491451,-0.3475480642429194,-1.5,-97.34682981159501,34.51501229290577,1961.8220089799645,100.0,1
733,6.94162157606652e-07,0.12917555668856565,0.027445376826902176,-1.5,-2.9584087318147665,-109.39964554509463,1961.488274662511,100.0,1
734,1.41779828677413e-07,-0.26771790778349525,0.2391431689615448,-1.5,73.76489120658789,68.56472888819759,1961.9558876396532,100.0,1
735,6.260470083062935e-07,-0.09486356178946029,0.09600127776179371,-1.5,26.669671483873504,90.70499989777218,1962.26262714312,100.0,1
736,2.679086957268171e-07,0.20480803805862188,0.08843595130864836,-1.5,0.06339268739781644,-161.08866075308575,1957.923319648723,100.0,1
737,8.881662204549646e-07,-0.0850236012026606,-0.3366206088417844,-1.5,-65.01800583825187,-44.45944401790015,1962.9593228135338,100.0,1
738,7.321608921650412e-07,-0.0658389109506114,0.03130079937463378,-1.5,-62.58843142891604,145.7567999147406,1958.1243397179896,100.0,1
739,3.1128615034982793e-07,0.16346015962102312,-0.36620565088552465,-1.5,77.07445285304756,-50.65030025224848,1962.3728906779902,100.0,1
740,8.769353420096801e-08,-0.13893133783996534,-0.21004866539285436,-1.5,41.05870045418614,5.960327972762389,1964.1007977885456,100.0,1
741,6.215315104773469e-07,0.10942352985173372,-0.3539626544252613,-1.5,-33.55258412643697,23.80476663980631,1964.1081547231033,100.0,1
742,8.850818916525815e-07,0.027226398670707388,-0.2588786246280147,-1.5,142.26431120578548,-76.11953942307674,1957.9019300622012,100.0,1
743,3.7976956358085774e-07,0.12118674680041756,-0.4091135154410407,-1.5,-13.219410327515645,160.1020560583321,1957.9596178426712,100.0,1
744,5.653135061659447e-07,-0.12074112177995376,-0.3944594714466219,-1.5,-93.1277304926577,94.46112003849476,1960.0555116834041,100.0,1
745,2.724447626891292e-07,0.05226460414748586,-0.13688928885204446,-1.5,-10.707295666282981,161.44917641294646,1957.8643475790725,100.0,1
746,5.146941553004749e-07,-0.16015082881463408,0.2758230992188426,-1.5,-22.06475486373368,-68.25991833351591,1963.2287223876988,100.0,1
747,1.1608925385928423e-07,0.30723423507623454,-0.3142272497333867,-1.5,-51.71305393470345,78.06935354524484,1962.3058432252362,100.0,1
748,7.728310350619803e-07,-0.16020130307705346,-0.33892876841023667,-1.5,121.58164784041142,2.14667594208915,1960.7719349676904,100.0,1
749,5.482395870880962e-08,0.08994169483357203,-0.4063115714602835,-1.5,-75.98544752462152,94.61258609513592,1960.787585788681,100.0,1
750,2.847231210681173e-07,-0.33311516281577197,-0.02994108247354229,-1.5,-13.603084188131511,-142.57159885138074,1959.3115070268084,100.0,1
751,1.3692340260089212e-07,-0.04684115096959762,0.08859695648049823,-1.5,-128.56551368409995,19.950326036586894,1960.226053150072,100.0,1
752,8.04581263191362e-07,0.2275087410345749,0.07062407191259197,-1.5,155.01097554545925,-30.074348441113564,1958.1829376471492,100.0,1
753,3.3818651407123753e-07,-0.3638787206396193,-0.1474738882261026,-1.5,11.9285123494873,43.006624421068494,1964.0319312870563,100.0,1
754,5.359158298692748e-07,-0.13616853936138784,0.3702899004569871,-1.5,138.40254482814808,-72.46994687334796,1958.317167532215,100.0,1
755,1.3931910778434051e-07,-0.06808114298723864,0.13409649673356416,-1.5,117.53897476274585,84.64098870553366,1959.1921239911117,100.0,1
756,8.204527109965714e-09,-0.2706012044444822,0.033159539630151696,-1.5,143.27004685840978,81.42907582745738,1957.614948234,100.0,1
757,4.911040120262435e-07,-0.2306025379058177,0.13622349158075697,-1.5,108.66469952197231,88.14401484159224,1959.5499233220714,100.0,1
758,3.83479966268913e-07,0.3440591237209676,0.2928172890922927,-1.5,96.43449802458339,-31.094006852900872,1961.9242688225022,100.0,1
759,2.036608386023333e-07,-0.1595243733399411,0.2223511265839233,-1.5,-132.36158752938397,-56.95045376077953,1959.2473917883044,100.0,1
760,7.577010913264475e-07,0.3382187129565556,0.3487968690665062,-1.5,-135.07019334806253,14.446573112883197,1959.8368875139436,100.0,1
761,2.5197756625585665e-07,-0.015752459823755567,0.30426692948561834,-1.5,-24.68193655965067,55.37369038669072,1963.6032803717649,100.0,1
762,1.1300573198255756e-07,-0.040233049777902825,-0.06442441669652478,-1.5,-83.91880045458483,-26.231784479675134,1962.5704610737946,100.0,1
763,3.55154688781286e-07,0.057007785512125805,0.31483884659805544,-1.5,-72.29427451368555,59.058615600757335,1962.3197761990764,100.0,1
764,2.5307419224498934e-07,-5.090383129793152e-05,0.12635337851208583,-1.5,-6.48936839269032,148.09017053832264,1958.938609490845,100.0,1
765,1.6315896853003155e-08,0.31145031659715056,0.13157334600218984,-1.5,-53.26008331539767,-24.602251890744053,1963.662745736465,100.0,1
766,9.048894616584548e-07,-0.4123438358757552,-0.10743452293788106,-1.5,-76.52576971906961,-56.64032362180454,1962.2306099373368,100.0,1
767,7.347050720197052e-07,-0.22968349561306267,0.10527413806565766,-1.5,97.35192307505783,68.73205156569645,1960.921159666367,100.0,1
768,4.1855718771277343e-07,0.22693800803058856,0.2435690955374986,-1.5,-60.14591196457929,32.35027004707212,1963.3515262346582,100.0,1
769,3.401353425274566e-07,0.14921016454148894,0.4535668733164171,-1.5,110.10907054704313,64.0471825753285,1960.4048656472876,100.0,1
770,3.5998385819812163e-07,0.0743083971261115,0.20299545126107446,-1.5,141.59531125270993,63.47174916184717,1958.4012334441875,100.0,1
771,8.694371073360548e-07,-0.09214082136196264,-0.47823118197947534,-1.5,-145.5054603511247,59.42798129749171,1958.241497444338,100.0,1
772,7.392157232727876e-07,0.010480737700815545,-0.1192721579360886,-1.5,5.281766286115268,-119.82010186609061,1960.8744305538357,100.0,1
773,4.825791422783832e-08,-0.25179205284757017,0.29647665508785337,-1.5,-83.96385034566899,-144.1076918527689,1957.4463801724248,100.0,1
774,9.071834031689359e-08,-0.20242190169135738,0.3335992501346383,-1.5,-140.2632004563929,4.817977225939385,1959.5194073954235,100.0,1
775,5.456288410995419e-07,-0.3830310594754509,-0.2761742047435543,-1.5,16.672945225465593,22.26850369286967,1964.3419796224182,100.0,1
776,3.757610035692334e-07,0.1684946452992746,-0.11454349846371241,-1.5,-60.1276819080228,-126.51317446435264,1959.5388143186783,100.0,1
777,4.669250020238148e-07,0.06950091303467994,-0.2980618619147554,-1.5,-10.278351831259684,-25.868548226465506,1964.3417370616598,100.0,1
778,2.6987381272970383e-07,-0.23244830594900398,0.05296779690584002,-1.5,51.66177338863446,101.97671664897302,1961.210110288535,100.0,1
779,4.5617205667177784e-07,-0.09226808208863081,0.22056833274655127,-1.5,42.90900080574407,123.00023613227965,1960.2150509133908,100.0,1
780,7.064482465158923e-07,0.3694386003968228,-0.218479022821684,-1.5,143.44650402671516,2.169603378614666,1959.2936685371656,100.0,1
781,8.721084174476524e-07,0.40684211235609147,-0.17278411810591035,-1.5,-126.60580587519725,105.28712303920338,1957.6258268389674,100.0,1
782,5.128099000738398e-07,-0.04798357295782876,0.23235274219159596,-1.5,-60.48271943836508,-38.17297490886023,1963.236600846184,100.0,1
783,7.327595216800025e-07,-0.35301788687199814,-0.23818867514054123,-1.5,85.36525127692235,146.87192348823996,1957.1802927250783,100.0,1
784,1.6888230584213454e-07,0.2489898623614269,-0.092332845740941,-1.5,161.78320659332564,22.909882878356733,1957.7320086255454,100.0,1
785,8.710233101717564e-07,-0.27239020216707976,-0.35723378421474056,-1.5,-79.32108393582533,145.0671010362729,1957.5691528286577,100.0,1
786,2.7191207314906674e-07,-0.1530873931119727,0.3926316484110852,-1.5,82.27150113232818,-131.50381373124057,1958.4053291751695,100.0,1
787,5.090667066052359e-07,0.048841927373253644,-0.2261313212027898,-1.5,136.368748204681,-93.11966389683613,1957.5866721488885,100.0,1
788,4.27346428833775e-07,0.03547365158788288,-0.06684635462610115,-1.5,-133.93729209223304,38.916794335172035,1959.5814785743933,100.0,1
789,5.736288519106359e-07,0.4236278767376675,0.1698939648207255,-1.5,87.52278827597391,-104.28468116264246,1959.8157446743141,100.0,1
790,8.870102485447777e-07,0.14999530761906002,-0.24566663393168148,-1.5,-142.09427473267283,-33.67817111651211,1959.103949295334,100.0,1
791,7.621325954792401e-07,-0.09605620165086548,-0.43354228970452796,-1.5,-136.72443772558083,4.152901666812975,1959.7710243297558,100.0,1
792,7.34435880694591e-07,0.2762219301375228,-0.09321057735341677,-1.5,-107.50427856145852,68.423906730285,1960.4015622685258,100.0,1
793,3.086406745794096e-07,0.2976795009715079,-0.14757697936048064,-1.5,-80.16380770959674,76.39561719215756,1961.4154990397774,100.0,1
794,1.940130442961235e-07,-0.10602803909834337,0.3378650127268337,-1.5,-46.73303365032088,-104.33495685535729,1961.2097100029766,100.0,1
795,7.869396335384074e-07,-0.1323996299858084,-0.3291661377675141,-1.5,-24.986227319118548,-71.95235073792847,1963.0618517850564,100.0,1
796,6.251139249058422e-07,-0.0651368239808671,0.45348647944316833,-1.5,77.13475081816183,-131.18153341586375,1958.635985009214,100.0,1
797,7.684124355922408e-07,-0.21748789477269403,-0.41415313496543815,-1.5,82.31616777494862,-47.60596458987274,1962.236226075863,100.0,1
798,4.028209002129353e-07,-0.3641664994986292,-0.15504337445179828,-1.5,60.08827677201376,-1.0625661816610092,1963.6195039298757,100.0,1
799,5.339256527958228e-07,-0.22891340967108414,-0.24800172752851485,-1.5,-112.42874638550508,-29.29389998797958,1961.1004387016512,100.0,1
800,6.433288165431956e-07,0.01648055543768216,-0.14989861000466873,-1.5,-18.951572009022083,52.30326928500357,1963.7511278689615,100.0,1
801,5.361404918537026e-07,-0.04687977466722648,-0.03623124731398461,-1.5,-3.3661587233007317,1.624272550824346,1964.535394687574,100.0,1
802,3.1643032145309553e-07,-0.040302866740108814,-0.2333516833182137,-1.5,67.2775463054532,150.0105907547032,1957.6475271842667,100.0,1
803,6.313729719812937e-07,-0.3656897360060332,0.2913496848917986,-1.5,6.552577041757837,124.82182434258968,1960.5585587194357,100.0,1
804,7.801023129267189e-07,0.26969445059101216,0.25402421612161563,-1.5,164.58089230779566,28.791211082970715,1957.4211305484766,100.0,1
805,7.933607477616731e-07,-0.43755616255419094,0.043736726946095136,-1.5,40.102463223102966,-49.42039412985643,1963.5077548493716,100.0,1
806,1.5423756165006777e-07,0.42380116860013745,0.10332468560483936,-1.5,-117.71239101592154,49.10094207548004,1960.3943931655044,100.0,1
807,2.8180148359114543e-07,0.2622810174831442,-0.2680420298084711,-1.5,17.715996265807266,-89.10265939894201,1962.4372972990698,100.0,1
808,7.102801499119186e-07,0.4291767373799178,0.15888327569499905,-1.5,-66.80027011132951,63.982963424245426,1962.3601072613142,100.0,1
809,5.547138095105061e-07,-0.22107614475087622,0.17338667407741717,-1.5,36.32368107590032,66.59414564686472,1963.0738896497992,100.0,1
810,4.754474336221619e-07,0.4750298733143995,-0.12900830313542108,-1.5,-78.14848037692806,64.45600576047966,1961.9254635694786,100.0,1
811,1.980715409170253e-07,0.07472637185557542,0.08280930029729863,-1.5,79.23073280797605,117.03709271290373,1959.4484163085676,100.0,1
812,5.249442133585903e-08,0.3868357004481315,0.14074852739616053,-1.5,39.01350756311217,-78.61964107787264,1962.577434021532,100.0,1
813,9.041100644903416e-07,-0.19972682536606276,-0.21156339460254256,-1.5,-70.99813019815946,-24.406506232758595,1963.103887782816,100.0,1
814,6.142327706104851e-07,0.097239531944526,0.42903155964238865,-1.5,125.87586214491304,84.76846177876273,1958.6686451472767,100.0,1
815,5.066756236416669e-07,-0.03253054556330767,-0.1417440511443161,-1.5,-19.676000530651905,50.710981846057074,1963.7857667244302,100.0,1
816,5.16460632151591e-07,-0.28480279979236245,-0.36742496547221276,-1.5,-104.36064274805409,115.00521853929405,1958.391161698825,100.0,1
817,3.390566446344942e-07,-0.2036092954273125,0.20697507153166583,-1.5,82.43953767420005,-76.31820957781217,1961.3241801856807,100.0,1
818,2.765118716269816e-07,0.44950796158043155,0.0017058649125365397,-1.5,23.295573639360267,-129.90607377851177,1960.1007664174808,100.0,1
819,2.493481254168739e-07,-0.3294696368621408,-0.011704769354060557,-1.5,11.554483436121192,-97.06918700778763,1962.1053369053107,100.0,1
820,7.716138327328567e-07,-0.30971013082678583,-0.20444601540148435,-1.5,19.13012434391615,-133.18420710723575,1959.9258382872385,100.0,1
821,2.278819550726679e-09,-0.4110565393084566,-0.20413303317013895,-1.5,-38.7282453686784,-0.6399521914618304,1964.1570710454873,100.0,1
822,4.245778594699156e-07,-0.49600504778701127,-0.015403613275460462,-1.5,113.49493801935022,97.48383548171456,1958.8336037371548,100.0,1
823,1.5847996670194876e-07,0.2342217581246017,-0.03794241880542112,-1.5,146.42361782696207,50.66195683169701,1958.419458782663,100.0,1
824,1.9108151674497914e-08,0.08861858412459793,-0.18611069641521724,-1.5,108.68508485427974,-24.623011460749016,1961.3756768918474,100.0,1
825,6.83063448379604e-07,0.14484099067066278,-0.44466438710140793,-1.5,-84.23937866736983,-88.61312592727975,1960.7306615803361,100.0,1
826,5.422649856847273e-07,0.09876800260435503,-0.10605075246979431,-1.5,-77.25138862707642,-122.18191483950552,1959.213385240993,100.0,1
827,3.9855610137807606e-08,0.14053724797046904,-0.09561875783171418,-1.5,-131.83201510203142,56.41906495690541,1959.2984701595767,100.0,1
828,4.5575182551945957e-07,0.16686560203367956,-0.3369634547688591,-1.5,-142.56806399754106,-32.96621965276215,1959.081637338253,100.0,1
829,8.909300727868751e-07,-0.05380959033757146,-0.4810812689728271,-1.5,-42.098583242763425,110.32846773767969,1960.9866457377366,100.0,1
830,3.317683027118846e-07,-0.16778215664697155,0.4257948652552945,-1.5,-23.52722118607818,93.05090094601674,1962.1929787771965,100.0,1
831,3.8117948677582566e-07,-0.0968048407249657,0.4436899361765562,-1.5,-2.0081717194555657,-57.97932920470896,1963.6821664662152,100.0,1
832,4.4341597132629975e-08,-0.32344465747478446,-0.0949049793152667,-1.5,-27.83175351155273,104.2367031302561,1961.574212076397,100.0,1
833,3.772463993722422e-07,0.16115493298318873,-0.3860181413781987,-1.5,88.28543610822788,88.97834347799117,1960.5361058723768,100.0,1
834,5.111919584570164e-07,0.3123259251741544,0.2566703298515664,-1.5,70.8938067446579,16.696765477609617,1963.1883690705708,100.0,1
835,8.94231078572186e-07,0.43450464104417186,0.1612726037800616,-1.5,81.63385014822892,-116.83470272691224,1959.3618484125952,100.0,1
836,3.35256499886673e-07,0.033030316858920744,-0.3604179334191054,-1.5,-88.25448060732599,-6.591503986068701,1962.5445179648955,100.0,1
837,8.10482830483057e-07,0.3460760513766461,-0.11412654690800807,-1.5,-73.89240826700633,-124.22192648400883,1959.2146669640963,100.0,1
838,5.802314869428255e-07,-0.31949008770026704,-0.05584349443846373,-1.5,150.5564377567961,-72.35604603759275,1957.4244935419401,100.0,1
839,5.705320806408778e-07,0.07649615529813676,-0.023431650162785447,-1.5,-70.63623083788369,-104.37222667138644,1960.4923482275583,100.0,1
840,7.867857612079006e-07,0.40109063563653335,-0.199307045851209,-1.5,-53.84117754460094,104.86017356549844,1960.9994283187732,100.0,1
841,8.494601964773959e-07,0.00024403713048067014,0.28774537557549495,-1.5,133.6077839413565,43.54182160356725,1959.5066614094105,100.0,1
842,2.1630460586796133e-08,-0.27532465926840977,-0.03855919345513954,-1.5,-38.39002876655198,87.31447646566969,1962.2221266097679,100.0,1
843,7.709388757567732e-07,0.36459091651055725,-0.2847260056408518,-1.5,-54.52407736623838,120.65828105029591,1960.0719350236816,100.0,1
844,3.1821293620565123e-07,-0.32458917862188075,0.025522136780420705,-1.5,-19.52728716117262,92.84380382152368,1962.2466713984272,100.0,1
845,4.0460585747040115e-07,0.29581089405393785,-0.2784295531246795,-1.5,-8.234788446708079,-101.77693374828021,1961.8835159820696,100.0,1
846,6.697585858715725e-07,0.22689806661892994,-0.1268225007159328,-1.5,-24.563202291308667,-168.69273276408288,1957.128686947262,100.0,1
847,3.600976759510636e-07,0.2665485500610681,-0.05416673012340591,-1.5,108.57250063735198,109.60017003048252,1958.4721343692315,100.0,1
848,5.370477451136394e-07,-0.2999403135012861,0.09467300465816902,-1.5,-38.46940016450298,45.03460920393036,1963.6459139801564,100.0,1
849,4.967670351679077e-07,-0.11430611456388505,-0.26967489658662613,-1.5,131.1012927043689,74.74750816644465,1958.73391437946,100.0,1
850,3.362957831716238e-07,-0.2074781194823658,-0.439237875520481,-1.5,2.379249306716047,128.46341069457236,1960.3328231582477,100.0,1
851,1.7476360126867618e-07,-0.49232747128703136,-0.028915600761460283,-1.5,-102.98106377093598,-87.0168003063214,1959.9072078124484,100.0,1
852,4.634497830187961e-07,-0.20429573873960813,0.2646610515828357,-1.5,60.91825222872166,-72.05521613659994,1962.2717188603206,100.0,1
853,6.026299430132646e-07,0.2358901370096598,0.10387249221188731,-1.5,133.49360056341314,-46.80046631075424,1959.439323180956,100.0,1
854,9.057353812995539e-07,0.2030844549259224,0.3390300253148121,-1.5,79.41166450762944,-81.68118614699286,1961.233096201438,100.0,1
855,6.893709103921426e-07,-0.1291678254448974,-0.10089647884636192,-1.5,99.59052153190315,49.35808448853264,1961.392055093208,100.0,1
856,3.8885399188692827e-07,-0.03918199845709374,0.42735528227865943,-1.5,-63.38222074383486,11.066588898440525,1963.4850422068064,100.0,1
857,6.110284049971937e-08,0.048647829456631965,-0.4627980169137414,-1.5,9.88074249496201,-122.94791992454847,1960.6630169868831,100.0,1
858,6.648989091186075e-07,0.09091481695858103,0.3430750903092396,-1.5,-75.6364783607425,-7.457355128726443,1963.0682100380009,100.0,1
859,8.411947940111952e-07,-0.07304963936597814,-0.06993868220107052,-1.5,-65.24938162710279,-48.052228287728475,1962.8669816928493,100.0,1
860,2.9686558746655217e-07,-0.030514315541278255,-0.46383118778454685,-1.5,-60.56308212816258,-148.68153627633092,1957.9681305168833,100.0,1
861,1.994451677034375e-07,0.21783658838821734,-0.4093354180241711,-1.5,-51.123950161818506,160.97544132628306,1957.265065154894,100.0,1
862,5.249760317846461e-07,0.3728520575389968,0.16310864109198198,-1.5,169.1801234528235,-3.564218314807358,1957.2375094613385,100.0,1
863,1.5140190951427289e-07,0.2332478527783259,-0.2072362966465936,-1.5,130.10176923656678,-49.41555982316724,1959.603255344053,100.0,1
864,5.773685474244046e-07,0.2855806425458715,-0.1449271088357548,-1.5,157.97925736039926,-17.384113118416746,1958.0994952047442,100.0,1
865,6.378457995020409e-09,-0.16486456166135985,-0.23846900318805525,-1.5,-72.92568004771148,45.28632168881734,1962.6625488156662,100.0,1
866,6.155148888483265e-07,0.23395910919500817,0.17060368057378297,-1.5,-77.07202656969667,38.020827287584666,1962.6583007948527,100.0,1
867,7.914259683057456e-07,-0.13750453009712527,-0.4714894727369732,-1.5,21.884076570665187,-155.35830877088827,1958.2640703834174,100.0,1
868,3.1131089608628827e-07,-0.3468454889060806,-0.05550069082551538,-1.5,67.1459953067155,69.90897159398703,1962.1461304579414,100.0,1
869,5.705110924483457e-08,-0.37990466702515363,-0.2921618733471905,-1.5,107.64090466868915,-69.34095480709337,1960.3618425930142,100.0,1
870,3.010332687121753e-07,0.2072351748761814,0.13276908046165992,-1.5,-12.78931145590179,-155.19668874896007,1958.3574003689862,100.0,1
871,6.687866839437916e-07,-0.3215928185287928,-0.1855192720575814,-1.5,21.612878928686584,85.09607379514556,1962.5760693423315,100.0,1
872,7.656312252084414e-07,-0.30025000665119966,0.05793068152443706,-1.5,51.81756926378391,104.21861807187949,1961.0881432074673,100.0,1
873,4.0050236450231475e-07,-0.07435991908616632,-0.14561751738986975,-1.5,-28.11246562744664,105.64740110958633,1961.4947367202562,100.0,1
874,8.806324955599776e-07,-0.4228712517944418,0.17221806826131963,-1.5,-46.56254717673447,-138.81386162247813,1959.0752735124806,100.0,1
875,3.761567125274774e-07,-0.21414747001843865,-0.02133032673660824,-1.5,-137.04906492960498,38.431837337332375,1959.3758786784451,100.0,1
876,4.189101958208211e-07,0.18032731011023773,0.2679731958396259,-1.5,-3.5337409646005735,75.54440294539715,1963.0827395004394,100.0,1
877,4.5915054039678536e-07,-0.2175851321356383,0.2468388864664605,-1.5,-27.88369849528567,156.33307559544082,1958.110251007135,100.0,1
878,8.781212980838404e-07,0.3768895662801873,0.06746027119323257,-1.5,6.46787395752539,51.675110449857556,1963.8485521629707,100.0,1
879,3.076418060613938e-07,0.15141473909080136,0.41836471306870704,-1.5,-137.8816822816237,1.6464273686071784,1959.6936539250823,100.0,1
880,8.80373984197917e-07,-0.38541935596893695,0.17979562456179227,-1.5,-145.3667996225625,-63.44528654236028,1958.1257557800477,100.0,1
881,8.46552792020275e-08,0.23243010941285744,-0.43591838861238635,-1.5,-107.56940685859807,59.07288251827119,1960.702043535734,100.0,1
882,2.780876617304454e-07,0.009943355835584073,-0.42507967419283016,-1.5,51.56211667239525,-61.28328128739104,1962.9057526598276,100.0,1
883,6.301938207897221e-07,0.05690534180128356,-0.3357327355104584,-1.5,68.96540520910943,-130.4968998107865,1958.986375218125,100.0,1
884,4.657397655782151e-07,-0.02438607389220053,0.3597010050958371,-1.5,-9.362219123350869,31.103433093771446,1964.2704018461916,100.0,1
885,5.756854168883243e-07,0.043016337430788885,0.15815568929901974,-1.5,-8.973964424977622,-112.21457495251832,1961.310950205718,100.0,1
886,6.87782609548851e-07,0.4147637733132088,0.12381323500676565,-1.5,-132.60408064821382,-2.5979280102850133,1960.0568090827437,100.0,1
887,3.5940452425233927e-07,-0.4535458431973328,-0.024598552932165636,-1.5,31.674211874328446,15.939714984957247,1964.2189175482629,100.0,1
888,4.805762022479525e-07,0.10837378800538011,0.1351369851332624,-1.5,6.0335559087058535,59.73234329493778,1963.6213814362798,100.0,1
889,6.038105713865164e-08,0.37353854168960043,-0.16843569861730937,-1.5,21.778117642834324,17.189038828594256,1964.3430293108725,100.0,1
890,4.555931506893244e-07,-0.13711843947534896,-0.4084546907396446,-1.5,-106.28903518160766,131.24575142968553,1957.2660728674452,100.0,1
891,6.478979170648326e-07,-0.05796182558299161,-0.02104560179934679,-1.5,-19.493303661310794,-84.95439420856945,1962.6044044287567,100.0,1
892,8.576997053574678e-07,-0.09360082611377629,0.09362567341965289,-1.5,-29.740240785914594,-53.49579382032896,1963.5852424551524,100.0,1
893,3.4358519544940525e-07,0.448920644615212,-0.11190269354491071,-1.5,85.67119299247918,146.2831056797778,1957.2110223351124,100.0,1
894,1.7349260586648813e-07,-0.31764256195374563,0.2300746420297452,-1.5,-162.16235006067052,-20.718390152092446,1957.725059041345,100.0,1
895,1.7014033249462288e-07,-0.30191509754617113,-0.2471511715466331,-1.5,-77.9907526849924,-42.732671467158276,1962.5250692796358,100.0,1
896,4.7254355106304137e-07,-0.12225938462257115,-0.29184638080132785,-1.5,-141.76969906489083,46.26509352663842,1958.8706388667304,100.0,1
897,8.442453631865062e-07,0.2678862158895311,-0.274665282410397,-1.5,-137.2928930139671,-42.769468459157615,1959.2689249721968,100.0,1
898,3.451880229767044e-07,-0.12341113734893856,0.1343175425961582,-1.5,-105.94418198964355,110.82667178075005,1958.5470546787174,100.0,1
899,2.3650825469754297e-07,0.14641657328322433,0.2244477244381986,-1.5,-72.43263460207751,-2.7161946043840435,1963.2013197829724,100.0,1
900,3.720959687325075e-07,0.24775469888686183,0.3940823844170417,-1.5,-44.0440088162939,-67.98252149341683,1962.8682554682366,100.0,1
901,8.057066935812154e-07,0.41399598397638965,0.1873027678643009,-1.5,115.0510305369402,123.77120446325578,1957.2575802852916,100.0,1
902,6.75791728675014e-07,-0.0993637625741764,0.3513186790597833,-1.5,-75.3001178839208,126.68994862613762,1959.00302078121,100.0,1
903,5.600140430541872e-07,0.4030746056581731,-0.05544093467525919,-1.5,-43.219576820517226,164.35519651467766,1957.1746789247527,100.0,1
904,8.104640198187477e-07,-0.28090569600417864,0.4100456547606666,-1.5,-20.91174933932265,-28.173378268156302,1964.2256096901547,100.0,1
905,3.9922678187611236e-08,0.1601602841192739,-0.024697054191499455,-1.5,-3.5613745551418403,126.66517788002712,1960.4480446035875,100.0,1
906,4.090944579923319e-07,-0.01000616361340442,0.07834642626953442,-1.5,12.31826959595779,118.8301686150066,1960.9030923345554,100.0,1
907,3.7952754260419844e-07,-0.13241663065881024,-0.10013933095861313,-1.5,127.44164834771686,-35.891440366222824,1960.0723754598926,100.0,1
908,3.8497053404935064e-07,-0.019430235875411525,0.03167029600950648,-1.5,-151.71075180574974,67.86908518534364,1957.496084626677,100.0,1
909,6.384542464583337e-07,-0.037036889583861234,0.25742140074518205,-1.5,42.89435285569899,150.11353249537626,1958.3256338313558,100.0,1
910,5.870387605737458e-07,0.0480118797514021,0.33461991270911,-1.5,99.41509886222758,-113.2517268737124,1958.7506147400354,100.0,1
911,2.807829679257624e-08,-0.14291712824726432,-0.21303340012025362,-1.5,12.577370235125867,85.718764484912,1962.6276746849567,100.0,1
912,3.7102413457401014e-08,-0.03348223241414727,0.34144613623355263,-1.5,-123.7795500932111,-98.63781876583056,1958.1528259954514,100.0,1
913,8.387838744621043e-07,0.03684612650996622,0.2608166972348208,-1.5,130.72678882974614,110.07378703663802,1957.0916060204763,100.0,1
914,7.619771187261688e-07,0.307519562825836,0.22821952952858632,-1.5,-102.75913716258128,67.77126575458965,1960.6786839086496,100.0,1
915,7.88952177060124e-07,-0.3201785786014713,0.31954620369822917,-1.5,58.940235943723955,-19.13251123580123,1963.561377158056,100.0,1
916,2.2345490365279178e-07,-0.3468098018602176,-0.2865081594042642,-1.5,-5.139196318934894,-25.938905069326857,1964.3609770434587,100.0,1
917,5.353835523274225e-07,0.18451057496989157,0.12085828143608142,-1.5,15.796705596533458,20.870983626678218,1964.3645670803785,100.0,1
918,4.453398904225338e-07,-0.39146886075899556,-0.1967826032770886,-1.5,91.72532746558043,61.131206119404716,1961.4440410589975,100.0,1
919,6.794678433532706e-07,0.11188629186795107,0.28253708998396154,-1.5,-18.3358838130634,-20.58207785883065,1964.3455550645713,100.0,1
920,3.048835765089562e-07,0.1397972727136435,0.24148610277813956,-1.5,62.48820379463865,-9.330438890040844,1963.522715316217,100.0,1
921,4.84613444775359e-07,-0.10835377440443755,0.34099278045964776,-1.5,47.470002730019296,-127.9989122511323,1959.7898263766629,100.0,1
922,8.226613768652127e-07,0.21981605243479133,0.31985435606499807,-1.5,109.14701766929309,23.350972126990136,1961.3655821648229,100.0,1
923,6.275203994063747e-07,-0.48827138064226683,0.0343048215860337,-1.5,64.06250986292146,-115.13818494435428,1960.115425035963,100.0,1
924,7.986171105923065e-08,-0.16760120538758969,-0.12962689951053977,-1.5,-149.40202350311858,-2.1837830845173887,1958.8485272554242,100.0,1
925,4.345358760439054e-07,0.06178530402997035,0.20396415099021772,-1.5,-122.73845739218338,67.5883592809621,1959.535753956234,100.0,1
926,9.390778955805e-08,0.07626807252246565,-0.03728721943814954,-1.5,42.04538555330374,-27.40754561921784,1963.8977311110004,100.0,1
927,2.4836410601810866e-07,0.002312541692552612,0.12487140483869058,-1.5,68.76382334588497,-142.4144684768665,1958.1631551107887,100.0,1
928,1.0524466819049193e-07,-0.04809125546633343,0.35069944604249537,-1.5,21.59454336033204,1.1254477703595456,1964.4199386410498,100.0,1
929,5.988802528121772e-07,-0.008810218116651102,0.2565186029100921,-1.5,-116.45022296745137,-99.08012344580077,1958.580036908098,100.0,1
930,3.608676448160047e-07,-0.2090344108229153,0.12429680979172048,-1.5,90.16804923047991,-108.1252555286792,1959.4876723983132,100.0,1
931,7.760778352150665e-07,-0.2676499845124275,-0.3314391931811809,-1.5,93.49155816526255,-118.63981393394675,1958.7233621335304,100.0,1
932,1.5875485942518985e-07,-0.37682677230160716,-0.07901647053215831,-1.5,81.8801625309067,141.60125333024388,1957.7175512073613,100.0,1
933,5.788512664943391e-07,0.38815988034529963,0.21426402237508058,-1.5,53.77696461942724,63.71934084545385,1962.768751010845,100.0,1
934,1.3365752498407253e-08,0.4678038543873131,-0.16311797180561155,-1.5,9.596045685533307,-63.65151807465966,1963.484068287829,100.0,1
935,3.948628561714548e-08,0.35582308735896573,-0.019591713239458634,-1.5,105.0098309390874,11.41320142644754,1961.6972142778495,100.0,1
936,1.2301373696436074e-07,0.3853649679106579,0.07200543834418481,-1.5,127.4876243067811,-28.788836055161525,1960.1865714348044,100.0,1
937,2.774666903593464e-07,0.2766632159060866,0.3175894725076763,-1.5,-51.35524993208981,86.65242275359276,1961.9549643662763,100.0,1
938,5.971761139018796e-07,-0.14846915463523785,0.012386006645476112,-1.5,-66.5465972209798,144.9807754074131,1958.0514322730915,100.0,1
939,7.006831531606367e-08,0.1538516537729358,-0.2777447898154954,-1.5,80.81762211328298,72.40005109786799,1961.540219017472,100.0,1
940,4.967484306620726e-07,0.015392090890805706,-0.17493962136787605,-1.5,13.398808607241781,-149.56372821667122,1958.7915788556902,100.0,1
941,5.667978629069435e-07,0.15105295198441562,0.006007448371767856,-1.5,65.94050503454753,94.38498150194468,1961.1620563657655,100.0,1
942,4.51491261788427e-07,-0.3133593715296411,0.3165426228674401,-1.5,-123.7925201449279,-91.76542872664818,1958.48610010715,100.0,1
943,3.7735725089803504e-07,-0.02392785103587622,0.012214790986045967,-1.5,134.7770913040269,-34.48559333966524,1959.6068906231599,100.0,1
944,5.367861660963507e-07,0.0996665744264857,0.24888965842684246,-1.5,-46.50729296629036,-150.79341194030022,1958.1909265652525,100.0,1
945,8.779167113122745e-07,-0.1277356801094047,-0.4384444935077548,-1.5,57.69129576584118,146.7331968037342,1958.2018204502685,100.0,1
946,5.82840523322492e-08,0.1213264400451228,0.1913087262741031,-1.5,-62.49840268689014,-151.56933908455545,1957.6858714761133,100.0,1
947,2.975731940130424e-07,-0.4367099150408755,0.23325862810165082,-1.5,-117.08400557241568,-58.7303340643855,1960.167179034976,100.0,1
948,1.2022722168000386e-07,0.3938472532500529,0.0319580016748279,-1.5,98.00631993348449,-21.24790620349051,1961.977720057288,100.0,1
949,8.579272975102661e-07,0.051074170733583286,0.4018487067267293,-1.5,-136.6687921022081,86.11291681203384,1957.8864862625662,100.0,1
950,7.239469714367166e-07,-0.15468069169364773,0.4623928242297326,-1.5,-53.874491689000074,11.75262763448808,1963.764930218245,100.0,1
951,8.450757676241032e-07,0.17032707466426125,-0.008542117739456484,-1.5,94.4669794413471,40.657657211827335,1961.8451088124682,100.0,1
952,2.692308995130588e-07,0.038481048775216437,-0.010932516625987477,-1.5,117.8371000006565,-123.695616684423,1957.0965991852897,100.0,1
953,5.401602155442126e-07,0.3752931616044698,0.17462852226262723,-1.5,117.2687260526985,84.76176243847685,1959.203097125061,100.0,1
954,4.073364699820119e-07,-0.04402647376042878,-0.3838749725557605,-1.5,-20.683761587341458,-57.20065280740487,1963.5970955344012,100.0,1
955,4.741222667993289e-07,0.43682138536199433,0.14398420003627924,-1.5,-38.41966652963909,14.376342400247873,1964.1106222076885,100.0,1
956,3.924712930143605e-09,0.31018875228299153,-0.23032924127911764,-1.5,-15.977473278055319,17.173380026622137,1964.3989110239909,100.0,1
957,2.6146264715992817e-07,0.4649637762168823,0.15970460276426487,-1.5,63.504903339029525,35.580794330007315,1963.1898585192614,100.0,1
958,6.657469459437846e-07,0.3300534970537854,-0.3226568663358316,-1.5,10.19889793615759,155.5051835380641,1958.348132135809,100.0,1
959,4.273536311844471e-08,-0.016268468801451403,0.25294296990632936,-1.5,116.53124553145715,-86.9888199706397,1959.1494839039553,100.0,1
960,7.607989441559847e-07,0.1441277255259291,0.12678705801405382,-1.5,-48.25532909878955,-140.60996065312557,1958.9062122635746,100.0,1
961,6.640849099306702e-07,-0.12881519647608694,-0.19295613696236594,-1.5,-57.047973367797695,-14.912375997967928,1963.6538483253237,100.0,1
962,5.199919761472781e-07,0.39618630642185554,-0.09047804609025688,-1.5,-44.28026370087942,88.24575870466893,1962.0563780338598,100.0,1
963,8.995112828229629e-07,0.37091750311577915,-0.19148830363151467,-1.5,-19.841530149572943,13.055386786573864,1964.3953667282224,100.0,1
964,6.689742797855969e-07,-0.2707771010612995,-0.20222804882767012,-1.5,21.303629935758703,88.9932489698936,1962.4065947849529,100.0,1
965,2.531865813852922e-07,0.177094859334351,0.4248927124807148,-1.5,6.807297565553243,145.5886972136133,1959.1250287333955,100.0,1
966,1.1805276418036092e-07,0.42841842068583097,0.10965290900343669,-1.5,8.38835114297997,94.59810976950544,1962.242115402498,100.0,1
967,2.5919654357541166e-07,-0.39119813097463135,-0.01083904185354146,-1.5,-92.01890973260825,-1.033217278561051,1962.3824140518097,100.0,1
968,1.7146217088097603e-07,0.35711989471876115,-0.1820887395008505,-1.5,-107.88518665507402,-51.20552644287786,1960.9059301323557,100.0,1
969,8.594356165599622e-07,-0.22765443448100214,0.27210337153698533,-1.5,108.94993406435105,-46.515031255481944,1960.9639338857833,100.0,1
970,2.370604598204222e-07,-0.17500043277442093,-0.33837257963928874,-1.5,-36.74656288514844,-41.38290489048932,1963.7592600838536,100.0,1
971,2.4983060905110165e-07,-0.25207016977547925,-0.24804756381984452,-1.5,127.98761093895897,39.65170975714569,1959.9643363147209,100.0,1
972,1.9579069931558608e-07,0.25337423014108856,-0.3190627812387446,-1.5,-96.28620064530983,132.2290384952711,1957.7174809481676,100.0,1
973,2.743896214828382e-07,-0.375479691891125,0.20626909887837094,-1.5,127.62392209119895,-18.312429751340673,1960.303567229523,100.0,1
974,6.679626001878355e-08,0.03012772270464409,-0.3182733613891768,-1.5,41.55973105209511,41.109308804353944,1963.669040279099,100.0,1
975,1.8917054800152428e-07,0.42424580520442123,0.022674385950622107,-1.5,-39.31577053810232,108.11770108852319,1961.1675397998151,100.0,1
976,1.0638725276723998e-07,-0.27758654825107426,0.08260962904542217,-1.5,-107.89203502219705,9.34505409109958,1961.5517492559136,100.0,1
977,6.49565907212958e-07,-0.1895933674299506,0.40385156724442534,-1.5,12.226677315920732,92.86439884280124,1962.304766863575,100.0,1
978,7.803280237989105e-07,0.09623825913669634,0.2396801978854091,-1.5,-17.937796564466286,-48.30829425925624,1963.8629866735369,100.0,1
979,4.802331980111559e-07,-0.17713748837545815,0.18954263468589658,-1.5,84.40151603978474,126.31333433491864,1958.6563281815195,100.0,1
980,7.22787580970042e-07,-0.07094110491865402,0.11333392255641288,-1.5,-32.09903145583093,-101.69744137067013,1961.6423142011358,100.0,1
981,5.621318692081847e-07,-0.37110947121297244,0.0019633901802499024,-1.5,1.2777568718280754,-81.81912334900215,1962.8339931481491,100.0,1
982,8.446667909648061e-07,-0.15957775467928845,-0.29509415315892956,-1.5,-46.1435152459939,107.42607418263918,1961.056781649267,100.0,1
983,1.2152859223407364e-07,0.03616865918878019,-0.15207342205128455,-1.5,-43.047307860772044,13.751785206352256,1964.0191200585878,100.0,1
984,8.694404151060529e-07,0.41769990535041973,-0.269512695521179,-1.5,105.1592465137792,3.8486246191617983,1961.7186361013462,100.0,1
985,1.0208070255798729e-07,0.07081019945517851,0.10995867438888247,-1.5,101.88374274825588,105.53259688394316,1959.0548384934684,100.0,1
986,3.5193311795249243e-08,0.20639599687674567,0.2048999189921857,-1.5,37.94600697544958,164.4096095881935,1957.2794555443043,100.0,1
987,8.305454713495843e-08,0.1911741324320858,-0.26352433324911567,-1.5,67.1456040102942,-157.3184931773036,1957.078344326728,100.0,1
988,6.635013791371008e-07,-0.024859914978034865,0.4012319003745765,-1.5,-71.33859718389938,-41.420065385195244,1962.8062739357267,100.0,1
989,3.953356700571885e-07,-0.22179164791684636,-0.3040357617279907,-1.5,-67.59187829015363,103.27109997586258,1960.6579773548256,100.0,1
990,1.5257289600837852e-07,0.07781375348965815,0.10920737029683805,-1.5,-27.761367466468087,-153.00809584532365,1958.3746105759008,100.0,1
991,1.859513809096895e-07,0.019132724281147567,0.16982136827281163,-1.5,62.022363310889915,-25.092044255876093,1963.3993231206239,100.0,1
992,3.8161392619978933e-07,0.14684405336629897,0.2934494900408867,-1.5,122.20924742019288,26.228693266594636,1960.5586555266966,100.0,1
993,7.108908928542029e-07,0.14063500714774518,0.4263514553275919,-1.5,-35.08825199087229,-50.35841715706593,1963.5799272399865,100.0,1
994,6.296940532389024e-07,-0.008304914693454771,-0.259745951496489,-1.5,25.0744795763804,128.28333980179104,1960.1856905582704,100.0,1
995,2.6268290765297805e-07,-0.043741325801335204,0.06595952635095015,-1.5,86.9328373168351,53.03951084733084,1961.8977492089775,100.0,1
996,8.448454889228078e-07,-0.1969542517146609,0.13783059374091608,-1.5,-108.54489691784501,3.04271499940042,1961.5356314644548,100.0,1
997,6.170113842686551e-07,-0.15737764648956115,0.1842714318008915,-1.5,64.92044447796701,61.58395211956402,1962.499946241082,100.0,1
998,1.469393238065496e-07,-0.38324838689377294,-0.04781461487785135,-1.5,69.96245576260834,-111.33590073134316,1960.1333776705444,100.0,1
999,2.89040360155428e-07,-0.2425975789948222,0.08931290621919931,-1.5,58.893753074209386,133.1428117516752,1959.137004855409,100.0,1
1000,6.321099490727497e-07,-0.013385360775363002,-0.34269311322993423,-1.5,11.5911658778725,68.23622130779675,1963.3193192248061,100.0,1
1001,7.926235300285716e-07,0.08287727537544934,-0.10802933616973001,-1.5,11.713684982103675,-96.49756780575358,1962.1325886029836,100.0,1
1002,4.956280812850248e-07,-0.278518323979042,0.11827224039733067,-1.5,-133.7518949091092,57.948437675839344,1959.123706008705,100.0,1
1003,5.099707447671181e-07,-0.007507222308043134,0.43772494606114565,-1.5,116.60726994924477,-0.6512150110057263,1961.0751150275005,100.0,1
1004,6.271135404791784e-07,-0.32083788132542534,0.11655838437645154,-1.5,104.78815486691047,-105.62460925363935,1958.896671799137,100.0,1
1005,1.1348411355423426e-07,-0.1432823131291411,0.2913092671110584,-1.5,134.79339171169215,-76.41487079268444,1958.418952966583,100.0,1
1006,5.79862416226585e-07,0.299806633623872,-0.0558883097824382,-1.5,121.90008496026653,31.21812497509851,1960.504803418204,100.0,1
1007,7.936948655103193e-08,0.3999441242863592,0.2638789315503699,-1.5,0.9453730808841548,-144.97681893480797,1959.1820013738932,100.0,1
1008,3.5053164611593286e-08,-0.009668372114083583,0.00873101103573882,-1.5,26.420937106043535,32.62232234711599,1964.0903758313289,100.0,1
1009,3.771285080520139e-08,-0.4441558347186604,0.03519201684643087,-1.5,117.58424914327274,11.128493410382998,1960.9853103105997,100.0,1
1010,6.970675840274502e-07,-0.44264771816139453,-0.08659565728141766,-1.5,76.57643593555221,128.60345401606926,1958.8288560618755,100.0,1
1011,3.646851474663412e-07,-0.20107629038287528,-0.28677686058507584,-1.5,-75.5732001635605,-78.01062401386109,1961.534175135406,100.0,1
1012,6.62950279940222e-07,-0.4197243020229297,-0.05894370277091953,-1.5,-150.53114248029436,58.05660120977822,1957.9027280397966,100.0,1
1013,6.407990008528856e-07,-0.1244255394876751,0.11027104735667219,-1.5,7.7743705591399195,-137.9355626648382,1959.675132765856,100.0,1
1014,8.379805499474517e-07,-0.46618018519325843,-0.09838868220870722,-1.5,96.79840365960865,-135.82642687932335,1957.4459218778634,100.0,1
1015,9.452599041667045e-08,-0.15531715713788474,0.4702148652327932,-1.5,-42.99557955781895,-32.10380966547059,1963.806001571841,100.0,1
1016,5.445605621015776e-07,0.264914253186553,-0.014667062960599652,-1.5,-71.1104174861231,76.9386750662636,1961.7433662612773,100.0,1
1017,8.016146241789415e-07,0.2680715568871638,-0.25755541238552987,-1.5,20.91158420245749,-22.289874654259826,1964.3011870383248,100.0,1
1018,4.233231302412925e-07,0.2232151535101784,0.13579247956878734,-1.5,121.67113340384334,56.94902445942139,1959.9403639334223,100.0,1
1019,1.4758478427893594e-07,0.2051749106738073,-0.1469156105650432,-1.5,76.86189468774835,-85.1499819042784,1961.1871445613858,100.0,1
1020,6.016069075555712e-07,0.09914916755679405,-0.36898614820200204,-1.5,-64.3459563289292,91.85659292491759,1961.3350683925662,100.0,1
1021,9.032961213462185e-07,0.16153167174582547,0.4224096504591022,-1.5,-102.02987300602429,59.353239888748874,1960.9896440815833,100.0,1
1022,6.522093857134901e-07,-0.2688244900412469,-0.09227506718775752,-1.5,-99.75834857139866,-34.76126106104394,1961.6965139607819,100.0,1
1023,4.570838131974038e-07,-0.25078084806426293,0.09998394884967673,-1.5,34.61140959703585,1.377400875910719,1964.233550105146,100.0,1
1024,1.8674180799925253e-07,0.3021054096879332,0.29920028413716815,-1.5,-10.31695641828016,4.156807431722525,1964.5074618408478,100.0,1
1025,1.7957474966525696e-07,-0.3975564025591216,-0.04186416499452127,-1.5,-130.71404998580482,-59.10943046393981,1959.2940561928597,100.0,1
1026,4.749160053050196e-07,0.23385008951302563,-0.10922759519893804,-1.5,12.995026105219997,65.7523647615168,1963.3952842183676,100.0,1
1027,7.32580045221131e-07,0.3385941052235324,-0.2505695242877486,-1.5,-92.73285543874931,30.499603561163482,1962.112045213249,100.0,1
1028,3.856306311780352e-07,-0.0016231032593077665,0.18273932407652185,-1.5,-82.18343496319677,-26.8178792502558,1962.6359750693198,100.0,1
1029,1.0999855584802593e-07,-0.34313961682889743,0.05542708089360636,-1.5,56.14200783733912,-134.67288435857503,1959.1132114915324,100.0,1
1030,6.199117138336616e-07,0.37160245436097006,-0.1274582736770866,-1.5,26.928827704877854,139.61414450078607,1959.3866425899423,100.0,1
1031,1.7204502866039098e-07,-0.3831707053762459,0.2348432107997834,-1.5,74.60828740480488,48.212959621131446,1962.5295921950385,100.0,1
1032,8.084072973886408e-07,-0.2085815189562895,0.027485359981623422,-1.5,-116.15818738983513,-70.12450466020121,1959.8477276601366,100.0,1
1033,7.437177578636773e-07,-0.13156649935984854,0.3505011885471717,-1.5,-79.61235011622041,-106.14225301143551,1960.053311035381,100.0,1
1034,2.8231484710528153e-07,-0.12600287916934197,-0.3761538802570166,-1.5,77.4325770600091,-46.11697312035795,1962.4705620890709,100.0,1
1035,6.976828595212487e-07,0.2022697885175323,-0.28752280757974674,-1.5,-43.35449229929915,91.5975991831594,1961.9234322693337,100.0,1
1036,3.512051239011142e-07,0.11432850673095683,0.08745854621918041,-1.5,118.5624092865427,121.51654983375265,1957.1893034366408,100.0,1
1037,9.076445867185594e-07,-0.14650075903541954,0.3439880078981246,-1.5,134.901183033223,-40.80264088465802,1959.4769969507695,100.0,1
1038,7.677217439338805e-07,0.18872863819149036,-0.4447701613130587,-1.5,-68.17748666530188,-117.76994081312074,1959.8202360469206,100.0,1
1039,5.218975584379886e-07,0.0610718718414194,-0.08090045407588171,-1.5,80.1996877867173,108.44154792650876,1959.903499417343,100.0,1
1040,4.781961256885019e-07,-0.26120074205078353,0.3194299699686116,-1.5,66.93024000303048,76.15655264648578,1961.920948644025,100.0,1
1041,1.063973476883047e-07,0.42543571021930354,0.19023429648093793,-1.5,-63.20833533682064,-153.09485538585156,1957.5443693220504,100.0,1
1042,3.712656010919008e-07,0.296888352273647,0.37174531634538377,-1.5,105.40701552018656,131.58235285691438,1957.2911719419512,100.0,1
1043,7.898945650978227e-07,0.08086483486823988,0.056314868734186396,-1.5,-37.884551678975996,-126.56767335241967,1960.0914955869712,100.0,1
1044,3.727087602793877e-07,0.29008981887896945,-0.07381125683781162,-1.5,63.644565820351694,-59.122041080196844,1962.617446107667,100.0,1
1045,6.144043314835854e-07,0.21350889978655396,-0.09218344096173517,-1.5,99.03724437783292,15.91412169152264,1961.976465512001,100.0,1
1046,6.944729640505914e-07,-0.15288320278461917,0.20152578929082615,-1.5,56.719349526850515,90.20705539492069,1961.646983739011,100.0,1
1047,7.665951055292584e-07,0.09929308082033919,0.39171029189046275,-1.5,75.32304327141084,54.625300114338934,1962.3342737683308,100.0,1
1048,8.9330449017202e-08,-0.3537645028667849,-0.10442674862947475,-1.5,-52.53331326793107,-137.9176365753485,1958.9875606508315,100.0,1
1049,1.7964587662860617e-07,-0.28558978649210015,-0.13149123637835697,-1.5,54.42343374707244,-14.745773549121788,1963.7295990761424,100.0,1
1050,6.813350499710183e-07,0.06746508507611053,-0.41967333318928185,-1.5,-161.73131720539382,11.309838392166077,1957.8376732652487,100.0,1
1051,3.8474406518974493e-07,-0.3453170769450767,0.18673824728817393,-1.5,-0.1560237376864198,22.223360873768318,1964.4132416969192,100.0,1
1052,2.9565557526597833e-07,-0.17165289056713406,0.4075023829919764,-1.5,-55.39663746934696,99.74060731094788,1961.2231668212735,100.0,1
1053,5.89402154953283e-08,0.01912635985513949,-0.027777613941553907,-1.5,30.763066699294146,-134.9053660884189,1959.6600374029001,100.0,1
1054,2.7295478909234885e-07,0.2954088344401957,0.1333242454584591,-1.5,-31.774740659203907,-77.54256559151736,1962.7508254089862,100.0,1
1055,2.9960259563752014e-07,-0.09219704797448554,0.3295397389423835,-1.5,123.7298771223865,-48.882094973903016,1960.0292713539695,100.0,1
1056,5.670055623273076e-07,0.16587068205566988,-0.1515295953750982,-1.5,-73.83217558081856,11.168586189649316,1963.1192930633786,100.0,1
1057,4.918063533499986e-07,0.3703515661871624,-0.2486577813810356,-1.5,-70.00521430416535,151.49118055551182,1957.4378606868358,100.0,1
1058,8.558485784503807e-07,-0.19148743303105084,0.043357245198982285,-1.5,-6.158058998027399,-57.03179608345467,1963.7012855347941,100.0,1
1059,2.275275267606896e-07,0.395492433100978,-0.29281157265230623,-1.5,-23.240054008020046,117.83807119563443,1960.8639359049694,100.0,1
1060,7.060500407985839e-07,-0.012378555009819225,-0.005588768803150468,-1.5,-65.64354540817321,-61.32033451536682,1962.4841471429265,100.0,1
1061,3.8787627439905717e-07,0.055092190731614775,-0.42641034002500106,-1.5,-30.09504644067562,133.32899644527123,1959.7782918362886,100.0,1
1062,1.8458244811607445e-07,-0.45476565253086176,-0.0645431978654066,-1.5,-12.657313809585863,-1.8356994520152392,1964.4973170968647,100.0,1
1063,4.813697231850166e-07,0.24347269141738476,0.39592778286365127,-1.5,-25.82742497908777,-101.18870233558191,1961.761218116191,100.0,1
1064,5.833066701653273e-07,0.17255155657607626,-0.24778978014483768,-1.5,-96.12730946131,90.77746351477182,1960.0847631568602,100.0,1
1065,5.569631315373294e-07,0.1515255421120568,-0.12285611553442989,-1.5,153.71097017701746,-68.78094060286173,1957.3082041730568,100.0,1
1066,8.318333576996158e-07,0.1345972809485226,-0.3544267141338497,-1.5,-29.165685465759235,-93.01638694141229,1962.1189058815496,100.0,1
1067,5.5234526575117516e-08,0.3269412026123688,0.15509635109116063,-1.5,-40.23951058430486,105.3710719535315,1961.2982958360594,100.0,1
1068,7.247564160707826e-07,-0.24602098687292967,-0.01904163591430602,-1.5,-23.04771521315419,108.99488713526794,1961.377629032195,100.0,1
1069,1.2853159020583522e-07,-0.44563338411330844,-0.14990772167286895,-1.5,20.37953686889655,70.11462115595064,1963.1815760757581,100.0,1
1070,8.494913154770273e-07,0.3978437589920348,0.021057277717664104,-1.5,-143.83826842255195,-14.508685543190161,1959.2124276982172,100.0,1
1071,3.753989071461499e-07,0.4953260106653665,-0.023291647851097465,-1.5,-167.66191426397037,20.646149153766252,1957.2625029097637,100.0,1
1072,7.5762263994241e-07,-0.2030116802033232,-0.4547909790200228,-1.5,-91.04577076292836,-57.76098768472133,1961.5778399528276,100.0,1
1073,3.9243233076664694e-07,-0.23017620304851674,0.2355945599002341,-1.5,10.431495905755684,-32.60431900360477,1964.2406748007259,100.0,1
1074,7.795193728231622e-07,0.016135673013216223,-0.07036691760046858,-1.5,82.13830039889942,-64.21944812656949,1961.770233323982,100.0,1
1075,4.0375810829627643e-07,-0.36489086436200485,0.24751229519800325,-1.5,-98.45688931361872,46.63721324472941,1961.5158672704085,100.0,1
1076,2.7736266452184876e-07,-0.18360971265528211,0.37356194069275855,-1.5,129.85822483934638,10.099172026411251,1960.2163488839915,100.0,1
1077,7.535179916199816e-08,0.10065390525923881,-0.1679108287260367,-1.5,143.11674375622331,81.87878277156409,1957.6074041683112,100.0,1
1078,5.286770360139076e-07,-0.27697352586415824,0.18818010781359398,-1.5,128.87037332926795,-27.783250329899154,1960.1106611988039,100.0,1
1079,1.4565808565407718e-07,-0.02275081789960473,-0.26497933860122586,-1.5,42.73688172138086,-57.57451794034572,1963.2299967377232,100.0,1
1080,6.099740764296129e-07,0.16302093976254275,-0.4265480669181816,-1.5,29.631701204732163,-89.17312790202305,1962.2903459503677,100.0,1
1081,5.325825035299074e-07,-0.11765317933121244,0.31501326507822314,-1.5,94.76427878534145,-8.118438558040616,1962.2352327607932,100.0,1
1082,8.655704697895667e-07,-0.45447741482938203,-0.010307183579919025,-1.5,-86.27523379457497,102.83129763787117,1959.947855052765,100.0,1
1083,3.6781892284432443e-07,0.34003786604040054,0.17774006551117316,-1.5,-82.67408495844376,56.11356984998741,1961.9963173311783,100.0,1
1084,3.863196067325187e-07,0.24409595168383227,-0.24208837256893578,-1.5,-77.30498929898963,75.5106401525184,1961.5645205089154,100.0,1
1085,1.4324443254355646e-07,-0.1258546896980712,0.4534433178876586,-1.5,58.23711898761101,68.06180537978179,1962.4956853166834,100.0,1
1086,5.360266746511355e-09,0.4509738232936623,0.1516869884722834,-1.5,7.775367890396246,-77.26016671595133,1963.0037433890245,100.0,1
1087,2.8035846642409537e-07,0.3075708219769764,-0.012904427557854871,-1.5,-77.23548505647055,87.18096035363156,1961.0832328756578,100.0,1
1088,1.6817498446075e-08,0.2985401179585379,0.2083106151513769,-1.5,-96.57918955691969,-25.373671302371818,1961.9994707479661,100.0,1
1089,3.7686678689628384e-07,-0.3000250126253622,0.204650147818405,-1.5,140.96120578757157,-91.42300562261441,1957.3413240342045,100.0,1
1090,2.0520763427637525e-07,0.02114598484534509,0.1312615048411551,-1.5,-99.0274034991414,-74.8820079219972,1960.6120331447319,100.0,1
1091,1.923974874833452e-07,-0.019724663035550698,0.34994666290346566,-1.5,-111.71448524624428,-85.94387972395836,1959.4761569333502,100.0,1
1092,1.482155095533356e-07,-0.02076938146743491,-0.3847632104256435,-1.5,66.93321195803874,-68.46860032774862,1962.2041897244717,100.0,1
1093,5.63388827604006e-07,0.1724196476515275,0.19464645229144975,-1.5,-76.83854836788046,107.1752732895049,1960.1077992156881,100.0,1
1094,4.1865187173761473e-07,-0.2918943061242717,-0.1800141022265277,-1.5,-62.97462576584351,49.50757081742177,1962.9051131441736,100.0,1
1095,8.332925731691548e-07,-0.05142012462202877,0.29242294556983284,-1.5,-44.155001907857006,68.82173929520441,1962.836516440692,100.0,1
1096,5.642395816374011e-07,0.31604446957994714,0.006218594206871391,-1.5,118.96602135429808,-29.33886039562623,1960.7140544454578,100.0,1
1097,6.785301093942722e-07,0.07449570142382006,-0.11758152615974543,-1.5,26.567563175729344,0.102310934124334,1964.3592951355686,100.0,1
1098,3.101850303904373e-07,-0.022308277320458928,-0.3424070056607157,-1.5,-88.38258783358532,49.582074246437216,1961.9233986951149,100.0,1
1099,3.527406314040072e-07,-0.10912748750332558,0.3249166971554271,-1.5,156.06128760304054,62.01206569141393,1957.3483758612047,100.0,1
1100,6.689195301090331e-07,0.39369555618418406,0.1845098875021696,-1.5,-120.28369187789406,27.70868227259555,1960.6573766624988,100.0,1
1101,2.6492335255485343e-07,0.22051032907878432,-0.0334817002185644,-1.5,41.80587754239776,60.48588775921879,1963.1625027620664,100.0,1
1102,7.620732430627835e-08,-0.4970215815276615,-0.021068843979432816,-1.5,100.01996140985972,18.33009900808416,1961.9055280660318,100.0,1
1103,3.065557357271639e-07,-0.2064041648406144,0.19341985644363954,-1.5,-95.37282227049748,-57.23630509980224,1961.3875997407583,100.0,1
1104,2.043736714961801e-07,-0.2774627330140567,-0.05277652060462422,-1.5,-1.183255912954253,160.4884652496291,1957.9722517679852,100.0,1
1105,1.1782062567132172e-07,-0.3416364113576657,-0.17773195216338766,-1.5,53.499459649017794,-50.60723242317587,1963.1581704258729,100.0,1
1106,2.5368350213981145e-07,-0.3014270737805688,0.028997600112138183,-1.5,-125.12037918212003,17.817717059743806,1960.469511606399,100.0,1
1107,3.081262614654215e-08,-0.1601121522174542,-0.42520958824302946,-1.5,86.48294626558196,56.52829979690276,1961.8202103132253,100.0,1
1108,4.1385278667143143e-07,-0.18254620088677098,-0.2555423251311817,-1.5,-130.43664766824577,16.606744007206814,1960.1336136255304,100.0,1
1109,7.813101626688244e-07,0.03903158441033519,0.4044570399477982,-1.5,127.62852907132446,47.625803775575555,1959.810201945064,100.0,1
1110,7.376703210721836e-07,0.14197225139612238,0.35417637284404685,-1.5,-149.74377795249077,0.8288313665792649,1958.8234734833081,100.0,1
1111,1.2114129150143758e-07,0.1250067362991062,-0.48025280454409397,-1.5,1.5015984610605553,-28.062920837757023,1964.3379301795928,100.0,1
1112,6.07612569057723e-08,0.20964407067471755,0.20254846977215674,-1.5,-103.78987247389509,68.25942744931002,1960.6074566833302,100.0,1
1113,6.917242406504828e-07,0.13125238445651038,0.41196700365061256,-1.5,125.34178084939192,-19.82706489163748,1960.4360769322261,100.0,1
1114,9.004879116568274e-07,-0.04121076195905353,0.06937026878865372,-1.5,-59.877201196009594,-55.891516170580026,1962.8306461493864,100.0,1
1115,2.3827927515552243e-07,-0.45331895135145495,0.006596244915861774,-1.5,101.9857951629107,34.66869291207528,1961.5836116726935,100.0,1
1116,9.769680372129401e-08,-0.2784764208400395,0.00923115977803688,-1.5,16.1369596077654,27.916411819863296,1964.2743084283957,100.0,1
1117,6.710245293212764e-07,0.23618296822106735,0.3844758997298986,-1.5,56.04362378690148,-114.16979856110756,1960.4177247707896,100.0,1
1118,5.052820693227959e-07,-0.43635691486575845,-0.08940264010238991,-1.5,131.183810325431,46.60108986872824,1959.6000695544178,100.0,1
1119,7.250603821433145e-07,0.1447451803672687,-0.060536006141397355,-1.5,-18.442886898066007,76.47617423682554,1962.9632041796135,100.0,1
1120,7.269319653204225e-07,0.3820577342829414,0.13467368382275574,-1.5,22.139699338238646,-72.4369439193331,1963.0781974070649,100.0,1
1121,2.3785397606461477e-07,-0.05526143607224293,0.4423595287182816,-1.5,-125.38192663511468,-46.16253749727979,1959.99022417746,100.0,1
1122,7.261394305914671e-07,0.0053890155389072335,0.4501087995829292,-1.5,159.80028456341606,-43.65491001535363,1957.5421845138187,100.0,1
1123,9.072849591883365e-07,-0.39028702383762587,-0.21247387874364168,-1.5,80.46413523809439,-88.96558220528173,1960.8732581147085,100.0,1
1124,3.1889806888642756e-07,-0.4051023273438787,0.2904675224197434,-1.5,-35.06585239809216,-81.75046574413558,1962.5240211554974,100.0,1
1125,1.3479045282261394e-07,0.40617768755529876,-0.16336128658950888,-1.5,98.2234855966296,56.08386316881194,1961.280202682789,100.0,1
1126,7.827552930600127e-07,0.1446769984632969,-0.1258416123164639,-1.5,-93.09417332619098,60.69083568009306,1961.3932251395427,100.0,1
1127,3.9837872235204385e-07,0.07140595149457372,-0.11020053536353724,-1.5,-105.30859417048255,-35.33936894764333,1961.3960628242196,100.0,1
1128,6.944426509047275e-07,0.21252569009707853,-0.1302687311420487,-1.5,-104.43458792213437,134.00117148601717,1957.1791918861288,100.0,1
1129,8.722911208895345e-07,-0.04079761678584854,-0.25369371614148245,-1.5,-66.23269408204945,83.27162491122314,1961.6555133318923,100.0,1
1130,6.002187118201828e-07,0.06843693431394593,-0.28002057690534043,-1.5,123.62525066992333,79.32041917514591,1959.0401616007796,100.0,1
1131,6.410514182129437e-08,0.019136754486601973,-0.3813658583943892,-1.5,-13.953273578191544,142.2653525148074,1959.3313047814095,100.0,1
1132,7.120504703056431e-07,0.39948774567497203,-0.1742440569844006,-1.5,-59.04253165067021,37.80757597388854,1963.2875115278937,100.0,1
1133,6.88124323904304e-07,0.29971431548537597,0.13086401177153043,-1.5,0.08985177781293495,125.82797161086691,1960.5051899327082,100.0,1
1134,2.1790398276448726e-07,0.23883042427225773,-0.019015851649112996,-1.5,-37.16330106986702,-44.08202258452988,1963.6926823219,100.0,1
1135,7.694394453669836e-07,0.23720332087369544,0.37873848917176234,-1.5,-133.30974601607917,-84.39954695805798,1958.1926652800369,100.0,1
1136,1.860938654334001e-07,-0.4179963076468703,-0.14101904984704436,-1.5,-74.66744164361167,42.18903526935622,1962.666080801207,100.0,1
1137,6.495169223023051e-07,-0.3541799712689799,-0.09855715562815652,-1.5,85.63693299843293,-57.699545425252836,1961.8232245619054,100.0,1
1138,2.537726450801794e-07,0.11796078915006726,-0.3254997812648098,-1.5,72.72994502504038,122.81171066460415,1959.3470660111288,100.0,1
1139,5.209647336865878e-07,-0.17762029065310195,-0.2399650707846664,-1.5,-53.65375949552177,-99.6654571838334,1961.275441390746,100.0,1
1140,3.961068659122441e-08,-0.4323743545041645,0.22182555359619816,-1.5,14.436651397204546,-6.966949315697638,1964.4735505930844,100.0,1
1141,2.2193341087534194e-07,-0.017699056200224352,-0.28815119519163945,-1.5,-30.051264745347964,67.5214361877279,1963.1482530385938,100.0,1
1142,2.01915892273758e-07,0.266632640592496,0.1924331582430515,-1.5,110.87335233868825,37.736485248827336,1961.0447072130653,100.0,1
1143,1.8156382064071844e-07,-0.23664148470074567,-0.17891309444939166,-1.5,-77.8146207160437,-89.29630322755759,1960.965155554489,100.0,1
1144,3.9019419120747954e-07,-0.19275710418807965,0.3318030236593609,-1.5,-101.47923499926326,54.69415265066433,1961.1536912735628,100.0,1
1145,5.4960988882103e-07,-0.2685436397160805,-0.22453776262819353,-1.5,123.13245659089286,-33.70097820104799,1960.3866783031135,100.0,1
1146,8.404107024823884e-07,0.17842044173973678,-0.0347528417530399,-1.5,-1.1851544587216827,-161.65577430293868,1957.8762198641562,100.0,1
1147,8.999146702165573e-07,0.408178268244306,-0.2390794654815465,-1.5,-110.74102456541587,-4.689588476775254,1961.4096256275106,100.0,1
1148,7.097953991140013e-07,0.021497427115497687,-0.26161788119006824,-1.5,-86.92602689782319,-2.689457076196016,1962.613033416044,100.0,1
1149,1.1565799460146181e-07,-0.09167177272234552,0.45376569465968414,-1.5,-72.8712528788494,-28.215728433265518,1962.9841923558574,100.0,1
1150,8.787388447136081e-07,0.1715219221430921,-0.10013192698745085,-1.5,-62.5258783741525,40.76078133425102,1963.1205667265303,100.0,1
1151,4.567124088169091e-08,-0.19763123262356078,0.20573244724923578,-1.5,-1.1330191330190493,-77.66226470952499,1963.0029483355247,100.0,1
1152,8.368991446231255e-07,0.4379041124995483,0.03533774514210967,-1.5,-107.78057433167476,68.3607280647706,1960.3885953864658,100.0,1
1153,2.966605365397229e-07,-0.3846752853747536,-0.055240352294352375,-1.5,-74.33303156904581,134.71648301418332,1958.5043670842747,100.0,1
1154,4.926060067180036e-07,-0.4626611990228926,0.007817943870494122,-1.5,-92.20841354173928,8.652016178373461,1962.3547175152346,100.0,1
1155,3.3482206244008104e-07,-0.20939040550317806,-0.29336490217465944,-1.5,-112.23387083602796,-98.72225678830125,1958.844241004863,100.0,1
1156,1.2056315814584268e-08,-0.3809319054052544,0.11331022307526341,-1.5,-41.97455995440223,-101.55449334929743,1961.4632567201795,100.0,1
1157,6.193227285594031e-07,0.30856062777935434,-0.011131463677135507,-1.5,47.85340616510641,153.79966160307046,1957.9246670582884,100.0,1
1158,4.7194249079126775e-07,0.038859759721511886,-0.21040710718090333,-1.5,-30.50306656657883,78.1617948044329,1962.7464388017918,100.0,1
1159,6.463489989180455e-07,-0.12412300656667045,-0.2085820779369561,-1.5,141.87296264243085,-77.57956252045751,1957.8730194311186,100.0,1
1160,2.882456615284081e-07,0.07351079339044024,-0.3267900419031466,-1.5,-0.2479179284305276,127.16944147712265,1960.418618039838,100.0,1
1161,5.289081637944485e-07,-0.4193629623198784,-0.11703991165856681,-1.5,-29.261526618003682,122.92442990138802,1960.471023468476,100.0,1
1162,5.53482039145419e-07,0.018417516088466545,-0.2859074889740244,-1.5,-129.73941532202042,108.29933306495737,1957.2563002416716,100.0,1
1163,1.679961998784925e-07,0.1944274798488602,0.25602447279648705,-1.5,121.41391964574716,-115.25623256080439,1957.3931509122733,100.0,1
1164,2.942213205363323e-07,-0.4598881274592694,-0.02881078051528154,-1.5,49.60343745864732,127.19550836636196,1959.789296814798,100.0,1
1165,7.957877045395543e-07,-0.12778336076753538,0.31034947492621257,-1.5,68.86704973101659,-78.34944487633706,1961.7675652877551,100.0,1
1166,8.321137024341846e-08,0.03157087051940478,0.14124968246853684,-1.5,-80.79666644381626,-112.69833969996469,1959.638810900256,100.0,1
1167,2.2013021162012566e-07,0.17803535835973272,-0.037127461688989366,-1.5,53.95937903167428,-25.257343554080194,1963.635337397766,100.0,1
1168,3.949452269555252e-08,-0.2912993591826423,0.1613264004839039,-1.5,-16.437313661417228,61.83858984966464,1963.4966487853073,100.0,1
1169,4.159109282473922e-08,0.22767773701210617,-0.01341252862595972,-1.5,102.34810563129885,-90.62273520828789,1959.7769442983006,100.0,1
1170,4.829862985286696e-07,-0.3328494673927079,0.17776586505954542,-1.5,105.08741202704857,-12.424212141469807,1961.6869171843534,100.0,1
1171,3.5650538717465486e-07,-0.04015485323872404,-0.49535319791990245,-1.5,34.59176383445047,12.23044127049086,1964.1963019126376,100.0,1
1172,9.0471297057146e-07,0.17757254567633685,0.04132319168764724,-1.5,57.96719706270647,-122.28854996488185,1959.8720878869394,100.0,1
1173,7.937033914186166e-07,0.05470442486630802,0.26993796920504043,-1.5,-67.50184671146381,-88.52501008732754,1961.3821936445001,100.0,1
1174,5.862957810239567e-07,-0.02344895765627938,-0.10836761755443255,-1.5,70.38553777419453,10.062282598132457,1963.2518719734571,100.0,1
1175,4.135626524079415e-08,-0.11253241259342442,-0.10705548856440969,-1.5,-7.954782704531949,71.75904393510604,1963.2118192675425,100.0,1
1176,6.854843671007171e-07,-0.13883898591562766,0.350404427522804,-1.5,-28.51819401520285,-59.227635856647176,1963.4388419370425,100.0,1
1177,2.655809126061872e-07,0.12124125890209309,0.09244035100017686,-1.5,-97.86476976501973,-137.4492637625378,1957.2796103255423,100.0,1
1178,2.019701494757972e-08,-0.31932484675034106,-0.1441396066269813,-1.5,91.7836948842005,-85.50310773241388,1960.5300962208244,100.0,1
1179,8.125681418166413e-07,-0.35857771060587385,-0.24175126238653277,-1.5,21.238712936173858,103.62516623741698,1961.6890753279974,100.0,1
1180,8.760135414837487e-07,0.2906086332940364,0.3529887963144328,-1.5,90.97801391029506,-74.71830129078549,1961.008277061392,100.0,1
1181,8.998157680800534e-07,-0.03735847937755492,-0.0914434314732337,-1.5,34.55530056086652,77.61672069221838,1962.7009100059706,100.0,1
1182,3.0261413733004253e-07,-0.4658031199561931,0.1329606851593462,-1.5,73.57525710258433,141.30314182913338,1958.0687909053747,100.0,1
1183,5.23601497194451e-07,0.09550117716052314,-0.17180912501455584,-1.5,-125.11446518348079,-40.871662584130824,1960.1247827792984,100.0,1
1184,1.2821037007725198e-08,-0.08385915918728339,-0.46808655362266033,-1.5,42.0772646073049,103.77831879124618,1961.3446537052482,100.0,1
1185,2.7436348754830706e-07,-0.09390804324847754,-0.3468736960258216,-1.5,138.48191483352784,88.91853696447188,1957.6336580970067,100.0,1
1186,3.2017503038683256e-07,0.24871542038547742,-0.09143792393192941,-1.5,-88.9626433905153,-30.708364635446635,1962.2833461782525,100.0,1
1187,2.0536301235981732e-07,-0.24077418410259332,-0.056264193461723996,-1.5,-134.74285577255284,-79.87155968814403,1958.2845000247976,100.0,1
1188,8.152516008541433e-07,-0.06440417860151386,-0.07730047613382342,-1.5,147.0484961662605,-48.73791795844446,1958.421466741633,100.0,1
1189,1.6304489155129517e-07,-0.09403654755778648,0.1390654585163035,-1.5,4.698745178815174,-63.46138634619415,1963.50804951314,100.0,1
1190,8.170685061309999e-07,-0.14946806588197778,0.009372039479179119,-1.5,38.839714317053286,-106.96074973258776,1961.2404648269278,100.0,1
1191,7.605421267212834e-08,-0.1697773591635439,-0.2590321317680563,-1.5,0.23202599325211878,151.22836994859776,1958.7095784094076,100.0,1
1192,1.7154919257943555e-07,-0.09334120917234179,-0.14477223964876634,-1.5,6.124194615828075,147.94122829233254,1958.9510390711134,100.0,1
1193,8.475583747091957e-08,0.16127605018343685,0.40138813775239385,-1.5,-35.909816110121604,138.3051774504472,1959.3354611356037,100.0,1
1194,7.857884424563261e-07,0.017602735009982363,0.06147778158694163,-1.5,-26.116694518925755,70.22720379052606,1963.1096108932127,100.0,1
1195,7.929145681877466e-07,-0.0443899236809105,-0.02199058745626645,-1.5,92.22498338106742,104.80337851693834,1959.5724254433487,100.0,1
1196,1.6950751107018956e-07,-0.37543031798284343,-0.1564275758084377,-1.5,-57.8562906948225,67.6286898659022,1962.5219224763296,100.0,1
1197,8.733361995701366e-07,0.3382444240133353,0.24971375746778524,-1.5,113.29432439533522,56.947357253264116,1960.4424706753841,100.0,1
1198,3.8933484805083417e-07,-0.3118635032222939,-0.1856813674864964,-1.5,-136.68805858842063,102.66411749062705,1957.0870547539091,100.0,1
1199,5.433919808271096e-08,-0.13854202646631406,0.30500941467436665,-1.5,21.571351249685986,-95.39606407915477,1962.1028398199724,100.0,1
1200,3.9838607499103974e-08,0.26886777544347734,-0.24756737236847068,-1.5,-10.151647482986561,-155.93966548831514,1958.3138285389564,100.0,1
1201,8.798806397224444e-07,0.12163835400973408,-0.38058216356650243,-1.5,144.55616500131075,-35.583422747461434,1958.8901504300388,100.0,1
1202,2.031598435057589e-07,0.1502883220201421,-0.4489251133922277,-1.5,-47.71148084616172,-103.16951464303224,1961.247804870644,100.0,1
1203,6.333083712672119e-07,-0.02585762650135721,0.37254257204604774,-1.5,-94.735825578245,90.8049598047964,1960.1512362297428,100.0,1
1204,4.933929270755567e-07,0.22713350367893512,-0.07804620208958578,-1.5,85.9480521543081,-44.8781672151597,1962.1447879054235,100.0,1
1205,5.193899010238329e-07,0.27394748679305003,0.18900633095381236,-1.5,74.96582454101313,-39.270163543567826,1962.7152788095066,100.0,1
1206,2.9938552212941577e-07,-0.11291731553968594,0.16061392033425212,-1.5,-71.28057988981018,-48.76039741486353,1962.6397501428141,100.0,1
1207,2.7403191917846185e-07,-0.291405809966486,0.17269349596099465,-1.5,33.85866747428967,-129.75419013877683,1959.9568176478856,100.0,1
1208,4.2461953651091784e-07,-0.12220149938237135,0.41807532869744884,-1.5,48.88692727883899,-56.27298465293873,1963.1242206762197,100.0,1
1209,7.577925400769072e-07,-0.411706327328513,0.036075824092984224,-1.5,69.39425757981245,67.86489789030932,1962.1396685545644,100.0,1
1210,1.8732885422726836e-07,-0.001135819762952031,0.2583777159703053,-1.5,-19.98233902676162,-112.79498058988511,1961.1963911722044,100.0,1
1211,6.289695657611628e-07,0.18064807384472736,-0.09522459297694151,-1.5,3.2559971758166997,156.46924466228202,1958.2951923097135,100.0,1
1212,3.453302449112958e-07,-0.21507828857289352,-0.1343984842917963,-1.5,26.43136468385362,-133.01012612862672,1959.8527943634765,100.0,1
1213,6.125044918402447e-07,0.21866310213333867,-0.031078725940288664,-1.5,-151.41530771234898,36.034934410792886,1958.3636471193279,100.0,1
1214,2.0938593065354848e-08,0.07716886636802738,-0.43102610333418057,-1.5,-1.4207163384126953,-132.48862121593064,1960.0658236598888,100.0,1
1215,4.0336421752058236e-08,0.18425142639453213,0.07582095481432236,-1.5,-41.02942183561091,19.759676783275957,1964.0110559727984,100.0,1
1216,2.0059808905379587e-07,-0.1543386484390707,-0.32297883412292006,-1.5,-46.85287590327286,98.8324621033556,1961.4918400850697,100.0,1
1217,5.130637123542697e-07,0.06830893162675516,-0.39635305442975,-1.5,63.36035373311566,-127.44633560710012,1959.376478214758,100.0,1
1218,7.165115683490887e-07,0.07739152987660672,-0.3114453814582947,-1.5,-49.30208834044551,-154.79245560907407,1957.8104826662654,100.0,1
1219,3.068613287071843e-07,-0.04926762651955932,0.24433789007397916,-1.5,-63.64805503094937,-11.957834060841188,1963.471217400826,100.0,1
1220,4.6035794873444194e-07,0.26889004399496425,0.2675982231410452,-1.5,-144.24701058379614,-55.89227086578242,1958.4386996434775,100.0,1
1221,6.398398633405013e-07,-0.2797916379308262,-0.36252403288046914,-1.5,-93.00712429126452,-75.62909779775704,1960.8781707856044,100.0,1
1222,2.969661146354462e-07,-0.19653666185655924,-0.2208088504155281,-1.5,-69.79110977130287,101.99903680653189,1960.6475164479618,100.0,1
1223,8.676645997139948e-07,-0.14438299975984753,0.39913690790706846,-1.5,-115.0659356096656,-81.67800649061573,1959.4646768911457,100.0,1
1224,2.76242010901098e-07,-0.01576444419386097,0.07515624513652233,-1.5,-48.450306126318374,9.690485963211305,1963.9175004526523,100.0,1
1225,4.387760186445669e-07,0.22828901739759044,0.0457229579771614,-1.5,56.89517306227907,-27.505852560440413,1963.5222569717073,100.0,1
1226,3.7856197666914787e-07,0.08217949125129134,0.14792472474254514,-1.5,94.98339810092355,81.69636166186656,1960.540013578541,100.0,1
1227,1.333222822178852e-07,-0.10312665172409043,0.20334749080937034,-1.5,-104.27671108160922,-24.41211665806993,1961.6176238891226,100.0,1
1228,6.682520615822957e-07,0.2076066623804959,-0.08163380166816718,-1.5,-62.70607589647758,-36.604118225636554,1963.1967229090212,100.0,1
1229,3.069430303875875e-07,-0.0725098667463877,-0.2432767043542186,-1.5,-157.44727166014266,38.93181284157461,1957.832463941125,100.0,1
1230,4.3069496226961604e-07,0.38712609119796315,0.3036409186021712,-1.5,-81.37719137325666,107.44292106770894,1959.9099616315973,100.0,1
1231,6.386285725285001e-08,-0.3340309828432468,-0.00015437397694480776,-1.5,-85.75103519494094,-1.1488341438163459,1962.6662289878118,100.0,1
1232,1.7645411850206637e-07,-0.02869905406381726,-0.09083119089411248,-1.5,64.82042873384162,68.35063712099311,1962.2792331087965,100.0,1
1233,3.836102023297188e-07,0.20703752014660315,-0.01484857185758943,-1.5,-46.72769085079457,-54.63715297199756,1963.2230109411917,100.0,1
1234,8.899099653041969e-07,-0.3394831300551432,-0.2912064494732311,-1.5,98.65008096628625,-109.1163517015829,1959.0240094452167,100.0,1
1235,6.246764476116937e-07,0.3043637391940703,0.12453121104579373,-1.5,-144.34537819048404,29.250487843929594,1959.0104918101051,100.0,1
1236,5.883975754120768e-07,-0.1878045142957249,0.2137581945128045,-1.5,-36.40588453324947,-6.435708794573972,1964.191049640995,100.0,1
1237,1.16570364857895e-07,0.24735953694107973,-0.18132033259700273,-1.5,51.52778510032809,124.08499166719363,1959.939052233956,100.0,1
1238,7.364606133737239e-07,0.15539465772730457,-0.0538449533144795,-1.5,78.63189386920844,52.0170048010689,1962.2753483505312,100.0,1
1239,2.1620712920349598e-08,-0.021143449360357253,-0.16810288024468617,-1.5,8.761833487606056,113.3496466503933,1961.2466377649441,100.0,1
1240,7.467491001882614e-07,-0.11192438035997791,0.3090002374598448,-1.5,61.260898345907314,130.99054629533975,1959.209500125301,100.0,1
1241,7.272163841630281e-07,-0.37698329018363613,0.10831573319364736,-1.5,27.95760744448076,116.9888014383492,1960.8532017441107,100.0,1
1242,4.7422932713535197e-07,0.08359374358332976,-0.35813172367939883,-1.5,-28.264320778139474,85.47780308061436,1962.47495770458,100.0,1
1243,7.461184661658606e-07,-0.0437148351474788,-0.3970624863413391,-1.5,-73.49841968577303,45.99967685662536,1962.624594337621,100.0,1
1244,1.776994847591256e-07,0.35585432608483236,-0.24961744433029026,-1.5,9.865555233317393,-102.33684037910128,1961.8468666507313,100.0,1
1245,8.534081014005142e-09,-0.2564748539673989,-0.341956137873275,-1.5,-45.39719046911463,-153.53999537650898,1958.003537071224,100.0,1
1246,2.3094004938590656e-07,0.4368714279360309,0.028298237306179076,-1.5,-46.18592600270301,-78.53705894911381,1962.4250500024268,100.0,1
1247,5.42795855365376e-07,-0.4964053726781441,0.0299617201283032,-1.5,-42.703350904395904,89.67488420979623,1962.0265353021164,100.0,1
1248,7.808096068856703e-07,0.39570096597985577,0.01640234814878425,-1.5,33.24963405195483,-114.69987719217357,1960.9058330969497,100.0,1
1249,8.999602378698685e-07,0.4304726544659856,0.22929329001545917,-1.5,-19.767089217008817,107.17053354164007,1961.5139625275212,100.0,1
1250,4.454980678633367e-07,-0.11541653694555812,-0.2417316896886863,-1.5,102.07692344957375,-48.157419638579036,1961.2940755784061,100.0,1
1251,3.6741521009486163e-07,-0.26735884593497916,-0.2265605400995022,-1.5,132.2439547358972,75.55372563419947,1958.6261657714913,100.0,1
1252,3.400752154374106e-08,0.034387070899056044,0.45593112616839443,-1.5,-113.30136840969556,-44.141195841682574,1960.772205283492,100.0,1
1253,3.714206855489825e-07,-0.12187893094664633,0.32382679139918147,-1.5,40.230570984247045,-154.63975679167322,1958.0299622436385,100.0,1
1254,9.762787986975466e-08,-0.3089848615748322,-0.11996918900727348,-1.5,-62.99624700008028,144.2684584934035,1958.2214816036446,100.0,1
1255,4.478487704977121e-07,0.28150962900090293,-0.29598428433925694,-1.5,-102.0745202299054,102.9129068888601,1959.184272135128,100.0,1
1256,8.171373126645202e-07,0.21171265802123884,0.16249302523044026,-1.5,36.28033968262351,-131.1755995135459,1959.8188654339733,100.0,1
1257,6.414720415679339e-07,-0.12146401203483967,-0.009806709636621818,-1.5,-26.19262614097542,140.68659726329162,1959.319911079466,100.0,1
1258,8.637022827516416e-07,-0.4609452795579582,-0.06236867149363711,-1.5,44.52445085362249,-1.3057611791036967,1964.0338985185713,100.0,1
1259,8.136784216559816e-07,0.016564814764269613,0.20962050729507029,-1.5,79.48728428597481,138.78206253052946,1958.0180277573402,100.0,1
1260,2.8765388364677224e-07,0.17434299001797957,-0.17670689293862107,-1.5,67.67576116520367,106.32140478504502,1960.4920393874024,100.0,1
1261,3.380225434385331e-07,-0.18366893898634803,0.2059210874766953,-1.5,-0.022267301943490213,74.8215944304878,1963.1136021069128,100.0,1
1262,3.0778109201069565e-07,0.04440797899584668,-0.37795054800262545,-1.5,25.05029611425839,115.0068041538835,1961.009740906207,100.0,1
1263,8.630184584451895e-07,0.39084721677418516,-0.1001239202946208,-1.5,-51.114919094307076,145.25447555024058,1958.4947507319846,100.0,1
1264,2.3424316003653638e-07,-0.37895461248178974,0.29266925428312146,-1.5,102.90868123729322,-99.31401314127622,1959.3263680116968,100.0,1
1265,8.567990365680867e-07,-0.2509817804372031,0.38331235603180563,-1.5,-151.15578058467534,77.15241362020558,1957.1951158059192,100.0,1
1266,3.4609965485946e-07,0.031894670315516696,0.46330927410944317,-1.5,29.831384206401836,-36.36959681180848,1963.9757196081136,100.0,1
1267,4.631814037391061e-07,-0.4241549635665202,-0.1618968272372751,-1.5,-5.079857147261105,62.00839985972466,1963.5535235038365,100.0,1
1268,6.299144926378027e-07,0.47893295732952273,-0.06063356047296144,-1.5,-108.56074429202002,127.94868063437976,1957.3596977021916,100.0,1
1269,1.1971053305613876e-07,0.015397315905476248,-0.4069935042492858,-1.5,92.58215248164564,110.76785499985458,1959.2274787800236,100.0,1
1270,1.8114729833266038e-07,0.1264129037747482,0.010274686439666277,-1.5,1.9581274368404569,79.03298860916392,1962.9475893957476,100.0,1
1271,4.1740359098088397e-07,-0.31327016352488907,-0.24025183448300427,-1.5,-125.96082929275039,108.2404023530741,1957.5063655192691,100.0,1
1272,6.449600203331177e-07,0.2292009386886358,-0.2578949021068426,-1.5,132.34284676983538,-104.0370814827611,1957.313194880047,100.0,1
1273,3.82466114898198e-07,0.30956596813013965,-0.01993074924537996,-1.5,31.43007291059186,137.43050914997534,1959.4739834807056,100.0,1
1274,7.217477184706914e-07,0.46750720884949915,-0.025974952319998853,-1.5,131.43813193112135,-2.0867412840374273,1960.1359517266658,100.0,1
1275,2.4328651620919067e-08,0.18014269327362806,0.06570343256617046,-1.5,18.387669688244,-82.24274231808683,1962.7305752969683,100.0,1
1276,5.352656834101272e-07,0.29356065058291964,0.08190281262507994,-1.5,-10.095003638659513,73.89292706593945,1963.1228215517476,100.0,1
1277,3.2788564811591767e-07,-0.28555469601497496,-0.13858831190009518,-1.5,0.8215898856415526,118.15458943213083,1960.9824334379734,100.0,1
1278,5.421128624259894e-07,-0.02913421580951818,-0.35681817321825604,-1.5,167.34469489667714,7.71971498503467,1957.3833158981965,100.0,1
1279,4.1085949767259915e-07,-0.3567285232472953,-0.0965813758478842,-1.5,-142.61721339913046,-63.184467051819965,1958.3363704511478,100.0,1
1280,3.860890587920657e-09,0.003878729847197457,0.49468322330897224,-1.5,-107.23171242126202,-16.089527436501672,1961.5442317786783,100.0,1
1281,7.89295309502795e-07,-0.0625767067169228,-0.43955376499802296,-1.5,78.03161024404409,-31.51910205115941,1962.735565549965,100.0,1
1282,6.25099107053416e-07,0.41698946912688567,-0.10802264728450983,-1.5,97.8939500763338,-31.340207678760773,1961.848070617915,100.0,1
1283,6.139397568438566e-07,0.28644775532047745,-0.35756611833623897,-1.5,-91.12279622494069,68.49965917803263,1961.2286248591142,100.0,1
1284,2.447413929515491e-07,0.25232318889563804,-0.34489910750550834,-1.5,-61.051806477171354,-85.09048856487857,1961.7455420996362,100.0,1
1285,2.101229385554518e-07,-0.12286276571394027,0.18034876772091737,-1.5,-162.1685021539483,-2.3156610636571973,1957.8328071848,100.0,1
1286,4.3528953328685944e-07,0.09671255841024336,-0.1007305988908731,-1.5,148.56176021476466,46.27213755998461,1958.367069513183,100.0,1
1287,2.7920226668052445e-07,0.3336922853753179,-0.27935104487297396,-1.5,-130.25301236995756,14.792387956032146,1960.160356780343,100.0,1
1288,2.2768990883633165e-07,0.01659423957143671,-0.1579713966773204,-1.5,-85.12358238525286,120.67603832154866,1958.9804888673723,100.0,1
1289,3.1902940350158705e-07,-0.07433031327259927,-0.3550566117368692,-1.5,16.558075075323575,-161.42498730974128,1957.825602521323,100.0,1
1290,2.7999201494782745e-08,0.30091141048619163,-0.17107275802561758,-1.5,106.11957004314925,-43.856011779183106,1961.180403061078,100.0,1
1291,3.190891374357791e-07,-0.10825899115751915,-0.4082793007476523,-1.5,-53.81706325302857,142.94719891260803,1958.5921240248033,100.0,1
1292,1.4911360043556118e-07,-0.31755958792249467,-0.34817362903665344,-1.5,28.437577711126956,103.09071127343796,1961.6260845760569,100.0,1
1293,2.3783855261097345e-07,-0.009298176469443795,-0.1386670651090602,-1.5,-21.026174747358265,-88.81239049917731,1962.417780579723,100.0,1
1294,1.6850237998106374e-07,0.3593595738768394,0.3040022657377259,-1.5,-24.485717109422637,-126.07928196574791,1960.3361320403117,100.0,1
1295,6.74107010634449e-07,0.08260411719202575,-0.1823103525468268,-1.5,123.77773395522242,-78.15696796619675,1959.0772948511685,100.0,1
1296,4.7578648070011804e-07,0.44084428738203996,-0.14917807069966144,-1.5,14.94869643404809,-137.99143512069952,1959.6296044340581,100.0,1
1297,2.5531300767471577e-07,-0.18031333500511515,0.31364156835809287,-1.5,55.32876041396644,79.34675850628199,1962.155984230543,100.0,1
1298,1.4952722523463065e-07,0.41683739614981896,0.09527173920579197,-1.5,-3.9938645656059077,43.28942115096846,1964.0578813589932,100.0,1
1299,4.4018366866329406e-07,0.08667287223599189,0.26320736855715354,-1.5,-28.075943762358655,84.19168180799527,1962.5332578996783,100.0,1
1300,4.372303377885583e-07,-0.1699752290587183,-0.0178920508758795,-1.5,112.68965281549008,2.902935904728117,1961.3020933496166,100.0,1
1301,2.0036798079489467e-07,0.07692376605362367,-0.3544530924879713,-1.5,-64.01300453441185,129.15497694047693,1959.2433777987137,100.0,1
1302,1.6758141147436548e-07,0.4831590225465983,-0.03526100523801795,-1.5,52.76390828474675,85.06382976657939,1961.987105236447,100.0,1
1303,7.042515468678124e-07,-0.02767498228329549,0.08484310166467544,-1.5,-142.08797961812962,48.355124920638026,1958.797098784884,100.0,1
1304,2.1435863645246783e-08,0.340342476956061,-0.15658734818192982,-1.5,44.19890108634973,106.05054333711543,1961.1764391983688,100.0,1
1305,1.159658797856513e-07,-0.11308512771777912,0.03292325318259733,-1.5,-85.20531232905718,-82.5346809481165,1960.9541982050043,100.0,1
1306,6.118086685751493e-08,0.3652547639876439,0.277829001178515,-1.5,82.83141797371226,137.16386513409242,1957.9934413996568,100.0,1
1307,8.194002335874178e-07,0.3019354289303033,0.38664174033979465,-1.5,-8.604271278118487,169.6002656860339,1957.18547988205,100.0,1
1308,3.6325259019727535e-07,-0.48047865945475593,0.028314288078167025,-1.5,0.3886674382280963,-77.0024439390843,1963.0292302538853,100.0,1
1309,1.2276302749997792e-07,-0.23069893522591714,-0.10313301796123273,-1.5,52.16138447329084,33.38920795810053,1963.5624861531378,100.0,1
1310,1.6209665508314194e-07,0.1824363070382161,-0.0890930436860746,-1.5,90.98727799546265,107.32997064379086,1959.4935261211533,100.0,1
1311,3.1024791906968554e-07,-0.31418926167081546,0.25489922071614185,-1.5,101.75865994358355,124.4413620602339,1957.9511763068076,100.0,1
1312,2.420886205909551e-07,-0.08206495352972612,-0.373399440390334,-1.5,-7.507182969464955,-15.324534107697074,1964.464834789459,100.0,1
1313,1.7681314286174122e-07,-0.01900223364422099,-0.22398380016693195,-1.5,-45.638816783434756,79.35444250773536,1962.4049676667214,100.0,1
1314,2.3166515407965954e-07,0.19531529350477156,-0.1770947762554164,-1.5,-50.85648889188301,-117.31889328965748,1960.3732249449367,100.0,1
1315,4.4572943916417863e-07,-0.4590775360324313,-0.17198054970939441,-1.5,125.3781891954512,45.88378453240051,1959.9970087367951,100.0,1
1316,6.538205378732285e-07,-0.04727049887364351,-0.37792926369296714,-1.5,43.70999718281355,124.18881360328436,1960.1224096949197,100.0,1
1317,3.534374606121479e-07,-0.18198746073712718,0.35002177953281843,-1.5,82.48629054869915,-105.40223469229147,1959.9744046949995,100.0,1
1318,1.6801711096707037e-07,-0.35613841126369195,0.08318120323233935,-1.5,-4.0638693865397935,-84.6960464387625,1962.70816754539,100.0,1
1319,7.651819201951244e-07,-0.002263078771076586,0.00036607856010987383,-1.5,-90.77271598842304,57.98575852042828,1961.5838631338265,100.0,1
1320,4.6717225709581933e-07,-0.3397893903536517,-0.015992029503391424,-1.5,-46.716927372579796,-66.24325995938653,1962.865926514837,100.0,1
1321,3.384993991124503e-08,-0.2350510061028938,-0.004143266160494462,-1.5,48.27965342277586,-138.44746057102043,1959.0596371710953,100.0,1
1322,8.156817328327545e-07,-0.14147997388829586,-0.18395863107752594,-1.5,-64.43058778123486,-125.61022780477091,1959.4601440945742,100.0,1
1323,3.777693015966051e-07,0.07856221320302464,-0.07283900592349123,-1.5,-70.51118161012462,146.3391659563443,1957.81161198959,100.0,1
1324,2.3396657095250022e-07,-0.010426414270119965,0.16536374606929355,-1.5,-18.240894257735555,-123.12022535133296,1960.5922488248918,100.0,1
1325,9.108788051907775e-08,0.10694567129508917,-0.023850903937470705,-1.5,-154.30269415766634,52.41474243550693,1957.7682854764087,100.0,1
1326,7.683000982832257e-07,0.12955855433664354,0.4229634504124693,-1.5,-82.51232007901518,73.53865858090288,1961.4273040302644,100.0,1
1327,2.7261691002860555e-07,0.085535308193482,0.42683368966323626,-1.5,103.66886868585921,61.33044027443287,1960.8428363913488,100.0,1
1328,3.0228250476947306e-07,-0.04721924504428571,0.04278688804761958,-1.5,144.85612487181874,31.036520068701467,1958.945309031183,100.0,1
1329,5.476026647598565e-07,-0.13679375276801894,-0.06502842077689516,-1.5,-27.27374163999063,31.810168517229695,1964.0920402216368,100.0,1
1330,8.496787360168103e-07,-0.1522932740887951,-0.32859381279511524,-1.5,-85.15968894578073,30.868687491471647,1962.4495503776252,100.0,1
1331,2.0891403720587407e-07,0.4229834287211755,-0.04219134839831346,-1.5,-98.74803173329984,-112.68758585015881,1958.8168930479933,100.0,1
1332,2.512720191050502e-07,-0.34942879615445677,0.26388220015712344,-1.5,-62.83262095546144,-130.7706879119179,1959.1744116318594,100.0,1
1333,3.734409453327952e-07,0.4083321453981423,-0.23270093086204188,-1.5,-80.94929641109172,-107.5388059942542,1959.9224226693286,100.0,1
1334,5.166403880386067e-07,-0.052586684565855656,0.4580303948100196,-1.5,134.4261185748508,69.0200625030765,1958.718748540255,100.0,1
1335,8.809449336047736e-07,-0.28773423222045447,0.22084905057101115,-1.5,-10.955070800898113,155.62316865406504,1958.3346757048314,100.0,1
1336,7.395922576567839e-08,-0.020248482886948627,0.22909932379388562,-1.5,41.18101398107948,-33.16908242027742,1963.8271874900342,100.0,1
1337,2.0572055985687566e-07,-0.23589943185357465,-0.3051286484616449,-1.5,18.991956503227826,-139.27874913652633,1959.5035141313922,100.0,1
1338,1.2263212570090342e-07,-0.2035883320882618,0.15577570067805535,-1.5,0.6879352374349499,-12.773722430377118,1964.4973008448019,100.0,1
1339,8.257949012657494e-07,-0.29751113023076403,-0.14698309403332366,-1.5,23.244642075622803,-22.83852385218265,1964.268661540259,100.0,1
1340,6.761511055459855e-07,-0.01799704527167835,0.49016770087870226,-1.5,-6.984872612983009,-56.85816457005401,1963.7035537327004,100.0,1
1341,7.523981027335348e-07,-0.11833145967107282,0.40728677929306745,-1.5,-121.24600747374124,44.21997983690902,1960.29520361629,100.0,1
1342,2.8945676724156953e-07,-0.3764340452097571,-0.17838334647717624,-1.5,-153.51654289726122,32.17935148973494,1958.2672051231173,100.0,1
1343,7.781016958675713e-09,0.43410906266685684,-0.20840258397066524,-1.5,-10.22288912210108,-86.40841759304146,1962.6111087459979,100.0,1
1344,7.408130767611329e-07,0.37950904485456155,0.28261890442650056,-1.5,-112.28988382258568,108.64268670048959,1958.3158669846243,100.0,1
1345,5.384897932727987e-07,-0.018568419388143378,-0.3504330506851953,-1.5,-75.56098410397432,-115.83971498408285,1959.664508118616,100.0,1
1346,7.210125453745985e-07,0.10853217816192699,0.3387843872382147,-1.5,-169.0770234595301,25.21227096518914,1957.0872713798367,100.0,1
1347,8.824153549864804e-07,-0.07238550337323797,-0.03479113256965726,-1.5,-28.15310857741357,-61.42492416980719,1963.3765984737347,100.0,1
1348,8.331242906914659e-07,0.07236687357974411,-0.3967074190306465,-1.5,50.28180692126971,44.67196238116611,1963.387236878115,100.0,1
1349,3.641226597392332e-07,0.24229671914125722,0.16406843036875884,-1.5,60.258246284883846,46.005333812818755,1963.0755816528238,100.0,1
1350,1.3547404689469165e-07,-0.2685868774694475,-0.33468715644565095,-1.5,34.1129728322246,-71.61398488679778,1962.9368376285859,100.0,1
1351,6.969706633410147e-07,0.11181372678743795,-0.4676517314474168,-1.5,-12.676495253909323,-18.31702400670403,1964.4126550614935,100.0,1
1352,2.0671573393639383e-07,-0.40154660577898593,-0.28736569917574245,-1.5,76.80836024464249,0.9935143363058978,1963.0366208993464,100.0,1
1353,5.110352906589907e-07,-0.34841501371426414,-0.15216126363059304,-1.5,-98.4213251208752,-15.353331492364825,1962.011927649694,100.0,1
1354,6.850852090546475e-07,-0.08103242013507626,0.37743834227698747,-1.5,151.7407812091196,-15.710800098107343,1958.6069519800176,100.0,1
1355,6.270130839602958e-07,-0.33573636290026304,-0.23994044753334462,-1.5,-96.60304272216193,-103.72669848431308,1959.4187685189952,100.0,1
1356,6.561332636662111e-07,0.4030208662089512,0.06585000833548954,-1.5,-141.91037639373306,-10.838551979086402,1959.376752217122,100.0,1
1357,7.749528819934314e-07,0.08885868782451482,0.06308346151826219,-1.5,-55.796092339221545,-25.876558188214627,1963.5759435484374,100.0,1
1358,5.267516007446813e-07,-0.08495353795535818,-0.23941971968959233,-1.5,20.250966397574878,-9.930209159875487,1964.4094724807599,100.0,1
1359,2.9839534577110515e-07,0.32715222862696514,-0.1861150327151691,-1.5,31.72143830933649,90.43244181010704,1962.2000433406324,100.0,1
1360,7.606477667331332e-07,-0.10561268251773706,0.34200140923470423,-1.5,-44.71779390437269,-60.30410268521058,1963.1039250059557,100.0,1
1361,5.68575683711536e-07,0.18266443545834204,0.32929349283576137,-1.5,93.05711955907907,-115.01750621274057,1958.9600894428913,100.0,1
1362,4.4429208964979796e-07,-0.07729232771376707,0.030401039286088952,-1.5,110.01830356999744,-10.631609339176531,1961.4270896540024,100.0,1
1363,2.0281532129699228e-07,-0.16246695133022712,-0.32469165933372984,-1.5,129.20855076871476,59.41274040748552,1959.384740920387,100.0,1
1364,7.302715376630295e-07,-0.03501743775339562,0.4324527422727618,-1.5,-160.10977583293115,-60.28617404111747,1957.075298287816,100.0,1
1365,3.3348001752237935e-07,-0.03719194355021704,0.11469590667101723,-1.5,-19.539034198906915,28.552050478902782,1964.234276460462,100.0,1
1366,5.731534979095379e-07,0.011104885598248118,0.16420918939182863,-1.5,30.449273258912594,152.8382391020318,1958.3479263635268,100.0,1
1367,2.9058790048972424e-07,-0.10592325644400143,-0.23774428408254086,-1.5,104.97333623722224,-114.12074725398891,1958.4101562215076,100.0,1
1368,4.6136835806183815e-07,0.4241624544408743,-0.16622268559081627,-1.5,-56.83781108415216,61.70431609970087,1962.746883037128,100.0,1
1369,1.4809219977615843e-07,-0.26068545195125487,0.14711171750140434,-1.5,-54.11619322827415,-109.1656268582807,1960.7568920723575,100.0,1
1370,4.6555917403276833e-07,0.206098338386875,0.3320475083842473,-1.5,-17.162213147924533,-105.65711194272797,1961.620584976085,100.0,1
1371,5.755086587640509e-07,-0.11160094225484478,-0.1625223792294262,-1.5,-27.03995640322063,-131.60351688502382,1959.9394483930712,100.0,1
1372,7.432418329755228e-07,0.024747786857040273,-0.05279428514057697,-1.5,-88.5979483530071,-41.25553305222512,1962.1064371757068,100.0,1
1373,1.384944185207192e-07,0.016802676013750507,0.09420723484947886,-1.5,41.13330307535375,-68.30926926116807,1962.9200649484553,100.0,1
1374,8.121793570413413e-07,-0.024551897979393347,-0.39267540783734983,-1.5,132.93129557958372,-100.7414669076801,1957.4457115759183,100.0,1
1375,4.7331076347215947e-07,0.2751980849106547,-0.069828497492674,-1.5,-41.29196769762259,-24.7153786287792,1963.9494417446253,100.0,1
1376,6.684570794448576e-07,0.21954332556130896,0.1785005442844783,-1.5,68.82714094468999,-90.16503493314616,1961.2614250555728,100.0,1
1377,5.486258143748207e-07,0.46174809837638037,0.023080788857967282,-1.5,143.12625393951154,93.05261253052528,1957.1073994547712,100.0,1
1378,6.438663036216522e-07,0.11914970898276346,-0.4246913609682955,-1.5,-84.83644045725053,-141.06830657380902,1957.6301482959116,100.0,1
1379,6.81642903649613e-07,-0.14377440059197516,0.21689943948123658,-1.5,25.469362580815666,-17.609738771589384,1964.294910377832,100.0,1
1380,8.345906034652966e-08,-0.06886808431613443,0.380343733684805,-1.5,157.62869184635548,-24.681839631032386,1958.049358051366,100.0,1
1381,7.86198067608491e-07,-0.20940164465955857,-0.13146106332869342,-1.5,-121.27246812815278,5.925438567236375,1960.783303661581,100.0,1
1382,2.685321837633997e-07,0.0954477882522983,-0.1345161132764337,-1.5,137.50810069012357,63.16505777702355,1958.70237248714,100.0,1
1383,1.3841184378821505e-07,-0.13313172943413648,-0.313843374467541,-1.5,61.14571007580674,-11.326898080518244,1963.554478435811,100.0,1
1384,8.368563377092483e-07,-0.025830627210596615,0.208334697680804,-1.5,-82.69655463519857,41.05637416143516,1962.3681969136971,100.0,1
1385,2.0432831834642728e-07,-0.1278967440580968,0.4751686848481796,-1.5,-64.70667356437677,12.936479012444742,1963.4304113395833,100.0,1
1386,2.6578923363778873e-07,0.1642635496318172,0.3672811954713598,-1.5,22.251525317626154,147.87061689883225,1958.8395637583822,100.0,1
1387,7.616016945255624e-07,-0.13349453113972323,-0.4685813402149937,-1.5,116.6753967526727,104.50014231803702,1958.2849277656833,100.0,1
1388,6.409378871075564e-07,0.2856631745988159,0.24254289980743735,-1.5,14.301433537448032,93.76406708925558,1962.2479596085166,100.0,1
1389,3.3172246530003887e-07,0.0397193119585069,0.4725199717358754,-1.5,120.15055545594326,85.14509116211623,1959.0118539051148,100.0,1
1390,2.3996094257103956e-07,0.22278070848308518,-0.27935539117767594,-1.5,-106.09319911460783,46.7248486410683,1961.1155773914063,100.0,1
1391,5.434756988042025e-07,-0.11148215126729237,-0.35162396856886835,-1.5,153.1633031861418,4.17432237410765,1958.554789597666,100.0,1
1392,2.0301288575668314e-07,-0.21280996489343243,-0.055224205848087835,-1.5,-13.552689573269335,-163.79842547338976,1957.6515743829136,100.0,1
1393,9.012318915659539e-07,0.4258968661910013,-0.11204797865932521,-1.5,36.155836815861356,-68.08583627773112,1963.0258176164261,100.0,1
1394,1.299813477599777e-07,-0.41095600310524105,-0.19214400778501578,-1.5,-51.09474756537003,17.811443087959997,1963.7936158192608,100.0,1
1395,5.325071138006118e-07,0.17638824385842516,0.1039998697205452,-1.5,-128.40034334054903,14.16616574786987,1960.2872131002039,100.0,1
1396,6.515131033603683e-08,-0.15114975777392536,0.026098386054581982,-1.5,-76.27110394222642,30.209185835561563,1962.825364127109,100.0,1
1397,1.6712091785805763e-07,0.3233534603339724,0.20055585379132038,-1.5,-71.84699806875552,-6.249200527836223,1963.2147724147255,100.0,1
1398,3.3853812339442876e-07,0.35651749921685405,0.13589702598169293,-1.5,75.45294528060013,16.046220548863122,1963.0238557187,100.0,1
1399,7.307840545058833e-07,0.30741771930729306,-0.02897321931849352,-1.5,81.1317985154611,54.63044265957939,1962.1025539636291,100.0,1
1400,2.1576084062528454e-07,-0.3565960338948958,0.2733747450828643,-1.5,3.332336995299855,37.58927348909833,1964.1764758582267,100.0,1
1401,1.6863361428202894e-07,0.3518041258615741,0.21214153890971907,-1.5,-28.86063232909867,71.20330897670495,1963.036025894192,100.0,1
1402,4.0982844987313903e-07,-0.08817369907477145,0.23638403915010547,-1.5,21.623655483197446,-51.975298355722835,1963.7322302570963,100.0,1
1403,8.089573010685301e-07,0.272705847653025,-0.029853098236776787,-1.5,146.06739460954367,50.41725113754458,1958.4523745258257,100.0,1
1404,7.609052389253217e-07,0.1841259364358931,-0.4618789324053328,-1.5,97.29850937575348,8.488022699746942,1962.1096401093482,100.0,1
1405,2.9219025465931814e-08,-0.29982533640720105,0.3764709085267729,-1.5,85.43926953961545,100.3823716591806,1960.1114246253314,100.0,1
1406,5.823742078536532e-07,-0.383585339950239,-0.10440299950467641,-1.5,13.238535052587268,-34.8061231824538,1964.1859792913706,100.0,1
1407,1.1726577337599066e-07,-0.19279383329340255,0.24700258926211946,-1.5,104.61593371299993,-79.84915996255349,1960.125736868113,100.0,1
1408,6.572901551249543e-07,0.1208006227693008,-0.4748716751033931,-1.5,-42.016245845196224,-7.671056714604245,1964.0746106602185,100.0,1
1409,8.84075776918114e-07,-0.15264464776791375,-0.44554332345731495,-1.5,36.75494245390535,-124.98978056707095,1960.2142523778202,100.0,1
1410,4.7422487131850306e-08,0.0520520265062715,-0.2845340730542709,-1.5,113.34959113667115,-84.70826451721285,1959.436058251905,100.0,1
1411,2.691486098847446e-07,-0.46152402893111494,0.12097806443287587,-1.5,-116.44555068970179,-45.1480683456045,1960.5650644432496,100.0,1
1412,5.219379404525452e-07,-0.3863694880383245,-0.12710588771185302,-1.5,108.05105598273666,-46.911342385955905,1961.004227818669,100.0,1
1413,3.262765223320373e-08,0.4267427929894935,0.015937231365114116,-1.5,-130.63544589564228,-56.9932278009886,1959.361997826487,100.0,1
1414,7.544643702110608e-07,-0.08760650474288377,-0.47735354090963894,-1.5,-76.73545408280722,34.50996331106232,1962.7363599793798,100.0,1
1415,4.779111744540746e-07,-0.2193129997824749,-0.02099407654083093,-1.5,-107.72244975862176,-111.56863545341449,1958.407924735599,100.0,1
1416,1.5073213021724537e-07,-0.01682981964615954,0.3255751563277764,-1.5,59.62296996971014,59.193037634231054,1962.7415958331742,100.0,1
1417,1.373573742439563e-07,-0.1263338024069082,0.20991547942691408,-1.5,-117.97102799343261,-114.52384748086112,1957.6466512571885,100.0,1
1418,3.074159554505311e-07,-0.3185086179802863,-0.1552157292305948,-1.5,59.0757520094595,-122.84584774960776,1959.804132938118,100.0,1
1419,9.05293631709673e-07,0.03407113211622683,-0.14020602567974363,-1.5,58.09817450541137,98.62158366246989,1961.2015887259465,100.0,1
1420,8.467826594614636e-07,0.35725827097151464,0.09452420602002828,-1.5,97.4976495668439,28.914324774385364,1961.9050579520695,100.0,1
1421,8.292753921859777e-07,-0.29604677011000197,-0.3848334298200366,-1.5,-27.645649764320414,142.96740651478078,1959.134840941194,100.0,1
1422,2.4084572006968675e-07,-0.07537901300306676,-0.0836158766981293,-1.5,28.976795319514377,-104.49897151200362,1961.543676942238,100.0,1
1423,1.6939731372298377e-07,-0.2851963481476761,-0.11040500291143955,-1.5,-144.3763487618438,64.7972438746002,1958.1547623644524,100.0,1
1424,4.53865844389081e-07,-0.4432637643692888,0.10092311233717013,-1.5,36.31419900517351,103.09228984442358,1961.4959966799263,100.0,1
1425,1.6050543572065276e-07,-0.2689547223895156,-0.029977108884793772,-1.5,101.89134022282326,83.3674657871859,1960.1227784763767,100.0,1
1426,8.964893257524158e-07,-0.24124851054890636,0.2342814066360932,-1.5,-38.964821116287354,51.31926835334992,1963.481948396059,100.0,1
1427,7.923055662228912e-07,-0.2960650543623303,-0.10910195601365277,-1.5,94.47446798953034,41.44047174898838,1961.8283687584517,100.0,1
1428,8.784303807487983e-07,0.38134321894911455,0.002703649779874537,-1.5,-67.96392538308007,61.22372767025969,1962.4081752486693,100.0,1
1429,7.405891552416464e-07,-0.46374768374508823,0.06649598712443906,-1.5,-113.38543212587132,-4.262072088903575,1961.2595098021245,100.0,1
1430,3.1614210831088385e-07,-0.3682277992404584,0.07718556423109393,-1.5,-18.412064410855674,-31.793576885522008,1964.1953697682636,100.0,1
1431,9.060532930624401e-07,0.24909641846291491,0.15234331291916686,-1.5,-73.69108410244884,107.16125265428055,1960.2294193077255,100.0,1
1432,6.382008023681921e-07,0.2159963551632181,0.34112099782055116,-1.5,-66.5732223450853,-108.49592218729836,1960.4106526953608,100.0,1
1433,7.762008710145016e-08,0.04991443142533112,0.19656106187579345,-1.5,-7.740446767238322,79.44909348056193,1962.9165069597564,100.0,1
1434,8.190940876076345e-07,-0.3225631862736619,-0.1315286823945686,-1.5,-98.28287234081941,-51.61442619765105,1961.3999373607762,100.0,1
1435,2.132414644001349e-08,-0.3176087750955352,0.14482877913149975,-1.5,108.39713748565757,44.11433003524669,1961.0500434044482,100.0,1
1436,3.93110474665208e-07,-0.004761103173303708,0.18574440562970498,-1.5,-32.76877705009226,-65.33977686174352,1963.178597855129,100.0,1
1437,8.625367117765542e-07,-0.30977803620010763,-0.045072313576245304,-1.5,-125.46235120842984,-43.16525943862918,1960.053378118305,100.0,1
1438,7.060295413235016e-07,0.1703553238272349,-0.05928079286283398,-1.5,-23.22885331653257,17.74056015996615,1964.3215060587563,100.0,1
1439,7.282978998836643e-07,0.015748088272313943,-0.20331111554201683,-1.5,-156.86026271282486,-34.00916642795728,1957.971276818603,100.0,1
1440,5.738141304344315e-07,-0.12389418795503006,-0.24073511609507506,-1.5,56.518657239465206,121.62714353130474,1959.9555519466237,100.0,1
1441,7.556731446505135e-07,0.1220204527085453,-0.39971966291312017,-1.5,-135.04266558777854,-54.05783897448835,1959.1463740064157,100.0,1
1442,3.115509148209692e-07,0.3275721126214699,-0.28985658285878024,-1.5,122.29743286230752,10.497815490824733,1960.7004921841942,100.0,1
1443,4.776012736051368e-07,-0.19810566783948164,0.14176762271790963,-1.5,-6.918417524833333,92.90217096329233,1962.3288736588959,100.0,1
1444,3.3294900342441556e-07,-0.3778643226549363,-0.06971598793492237,-1.5,-133.05778020086328,-98.61515986880846,1957.5453924847309,100.0,1
1445,1.0249631906824264e-07,0.04044792835405471,-0.3825686679663519,-1.5,18.550295471032733,-90.74732851750507,1962.3542226547695,100.0,1
1446,8.027852342822499e-07,0.054136808000807425,-0.12845822065676737,-1.5,-7.524838626689015,-86.8156226663841,1962.6053374865824,100.0,1
1447,3.82592715481868e-07,-0.48101231427175345,0.01451000705287588,-1.5,-45.353706774504566,-4.5776070711547945,1964.0100236662352,100.0,1
1448,5.700456472896362e-07,0.01372906990711212,-0.47856600522925297,-1.5,103.74752345998006,52.49520003478019,1961.0951000946793,100.0,1
1449,2.73873513321468e-07,0.039267442947210386,-0.19594058463405353,-1.5,37.81427688682901,-49.51379550355258,1963.550801681609,100.0,1
1450,2.741961363316943e-07,0.10565820278066634,-0.37135349069957707,-1.5,-54.843363897079826,144.58693361972803,1958.4432874936738,100.0,1
1451,1.9800748900794144e-07,0.15447303660021358,-0.27807612167903284,-1.5,-151.4049584435416,-37.420642370015656,1958.3384590896069,100.0,1
1452,3.080558180845602e-07,0.3539360578011898,-0.30874928374273575,-1.5,0.7728766075153364,165.609177312337,1957.5459865141895,100.0,1
1453,1.6791858614586452e-07,0.2164304759023006,0.38716547710615556,-1.5,-137.79603125376596,37.86427982240749,1959.334539161287,100.0,1
1454,6.63970854083349e-08,-0.3706603606720166,-0.00017110739423754434,-1.5,-14.887845884713048,109.05827989640471,1961.4530149603588,100.0,1
1455,3.257918474225406e-07,0.1957556487564446,0.033681878615653534,-1.5,72.58567867150322,144.75603945835485,1957.8534915969224,100.0,1
1456,5.505530848281112e-07,-0.10205172834174424,-0.09895881129464676,-1.5,-2.7744512899552634,144.4011583056926,1959.222778084755,100.0,1
1457,3.934258107444779e-07,-0.13562032068675525,0.46927453526749513,-1.5,48.22238731674815,-90.99491821324617,1961.8378660039593,100.0,1
1458,8.754149907006651e-07,-0.3032683823925681,-0.35995349010728683,-1.5,35.829644858808614,69.45580988649708,1962.9838036235637,100.0,1
1459,2.512540772005898e-07,0.14786055980012008,0.4597671378516234,-1.5,16.9636684860484,-19.670144180487164,1964.367227797681,100.0,1
1460,1.2778492365855003e-07,0.060797360366804394,-0.10241950167196977,-1.5,-1.1081271589413801,-17.190016987542602,1964.4634284293252,100.0,1
1461,2.6191270294856875e-07,-0.0709880059904007,0.11934014584520053,-1.5,-94.27791710013602,40.28877509077848,1961.8618134861272,100.0,1
1462,5.753374501669848e-07,0.4253415326242023,0.0028394935888838204,-1.5,-0.2435848609215176,134.50946452943145,1959.9286800505147,100.0,1
1463,7.264725854343403e-07,0.29508203041195596,0.03636391375998589,-1.5,59.441082549097764,-124.39469419416527,1959.6953855198676,100.0,1
1464,4.2816627279265796e-07,0.41220458290349976,0.22896937875639461,-1.5,-9.43888626527582,-154.08420922777205,1958.464258075407,100.0,1
1465,5.948557923034111e-07,-0.3091201552522208,0.21095478073979412,-1.5,115.13437992812584,55.954469652982326,1960.3638586115974,100.0,1
1466,1.2793703936574872e-07,0.09259464673545217,-0.24033804855839916,-1.5,-40.722983312725404,90.60609378958017,1962.0258562680658,100.0,1
1467,8.354284928928791e-07,-0.25052082791715996,0.06921569440179044,-1.5,-64.67336649522836,-68.03292671710001,1962.2951263290165,100.0,1
1468,3.8121584736826265e-07,-0.13840144888349803,-0.021263194170989836,-1.5,-36.4779070172052,-128.81805629704456,1959.9715704411701,100.0,1
1469,6.287395011628228e-09,0.09660740430229911,-0.22669273721703567,-1.5,4.424096373054603,-38.1598915331708,1964.1633171189176,100.0,1
1470,3.841707838225677e-07,0.4015808017061833,-0.218766003488551,-1.5,-52.385503151452674,-126.08887817017569,1959.788417183724,100.0,1
1471,1.0370451273044559e-07,-0.03876065040778632,0.18171572342946274,-1.5,-82.82439403268967,-95.94753213675965,1960.4457342900657,100.0,1
1472,4.5927201556851966e-08,0.17695045885289587,0.12808805044634686,-1.5,0.1290182008942354,87.84070111348372,1962.5741465861427,100.0,1
1473,1.9411711798461806e-07,0.21543344220088376,-0.3787330883289045,-1.5,-58.03692665173754,71.17682723051736,1962.3911079793318,100.0,1
1474,8.124811041655297e-07,-0.24330641284472038,0.14299436027067158,-1.5,45.16459604683929,114.5740001419003,1960.6749460381088,100.0,1
1475,1.652239515450343e-07,-0.06095474525231034,-0.2785005422642828,-1.5,36.60536269126492,-51.8054943692425,1963.5145847284991,100.0,1
1476,3.6777495711341003e-07,0.14740920092402188,0.36307375055266267,-1.5,25.946552460589274,-163.1132419169104,1957.5837486536552,100.0,1
1477,8.236713001947169e-07,0.047395637656331605,0.37870657593016416,-1.5,61.50613246853643,-1.8105872005358048,1963.575056805541,100.0,1
1478,7.717811300303239e-07,-0.2195824586457895,0.43387237334288875,-1.5,100.02625506500479,-22.290306854159834,1961.8642095680702,100.0,1
1479,3.350547661262685e-07,-0.34751359382747693,-0.11848653811426398,-1.5,112.66451769402643,84.93735373069137,1959.4656513090836,100.0,1
1480,2.5036812366575925e-08,0.06272781269535162,-0.4095029412591398,-1.5,137.22383202522215,34.92540668129711,1959.4292848068264,100.0,1
1481,9.913144730568097e-08,0.04959158294569871,0.3483960445268472,-1.5,-46.9201229755607,83.92385282962087,1962.1846435165885,100.0,1
1482,6.855366807046643e-07,0.45494142024305556,0.1989690678818005,-1.5,118.68965189879385,62.51028514013925,1959.9537027822807,100.0,1
1483,5.052276357129009e-07,-0.16848935218727715,-0.04361923996164173,-1.5,-87.29419626252832,68.7378207855706,1961.3944329376131,100.0,1
1484,6.873091906096206e-07,0.2697630700268964,-0.36525826337336625,-1.5,-36.09865132602484,77.31840155648592,1962.6849055361188,100.0,1
1485,7.604706098788585e-07,-0.020597436628193157,-0.3652188728129065,-1.5,143.16937082648863,61.22246469681841,1958.3584011461553,100.0,1
1486,8.223819594404472e-07,0.24369656936454293,-0.10562185921927156,-1.5,4.416693403437664,-157.6898404464793,1958.1950090084172,100.0,1
1487,8.679545081975694e-07,0.23402281695676586,0.029092726695331163,-1.5,86.92504964394963,-58.15778400017338,1961.7530410759448,100.0,1
1488,3.859059939029433e-08,-0.025811997581806502,-0.30002058643138985,-1.5,-134.60616792901828,-68.70059355762815,1958.7176147332789,100.0,1
1489,3.9062726575552584e-07,-0.30134995726164987,-0.1658049898834614,-1.5,-69.72361800027896,142.39961753422546,1958.1302950225731,100.0,1
1490,2.974786816543403e-07,-0.47411209172247565,-0.12487513589821021,-1.5,-44.64326096423045,-62.766572822362846,1963.028431493733,100.0,1
1491,9.046528519823591e-07,0.28184557238166535,0.3531017389546813,-1.5,119.77303841432689,14.505151357955938,1960.8307693728223,100.0,1
1492,6.307855682359528e-07,-0.04832760316881752,-0.41960181906375,-1.5,-90.0689716020545,-104.3544442884367,1959.696664429965,100.0,1
1493,8.571909858838628e-07,-0.23478407937824697,0.14791369663990322,-1.5,-150.13835332635207,-77.41417962701637,1957.263090624063,100.0,1
1494,8.968553455031154e-07,0.3941127212092021,0.22433740509439162,-1.5,-1.8105357914453308,-165.32109258494754,1957.569652546953,100.0,1
1495,2.8602713393323925e-07,-0.09915153370005514,0.4040472487194849,-1.5,17.273807539872497,83.13406568115205,1962.7031433618606,100.0,1
1496,6.44308237907139e-08,-0.10295243560223616,-0.3241335578769101,-1.5,123.43109393358266,106.20920807465238,1957.778755487107,100.0,1
1497,6.440092461676871e-07,0.4291150619393895,0.01270877205341686,-1.5,-76.45367394501179,54.027931039748104,1962.3070872506182,100.0,1
1498,2.824432797591388e-07,0.3582097084382362,0.05297383450317988,-1.5,77.0544211509805,136.7457702413099,1958.2585367535946,100.0,1
1499,2.372586173826652e-07,-0.12970061953442522,-0.09241063614992619,-1.5,18.811110405112657,-48.07776672775643,1963.8604728284363,100.0,1
1500,8.438935033569921e-08,0.3833589684809215,0.306249393159002,-1.5,-50.33442921723653,122.4075952134,1960.0755373545119,100.0,1
1501,1.6912919891654736e-07,-0.3909866125558293,0.1551925916984885,-1.5,-105.43471503875261,6.809558256198623,1961.695806450935,100.0,1
1502,1.7949406279246623e-07,-0.19291301304339414,-0.02897892995518068,-1.5,-127.21577592844731,93.71753109527651,1958.1742662455913,100.0,1
1503,8.753832339567434e-07,-0.20262784866502062,-0.4396501248139914,-1.5,141.36402153626847,76.57857711183576,1957.9492386700813,100.0,1
1504,8.173490488487677e-07,-0.32653618442891846,0.16517526058468682,-1.5,-116.95289833550693,-52.172418508494104,1960.3605139320753,100.0,1
1505,7.461755146915948e-08,0.10002880433986629,-0.13424215082376678,-1.5,-43.83213808358169,-135.6501013647707,1959.359864837718,100.0,1
1506,4.7213309541057525e-08,0.2902571244625931,0.1707085216473661,-1.5,-107.99181490421999,21.906692379354087,1961.446188659995,100.0,1
1507,6.055846440942118e-07,0.15123255965516155,0.008388277988936267,-1.5,40.85506099289988,-119.8305771418153,1960.4552489254268,100.0,1
1508,7.141927451075554e-07,-0.0974335218690627,0.2562434586108228,-1.5,-38.985754581338696,-164.2957421516266,1957.2685830812034,100.0,1
1509,6.407974606987174e-07,-0.470105948587066,-0.15114859748332204,-1.5,-133.22701300130936,-38.80425868788772,1959.632128431396,100.0,1
1510,5.807468060328965e-07,0.34384798664051797,0.1858482225100969,-1.5,-23.724779213418646,-149.4331603590381,1958.7036916548955,100.0,1
1511,8.132076721534417e-07,-0.00649309884504464,0.30442250360090056,-1.5,156.01424328808065,15.706357898004374,1958.2712152505737,100.0,1
1512,4.5013604384426275e-07,-0.08301482643360768,0.23561726424417045,-1.5,72.17766322937955,-133.96901039720404,1958.6362539915551,100.0,1
1513,1.6232209837089537e-07,0.2446366017714768,-0.30921501661251793,-1.5,63.19908571983198,-18.91911904793827,1963.4309839576124,100.0,1
1514,6.860047015181466e-07,0.4067347549590941,0.09199487164765628,-1.5,-140.1623206257438,-54.41336197002538,1958.7769133267975,100.0,1
1515,4.1081148929656774e-07,-0.2140663446690806,0.44471496373243496,-1.5,50.27374098959691,-31.753676121757696,1963.6388520514145,100.0,1
1516,8.78712238212017e-07,-0.33773497364159555,-0.12779126833561583,-1.5,126.46923591812757,-69.7575630703685,1959.2224735917307,100.0,1
1517,7.703099037985596e-07,-0.3668118851826941,-0.1711433769222703,-1.5,159.8706127288419,31.688675018602975,1957.766712692654,100.0,1
1518,4.793072220449364e-07,-0.34240332904670384,-0.2536029485362097,-1.5,-47.56401077112674,-119.92816178563442,1960.2979842759146,100.0,1
1519,4.4099302436862825e-07,-0.17388916202694404,-0.2942912426885779,-1.5,-54.44038245150815,0.10701613876435878,1963.7844890853503,100.0,1
1520,4.6717579236202393e-08,-0.26908689839781436,-0.16704237012642728,-1.5,-83.0319040538013,53.208424119870216,1962.0621429450218,100.0,1
1521,2.3571365875709728e-07,-0.3035494569776642,0.04417934967523601,-1.5,-108.06343295961105,-1.345935172175791,1961.5641129419214,100.0,1
1522,5.262952114099152e-07,-0.03293005871884689,0.2614278722023445,-1.5,-133.20787496781227,80.18952851844102,1958.3765184020874,100.0,1
1523,5.962201263098921e-07,-0.2448753182099005,0.18619338043846284,-1.5,104.29386202264067,-58.38112807839899,1960.899722192552,100.0,1
1524,2.7275681763771005e-07,0.35645133632310577,0.22014584192761535,-1.5,19.179999171751547,-14.506750087937966,1964.3917552514288,100.0,1
1525,4.0524123299149004e-07,0.199884328414149,0.37408748890292964,-1.5,61.167140295935525,-142.17845026158122,1958.4323208871333,100.0,1
1526,2.075584685827184e-07,0.2426951228322866,-0.26875268880210473,-1.5,-74.3744536120325,-97.31897373746608,1960.7168954917304,100.0,1
1527,6.761681124238187e-07,0.44784068191127163,0.1942620928013083,-1.5,-157.9798540538254,20.48552893817209,1958.0694561438281,100.0,1
1528,5.636331306086741e-07,-0.38901019158118516,0.11035275582811994,-1.5,40.4743731730075,-107.510408951259,1961.1773564238183,100.0,1
1529,2.0122945494583276e-07,-0.4375821910352107,0.16376131602294183,-1.5,66.17368470304855,-3.6581901804069132,1963.420726019657,100.0,1
1530,4.1643080602467274e-07,0.03763370622552717,0.4088308696244724,-1.5,-166.1859852094993,-4.447888761407797,1957.4922019951052,100.0,1
1531,6.248609591242935e-07,-0.13476924727178297,0.03525346900257801,-1.5,109.48313165500723,118.43045689318996,1957.9072902027854,100.0,1
1532,3.4853048124035244e-07,0.33529734665296795,-0.13308318405785555,-1.5,-97.42518877860121,54.99454052084777,1961.3508659519555,100.0,1
1533,8.239616802373471e-07,0.253121994968693,-0.23500612692989886,-1.5,145.19973607608662,-8.52328401153178,1959.1471809282796,100.0,1
1534,2.9578567524214556e-07,-0.0973085125553564,0.32402511135739104,-1.5,30.41632708906512,-52.938167783204875,1963.589998880698,100.0,1
1535,8.939638561928406e-07,-0.04620513118896447,0.18329358339575308,-1.5,18.70524816672658,-48.04666695391725,1963.8622451057436,100.0,1
1536,8.569289017563117e-07,0.16641999820352021,-0.19241458631718228,-1.5,6.279224397302166,82.7923667978406,1962.7835544468755,100.0,1
1537,8.070439097073902e-07,-0.3684201254721125,-0.21711376392170909,-1.5,12.872225532627322,89.07206525707191,1962.4764353405135,100.0,1
1538,4.2634991895105635e-07,0.3791617711713838,-0.3249829946445048,-1.5,116.77260438713142,76.34483015191182,1959.5787588254404,100.0,1
1539,1.8424633955576707e-07,0.18854152611053757,-0.18479860436701434,-1.5,-56.40954618730117,42.897656654454345,1963.2603088787362,100.0,1
1540,6.668503874669505e-07,0.4385436721755132,-0.03366982347723206,-1.5,51.207677798042916,-141.76435724601342,1958.7480509282677,100.0,1
1541,8.593979929033043e-07,0.12809639283796187,0.3929737153786467,-1.5,-22.479483102972388,29.193617743278793,1964.193394701401,100.0,1
1542,6.820090584919695e-08,0.36265023146782205,-0.24470694243692553,-1.5,-12.541107029613832,26.612774847044296,1964.318652132475,100.0,1
1543,8.927722952579284e-07,-0.10504279281221558,0.12787763821553058,-1.5,68.11726563860248,135.5519253351463,1958.6727648910592,100.0,1
1544,2.1886103453481672e-07,0.35094627547176876,-0.13956584977775754,-1.5,40.88482543984562,-116.62300361977157,1960.6480541753501,100.0,1
1545,4.4835300781682507e-07,-0.04536868565853137,-0.03190477028008836,-1.5,-105.76764954799482,-2.206296636199699,1961.688462225941,100.0,1
1546,2.3258894705565172e-07,-0.04608009919171637,-0.29338791702938194,-1.5,171.08936795508842,-4.598057171006383,1957.069383621621,100.0,1
1547,2.496591354598404e-07,-0.03075651476695647,0.34333553513205667,-1.5,-141.26260496940682,79.86187769893307,1957.8253862880083,100.0,1
1548,6.701246061044446e-07,-0.3181820815510632,0.011367927652385637,-1.5,100.85548599545378,133.13837881635004,1957.4257659734906,100.0,1
1549,8.064905118786344e-07,-0.03434857721196645,0.49445830232066096,-1.5,140.95458213577157,-36.300712111888274,1959.1394412703837,100.0,1
1550,8.304765602723532e-07,-0.05245727622970493,0.1612222184186486,-1.5,35.28444044596437,77.81528082290714,1962.6800749482832,100.0,1
1551,4.812516093315161e-07,-0.33336982695529194,-0.06261500390844967,-1.5,-3.0023747255619364,-92.32043875720356,1962.3662269311037,100.0,1
1552,5.142518005892195e-07,0.16273520402476033,0.34689201111529017,-1.5,52.35901324570096,97.79454585470526,1961.404610680606,100.0,1
1553,6.868386469809239e-07,0.15425813827688872,-0.18207141339384858,-1.5,24.836612069004197,24.16814528505364,1964.233267644285,100.0,1
1554,7.998902355002963e-07,0.2858576816938306,0.33708513342863394,-1.5,104.8795602977168,68.94706042266006,1960.5254058432813,100.0,1
1555,6.269062237635052e-07,0.24208466132554762,-0.18191402877468377,-1.5,153.2046729196232,-33.983809457483574,1958.2611458016727,100.0,1
1556,4.6853960571328987e-07,-0.19863890006887736,-0.2007389875703113,-1.5,-33.7005290891837,-154.76005716948552,1958.1437345889954,100.0,1
1557,7.101491449927617e-07,0.07935000760438657,0.15367809659016443,-1.5,-18.489682653151387,21.33685438985121,1964.336059982167,100.0,1
1558,2.0856454922170213e-07,-0.38654800168800785,-0.269716939940956,-1.5,166.0105749030722,11.312180719312714,1957.479453239256,100.0,1
1559,2.137316040365919e-07,-0.2110220474830458,-0.1063059112851766,-1.5,-121.15800080094104,-37.988851212494154,1960.4312975188918,100.0,1
1560,3.5210520271103827e-07,-0.32930583913966227,0.2873002994811911,-1.5,-62.74912118133311,-22.072257578050078,1963.4125011068127,100.0,1
1561,5.402779476548628e-08,0.2496283721165205,0.10615099011958759,-1.5,156.45767347548176,10.962649552994003,1958.2681386856982,100.0,1
1562,1.2963297186287234e-07,-0.13611763489667525,-0.1696071883920696,-1.5,31.61110129412418,78.89283632572572,1962.6996573387346,100.0,1
1563,2.5749400558251285e-07,-0.30628465377949265,-0.17243263123639893,-1.5,75.33954505946183,-79.97339390604776,1961.4641203660883,100.0,1
1564,7.902457814047246e-07,0.02270410961565334,0.019835410893412966,-1.5,52.19633593721441,-54.026245923083216,1963.1021352778157,100.0,1
1565,4.779002366424355e-07,-0.33668777820947277,-0.05435718597344682,-1.5,95.30544544003153,-58.189270260834824,1961.3628341441877,100.0,1
1566,5.106109802108602e-08,-0.45643278701320106,-0.03945143797656189,-1.5,-120.60790054605988,-22.25114499006095,1960.7069916585278,100.0,1
1567,6.005318619970663e-07,0.03110579523550186,0.3657343597499543,-1.5,8.970801422666607,-78.32381844403896,1962.9564922464053,100.0,1
1568,1.7650688233622872e-07,-0.21178495242086534,-0.4495702406716755,-1.5,43.217945591799996,120.7930826328979,1960.3455120546985,100.0,1
1569,7.721600285270706e-07,0.369143574339337,-0.06941764665069522,-1.5,-106.3277337587129,-59.077772629761206,1960.769623408363,100.0,1
1570,5.745063589933974e-07,-0.296136419453396,0.23152374526660705,-1.5,5.002569304255168,-65.78090160764674,1963.4309597106214,100.0,1
1571,1.1100233516919688e-07,0.05998346227842632,0.22645989352681986,-1.5,72.06840812210916,114.99351605392496,1959.8458924319616,100.0,1
1572,6.356201381293597e-07,0.2481552527611061,-0.1925075204791226,-1.5,-169.38273723752397,-1.9651038540269932,1957.2222441406336,100.0,1
1573,1.1888589945032128e-07,-0.2223186357778256,-0.03511000017565509,-1.5,97.46499682681655,118.83821704847752,1958.5176381203257,100.0,1
1574,6.434488058149481e-07,0.30298810726789166,0.2355203850170343,-1.5,84.96885060893794,-64.5724134515996,1961.6380869348359,100.0,1
1575,7.073322928121901e-07,-0.23921480065105225,0.001586130802077477,-1.5,-24.43551532171217,-167.10840785883101,1957.2661985228224,100.0,1
1576,7.425445287115468e-08,-0.20894053346960484,0.12524718586238257,-1.5,24.88221201851281,68.90445333278721,1963.172518680441,100.0,1
1577,2.4127307926989814e-08,0.1827633203862918,-0.24484893311517952,-1.5,-33.27873699470046,-7.398253656835208,1964.2431310234988,100.0,1
1578,4.3049213158791883e-07,0.0006538103224928791,-0.06451950482987819,-1.5,-122.81903015592398,-112.38478421526823,1957.472460182921,100.0,1
1579,3.475557792717223e-09,0.2095545445724692,-0.19172453941093054,-1.5,79.0536726036236,140.23398087487035,1957.9321320520783,100.0,1
1580,3.232483637760788e-07,-0.009473259720056937,0.13549358082304544,-1.5,-14.669172235089672,55.40794495018521,1963.7026407499852,100.0,1
1581,6.436567071488467e-07,0.4618000732724725,-0.09451261405898864,-1.5,-96.13830168541678,-35.37279532640634,1961.8663253560298,100.0,1
1582,5.463026820802094e-07,0.39326213294281015,-0.06973097861506274,-1.5,129.10102672473644,94.93328539596712,1957.9923090984496,100.0,1
1583,4.6025526667672305e-07,-0.3796626188693918,0.1899942799489011,-1.5,-31.42631296733425,117.67567218639678,1960.7595745768756,100.0,1
1584,5.18001779051926e-07,-0.041289804223847176,-0.14477419866368024,-1.5,41.043085542783956,-143.17574172707472,1958.8847486200307,100.0,1
1585,2.969634952168361e-07,0.09110382747549498,0.3955180146407347,-1.5,-122.71940792314105,57.45804856922212,1959.860149561632,100.0,1
1586,6.070388045433242e-07,-0.07280885207025357,0.0555429636929948,-1.5,91.82293478067544,4.443039920985019,1962.3868360521215,100.0,1
1587,3.3107974004167347e-07,0.05241990737572213,0.44860209537908174,-1.5,-128.5720511369365,-56.518408673164636,1959.512230993628,100.0,1
1588,2.0997865491665883e-08,0.0022496681071652886,0.2681069868151333,-1.5,49.6834763892443,131.44217367575084,1959.507028162799,100.0,1
1589,7.559252165326945e-07,0.3538443083456809,0.12986654422086794,-1.5,105.9380002898067,-38.0019815738973,1961.3123860714247,100.0,1
1590,3.4775162669040835e-07,0.04640851652226229,0.36029504124363115,-1.5,-45.28113447796869,-52.92350254822039,1963.3038501476403,100.0,1
1591,8.184127244111295e-07,-0.2195306819503328,-0.07815014276073172,-1.5,-63.68152255824048,3.8145180817816136,1963.5028391633662,100.0,1
1592,3.140427710691502e-08,-0.2927961140500773,-0.11226886384633859,-1.5,-145.98239382643243,-38.39645673700187,1958.7312574901334,100.0,1
1593,5.904838139661232e-07,-0.2401315531679657,-0.11517337608187131,-1.5,-63.349036702759236,141.498298718344,1958.4122184246037,100.0,1
1594,6.998337814231544e-07,0.2594555182936923,-0.11593446087246681,-1.5,-129.0881043855937,-48.94500560522121,1959.6821002393654,100.0,1
1595,8.589644291023655e-07,0.12940236388701856,-0.00621661032113176,-1.5,102.88145820667452,81.95255319752209,1960.130727999489,100.0,1
1596,1.280834834053996e-08,-0.08566528708164117,-0.39795921234812537,-1.5,5.917354729111189,99.6872752057251,1961.9991636953364,100.0,1
1597,6.922842038427617e-07,0.24287054843202263,0.15207799005305278,-1.5,-132.2580174937528,58.61724880901614,1959.2052269266778,100.0,1
1598,7.601457784626591e-07,-0.28210199704139877,0.3855474735272558,-1.5,-16.25018820536119,-72.0604523084401,1963.1496399568027,100.0,1
1599,2.6604354083761304e-07,-0.3901112956893662,0.2775843506128892,-1.5,66.89642406067598,-135.21317460289046,1958.7382551346245,100.0,1
1600,7.902170721224175e-07,-0.10684303566733036,-0.017339670356026318,-1.5,43.75683859839113,50.083371535971764,1963.412916642242,100.0,1
1601,5.340232721759369e-07,0.023753565313812293,-0.43190145075591485,-1.5,39.00431524938628,-159.63481279751045,1957.6538703767735,100.0,1
1602,6.657188020161779e-07,-0.10092352126320972,-0.4253798427285866,-1.5,-15.711932557162982,-139.20287422784594,1959.537950958888,100.0,1
1603,5.035838901014772e-07,0.0380620288241469,0.29542972863540135,-1.5,-33.17267303790812,-49.85455369704808,1963.6260803689993,100.0,1
1604,6.861425926356552e-07,0.08757320126314191,-0.31514293040692654,-1.5,8.773451679624849,27.906251941115286,1964.321143274275,100.0,1
1605,2.4323072915894974e-07,0.061618141235391076,0.4747825226804549,-1.5,-7.415667679404731,-81.05863874405873,1962.8519534656607,100.0,1
1606,2.3437975797514015e-07,-0.26375864233954144,0.3409249270643055,-1.5,91.12747600936746,12.84966052516481,1962.3822144543303,100.0,1
1607,1.3694134554757997e-08,-0.3164658054337537,0.09491700576320901,-1.5,-162.62172750522302,-28.493054630030844,1957.589233176153,100.0,1
1608,1.3200620021394176e-07,-0.021122448432494313,-0.28634797586194144,-1.5,56.4322129072049,54.26249023618958,1962.9784190779822,100.0,1
1609,6.592352043654108e-07,0.22703018368508818,0.3710641923820739,-1.5,-119.90768159999466,-48.4139173229089,1960.2784309298759,100.0,1
1610,7.036734233991014e-07,0.1860398065181719,0.19762005186905846,-1.5,80.5702728091181,-126.19595735919843,1958.8252341012433,100.0,1
1611,2.7909977013292707e-07,0.43693671154548164,-0.10276640625888467,-1.5,119.14997294464085,93.85449603227985,1958.675037822239,100.0,1
1612,3.3502331257881125e-09,-0.05983447318799792,-0.47551169514924524,-1.5,-70.09844521352072,97.37548616403834,1960.8716196985195,100.0,1
1613,4.218758886073669e-07,0.13183339088316523,0.3939934138873008,-1.5,17.916657287924334,-65.14298446374893,1963.376854104406,100.0,1
1614,3.6905504823033434e-07,-0.28827393949043806,-0.3873508740306316,-1.5,-50.39013193718841,153.07395711008672,1957.9178952459022,100.0,1
1615,2.940818265372225e-07,0.03458085584371351,0.3753405134102054,-1.5,-71.70613137997711,1.2671864268135,1963.2294596473455,100.0,1
1616,6.19952021004351e-07,-0.47784268195822915,-0.031605398853727235,-1.5,-11.047579397111951,5.827746572816023,1964.499242714407,100.0,1
1617,5.664045806977035e-07,0.25933131577881885,-0.4054227073391654,-1.5,106.44204769525511,-13.342941023231775,1961.6078463019624,100.0,1
1618,6.564880481977899e-07,0.14399313278696504,-0.20710164083263383,-1.5,14.458047499247089,151.42362799695186,1958.6411452874365,100.0,1
1619,8.948165447817535e-07,0.3572089785938231,0.02794168187418763,-1.5,-137.93439388044658,91.02349838506095,1957.5755699315187,100.0,1
1620,7.148627815057496e-07,0.33369845293905204,0.3563791849664359,-1.5,35.642311539344554,160.18096981235223,1957.6733560030482,100.0,1
1621,5.864956400549862e-07,0.38864884878773787,-0.021892545845698667,-1.5,49.75498913370026,-131.05885728548193,1959.5308885673276,100.0,1
1622,6.520696274773121e-07,-0.266955715210504,0.34326921607861577,-1.5,-71.99099395991082,-13.83280698700364,1963.1707099754865,100.0,1
1623,6.534643801370814e-07,-0.020114672728828494,-0.47826245964166086,-1.5,35.04293923496561,114.64078721153173,1960.8780606104567,100.0,1
1624,3.411659831381922e-07,-0.18314178548505478,0.3590825176836812,-1.5,84.7699901966902,63.83076747005753,1961.6709632740062,100.0,1
1625,1.2775041127877842e-07,0.2735341351077388,-0.08850803811062521,-1.5,120.118591187521,-85.1264137351617,1959.0146257753786,100.0,1
1626,6.356613233058813e-07,0.1310948801487416,0.32969105950686994,-1.5,-44.772598345842304,-152.11550682287384,1958.1291002606324,100.0,1
1627,7.651302339419559e-07,0.3719478721066322,0.10675860130651019,-1.5,7.418627151644225,10.182862665490513,1964.4985516780744,100.0,1
1628,2.6460967314699724e-07,-0.3276653912599369,-0.08639032059390098,-1.5,-20.498557090897656,-8.18568692585197,1964.4149485159378,100.0,1
1629,5.562183504011417e-08,0.09581106974261362,0.3526608025231729,-1.5,13.695723639282424,-121.8813402542306,1960.706671666611,100.0,1
1630,8.823569492603429e-07,-0.48855942973225014,0.0061050311777387034,-1.5,38.69582956039421,-121.84506405338429,1960.3748874658108,100.0,1
1631,2.4343260726705986e-08,0.1224170060655633,-0.10057916450827324,-1.5,-74.71031238106313,15.888136088391839,1963.0535455309648,100.0,1
1632,1.6466823784227047e-07,0.1452464797262926,0.10466074704936507,-1.5,-19.31176524313505,136.90297317049783,1959.6678080548252,100.0,1
1633,6.457144977177882e-07,-0.3120037754787077,0.3151256594251559,-1.5,50.137721769213044,-125.63598527310236,1959.8762956692908,100.0,1
1634,4.383983592274456e-07,-0.06987631423039276,0.13601638638966507,-1.5,-143.96175671490542,50.00902902108376,1958.6187469454228,100.0,1
1635,8.414227449352334e-07,-0.1928356363344132,-0.3248173659714874,-1.5,12.495872287489508,-44.45202564088127,1963.996221192477,100.0,1
1636,4.4798074009792903e-07,-0.4742231527773455,-0.11633468996714862,-1.5,-138.69592167786783,76.56363303277728,1958.140632761825,100.0,1
1637,3.5757068688740624e-07,-0.327507098950726,-0.3248224356898144,-1.5,56.43406694860883,-7.980168891778231,1963.7119949876128,100.0,1
1638,5.739960270860797e-08,0.31174633267925306,-0.0409267965811229,-1.5,128.53595988265866,11.542962570113655,1960.295527031136,100.0,1
1639,6.236401466677998e-07,0.03303323698187284,0.18505746767431494,-1.5,-43.64244029126501,-108.34442704262513,1961.0635147287708,100.0,1
1640,3.130662064430007e-07,-0.2305384307843485,0.410780204847072,-1.5,61.35858982695628,-15.645995189662154,1963.5181721988477,100.0,1
1641,8.816895795981992e-07,0.19199725372813134,-0.32831920934018577,-1.5,-12.933863790495467,-49.706801606389334,1963.8674179556122,100.0,1
1642,2.5669705698676266e-07,-0.2634664273713983,-0.2662727306623486,-1.5,8.40511725528288,133.19989475964306,1960.000109261751,100.0,1
1643,1.1181808156709186e-07,-0.4278469096787047,-0.2313308337182128,-1.5,30.98628369410643,-19.33351245195603,1964.1994175198274,100.0,1
1644,5.316455244791727e-07,-0.011764224982319686,0.3163255744770162,-1.5,125.2449705779311,72.8865894493744,1959.1872112407998,100.0,1
1645,6.169501121913823e-07,0.2729622532528733,0.08511347751405177,-1.5,49.01013932237017,-39.81278466345885,1963.5239328022142,100.0,1
1646,7.527706104352597e-07,0.4623015505721138,-0.03152284485617804,-1.5,-58.94450799647933,-30.543642419518502,1963.4168984581274,100.0,1
1647,5.491248972125485e-07,-0.09527512714501443,-0.09073747655513131,-1.5,10.365214189691589,-121.34297629482927,1960.7604980478482,100.0,1
1648,1.6583303879808292e-07,-0.08520825303551918,-0.18132225331529053,-1.5,-7.596384887387927,-33.844656342144475,1964.2327052668315,100.0,1
1649,5.93687225693657e-08,-0.3550763320092539,-0.3231921729149401,-1.5,-58.895365484385884,80.07527010151605,1962.0225720691292,100.0,1
1650,7.622896969119498e-07,-0.3794230635527996,-0.12422216484227916,-1.5,-63.47158331012906,-57.46667371395439,1962.6722155751047,100.0,1
1651,7.004173674481628e-07,-0.0029245336266960718,0.2660938116848927,-1.5,-48.63564292831293,1.3274874577081746,1963.936378368742,100.0,1
1652,2.06345584231865e-07,0.18144630743398285,-0.17128528708376375,-1.5,49.5150671503673,-161.33357812911828,1957.2769402819015,100.0,1
1653,8.149101580074205e-07,-0.3539367359398664,0.28850455109329537,-1.5,-19.681551166896053,-138.39611538761852,1959.5592458651035,100.0,1
1654,6.851240036477017e-07,-0.45835395826370945,0.1370939683628899,-1.5,166.80504541634454,-1.7244853806153235,1957.443840635014,100.0,1
1655,8.539026902627196e-07,-0.12145983453682628,0.19019144658517104,-1.5,-123.79541315106808,-96.63113884583872,1958.2518747480478,100.0,1
1656,5.549443350423856e-07,0.47362501763206055,0.033471263959819246,-1.5,-87.14677965521737,-136.72742392429546,1957.836647069638,100.0,1
1657,2.2636749321206922e-07,-0.07694560527875682,0.03906753964693113,-1.5,-126.1055754399675,113.45889903150534,1957.2015093851844,100.0,1
1658,1.5625059057729304e-07,-0.16053604651448786,0.16942745112451327,-1.5,19.924014855337912,121.44120029723155,1960.6805845849913,100.0,1
1659,2.0091651151694857e-07,-0.0060317287595059756,0.2657136428424865,-1.5,-100.96212448823096,30.405441654353897,1961.7072780623407,100.0,1
1660,5.05664279498695e-07,-0.3091684481290707,0.24954437528369497,-1.5,22.998441355782415,-158.93178807712852,1957.964515689685,100.0,1
1661,1.7038708490118884e-07,0.010497586728296577,-0.40234975550218577,-1.5,31.946553048100544,-99.01520109632585,1961.7820199926214,100.0,1
1662,6.202034857795146e-07,-0.38094651614367075,0.18843236657491527,-1.5,-0.545343829689576,20.108582368054027,1964.4359581776612,100.0,1
1663,4.98314355419081e-07,-0.18139602727671345,0.4082580619747756,-1.5,-50.804917381289286,-81.533088169103,1962.1887019778758,100.0,1
1664,7.030519497948388e-07,-0.20508420271937902,-0.27090726789189173,-1.5,31.6629127188967,-163.84220867681506,1957.4387543114062,100.0,1
1665,7.957407128385844e-07,0.4692703156660955,0.14464868737526237,-1.5,-136.00828647091163,46.173330283118105,1959.2812600155046,100.0,1
1666,2.0555242751644382e-07,0.04272710396627738,0.11983420484708421,-1.5,19.836221140970313,-124.72454016012486,1960.4753504389753,100.0,1
1667,5.664682874173424e-07,0.3233184354331347,0.2203685816683061,-1.5,6.667181797681637,136.60274851981228,1959.772569470713,100.0,1
1668,8.789549378365189e-07,-0.4530282365578541,0.13681333483218475,-1.5,-100.79580164041924,64.99705240690014,1960.8745181209865,100.0,1
1669,2.530071727114159e-08,0.12014173764862034,0.40755878363953846,-1.5,-58.99438291479782,-44.371377956098364,1963.1515809709933,100.0,1
1670,8.381083021668142e-07,0.0506028046121603,0.2928947359633791,-1.5,14.928300351311604,23.802499916921963,1964.3380241476916,100.0,1
1671,7.547440173128444e-07,0.26801462015278754,-0.2040710134333961,-1.5,135.95424697402078,98.8759855411354,1957.3332032331969,100.0,1
1672,5.630460215526025e-07,-0.08767744968412072,0.2905505980737354,-1.5,7.19124866899728,67.6979207134141,1963.3590002187048,100.0,1
1673,6.140379071131029e-07,-0.22168839131560691,-0.23047305848780858,-1.5,61.46549351049331,99.62957692557521,1961.0479919612558,100.0,1
1674,1.545781848413747e-08,-0.4160646332095388,-0.023370678517650414,-1.5,-146.03505334825468,73.4855263209889,1957.724936471166,100.0,1
1675,8.140589183868444e-07,-0.023665596972234294,0.11870500900173492,-1.5,-102.98886437384452,135.1620852948888,1957.1759733809972,100.0,1
1676,2.0062245749487108e-07,-0.01085055368146255,-0.24463570578280727,-1.5,-17.438865619038143,72.42683491457315,1963.1259577052895,100.0,1
1677,4.917371560155275e-07,0.3827879398248052,0.09999508480075263,-1.5,-31.865345174671564,-106.94894252441718,1961.3668218199111,100.0,1
1678,5.613889359712712e-07,0.1599683021691835,-0.23910056708227725,-1.5,102.54113464564577,-15.05834916465307,1961.8032133963259,100.0,1
1679,2.4428338213234163e-08,0.004353449854636693,0.06708123574481763,-1.5,-45.73962490206028,-30.470470597249808,1963.7700281350494,100.0,1
1680,3.804941120162588e-09,-0.20872836717929336,0.43580504194574754,-1.5,-160.346730901225,-1.3566038738227688,1957.9837516642856,100.0,1
1681,4.336731722026263e-07,0.11803323080119067,-0.3612048034848484,-1.5,-10.672857510719496,-136.11297784756684,1959.7889257877123,100.0,1
1682,8.333717307481942e-07,0.1726908393059955,0.13162798845197013,-1.5,113.6558465478855,-117.88655445932089,1957.7023254543385,100.0,1
1683,2.3092167330271056e-07,-0.1578479872443762,-0.1137560142740202,-1.5,78.92843146659457,92.76890141247533,1960.759424280061,100.0,1
1684,6.63623395339001e-07,-0.2509641879579186,0.3636405903022811,-1.5,136.0319328636904,-35.965971383801744,1959.493569371923,100.0,1
1685,5.786827356988774e-07,-0.4693219039150459,-0.01371638572992295,-1.5,-113.91743908101914,89.03363644609789,1959.2113502428822,100.0,1
1686,2.206087745114993e-08,-0.05474276600349169,0.07140129087377867,-1.5,39.11895090893301,95.97449432487535,1961.8032241754015,100.0,1
1687,2.035671014152408e-07,-0.07559728556855135,0.022057121353562775,-1.5,-8.914258067239915,63.93820722837324,1963.477967262598,100.0,1
1688,1.147020301607707e-08,0.05820765801653591,0.11717420547418061,-1.5,141.53148247049947,-19.009362296791245,1959.3419226569167,100.0,1
1689,5.937441244480083e-07,0.04500459270103447,-0.23932265459756197,-1.5,151.42592487307488,70.80420862098212,1957.4141717030716,100.0,1
1690,2.710472605417886e-07,0.37031230218344136,0.17624914465225935,-1.5,42.88086955709434,-42.50075397088501,1963.611011174073,100.0,1
1691,7.612994547364845e-07,0.43074597625721905,0.07048141440479376,-1.5,120.81042202316243,51.493521605766134,1960.1445215670585,100.0,1
1692,7.495623566543804e-07,-0.32569777230038827,0.014987950804574348,-1.5,-107.42868622698589,131.16205451731415,1957.2094622437507,100.0,1
1693,2.3774481813793068e-07,0.18561189332283945,0.1684828806832863,-1.5,-117.75068433287545,-102.6553858629497,1958.318139209919,100.0,1
1694,8.762917084022426e-08,-0.3059091429811318,-0.11069111880287455,-1.5,102.0539601133144,70.40978348047663,1960.6225383488668,100.0,1
1695,3.1473639552064354e-07,-0.016366130934945485,-0.28024736207817996,-1.5,22.983406352750062,83.13262939547822,1962.6446482306342,100.0,1
1696,4.2725141818769295e-07,-0.2720775520915176,0.23573900663756964,-1.5,-9.521581817082398,118.71048652669123,1960.9259155140023,100.0,1
1697,8.838664323228514e-07,-0.2362984429545828,0.263007488129341,-1.5,111.96193430129811,-47.05622358387432,1960.7813553162084,100.0,1
1698,4.08788900556184e-07,0.24947954105526854,0.2880540603793148,-1.5,110.15296858882436,-57.631032038779914,1960.6015081916432,100.0,1
1699,2.889617561185939e-07,0.3774066475234209,0.04269969615595466,-1.5,45.689464265588136,22.216590605886715,1963.8819165680775,100.0,1
1700,3.3279438095128535e-07,0.10388912463301196,0.07342484235995328,-1.5,26.893236546509716,86.3006884667287,1962.4582113421811,100.0,1
1701,7.50605624031025e-07,0.03174117405441472,-0.1557541298592691,-1.5,-60.694360861186475,-12.550500841696698,1963.5610420240073,100.0,1
1702,8.204940971051421e-07,0.07979981270091095,0.42119627193169895,-1.5,-29.558982252154912,29.371261707980814,1964.096963446568,100.0,1
1703,7.03828422395602e-07,-0.30571331122180834,0.27571168857830625,-1.5,24.56173356106371,-18.478420702777008,1964.298489405044,100.0,1
1704,9.121975565497492e-09,0.06701580686243558,-0.19622333970640765,-1.5,106.48371506575519,2.062053136371146,1961.6498802357135,100.0,1
1705,7.420758755250065e-07,-0.004360420121194095,0.3020206750288028,-1.5,-52.20126490217426,151.81123608134655,1957.9687594055729,100.0,1
1706,9.030815414498459e-07,-0.25930650666569693,-0.11798582514413804,-1.5,115.13112820894422,-62.55454830256197,1960.1645436213078,100.0,1
1707,4.882713346102037e-07,-0.4030435966587895,0.24312623445752785,-1.5,-81.60873641734173,35.88630580781449,1962.5150887221132,100.0,1
1708,5.290228673984579e-07,0.24274109778244485,-0.13188277429108594,-1.5,-138.68785841346258,18.064825177529936,1959.5541906990284,100.0,1
1709,3.045339590486364e-07,-0.4771742872318334,-0.13884035388160665,-1.5,-40.062114926358504,143.48142645899287,1958.8826900748934,100.0,1
1710,6.907577739718971e-08,0.3178032504066208,-0.37629594081482953,-1.5,56.92456464097394,-125.50616137353643,1959.6992329599577,100.0,1
1711,2.999524018284727e-07,0.2974516627484563,-0.06517728392845515,-1.5,62.89210190066982,-48.02640670033445,1962.9445570479318,100.0,1
1712,7.279376372235938e-07,0.042213125404167405,0.05294562230717779,-1.5,49.665876412533216,23.06156764026058,1963.7756366459687,100.0,1
1713,5.293278802885712e-07,0.14544271010448484,-0.12257641226869731,-1.5,141.44765878526422,-58.782995395881954,1958.5582466555818,100.0,1
1714,4.808600845974296e-07,-0.31222141052945507,0.25939019860008117,-1.5,-110.41328984409493,23.463326459433087,1961.2933651046171,100.0,1
1715,7.0848943388051e-07,0.2749895898699883,0.23509192821597025,-1.5,-89.03408139973527,30.615916489476383,1962.2815507141033,100.0,1
1716,7.883503000417018e-07,-0.025218411723949456,-0.02918591268291791,-1.5,-71.31154969582248,112.23456865338372,1960.0335075567714,100.0,1
1717,3.681769456156518e-07,0.25884279031360924,-0.1080270102593714,-1.5,-43.9220515523954,-134.62678985027736,1959.4284286771408,100.0,1
1718,4.0654148084713296e-07,-0.28189884775974894,-0.32840568707844464,-1.5,112.22009011304341,107.46937189257893,1958.384607717842,100.0,1
1719,2.3253312534723958e-07,0.245124128052353,-0.1879296914801101,-1.5,59.55700600983444,-147.67347774312623,1958.0752777338582,100.0,1
1720,9.646462654607274e-09,-0.02771871020046102,-0.018122215794891317,-1.5,-43.019380038122556,165.61740013987003,1957.0726854100685,100.0,1
1721,6.075615339008703e-07,-0.163702696266074,0.16969243266545123,-1.5,95.72851148430489,130.17790165693754,1957.8822876453341,100.0,1
1722,8.48148856524391e-07,0.12304373072522212,-0.27097514742402357,-1.5,29.029021401097413,-18.52148860810329,1964.2371436876876,100.0,1
1723,7.497332707839505e-07,-0.3832824190817216,-0.11531317160810696,-1.5,121.07861682321304,-110.2566662460558,1957.7018982374755,100.0,1
1724,2.0939222006882344e-07,0.41576380828311316,-0.25880811543804766,-1.5,63.81527968524627,40.78537727970959,1963.0785642314413,100.0,1
1725,8.278409701663378e-07,0.2603269923527952,-0.08230258008743792,-1.5,-17.387629375767112,-114.08733073137144,1961.146358020587,100.0,1
1726,2.4054830740605004e-07,0.4832801928802534,0.08419996371773919,-1.5,-0.4074458923768863,99.80571040170456,1962.0020235527759,100.0,1
1727,3.3609610271410277e-07,0.008070680261164996,0.42763786009973775,-1.5,-114.76006556430681,100.39663652823403,1958.6127562618458,100.0,1
1728,4.959713893088472e-07,0.07031192275406369,-0.10904672041519185,-1.5,115.17916512448667,-87.77108400140516,1959.1945495536108,100.0,1
1729,8.732258279078251e-07,-0.03948505886968963,0.44137519256674235,-1.5,98.62665465602107,9.690292089965354,1962.0377589375553,100.0,1
1730,6.397217558536864e-07,-0.2708412071462324,-0.15564517523093063,-1.5,124.3922912482914,-100.5194440878972,1958.018305712281,100.0,1
1731,4.681607453062202e-07,-0.18591783702066195,-0.11520337620671069,-1.5,98.7715564731961,125.32961240245021,1958.0474851629735,100.0,1
1732,1.6277356392902974e-07,0.13596580552781226,-0.021978362725122182,-1.5,48.91773127770793,-32.5141760208783,1963.660655559014,100.0,1
1733,2.366366185566724e-07,0.060526509580318126,-0.3223068808069451,-1.5,34.85174805584716,76.44262416301855,1962.741747437664,100.0,1
1734,7.073055531680069e-08,0.2304581480340307,0.4127949694197502,-1.5,-34.08797615723501,137.16890869543818,1959.447878009246,100.0,1
1735,3.6820038285961306e-07,-0.41819905198365354,-0.2220352604655454,-1.5,93.42084369226593,-118.69923647181214,1958.7231359972661,100.0,1
1736,4.586804208585765e-07,0.32837148921235126,0.24769719563509518,-1.5,113.76038348306092,-57.397564681697915,1960.4023518105992,100.0,1
1737,1.8531983266959344e-07,-0.1803944888957444,0.446006209008201,-1.5,16.187197485494337,126.7362290772765,1960.37985838025,100.0,1
1738,5.201356120829932e-07,0.4181925167307269,0.2383517222971371,-1.5,59.65550679090947,-122.15095144072174,1959.8300058519815,100.0,1
1739,3.868402415085015e-07,-0.09945939469641331,-0.20774843258529563,-1.5,165.6519694191299,-30.620195504721444,1957.3030207203349,100.0,1
1740,2.0045931092858842e-07,-0.29783136838352214,-0.38941918258766606,-1.5,137.12593356034503,42.198720183142555,1959.2929930529124,100.0,1
1741,1.9483570452055055e-07,0.07461584390640803,-0.19681842375262001,-1.5,-88.3403006511273,-27.461503988756743,1962.3595856380846,100.0,1
1742,3.6413375918277795e-07,-0.07218018447246792,0.37993439770951964,-1.5,133.92316054954892,-35.677733916815946,1959.6440933590752,100.0,1
1743,6.482522329309036e-07,0.16217059192952948,0.4718547061514527,-1.5,126.83176499814991,-51.92133784795892,1959.7528324586403,100.0,1
1744,4.805847554373422e-07,-0.020519661653608613,0.07017766446025794,-1.5,44.89149694045782,148.4977181167785,1958.4040613424713,100.0,1
1745,4.83342947247076e-07,0.24024774212527153,-0.1496637405535052,-1.5,-56.5356170513698,113.96704080575009,1960.4153957467108,100.0,1
1746,5.626060035371246e-07,-0.08602124690340412,-0.2047995078477636,-1.5,108.01697884378179,-55.31646115345216,1960.7870123175162,100.0,1
1747,6.869795736464156e-07,0.2707065695775911,0.34566177203344256,-1.5,-147.07140715152977,-11.726060123473921,1958.9910124802975,100.0,1
1748,6.634796645440407e-07,0.29321188575731166,0.11571777456421907,-1.5,45.35132873663795,-132.4124723347803,1959.5467538229711,100.0,1
1749,5.336614805284853e-07,-0.1844268453556336,-0.0679471162251567,-1.5,-6.9824106414462745,128.144064782541,1960.3427330109328,100.0,1
1750,6.345930761437566e-07,0.2594337298988239,-0.4146654110648855,-1.5,29.198420818075636,42.77006689993278,1963.8562727107187,100.0,1
1751,7.163329341319298e-07,-0.3719046822054814,-0.020955574686473893,-1.5,103.64510408352574,-35.28665197134755,1961.4856183154388,100.0,1
1752,1.498375342738997e-07,-0.1482695735709249,-0.10312955847036816,-1.5,-59.686267951236715,-34.078557216449816,1963.3363154646302,100.0,1
1753,4.803329731275587e-07,-0.28876832966406507,-0.12547372471414944,-1.5,-168.83694149574518,-15.644601700317118,1957.2078632302018,100.0,1
1754,7.415639455145965e-07,0.21278414513226027,0.34478114882518196,-1.5,-100.35766666987341,-72.82093835672114,1960.622027812489,100.0,1
1755,2.956539157744722e-07,-0.1591217939088078,-0.3397821670557797,-1.5,-45.612645894693,-45.98692720818295,1963.4709000457751,100.0,1
1756,2.4209715815210477e-07,0.04852374895611495,0.1426997610957249,-1.5,93.62159583096148,-105.46066037550568,1959.4709316990027,100.0,1
1757,6.122868583138932e-07,-0.2987340544241895,0.019627691817468883,-1.5,49.36974932772342,102.20943068472498,1961.2570322108606,100.0,1
1758,8.359191754767144e-07,-0.0440617406191313,0.4739598265684477,-1.5,-57.08777498409629,56.213845160526354,1962.9045508699003,100.0,1
1759,5.421268550573527e-07,0.39335449940715234,0.2700383750642318,-1.5,-76.78473993795492,78.40021767106047,1961.4715893552784,100.0,1
1760,4.2860876309395066e-08,-0.23118224369085474,-0.0784347558216888,-1.5,27.823643720383956,-45.181135388023044,1963.8222414773954,100.0,1
1761,8.887031377603635e-07,-0.05061197680965114,-0.24175108892843788,-1.5,126.00686317134048,-13.10351748527668,1960.4499112523542,100.0,1
1762,1.591144311591489e-07,0.30310893468254035,-0.22388140566368997,-1.5,84.85611086271449,-5.78238703868048,1962.6969431666012,100.0,1
1763,8.790312575246216e-07,-0.04464305653135223,0.42921889913510136,-1.5,77.29761659211275,85.40452070657484,1961.1589513800736,100.0,1
1764,6.204160038640851e-08,0.25086766924109594,-0.3795423654974488,-1.5,82.58821862714466,-145.32214908082233,1957.4151183120705,100.0,1
1765,6.230454262579913e-07,-0.1359958885729777,-0.24000910517315643,-1.5,75.2511726556326,139.91322057032377,1958.1049098528208,100.0,1
1766,3.616355194915991e-07,0.41229569945384786,-0.09424833947648355,-1.5,-17.016014277907882,-50.40483187318968,1963.8184983465403,100.0,1
1767,3.1682607694261275e-07,0.06952517886286189,-0.05261964573870673,-1.5,105.3509725384956,-66.79065758688556,1960.57477972926,100.0,1
1768,3.288471041406966e-07,-0.48609295392242974,-0.1149283065764974,-1.5,58.74139567685148,96.42291976157436,1961.2917567880409,100.0,1
1769,3.881043894121995e-07,0.31323393648278974,0.0649493931462638,-1.5,6.073415624584518,128.9574971992108,1960.292417932819,100.0,1
1770,3.8211708062409306e-07,-0.016478498297425568,0.05245870091114529,-1.5,27.077575929191294,66.20266282989681,1963.236434712376,100.0,1
1771,5.677651015066923e-07,0.4067800757689741,0.059003796087540125,-1.5,-90.9502970036064,-39.366536150053385,1962.037615738453,100.0,1
1772,6.97859117639874e-07,0.0787893637175563,0.4330694604553349,-1.5,28.35066046241407,-91.01536640440018,1962.2246888151592,100.0,1
1773,5.057083639388289e-07,0.3332405176831999,0.07007564680075562,-1.5,-66.72402996449131,-141.77411887126482,1958.2801866203174,100.0,1
1774,6.429165354532522e-07,0.4598949389121179,-0.05146798717364467,-1.5,-12.67812813107735,26.247448508066828,1964.3226880479795,100.0,1
1775,6.026983519266294e-07,-0.1155088972454725,-0.10389041047514651,-1.5,-38.37534121888297,146.04918181214296,1958.726692508291,100.0,1
1776,6.510407825889715e-07,-0.16337791142159036,-0.36253197194004755,-1.5,-95.07609895042664,-52.082933715076095,1961.5456124419159,100.0,1
1777,4.345611878349325e-07,0.07467620391394499,-0.3877613548465439,-1.5,-151.65209142023926,56.168068646749575,1957.8713128033958,100.0,1
1778,1.8152091523507103e-07,-0.24206518859130957,-0.30625770753861464,-1.5,-111.40480384691384,-23.53601721506417,1961.2364242588435,100.0,1
1779,2.4558573106535933e-07,0.26970943336758385,-0.21228823580723655,-1.5,0.9537853571807439,-48.10839835151794,1963.9495814729246,100.0,1
1780,7.953983406762397e-07,-0.32084734994367003,0.22716651985538372,-1.5,18.545413212212992,59.501744121631106,1963.55007482911,100.0,1
1781,7.153061000775184e-08,0.4171039747281976,0.17672996284249223,-1.5,105.97789675550395,80.47563681571451,1960.026949698528,100.0,1
1782,6.706295044284487e-07,0.3898894823601282,0.19564465903035444,-1.5,133.80907604612568,-67.60437387432228,1958.810370114186,100.0,1
1783,6.466261359096028e-07,0.281120063970809,-0.0786603950664696,-1.5,-105.674849456499,-9.300304714041383,1961.6726579097501,100.0,1
1784,1.7632021202866786e-07,-0.05394761927043273,-0.12681407611595444,-1.5,-83.13884449383406,-79.54111117407838,1961.1665993575239,100.0,1
1785,7.803987642738844e-07,0.38911600660022333,-0.11663248055462032,-1.5,-78.39681615095587,-5.780272158200106,1962.9655661618983,100.0,1
1786,4.214125701612975e-07,-0.08349680948977592,0.07491632161602181,-1.5,-36.56326558569131,129.46152598621092,1959.9275821226568,100.0,1
1787,4.6037630357290257e-07,0.048375096347649166,-0.0840313270102776,-1.5,-170.21829839189596,14.25231079081812,1957.0988449222027,100.0,1
1788,3.611521017249582e-07,0.11060935312501252,0.03220694378251072,-1.5,145.88094584844495,83.1036706477176,1957.3517353376653,100.0,1
1789,4.1483213944546955e-07,-0.12350007787450525,0.15309074482995674,-1.5,67.44646358608651,147.2975873615973,1957.8477166453254,100.0,1
1790,4.4272647085970885e-07,0.4543231793088704,-0.03604580212240781,-1.5,33.13947490925651,15.531209254640807,1964.1980152235055,100.0,1
1791,6.532882016481736e-07,-0.09067184450744484,-0.07032847243366006,-1.5,117.89856392354847,82.19725151108236,1959.2745664492559,100.0,1
1792,6.740004758233365e-07,0.41841066355662493,0.23756358841475303,-1.5,23.33290091458142,88.42382450481878,1962.409256312501,100.0,1
1793,7.12950254370416e-07,-0.46516816415080103,-0.05237444030151122,-1.5,45.66410631779074,-151.58894365258445,1958.1493476807693,100.0,1
1794,1.409656656085532e-07,-0.32893738566240155,-0.1496036478263509,-1.5,-118.26422905823956,39.616433649537505,1960.5757819008893,100.0,1
1795,4.6649981021981114e-07,0.03741696235220766,-0.11843487437429513,-1.5,-70.42114511646892,-96.79928922809346,1960.8885858690576,100.0,1
1796,2.2424025197430395e-07,-0.04248722118433593,-0.22273753600866047,-1.5,-35.42448459066518,158.13036831641958,1957.8440128809368,100.0,1
1797,2.1415328846551275e-07,-0.34012023975111627,0.2209144865746759,-1.5,84.20199336656898,102.68950569786676,1960.0454525338832,100.0,1
1798,7.612835393574642e-07,0.36212568644990306,-0.14746099846803468,-1.5,42.6383557580522,5.813423047123165,1964.0675805574656,100.0,1
1799,6.662926343930989e-07,0.02503024256764546,-0.3244342864344954,-1.5,102.36120536766997,112.56046383919227,1958.6387139751207,100.0,1
1800,1.3864140957345026e-07,-0.2700402489103324,0.14878702955406997,-1.5,-12.083734098370744,-75.03659962293912,1963.068205221968,100.0,1
1801,1.5746754964835522e-07,-0.3845729688776316,0.06487697467960424,-1.5,3.57930055164157,148.9648659780135,1958.8797675145468,100.0,1
1802,8.007704461661557e-07,-0.29908310716933284,-0.3667889104951568,-1.5,-11.98339557127895,106.97978142393586,1961.5873701834441,100.0,1
1803,5.310096110613402e-07,0.24958397083611572,-0.1070269434322676,-1.5,-21.562355154432236,168.9800761483348,1957.13926049508,100.0,1
1804,2.7072717291442834e-07,0.4290704835204076,0.031179940606556194,-1.5,82.22902709097882,-146.92208470440409,1957.3108016858014,100.0,1
1805,5.634412435630211e-07,-0.08476177341675283,-0.11740493421137328,-1.5,91.9822073736399,-83.23043154481906,1960.6185898990316,100.0,1
1806,8.650851742938193e-07,0.0987092096969627,0.4338505912367144,-1.5,22.741034184669193,-137.3577109693582,1959.5991913826667,100.0,1
1807,6.342063489956324e-07,0.11349791321280266,0.2722322164797579,-1.5,-66.00520313787726,-25.386746570493436,1963.2656754813966,100.0,1
1808,6.371851062038423e-07,-0.3591147008501509,0.08003542013052344,-1.5,67.55348225647157,-80.09604814364943,1961.7427039173424,100.0,1
1809,3.989812875575107e-07,0.25568568325895324,0.05950383955403231,-1.5,88.48987716603862,71.2854330485858,1961.2499113933304,100.0,1
1810,9.077773094685541e-07,-0.0782189454604819,-0.1499226569248684,-1.5,118.10505310320488,73.0174922326046,1959.6257113351217,100.0,1
1811,3.545929124639903e-08,0.15782029128514535,-0.09211652108912273,-1.5,120.43612591492663,-112.12479853140512,1957.6354245351781,100.0,1
1812,7.335889652062506e-07,-0.16290291215137723,-0.32816590629287756,-1.5,-8.993576820391596,-101.46029915010013,1961.896584822574,100.0,1
1813,7.44378146522893e-07,-0.1958348612564414,0.37250364966559235,-1.5,75.04979429295399,-53.98496253037737,1962.3624635788644,100.0,1
1814,2.248644498701638e-07,0.2778107274139998,-0.371066818548837,-1.5,-74.1560747670658,85.7338287338999,1961.2658854555898,100.0,1
1815,1.9716079531011207e-07,0.4145899143758415,-0.07004354167794731,-1.5,-109.09475146356456,26.708130642931202,1961.325647929684,100.0,1
1816,4.1788515497431647e-07,-0.3857389830018332,0.30328642088690755,-1.5,146.7481205890985,-52.94846457852532,1958.33468423262,100.0,1
1817,2.4792970904217824e-07,0.41937244628133336,0.12246421485974128,-1.5,134.21086740609715,-37.70096347209765,1959.5865295233864,100.0,1
1818,7.531866726387609e-07,0.0542718721680085,-0.3389821729550605,-1.5,-107.32337842604969,30.58547290095474,1961.3667447871076,100.0,1
1819,8.905474531375617e-07,-0.3345847502559588,0.17929647833517026,-1.5,-27.26844191874314,-127.79261065135243,1960.1884519107766,100.0,1
1820,1.405315780192573e-07,-0.15657141926984547,-0.3503798298565667,-1.5,76.76708471172384,-84.94845003338001,1961.1995976462774,100.0,1
1821,4.181115135135865e-07,0.053326964259857244,0.35228648329413215,-1.5,88.09502431599591,-126.2676782200376,1958.4966240445287,100.0,1
1822,5.359343118939979e-07,0.3412286495472701,0.3004775989343621,-1.5,104.05831881297378,93.0820402627032,1959.5716078603714,100.0,1
1823,4.7318828797779325e-08,-0.2106716508037005,0.2607307224190887,-1.5,46.610325275760076,-106.94528625106585,1961.0720205011585,100.0,1
1824,4.003778241994996e-07,-0.21139401591703275,-0.31987490963149057,-1.5,7.650703103152392,139.8905788469542,1959.5370317904235,100.0,1
1825,2.07539643864746e-07,0.0025196295316036975,0.4826771554025964,-1.5,57.64129632405387,-121.66937768555815,1959.9202355600655,100.0,1
1826,3.766166200321687e-07,0.23004482595864525,-0.040812576543658635,-1.5,-73.65173468227044,77.51573030099178,1961.6268808823781,100.0,1
1827,2.226520258891197e-07,-0.03856698369610825,-0.4087333300886018,-1.5,-62.28971768095109,-58.211567698866055,1962.688128746745,100.0,1
1828,1.7930251419383545e-07,0.08560322126499116,-0.07151942198049974,-1.5,-43.718570816165624,65.575724289148,1962.9574109531457,100.0,1
1829,3.207286615695727e-07,0.07331350552627526,0.04813845718740249,-1.5,74.11756972001177,13.857758366840613,1963.09139742855,100.0,1
1830,4.811262715803188e-07,-0.017169984178393192,-0.21530645289114056,-1.5,-7.4830623285910525,-157.3148066169491,1958.2158567592567,100.0,1
1831,4.894690487458129e-07,0.06003624685182649,-0.4548807660428904,-1.5,-80.52513635917805,116.13744680829437,1959.4491782461002,100.0,1
1832,5.045082513044839e-07,-0.4366974118358409,0.21417071269831578,-1.5,-151.07219470184845,7.496634834617147,1958.7072978677172,100.0,1
1833,4.6760110877882655e-07,-0.18818931369407654,-0.26409353135304936,-1.5,40.443634744774364,-11.319617965677713,1964.0899839172016,100.0,1
1834,4.931973427787789e-08,0.34821272523875435,-0.19682914948045807,-1.5,15.337104005508685,83.54516372234922,1962.7017769201366,100.0,1
1835,4.4060558586400526e-07,-0.383187710413255,-0.2508629459046789,-1.5,-62.318248037054566,-34.533017001432604,1963.24659504722,100.0,1
1836,5.499189252323192e-07,-0.056307482411926464,-0.016274062363326944,-1.5,-87.55295560642102,-118.01394390224169,1959.0355982664914,100.0,1
1837,6.280852787527446e-07,-0.35305423017210585,-0.03463372168804145,-1.5,71.49260042886475,-65.6020286545743,1962.1412966925839,100.0,1
1838,1.05070834134349e-07,0.1653202021416007,0.22053875166784445,-1.5,-42.73010128857994,30.825476889863637,1963.8322776358757,100.0,1
1839,6.411946476312057e-07,0.03923235898851056,0.43757079480616085,-1.5,15.861775217422743,-113.6311346590863,1961.1857779387376,100.0,1
1840,3.5495956087218267e-07,-0.20849810370377903,-0.4427091990461697,-1.5,115.27008208952302,-89.84093230275477,1959.0953783121888,100.0,1
1841,4.554799312574387e-07,0.35737717288552523,-0.06754109374145408,-1.5,-164.51642409724826,-43.35604695961646,1957.1581146295823,100.0,1
1842,8.434937765150609e-07,-0.3564193731233914,-0.17983085812490404,-1.5,4.290767567846657,-93.06859686186881,1962.3284923421902,100.0,1
1843,4.5907545153132346e-07,0.4025015189103755,0.04897275278694069,-1.5,14.399758397425328,15.714687407890903,1964.4233204235536,100.0,1
1844,5.370236953959834e-07,-0.1934406532364892,-0.12081321279887977,-1.5,6.816761020367604,-54.722538346662176,1963.7648183609515,100.0,1
1845,2.9589883267652844e-07,-0.010022312724583546,0.1781512586609891,-1.5,-114.4191553258193,104.601262555312,1958.4126528983854,100.0,1
1846,4.1624947472270554e-07,0.16725054724663066,-0.4708486910895138,-1.5,-107.92671373081123,28.764022644736947,1961.3611961417744,100.0,1
1847,4.55538358212332e-07,-0.13245935266309775,-0.319582892795643,-1.5,-109.46255954113253,-74.8258264716929,1960.0592669655841,100.0,1
1848,1.692865795856195e-07,0.3094025613301615,0.09429515362598885,-1.5,-73.04621508448518,-20.01866999400211,1963.0783961878938,100.0,1
1849,2.5268597867090784e-07,0.31331382332355723,-0.24863127212853517,-1.5,-6.034206600427878,-25.277934685620853,1964.367048347855,100.0,1
1850,3.8531285298103385e-07,-0.08562633609769175,0.25936505383355857,-1.5,156.80197485756773,20.137595005780156,1958.1677415927065,100.0,1
1851,2.626740095813704e-07,-0.035663843262108856,-0.3521662860262268,-1.5,-101.17862641223914,-63.58565152842188,1960.9010777556246,100.0,1
1852,8.576001037314125e-07,-0.08863583645907407,-0.05901466066967164,-1.5,-62.73483362735136,-49.72562179491268,1962.9072798919947,100.0,1
1853,4.653681430670559e-07,0.13169634580010964,0.33417001101264815,-1.5,-167.0753908089591,-9.027762000134462,1957.40072534099,100.0,1
1854,4.394969097414062e-07,0.24165007691215323,0.06849169739490177,-1.5,127.16650912054331,18.358476529807092,1960.3328624403894,100.0,1
1855,6.407262185451189e-07,0.33433795224910834,0.11956813676428273,-1.5,81.38835479724209,102.4394855767889,1960.177383239663,100.0,1
1856,7.129302455482244e-07,-0.09131513518044614,0.36393164503204667,-1.5,-107.0308890806097,-86.09158368462548,1959.7310821302544,100.0,1
1857,2.918136758524328e-07,0.06116600755373833,-0.1723300204200485,-1.5,-169.77873034867486,1.0136329639973216,1957.1886576248946,100.0,1
1858,2.532241861900045e-07,-0.2345601075664516,0.13298021341901187,-1.5,-151.70906177363423,5.699384395615238,1958.6641273734008,100.0,1
1859,4.6007657335318684e-07,0.1819011645323637,0.10980793834557637,-1.5,-54.426008744442754,-149.538821333825,1958.0830515461726,100.0,1
1860,3.5163000607643406e-08,-0.02843801220788256,-0.4395751489455184,-1.5,31.56406535860828,-119.85476147827056,1960.6253676302251,100.0,1
1861,3.039449275550619e-07,-0.12452373450121572,0.17546818112850168,-1.5,29.353705243248672,44.97831028687506,1963.8046231380456,100.0,1
1862,5.881551327208884e-07,-0.0807403730837537,-0.1516742745567363,-1.5,-74.70469010706871,32.75197278075498,1962.8448241827743,100.0,1
1863,4.676170616979594e-07,0.014963530819819219,-0.00563192065918528,-1.5,-95.16737716722842,-32.948736225430245,1961.9558703932128,100.0,1
1864,1.34145847589279e-07,0.30687937129767945,0.24236461193887643,-1.5,28.83188812547535,113.34147890848249,1961.0547462149264,100.0,1
1865,8.409174939156292e-08,0.010000954168908454,0.1124925045360135,-1.5,3.345585867649426,12.91982758230777,1964.493617036354,100.0,1
1866,3.435049189028493e-08,-0.2316029996192291,-0.3237802625085316,-1.5,-129.9155386389293,-0.6305898261231653,1960.238465453313,100.0,1
1867,8.676228526430414e-07,0.2317058256481429,-0.26954605027755824,-1.5,-46.671898522611855,-138.5315653732332,1959.0926536408806,100.0,1
1868,2.0837868841671392e-07,0.09437996447978361,0.34827273083777616,-1.5,52.41545948353775,-88.44748937913519,1961.8468205993527,100.0,1
1869,6.337138064633578e-07,0.015722632304032137,-0.3810783352083446,-1.5,88.49921453985623,-12.942635266173568,1962.5018887849067,100.0,1
1870,4.155615286675169e-07,0.23179830019775988,0.07083090027686113,-1.5,18.448496951769677,29.87210979867378,1964.225189809592,100.0,1
1871,3.0326821908862097e-07,0.3201416843086594,0.14955985440565817,-1.5,-119.13082502097132,119.43358798125571,1957.2830022400638,100.0,1
1872,8.10259053639322e-07,0.43507356261568514,-0.2147961248259361,-1.5,-119.35930328237455,119.36007508290125,1957.2735668429902,100.0,1
1873,6.072917503678423e-08,-0.46817579680420573,0.15806092972435581,-1.5,65.6668543298757,-124.7512188036009,1959.4739814336822,100.0,1
1874,8.657962640893298e-07,-0.12124132988960586,-0.14409636125699188,-1.5,-32.849260186580665,165.38346352685355,1957.2895857187784,100.0,1
1875,3.0667408299032585e-07,0.04097331800327753,-0.12029920342810078,-1.5,58.90984592280474,77.81458721010209,1962.113097233899,100.0,1
1876,7.352292693994245e-07,-0.13310275230823854,-0.31124401787184297,-1.5,-53.723890345136226,69.39308307298494,1962.5778022524205,100.0,1
1877,4.448804084506723e-08,0.23978986411537034,0.10108294075156189,-1.5,84.57667067956491,-115.09953029524134,1959.3397283699187,100.0,1
1878,4.188725384380638e-07,0.1928465518457154,-0.3345206126606258,-1.5,62.67954321149767,145.07455909978248,1958.1720898406588,100.0,1
1879,3.943260501098915e-07,0.22486782160811794,0.18462419762162421,-1.5,-151.67122951151893,27.218937172240228,1958.4862148771456,100.0,1
1880,7.76283065749118e-07,-0.31749103406402857,-0.28863628299643235,-1.5,8.837024037430478,-0.44814173821196623,1964.519023181317,100.0,1
1881,2.3541960183680509e-07,0.12974420550185636,-0.05428347486522711,-1.5,-115.68180428135092,96.63412169064169,1958.747776756727,100.0,1
1882,5.82202036136867e-07,0.2353535869443131,-0.20025522722911573,-1.5,-25.08266662676322,-120.92403444873436,1960.6533411069033,100.0,1
1883,7.89866901022999e-07,0.020823530715401915,-0.427234752228014,-1.5,-67.07042332471686,80.07717979972176,1961.7600490010234,100.0,1
1884,7.391356768037478e-07,-0.10552632726196677,-0.2033040064838856,-1.5,-65.97289458608537,-15.707167720390373,1963.3680623684056,100.0,1
1885,8.900141392025889e-07,-0.23663736897994794,-0.21216361800152123,-1.5,27.96488029149953,168.15615814976687,1957.1292134687285,100.0,1
1886,1.0357853948381735e-08,0.01593724724905394,0.4354399025315451,-1.5,-155.75633631756435,19.999628163907147,1958.252604960955,100.0,1
1887,2.685175703571155e-07,-0.029166654804787046,0.3732650782689823,-1.5,84.02176356223265,82.59510680335524,1961.0027225494018,100.0,1
1888,5.435793192496595e-07,-0.007949597392658344,-0.3299750942615523,-1.5,35.94532903076744,-3.3690805431679145,1964.2071858343495,100.0,1
1889,5.559250897309192e-07,0.09863229964268724,-0.09633120021804985,-1.5,18.236528935727723,-107.88194237886947,1961.489791405265,100.0,1
1890,1.0242944583314338e-07,0.14918317415121235,0.28014430335429485,-1.5,-17.753537869922038,-170.16354605168567,1957.0749770395482,100.0,1
1891,7.763859385986538e-07,-0.1937358363036955,0.1418348483719654,-1.5,-118.33886171059956,-102.2888209976998,1958.3018656923327,100.0,1
1892,2.1668737369753308e-07,0.4471287017727207,0.12246546678580465,-1.5,51.361065931323246,137.71618516367027,1959.0328173658795,100.0,1
1893,7.410813420435278e-07,-0.49249274273630567,0.06443137542576334,-1.5,111.95171494344599,-102.63274550203533,1958.6593933959184,100.0,1
1894,7.467035324577414e-07,-0.4746912701097919,-0.1189640713766819,-1.5,149.87974326522985,-51.482994857392214,1958.1365759480093,100.0,1
1895,1.7593194056422324e-07,0.23616425220392118,0.36685463004703855,-1.5,-64.66861532844717,84.82869321014762,1961.6409837852316,100.0,1
1896,2.0157615263033159e-07,0.3465048856855934,-0.05474805471414031,-1.5,-150.28626236312374,-33.332858431688486,1958.498467234485,100.0,1
1897,8.342842146663728e-08,-0.3189640907440178,0.19033639237757516,-1.5,154.98214375858046,-66.28363334800025,1957.2941274454163,100.0,1
1898,7.137188988583319e-07,0.18028211684519255,0.14710751144981965,-1.5,41.701386346828734,-78.70009070685174,1962.518936562299,100.0,1
1899,7.869783831070496e-07,-0.2556143496161105,-0.3337203685721381,-1.5,-27.76543569558358,131.04609340541802,1959.966654882155,100.0,1
1900,8.901255941309043e-08,-0.10347389101916595,0.29587515068169457,-1.5,-23.264084215553215,-164.09447079730313,1957.5354590161312,100.0,1
1901,1.8218784863932318e-07,-0.3913258135202662,0.3055319477921006,-1.5,28.965529020988985,-87.54880132274532,1962.373433315284,100.0,1
1902,2.3751292409415516e-07,-0.30971362555086884,0.11555733061793842,-1.5,-76.3016111132561,-96.95586968736744,1960.6608349586675,100.0,1
1903,3.8409141371065274e-07,0.35933259784349375,0.05345698958126148,-1.5,7.765219962263466,1.3963928943414685,1964.5231069427393,100.0,1
1904,3.988095015812741e-07,-0.06054898954864622,0.12662799006415032,-1.5,110.73371842905883,-118.81107320457869,1957.813897885338,100.0,1
1905,6.448416104222639e-07,-0.13581217138509918,-0.09250334643751655,-1.5,-51.34819597108235,-145.09370022813422,1958.5005660430008,100.0,1
1906,1.5698206894718478e-07,0.42212349073017863,0.14438751199781277,-1.5,55.880268014747145,-75.82439004485227,1962.2796293563915,100.0,1
1907,5.156778164676079e-07,-0.060813589805950446,0.03308152638782728,-1.5,-66.4757354150606,130.75931617798307,1959.0549415725493,100.0,1
1908,1.279133494031652e-07,-0.09032915981991164,0.1165152382371698,-1.5,-169.59416895407557,-1.4221504398460838,1957.2044046575807,100.0,1
1909,3.770049251361797e-07,0.026397361714033722,-0.20353998617847263,-1.5,-30.940251783387765,111.29243588559656,1961.1399697115864,100.0,1
1910,6.804354740690001e-07,-0.0033198210376067967,-0.15035521485108624,-1.5,1.848076267626302,-152.19452758665844,1958.633885301925,100.0,1
1911,8.364463028864965e-07,0.24680915994283936,-0.38257988435216567,-1.5,-87.69881643903601,-112.35405649475572,1959.3618271902963,100.0,1
1912,8.269676855512424e-07,-0.0786958244473823,0.22070228843022613,-1.5,-89.83618442710514,-97.64735141130774,1960.0529944356267,100.0,1
1913,8.891664074577384e-07,-0.30896616175928354,-0.33362614398922225,-1.5,125.22121254301479,47.73781359144985,1959.962763765908,100.0,1
1914,8.185803158869635e-07,0.1917576558362293,-0.12563867582496976,-1.5,65.79553354147775,-128.4396109101365,1959.2313544809801,100.0,1
1915,3.075448045711814e-07,0.2281923134405516,-0.20753806507842262,-1.5,-11.625226886219522,103.48212712017228,1961.7771508845392,100.0,1
1916,3.054575583285119e-07,-0.2697105042985126,0.2786891345886309,-1.5,-49.84573828541508,158.7033849220903,1957.483569344883,100.0,1
1917,7.059144575289102e-08,-0.45427509239949226,0.1173063691199787,-1.5,7.769394140824052,-101.74178600126717,1961.8872372697897,100.0,1
1918,6.188382511060375e-07,-0.11690996430906184,0.45331746729290684,-1.5,41.620744644030125,138.08417960963214,1959.23805578162,100.0,1
1919,1.207736309310189e-07,0.14080749227339384,-0.21829618734859013,-1.5,16.302478458707384,-149.56213320026797,1958.7696862507394,100.0,1
1920,6.860600732532019e-07,0.201892974620804,-0.155296893474511,-1.5,-137.64820947791452,-60.96579654675445,1958.7622184290453,100.0,1
1921,8.828210664010678e-08,-0.2787914827355734,0.3847008849148632,-1.5,103.22387397593516,57.82610215782675,1960.972784109143,100.0,1
1922,9.82561452007165e-08,-0.42998447998047257,0.11843938278186181,-1.5,66.37572837693563,123.0153927194256,1959.5598388675576,100.0,1
1923,1.7072399068194628e-07,-0.39458860393767026,-0.23748346262031633,-1.5,-53.00760343172138,-134.7790673103208,1959.1932225432786,100.0,1
1924,5.461849433094664e-07,0.36463952144453876,0.196779362596788,-1.5,-102.9023558743598,122.49213911263585,1958.0143174341827,100.0,1
1925,2.6745176376005544e-07,0.30168041664878387,0.04841247301286579,-1.5,116.52031645380212,107.5837386805365,1958.127176996212,100.0,1
1926,5.989964425490039e-07,0.2517744929779605,0.05594290273259967,-1.5,129.2270685942293,80.62808736835021,1958.62522258241,100.0,1
1927,4.555746313249077e-07,-0.2256546939150318,-0.23674078678313723,-1.5,-25.431414742581474,74.10526409907007,1962.9760414338045,100.0,1
1928,4.5567028279142123e-07,-0.42021095186703183,0.020545686514606226,-1.5,39.07709625446501,45.33358886815287,1963.6270349877504,100.0,1
1929,8.765234449208415e-07,-0.06620340040518609,0.011968474066663612,-1.5,-118.945282837874,51.93256458211089,1960.2470034902933,100.0,1
1930,2.6767418157603994e-07,0.07817715093835137,0.3053279846533519,-1.5,-41.70745618767074,155.8382934186052,1957.9040325482915,100.0,1
1931,2.934096086867137e-07,-0.1854971152442152,0.20398591856599857,-1.5,103.6340888773376,-116.24849242557433,1958.3563388457874,100.0,1
1932,8.975676960122947e-07,0.07521909725678776,-0.46719071498097037,-1.5,-99.20564506932485,-102.95056739026029,1959.3296575427357,100.0,1
1933,3.1446529693954077e-07,-0.46541992160527995,-0.12498763680808561,-1.5,19.0231859286833,45.147636833396106,1963.9279761619605,100.0,1
1934,4.2654947587211515e-07,-0.11384505271786428,0.1400834026427742,-1.5,103.33638437554835,-133.97335935405002,1957.2393867163287,100.0,1
1935,8.872724190663317e-07,-0.151399260426795,-0.08826917906162324,-1.5,33.9535680484669,34.273213875000266,1963.946483052323,100.0,1
1936,9.502607425087845e-08,-0.26557002241767447,0.15830152395066646,-1.5,-83.24284068461485,-114.75689799847903,1959.4169464671509,100.0,1
1937,2.460953483906423e-08,-0.4636418202708567,0.11117344571044581,-1.5,-9.909713093031264,152.4873905584012,1958.5869088639479,100.0,1
1938,3.890377321571898e-07,0.2559309266600612,-0.1978433099665138,-1.5,-21.993107386390168,-90.52711477161563,1962.32882845479,100.0,1
1939,3.4679954165336303e-07,0.437215474694265,-0.05036115409743827,-1.5,-164.81938620940673,28.746052638504477,1957.4017269465637,100.0,1
1940,6.019481613535667e-07,0.25930090335662404,0.26873802645963185,-1.5,-5.69164995457199,3.0329103631010312,1964.5283639697482,100.0,1
1941,7.507485906467939e-07,0.2350107150942776,-0.4292055343712295,-1.5,-1.4811705492406488,115.678382141173,1961.1296755454841,100.0,1
1942,3.352061591165079e-08,-0.27391132526274453,0.41457432063933464,-1.5,68.91538560778002,140.57329372940742,1958.2908632230117,100.0,1
1943,4.947544407680123e-07,0.07893845790900736,-0.39905442890259485,-1.5,-89.44129074610363,53.06406380305414,1961.7843273174826,100.0,1
1944,4.5879492413805633e-07,0.0962284781004866,-0.3384627026737313,-1.5,-124.72274249936432,-79.3270111043386,1958.970328789801,100.0,1
1945,6.689930821375529e-08,-0.30730757300919703,0.1013071911625598,-1.5,-102.35977708037177,-110.94145196211625,1958.731159842699,100.0,1
1946,8.676449882207368e-07,0.2816983178088585,0.328691527250793,-1.5,153.8066928058966,-41.13421780343037,1958.0768022832874,100.0,1
1947,8.997744038066228e-07,0.22096619341043142,-0.030206009416419304,-1.5,86.87953466175232,45.10745039090512,1962.0985068651169,100.0,1
1948,6.763759400261611e-07,0.23152366972737223,0.06962856592684205,-1.5,126.88607533979706,-21.75553899981129,1960.3162772047326,100.0,1
1949,5.391585716679903e-07,0.272966443252668,-0.07397273670684995,-1.5,-34.82776576788834,-32.56574521374373,1963.9602300546776,100.0,1
1950,6.862400709594676e-07,0.4467755798069163,-0.12820829114324767,-1.5,-42.239112750015465,137.16907673323962,1959.2891027126072,100.0,1
1951,4.728815418490582e-07,0.012528578486257862,0.15083087159848663,-1.5,74.48221139095504,9.715022273420889,1963.1024692548963,100.0,1
1952,3.893471133956677e-07,0.26060435020995193,-0.061914597308750687,-1.5,51.07192329041562,-56.3901717991928,1963.0652290339224,100.0,1
1953,1.7642295845943549e-07,0.03374992933837817,-0.2045545174021411,-1.5,-74.3773987242606,-87.00787053275654,1961.201396922432,100.0,1
1954,8.358873356945724e-07,-0.19089757937974852,-0.37972298822400424,-1.5,-107.01568245502469,-112.30393946496872,1958.4046454079569,100.0,1
1955,4.553250305089105e-07,-0.08237238121976835,0.022314142395955285,-1.5,-71.68114208374902,-110.71777657098025,1960.1062915278037,100.0,1
1956,4.720275482138637e-07,-0.012838892937107537,0.2994383214472709,-1.5,88.24357716675185,144.15363456723952,1957.2547322706878,100.0,1
1957,6.288874910605512e-07,-0.381513134382753,0.01352941115668098,-1.5,-68.3558377796184,68.05482507411338,1962.169540710412,100.0,1
1958,6.296735498354315e-07,-0.30212169090033436,0.005839057167555062,-1.5,123.47233638680471,32.381201738072555,1960.3875448970066,100.0,1
1959,6.390059112200455e-07,-0.054117912305987025,-0.2342029648610031,-1.5,-116.33051317998705,84.57706140478172,1959.2670105561274,100.0,1
1960,4.336590725204018e-07,0.29497027673647913,0.23490807549304116,-1.5,41.81983336589535,130.84501746840073,1959.7305858732404,100.0,1
1961,5.123632514483483e-07,0.15729990391222995,-0.25091484740772857,-1.5,79.86225079933074,67.91415759487674,1961.7397825301841,100.0,1
1962,5.397413455792558e-07,-0.3400262041195631,0.30313729886642965,-1.5,76.62628727997821,-85.3799514681215,1961.1863660170388,100.0,1
1963,2.817440302879438e-07,-0.034619101890115876,0.35868839986916157,-1.5,-104.45607190900125,-63.48060244946763,1960.7326254285988,100.0,1
1964,6.708929604298739e-07,0.44146435498376907,-0.13937559594932022,-1.5,15.540430469825822,-110.74500509560787,1961.353442175407,100.0,1
1965,5.726274358320268e-07,-0.15820700723852438,0.24569668795603253,-1.5,163.3939739366358,-7.676829896834186,1957.7172323474247,100.0,1
1966,6.44980391365005e-08,0.3282775293681841,0.25616785051404284,-1.5,77.62454923147718,-49.22333897325544,1962.387519967212,100.0,1
1967,6.819859806793062e-07,0.04837571419145883,0.0838236887727355,-1.5,144.2635361159788,70.95277557711606,1957.9496985498245,100.0,1
1968,8.552401703062874e-07,-0.17667845363580986,-0.25498604193286073,-1.5,-1.0099372338590968,-60.52718499566829,1963.6060516736586,100.0,1
1969,1.437521858452475e-07,0.0787478292245924,0.24233311927686102,-1.5,-70.08125309467475,75.40280503871658,1961.8400345652815,100.0,1
1970,7.05193962586024e-07,-0.15758838027801303,-0.44724808252492065,-1.5,40.506269020275504,121.39519730371977,1960.3662245886046,100.0,1
1971,8.512909683463208e-07,-0.33285545675785233,0.23860101655127575,-1.5,-58.83274132250077,-119.30555987383585,1960.0301472675876,100.0,1
1972,2.434073953858127e-07,-0.3024279758496558,-0.38612430316595553,-1.5,-27.444286891601845,41.61637749003424,1963.9063558397456,100.0,1
1973,4.2687117225143736e-07,-0.04131476517045459,0.2233237359808513,-1.5,-68.30604222355939,129.2525013280059,1959.0919737884535,100.0,1
1974,7.468977861552322e-07,-0.10215765736559386,-0.0731575344471087,-1.5,67.22492844596174,128.29074246868555,1959.1925838616273,100.0,1
1975,7.333932034243898e-07,0.19791461834414997,-0.15747670258594512,-1.5,-51.01963903035634,45.08158305372151,1963.358839735802,100.0,1
1976,8.093163933465252e-07,0.3471150266590389,0.20770360650649633,-1.5,20.770777417418326,-14.125364370482055,1964.3783584516016,100.0,1
1977,8.260853114488873e-07,-0.21565731633959262,0.06556395522341046,-1.5,-94.1727843938816,-118.665069559949,1958.6891979617305,100.0,1
1978,1.6962325261491934e-07,0.46894576970998675,0.10702535017876524,-1.5,72.48131781694971,118.04003350743942,1959.649533800167,100.0,1
1979,8.629285879881953e-07,-0.28934373956858145,0.28886842288402365,-1.5,16.729261484309923,159.8178085816549,1957.9559969867755,100.0,1
1980,4.0900200141986717e-07,-0.0483173525021257,0.17806637174465437,-1.5,57.30017867741156,-96.76957379522815,1961.3173188898215,100.0,1
1981,5.257460617237926e-07,-0.23978519026993453,0.11061048042086476,-1.5,-66.79698136102361,1.0173256724500992,1963.4027642324593,100.0,1
1982,4.3344133099090626e-07,0.11377093448667183,-0.36537654767838496,-1.5,31.245387736387794,-18.256791870193755,1964.2056159073425,100.0,1
1983,1.7469058926923035e-07,-0.4382945713517143,-0.008368905389271045,-1.5,42.33157921881476,-55.52628264237136,1963.2977755814047,100.0,1
1984,6.646761445866939e-07,0.37251130917999925,0.30854510578951183,-1.5,-133.51943140130322,88.89334358190744,1957.9795252175732,100.0,1
1985,4.1491338681101107e-07,0.1305521192516856,-0.21047677035283033,-1.5,-14.554167225154574,-38.537434684521735,1964.107005387041,100.0,1
1986,7.087971940679243e-07,0.3688895245635316,0.208497321815758,-1.5,-35.792388289871525,2.0959772081060137,1964.211749808605,100.0,1
1987,1.799613227181727e-07,0.4019078623301576,0.08024993575531852,-1.5,-6.078413796204871,-18.7907163387479,1964.4396779059748,100.0,1
1988,1.3983821789793002e-07,-0.1728491477240967,-0.38927427433456036,-1.5,-96.24635662535586,-15.437378273168555,1962.1191636734318,100.0,1
1989,3.73170061848116e-09,0.38825548369846985,0.11382777061404777,-1.5,122.73197317821763,35.22827135296854,1960.3849412611273,100.0,1
1990,4.7444597332264106e-07,0.1149596046431073,-0.1580445379825512,-1.5,-32.468107828768645,-158.03860533270645,1957.902680795101,100.0,1
1991,8.56055649824498e-07,-0.10727496006818601,0.40611874596800246,-1.5,40.763038101871125,-160.80950722450476,1957.5218934604661,100.0,1
1992,3.519411338585094e-07,0.16040352305113395,0.36788839801393064,-1.5,83.78131127176104,95.41573593622249,1960.4310279842707,100.0,1
1993,7.454473665394847e-07,-0.08830053560542774,0.17138490050930832,-1.5,2.9695350608266824,83.50453772450952,1962.7611826982593,100.0,1
1994,5.1104449335777e-07,-0.4646585506247323,0.14038946472384065,-1.5,-10.712054657981488,44.80008632146486,1963.998851938749,100.0,1
1995,1.3316177323290177e-08,-0.47141478277054905,-0.1501547722770125,-1.5,127.32205055999702,63.277865284973174,1959.3872239739408,100.0,1
1996,3.023290300115391e-07,-0.3400567569555997,0.1424896216037941,-1.5,-70.35837579323177,54.33858964609329,1962.526510113212,100.0,1
1997,5.362961495378001e-07,-0.014760818285203365,0.022080594843428013,-1.5,68.17431373872849,91.46790230520976,1961.2238964637029,100.0,1
1998,4.7457163568975274e-07,0.2999813486031696,-0.0010344318999155433,-1.5,-121.59863537097773,109.7347962274994,1957.6989892828153,100.0,1
1999,6.369343737541411e-07,0.16295763753744363,-0.4643855571534075,-1.5,-45.353099665146225,159.56326814073444,1957.5229107413131,100.0,1
2000,3.708452278198914e-07,-0.23233182482575349,0.08632535938343996,-1.5,40.22623865451274,-30.529039422334726,1963.8897916486533,100.0,1
2001,4.356039512981624e-07,0.04185484339676945,-0.2044015640917431,-1.5,37.87465789372771,-154.90127851199566,1958.056278678147,100.0,1
2002,7.682097625745518e-07,-0.09423296047791815,-0.1083947417923828,-1.5,-133.13665718303452,78.12056844868151,1958.4649840029087,100.0,1
2003,4.0985386647389426e-07,0.39878471003409216,0.0761400451505143,-1.5,-106.74003365609025,116.3879612674924,1958.1812209173145,100.0,1
2004,4.087605072365425e-07,-0.011620121556744545,0.05062889356954536,-1.5,114.68862545813994,-125.16181185183218,1957.1904164670898,100.0,1
2005,3.300433799830475e-07,-0.21912957206986924,0.1568108189171162,-1.5,-102.16500754295579,-87.77634057690386,1959.9160470629365,100.0,1
2006,7.937728224482636e-07,0.10789421185170166,-0.29831565439038016,-1.5,33.10407485053936,104.9346736755117,1961.4551029159538,100.0,1
2007,1.4602880894822362e-08,-0.04829372172062291,0.1339200207753182,-1.5,39.99446777915033,-110.1234035885647,1961.0422139248467,100.0,1
2008,7.48116251649552e-07,-0.18007168763687836,0.0007242833414343441,-1.5,-38.91429970732876,-146.9219947484369,1958.6507833208962,100.0,1
2009,5.230698574130721e-08,0.2282560934009858,-0.29046502800217777,-1.5,-86.30459539355164,116.84428387624538,1959.1611001664805,100.0,1
2010,7.696549623673781e-08,0.3982415310337472,0.2171581685677452,-1.5,133.56049401404624,76.3906465285545,1958.5043655370812,100.0,1
2011,7.599185810161226e-07,-0.09552913019227335,0.1804763584003204,-1.5,38.0958427995073,-33.06061803960984,1963.8912873584336,100.0,1
2012,1.9892451369553986e-07,0.3654431535716909,0.14987015701861012,-1.5,-127.56876556546943,22.73255778156952,1960.2608824171698,100.0,1
2013,3.393379315088405e-07,0.17164753617725562,-0.4156150008967799,-1.5,39.94135052030091,-31.899734821572114,1963.8738202091954,100.0,1
2014,3.82692841663161e-08,-0.03619988051213351,-0.11352343948214254,-1.5,-149.65972484459357,16.773807602162876,1958.7582526703231,100.0,1
2015,7.341173513166915e-07,-0.45732381259833454,0.014588495226597062,-1.5,77.80964740922379,17.702103109383454,1962.9176194078264,100.0,1
2016,2.6757718629479306e-07,-0.16365794030658343,-0.35878608392023714,-1.5,-12.639911400116308,-66.20131063176083,1963.38251631631,100.0,1
2017,6.60698732011068e-07,0.0892998801575725,-0.2838052809219676,-1.5,-32.73098265924323,17.5916399928048,1964.1874918761332,100.0,1
2018,2.3348276553542183e-07,0.17578166811572266,0.05179138893442605,-1.5,104.53787828694188,-62.794203779847834,1960.7503681603762,100.0,1
2019,5.069380263505876e-08,-0.34890068503556776,-0.1800756184135771,-1.5,-60.72920884135588,-114.06117294593497,1960.2844942216504,100.0,1
2020,2.2101898988044217e-07,-0.27976293654023243,0.21838912321345844,-1.5,27.288161349027714,-17.3979142670082,1964.2723729400357,100.0,1
2021,6.938798299342583e-07,0.22383638401551695,0.4032786699804584,-1.5,114.74452160184096,-18.332482788893397,1961.0994113260274,100.0,1
2022,3.2279362103130315e-08,-0.09544355652461782,-0.21498941391199544,-1.5,-65.31345579492397,139.92461923215376,1958.460757761307,100.0,1
2023,4.0541282174828753e-07,0.16010583233200068,0.2788340405171212,-1.5,-4.138452413046314,22.853840687303144,1964.401654815938,100.0,1
2024,1.2756158302606912e-08,0.07331140522343864,-0.4196894741116539,-1.5,-56.96011081122732,127.83431771002803,1959.547707829058,100.0,1
2025,2.3808237322532252e-07,-0.1510405731910832,-0.21025344531225545,-1.5,-104.76986344543111,-41.081043447971396,1961.3130575838684,100.0,1
2026,7.797947027248634e-08,0.4239672973529609,0.19016161705700743,-1.5,-76.33709008728813,-34.1497121826481,1962.7581950156211,100.0,1
2027,3.2494166443908356e-07,0.24279117051752988,-0.40469048250865297,-1.5,145.4090349765968,26.596048950543853,1958.9696651539875,100.0,1
2028,3.307052145406266e-07,0.38628631985435197,0.1692372254613646,-1.5,28.815688114308678,-72.70938857601857,1962.9814790765427,100.0,1
2029,6.06305523888265e-09,0.0494150163516691,0.01688497785355488,-1.5,-145.0532625617393,69.66771088059028,1957.9374983249554,100.0,1
2030,8.146778913699133e-08,0.2267492071611942,0.4046611654775469,-1.5,-150.1899437895527,40.623354471126,1958.3682008555325,100.0,1
2031,3.4019532576937625e-07,0.04878900535068764,0.13737289362615354,-1.5,48.96892907323051,156.05497820593794,1957.718614619756,100.0,1
2032,2.2343204900932698e-07,0.12306341315528309,0.22797666705463926,-1.5,56.592546040162446,-124.01917473116241,1959.803514206928,100.0,1
2033,4.004730646113149e-07,-0.31505523797534885,0.3103985292494763,-1.5,-13.40362522847172,-72.06825784395699,1963.1708522969168,100.0,1
2034,6.97289348552234e-07,0.4740569603234668,-0.019399336233722524,-1.5,49.367863401326055,64.59383660041864,1962.8560152498599,100.0,1
2035,3.811878554332642e-07,-0.4042726624550729,0.19969211472675907,-1.5,9.60976977821974,-88.93048689187293,1962.5015432075754,100.0,1
2036,5.837566115074135e-07,0.23219780069302065,0.3368006341570501,-1.5,23.693381692099813,-91.5905263344137,1962.2596885774087,100.0,1
2037,2.3127955370252342e-07,-0.3404127868302202,-0.3648475672702095,-1.5,42.52979729981314,143.5204314117087,1958.8278097819534,100.0,1
2038,7.116539310036307e-08,0.28936015922239056,-0.2917030132422566,-1.5,-17.75783052289467,117.23649452505951,1960.9573045002094,100.0,1
2039,8.360991865727092e-07,-0.08006257822520817,-0.10453071224095947,-1.5,-118.36051018578745,66.98173766172499,1959.8258909185038,100.0,1
2040,7.408866616606578e-07,0.3026796239837337,0.05497797503472347,-1.5,-132.21541212894832,-104.26771398772262,1957.3095347648716,100.0,1
2041,2.1953166044281071e-07,0.14406337699770125,-0.03467294782222379,-1.5,147.39918853344204,-3.434396290075419,1958.9984610529782,100.0,1
2042,8.373130837257577e-07,-0.1771638068634893,0.14717916275079132,-1.5,-3.24164494497056,-104.24528663020408,1961.7685129034894,100.0,1
2043,7.077092262542296e-07,-0.11183806540858766,0.1428611455086065,-1.5,138.78902606392055,-26.77722831847138,1959.4473385508322,100.0,1
2044,4.586624858312952e-07,0.24950286702679417,0.33137422417460277,-1.5,-4.981510969719386,-52.67851499847361,1963.8262257318354,100.0,1
2045,6.139608608323114e-07,0.14191089698886974,-0.2023293675960554,-1.5,135.95915545098924,95.15147265171655,1957.5174562612192,100.0,1
2046,6.492945186021051e-07,0.11158374704886896,-0.35461863728389464,-1.5,38.472805531870314,-118.01620150810649,1960.6135023717031,100.0,1
2047,1.0272516558527375e-07,-0.23244250205639502,0.2877453119823819,-1.5,87.53023642140985,34.70751645539573,1962.2811042966403,100.0,1
2048,6.886505187603304e-07,-0.28706863550508854,0.19850970281919228,-1.5,-45.84484632958897,152.37171992589953,1958.0843687895501,100.0,1
2049,2.600495396179168e-07,0.1402146113624741,-0.4287876300933974,-1.5,0.1144095234076878,130.97873623290204,1960.167810120201,100.0,1
2050,7.537096260461295e-07,0.07945186990293064,0.24138786207231933,-1.5,35.0843420089329,103.54875742294205,1961.4943359714543,100.0,1
2051,2.8582622311545734e-07,-0.03049735595908107,-0.2922571352056649,-1.5,-88.19872761199905,55.52784212161255,1961.7723949181957,100.0,1
2052,1.0795067793487237e-07,0.13323640924646055,0.16415241305845674,-1.5,40.96742136543865,55.88485498611221,1963.3165408654763,100.0,1
2053,4.6226880773867497e-07,0.06561788336826074,-0.2005067504689448,-1.5,-49.492232826132145,4.6062881627803725,1963.9100252469248,100.0,1
2054,9.541011749010937e-09,-0.007003255325307643,0.06398914630653768,-1.5,-85.15918017766664,115.60796803751234,1959.284562799349,100.0,1
2055,1.4813186765884995e-07,0.38627029124989387,0.027694718052555186,-1.5,-44.82589929927124,-102.19973089451024,1961.3666510938826,100.0,1
2056,5.192973220987546e-07,0.05023165860635439,-0.1831086446787992,-1.5,20.348478735297626,-148.7413485687754,1958.7943324671,100.0,1
2057,8.705999335307237e-07,0.05231760439556676,-0.31842274777569135,-1.5,-146.4838193042335,-70.80164702015732,1957.7903114806268,100.0,1
2058,6.935759286130423e-07,-0.3368003682009823,0.07220016869937433,-1.5,132.56907272221025,-36.774771949299584,1959.7158833289539,100.0,1
2059,7.754313943588806e-07,0.19338449157434678,-0.40589832389781333,-1.5,33.28671511127402,81.89334128903609,1962.5490469070446,100.0,1
2060,8.582299289863467e-08,-0.05780373353173453,-0.16410661223257897,-1.5,86.56270631626568,22.543479597701598,1962.5014587686205,100.0,1
2061,1.0494331053930061e-07,0.33500375592537984,-0.1226655746061058,-1.5,-114.12194027294778,-104.29139746515925,1958.4465204414528,100.0,1
2062,7.945334784362812e-07,-0.4362203153514898,0.0929897527112164,-1.5,-156.3407931935991,-37.063264084566,1957.957394098535,100.0,1
2063,2.869373239080681e-07,0.12417255674790278,0.3111684351535657,-1.5,126.48052808193977,45.343625293086525,1959.93875361643,100.0,1
2064,4.084078645015414e-07,-0.1507505595187193,-0.1760189000536765,-1.5,111.72634403937882,-73.36159926852453,1959.9868841567513,100.0,1
2065,3.0148786241632327e-07,0.04213871848962166,-0.09459526658343968,-1.5,-138.5249355610565,-90.4156375187665,1957.562040137173,100.0,1
2066,8.413315458775601e-07,-0.459378356978769,0.1671377914942629,-1.5,-88.24710066835179,1.0040445447963662,1962.5556622384786,100.0,1
2067,4.566701845266267e-08,-0.08463194614014537,-0.3559134832087533,-1.5,43.11473768593297,-53.77151292084412,1963.3295775438742,100.0,1
2068,8.326522946241943e-07,-0.15022916258259034,0.4363783296889392,-1.5,11.188581896521223,-49.86209346046816,1963.874200028356,100.0,1
2069,2.9647221376014165e-07,-0.30086809158111405,-0.05482485606263052,-1.5,-41.696027435217225,-22.112492659132652,1963.9719359580097,100.0,1
2070,7.783818267292118e-07,-0.24010071167935634,-0.32274470944893596,-1.5,73.02940650339681,101.0453381144905,1960.5789531914345,100.0,1
2071,2.0689321800800075e-07,0.12220037239169176,0.25977385651020546,-1.5,-120.72094035597668,-13.34152878215208,1960.7809016908175,100.0,1
2072,6.197077442709448e-07,-0.2021864873115019,0.08933666000292326,-1.5,56.37198322875941,-97.41084329090044,1961.3124721426577,100.0,1
2073,3.6580468655017994e-07,-0.452230360843504,-0.15024577874506162,-1.5,-50.39382385902157,150.71823114514,1958.1005499165453,100.0,1
2074,8.944178845455674e-07,0.3635610812313664,-0.31387410575835406,-1.5,68.55262169944142,-81.91867764317345,1961.632777707759,100.0,1
2075,6.978004792529581e-07,-0.19330286821280443,0.20149760180472784,-1.5,-162.12057128459912,-30.93553516922315,1957.5937268228768,100.0,1
2076,4.7069516928092975e-07,0.3067344675554448,-0.04347862136786201,-1.5,25.2957611961713,122.79973954152076,1960.534017736028,100.0,1
2077,3.129295483573477e-07,0.14282187841362967,-0.1302653072944596,-1.5,91.5262215309859,-14.370358027171529,1962.353110387772,100.0,1
2078,4.590224519911716e-07,-0.07452866206659102,-0.3215550225976856,-1.5,-135.6513881510591,-34.91154334752159,1959.5390201013902,100.0,1
2079,4.4320338520923026e-07,0.3234305190413559,-0.27132073236813614,-1.5,-102.05744385918965,102.1159267430533,1959.2268633122778,100.0,1
2080,8.88218843906102e-07,0.14678177729136008,-0.021192888051555697,-1.5,43.38724305028888,148.89284857111602,1958.4079638959306,100.0,1
2081,7.331687108929498e-07,0.147743835500718,-0.4376967465803578,-1.5,150.45661220253317,23.80120072496143,1958.6244144691748,100.0,1
2082,5.069244360100966e-07,-0.339486367710923,-0.27023811057528374,-1.5,-10.827286300827858,-151.23159090673437,1958.6794178857624,100.0,1
2083,2.049407201391782e-07,0.19070951873235792,0.40260604285105883,-1.5,-65.7078545625989,-12.390726388866268,1963.4006809651635,100.0,1
2084,4.398359675578554e-07,0.32750224008976847,-0.3721045573444393,-1.5,29.797867058194104,136.41670314705584,1959.570324455696,100.0,1
2085,7.735519523861891e-07,0.21212387648165837,-0.3544115655690346,-1.5,-124.66933888309805,-18.871295453823052,1960.4883872179598,100.0,1
2086,2.0510112076303326e-07,0.22975806592915166,0.13896711420270694,-1.5,28.241329077883776,150.49878572186458,1958.5621841275017,100.0,1
2087,4.798069234364616e-07,0.3198507685994325,-0.15555421357980218,-1.5,8.23524453855828,17.831236676791377,1964.440763681129,100.0,1
2088,4.0394506080758825e-07,-0.4591018822892859,0.19047723472680822,-1.5,-112.12047742844722,98.0085222185981,1958.8865751696485,100.0,1
2089,7.763687365448873e-07,-0.45686522799735824,0.018740009369462216,-1.5,42.71751518405175,-53.98304148970382,1963.3324556463056,100.0,1
2090,4.6107241256225126e-07,0.43727681127166595,-0.16962929667800938,-1.5,-109.28572084068949,7.399537340842975,1961.4828993222459,100.0,1
2091,2.554964036800064e-07,0.19115194779356223,-0.4231417444454504,-1.5,73.86009251915904,-15.688688324614619,1963.0873230852073,100.0,1
2092,2.756876125413307e-07,0.25204394399755514,-0.24496763471189983,-1.5,-126.09320207931793,76.1788270244491,1959.007548982059,100.0,1
2093,3.2819449946316137e-07,0.07200831534949359,0.11455684310585823,-1.5,-68.49352353424543,131.47078478717236,1958.937813267037,100.0,1
2094,6.778049051762898e-07,0.412940407569247,0.14313364221062205,-1.5,-67.08481537679802,-2.9414135456716846,1963.3910109548594,100.0,1
2095,4.3344164407272935e-07,0.06523489882093879,-0.456332140672971,-1.5,110.67446440490798,10.443628300193787,1961.3911848029566,100.0,1
2096,9.028342062992577e-07,-0.2509204509752536,-0.2806180129875039,-1.5,-76.17031484226469,-55.335705572999835,1962.281664056335,100.0,1
2097,3.827574114767614e-07,0.4730847403360113,0.01887397474990784,-1.5,-60.333521803697124,-71.32600116378458,1962.3164255468275,100.0,1
2098,9.009064478714257e-07,0.2213411465374862,-0.37919849400174443,-1.5,-88.56932501179176,-33.94482668033817,1962.2478206574033,100.0,1
2099,8.66688031394333e-07,-0.06943131965266768,-0.48137266001905105,-1.5,-1.9513678483828505,-17.622565034616773,1964.45893915634,100.0,1
2100,4.963679867471143e-07,-0.3443755380577163,0.3457003917223457,-1.5,105.35648104655264,-111.05701574845769,1958.5657092425226,100.0,1
2101,1.9338657662356248e-07,-0.07398889757131658,0.317207569151747,-1.5,59.25911254668063,-147.48229550240876,1958.0987248756512,100.0,1
2102,1.067364311095634e-08,0.2662701507200572,0.0757817910414012,-1.5,100.16566783806502,49.88834013855314,1961.3493515360556,100.0,1
2103,4.5285416503300655e-07,0.1615785029395535,0.41080736292698466,-1.5,-38.850271482946354,165.73925875738118,1957.1495703646124,100.0,1
2104,4.2614479974444097e-07,-0.37630382843016785,0.32356615513377013,-1.5,36.399598438667255,17.81759635725737,1964.1208946395548,100.0,1
2105,5.842346744077414e-07,0.1509367033389352,0.4470388786804685,-1.5,-69.92857547310453,68.67492159619738,1962.092514572692,100.0,1
2106,4.5882581664762567e-07,0.14973108087029494,0.30407931797459015,-1.5,-89.09412598439269,-87.6223382303692,1960.5605955502247,100.0,1
2107,5.794273211431477e-07,0.011044321408398408,-0.47637962316355886,-1.5,-17.896589886853285,-19.380803062329043,1964.361825837901,100.0,1
2108,3.8304183274131524e-07,-0.12183785396776757,-0.15154045677313044,-1.5,71.9123049507742,-42.67491862697952,1962.7584563524313,100.0,1
2109,2.4309419261370274e-07,-0.19494293531524762,-0.3738512988693201,-1.5,-157.42310601952914,64.83426321972978,1957.1478662252503,100.0,1
2110,1.2206428695881986e-07,0.32916916891764714,0.001807613573771512,-1.5,87.62148617113233,-121.28004746018759,1958.8330484028872,100.0,1
2111,6.409088512511621e-07,0.29607152740055265,-0.14228186990683064,-1.5,-92.41087692065469,-15.104366054220412,1962.306136722552,100.0,1
2112,6.07237122361825e-07,-0.04215332191739001,-0.44644221491046193,-1.5,138.07585098359493,2.2906948687050552,1959.6793355950626,100.0,1
2113,7.380214599929849e-07,0.27258335082480306,-0.4127110891307184,-1.5,-119.58493873180137,-29.40903827189869,1960.6753523116886,100.0,1
2114,6.517272276995844e-07,0.07973982185732016,-0.4156128662850412,-1.5,132.09978301395924,27.829143635150285,1959.8950156470958,100.0,1
2115,5.305904882448127e-08,0.11766156892611414,-0.06903566163807122,-1.5,-104.48249990042068,112.02108890744103,1958.557624661751,100.0,1
2116,2.8763012149981186e-07,-0.12163805622733558,0.25570083579990893,-1.5,92.90262080417982,-49.11680787411706,1961.7262623766096,100.0,1
2117,1.7010407029143752e-08,-0.10531403851357732,0.39963191182592445,-1.5,81.96232147911498,-117.32276695350735,1959.3189716016784,100.0,1
2118,5.682316773887306e-07,-0.3433568128068673,0.2140243998370403,-1.5,63.26241394795833,-148.92390403789472,1957.864352822667,100.0,1
2119,6.475419104816534e-07,-0.07587110759091874,0.38748660306180244,-1.5,-155.95555660559697,62.21141466887763,1957.3504771795128,100.0,1
2120,9.6313278393646e-08,-0.3817377772437969,-0.12431977745425714,-1.5,151.77380463442097,-67.27262749294786,1957.5117859372185,100.0,1
2121,2.4133422402886336e-07,0.3405255169179519,0.3352745928935341,-1.5,35.75746524342132,94.91651165458744,1961.9188428069142,100.0,1
2122,7.961249452862966e-07,-0.187598649286778,0.4454585045499593,-1.5,-76.0767358491424,19.103544171627572,1962.972407123634,100.0,1
2123,6.351665405506366e-07,0.19264436961189574,-0.13514717529846398,-1.5,82.8861428147545,-59.357409496684035,1961.8919112767824,100.0,1
2124,6.530282376955462e-07,0.36160140701137883,-0.20268663959618488,-1.5,-28.30857193949321,-9.654397838564359,1964.3112542627384,100.0,1
2125,4.998506697122796e-07,-0.037027165743103545,0.448050335082777,-1.5,-81.33678333923277,-39.20655793515995,1962.4628556375367,100.0,1
2126,4.672653510120506e-07,-0.36184297286123646,-0.24317081195005677,-1.5,-105.79224169513164,-9.967761500730267,1961.66305251282,100.0,1
2127,7.371178767718102e-07,-0.299159954875724,-0.06564996580785211,-1.5,-0.817511321362944,-22.019617604440004,1964.4153721608689,100.0,1
2128,8.588123329848499e-07,0.29599448617263113,0.35702697755183765,-1.5,-115.36465544175655,29.850308578327247,1960.9215286743922,100.0,1
2129,4.194348501932695e-07,-0.3293088237034412,0.21028652794214134,-1.5,153.62767754882498,29.013783662087487,1958.3079490505816,100.0,1
2130,9.886981981880013e-09,-0.3468713533164553,0.24419493633887682,-1.5,80.28113507662621,-88.83360926158903,1960.8867421354296,100.0,1
2131,8.198775250103366e-07,0.33653999584735306,-0.1066008416474553,-1.5,9.982363018696809,2.0047192428715355,1964.5125654460578,100.0,1
2132,8.045850378165321e-07,0.37690042078180086,0.24344836997115146,-1.5,82.23066105827228,-35.37376764549262,1962.4984334288304,100.0,1
2133,7.960433593869643e-07,0.012704645033041003,0.2466425449085827,-1.5,71.4319278424771,127.91252292957275,1959.0684399552329,100.0,1
2134,7.886910509980203e-07,0.3753215592584536,-0.32659432362498875,-1.5,-55.18091049175055,-30.18030610143746,1963.5318949553778,100.0,1
2135,5.865388615304026e-09,-0.3522964372960912,0.09867740856564287,-1.5,79.9402280665314,-25.616055141764036,1962.7446761924427,100.0,1
2136,4.815185689099262e-08,0.17381677692734035,0.03773035602412504,-1.5,-67.30545342615855,156.70672747805204,1957.1219338018645,100.0,1
2137,4.579296900753002e-07,-0.13506003374153672,0.26990806771544956,-1.5,-47.69661251550733,6.6253642980950636,1963.948681602601,100.0,1
2138,2.0873004829994022e-07,0.4215993703902269,0.19818375494935989,-1.5,-142.92325822112423,41.554747521790794,1958.8923991592771,100.0,1
2139,2.764854131656632e-07,-0.3835267812478377,-0.029088083458639856,-1.5,-117.40453413112937,6.872721597680916,1961.0156111896265,100.0,1
2140,7.485947265482522e-09,0.48413824422244356,-0.02364274834100796,-1.5,-6.482496745279108,63.617349547603304,1963.497923690936,100.0,1
2141,4.6481530811996906e-07,0.05081261281248389,0.45069804791355134,-1.5,5.760086104672869,-88.87362514040439,1962.5191939006866,100.0,1
2142,7.365094473039326e-07,-0.03758087215649678,-0.3799629472593516,-1.5,126.00680862444763,90.38851071462743,1958.4089173554141,100.0,1
2143,3.821681185187737e-07,0.20983574880725242,0.3183770157752762,-1.5,148.26232743790348,-85.44491667494151,1957.071979959664,100.0,1
2144,7.596976334747084e-07,0.17488050022920856,0.4051077087498907,-1.5,59.944866246574165,88.91372381736458,1961.6101164588597,100.0,1
2145,3.6527169777115936e-09,0.11827266713080856,0.427968716673251,-1.5,59.11005580337731,135.99279211841204,1958.9347227666601,100.0,1
2146,2.9938701672244076e-07,0.13078450764776833,0.167795173679211,-1.5,-147.22497541007726,-77.52716519783893,1957.479918552939,100.0,1
2147,1.6938659463590876e-07,0.37085998347544175,-0.05166142681453581,-1.5,80.95506505254923,-68.41360878050904,1961.6776345368512,100.0,1
2148,1.079813004296963e-07,0.018897258934970868,0.0006234656342816655,-1.5,-87.41097516360419,33.63355959057071,1962.3051218799656,100.0,1
2149,2.3733370641637315e-07,0.3722934378801568,0.33210551114359466,-1.5,-140.65330007877736,24.31396209298353,1959.3465152163417,100.0,1
2150,2.8941320211463857e-07,-0.11660422095837689,0.47331929507700576,-1.5,-168.2417106128289,11.844436743858648,1957.285804984653,100.0,1
2151,3.0411084318690277e-07,-0.3522847633834311,-0.23038746726494738,-1.5,151.52366729973176,-14.429105484580248,1958.6336220511191,100.0,1
2152,2.79585236805123e-07,0.04578352240646671,-0.07841158055913365,-1.5,4.042878897087952,143.89504812604034,1959.2578075692743,100.0,1
2153,2.2117844644799943e-08,-0.01820487658067554,-0.1121879661483043,-1.5,-1.6078879720704242,-118.44762799576826,1960.964268003009,100.0,1
2154,9.015430696204052e-07,0.48933030088786766,0.08698352353600482,-1.5,-122.88089841759746,24.534755856490232,1960.538603757977,100.0,1
2155,4.1406919502398103e-07,0.2115040954896766,0.0535447354597419,-1.5,24.06133477622616,-108.50266482407251,1961.3927475549085,100.0,1
2156,7.178191688375362e-07,0.12270503988590885,-0.20313901384795724,-1.5,-70.87090736403731,-29.39419215880182,1963.040137700414,100.0,1
2157,6.501042722002828e-07,-0.2788627237775655,-0.3688750633551059,-1.5,34.67045090149134,59.121309234060725,1963.343046157464,100.0,1
2158,5.611425148490304e-07,-0.3844983113195918,-0.26269732291919995,-1.5,101.5968737568815,-89.91433744733298,1959.8486608486805,100.0,1
2159,6.112677662462399e-07,-0.2262614623150788,-0.22878182874772385,-1.5,109.60319180863223,46.180642622174545,1960.9354336281688,100.0,1
2160,4.463601411192074e-07,0.19236491393071448,-0.3093549893003225,-1.5,-0.5778760346833269,42.339416966932006,1964.0825660079365,100.0,1
2161,3.779035682733785e-07,0.15815250456423227,-0.2173643089033097,-1.5,112.57181764911,-26.592048575348528,1961.1307287098107,100.0,1
2162,2.8357408411332e-07,0.10933923134596966,0.34031705978230903,-1.5,-1.3173531362972348,-47.80874057595549,1963.9566887208553,100.0,1
2163,6.411429713586701e-07,0.4437954195322293,-0.09660216979943236,-1.5,112.66900244358237,-46.90479037261891,1960.744481770789,100.0,1
2164,2.67960012507043e-07,0.04047389743390634,-0.20941117932754036,-1.5,-16.737796876981786,95.40356878286117,1962.1496608274635,100.0,1
2165,9.982637414834144e-09,0.09670846679508965,0.3876522055864853,-1.5,-64.42645293158616,131.67301737153926,1959.0622080283872,100.0,1
2166,6.445127048290898e-07,0.32265016243092287,-0.2592817093835806,-1.5,51.16258014491892,112.28095357013078,1960.6602622903408,100.0,1
2167,7.216488662258092e-08,0.20392557473602227,0.11888597315703946,-1.5,38.011179864825586,134.29086374450188,1959.5750560736813,100.0,1
2168,5.3691548100532286e-08,-0.4576572331418639,-0.008838718084080585,-1.5,-97.8755456082897,-52.36506219223398,1961.4004089169591,100.0,1
2169,6.111818845986776e-07,-0.3248808173702832,-0.16449412061875407,-1.5,-50.69570988397768,137.90295984781045,1959.0370095867775,100.0,1
2170,2.3053518193999578e-07,0.07232701436544138,0.154284457608685,-1.5,15.323218395758714,146.66001323108628,1958.9970203558719,100.0,1
2171,7.990052358024572e-07,0.05351979167603414,0.4475713797239462,-1.5,-21.416414260798174,-157.1784305736798,1958.1239910763404,100.0,1
2172,5.760523111293285e-07,-0.2562814247480845,0.2658999872603771,-1.5,81.46443533588474,-19.587063787598638,1962.751430765933,100.0,1
2173,2.2139716518077173e-07,0.44055358940670686,-0.21974805199192687,-1.5,139.72573083537208,-72.72029394291135,1958.2139222407518,100.0,1
2174,4.699619573095437e-07,-0.2093829470601263,-0.12913519657849007,-1.5,130.0203449951099,-100.19051816078107,1957.6694961673581,100.0,1
2175,3.960826901196969e-07,0.08499776110765059,-0.17465048508906988,-1.5,73.65708812299337,-63.82214033857854,1962.1199387494069,100.0,1
2176,5.514950010219186e-07,0.02774939646544589,0.4356960364233281,-1.5,-62.59334893639154,-8.478231627533289,1963.523230961001,100.0,1
2177,1.510170391656204e-07,0.08850713217789917,0.4118733923407847,-1.5,-138.17806439143075,44.048973763643815,1959.1783473429718,100.0,1
2178,7.521649799747793e-07,-0.06224109389098326,-0.2769469518857392,-1.5,92.41964774802935,-55.26743433719678,1961.585431654213,100.0,1
2179,2.2105613138212112e-07,0.19923204106094644,0.3345454670241705,-1.5,1.8514420871719137,-41.354043557235535,1964.1027726444956,100.0,1
2180,3.7690276253302143e-07,-0.11984704721049616,0.47610227242835873,-1.5,-50.63964597669311,47.81121905890701,1963.3041027445513,100.0,1
2181,1.7644440117574318e-07,0.07578611863923322,0.4933721727520757,-1.5,76.83584678804735,115.07313128350181,1959.6601014898233,100.0,1
2182,4.599163340433008e-07,-0.15145381607646877,-0.33441734959794905,-1.5,-13.572344895588211,-9.262226219877606,1964.4702311019166,100.0,1
2183,5.949793679252415e-07,0.39675864531501587,-0.2733523613305667,-1.5,-58.5547471798911,-64.68084343934073,1962.6005748345244,100.0,1
2184,4.246407164590098e-07,0.35108334479677406,-0.21473940644461173,-1.5,70.5003564402981,-141.3928503741656,1958.1754384811875,100.0,1
2185,5.865641540000278e-07,0.4545979274652833,0.04048308786712133,-1.5,-32.33931910794712,4.176440480732679,1964.268314678694,100.0,1
2186,3.8145330347541813e-07,-0.1816581200612442,0.216437076004315,-1.5,77.22750151295183,25.30858446727289,1962.8572731679858,100.0,1
2187,3.496482613089397e-07,-0.22206156036710042,-0.2648166335237023,-1.5,70.59790212827619,-51.742790106918314,1962.5880632861215,100.0,1
2188,6.905689592828228e-07,-0.08118235313840176,0.39095199239615536,-1.5,147.05852559540526,42.97336754825747,1958.55568366013,100.0,1
2189,1.3534999392225223e-07,-0.27424747237573943,-0.14283792606207069,-1.5,-51.03479762276301,-86.53855180184708,1961.9683521274685,100.0,1
2190,2.891238719622382e-07,0.3343369699302106,0.07025753950077947,-1.5,-130.57236744542183,5.4451980459578415,1960.1873616937921,100.0,1
2191,2.8011623951472012e-08,-0.4685299675498063,-0.16939764968719118,-1.5,-93.39100357270416,130.9322376321719,1957.9448807018157,100.0,1
2192,5.463279671832884e-07,-0.15490586267778947,0.19517191633715486,-1.5,-4.573788100168992,66.68893605570993,1963.4013732643418,100.0,1
2193,3.325336969705969e-07,0.11166575551551815,0.42636709139929596,-1.5,0.6862044493353885,138.6306492164658,1959.641385174187,100.0,1
2194,2.9546947348459974e-08,0.14086321622269837,0.37121712491885933,-1.5,106.37799870445807,9.585444334433904,1961.6332804361464,100.0,1
2195,3.737933648555539e-08,-0.363410645567404,0.22759044537347972,-1.5,58.11662982012623,-60.34991821504497,1962.7515459109743,100.0,1
2196,7.787610988456736e-08,-0.33299077809262717,0.31697590293138994,-1.5,-30.015039438507362,28.503964843647072,1964.1028251244454,100.0,1
2197,4.776184397162589e-07,0.20359649407912822,-0.42341367748084496,-1.5,-9.766702215533627,-139.80312646859682,1959.5338689656705,100.0,1
2198,1.1190301756765558e-07,-0.09748981320657019,0.2591259987313028,-1.5,83.0520753942337,64.03155531346681,1961.7379027186532,100.0,1
2199,1.299153053999595e-08,-0.22908636500309879,-0.4183093672811549,-1.5,-8.50129619440373,71.79471337709249,1963.2082246568364,100.0,1
2200,3.1038860981192057e-07,0.4342266023767689,-0.12082450959157581,-1.5,-13.108102567640401,28.441268645816564,1964.2893264870693,100.0,1
2201,1.943512086081661e-07,-0.38439161535101424,-0.007301839294281117,-1.5,92.03219089839557,-87.87858309902323,1960.4134045494284,100.0,1
2202,4.648109955942769e-07,-0.3911334145788493,0.1409724164471118,-1.5,-20.757253772630065,152.91032032290417,1958.4690083380683,100.0,1
2203,5.18705231503237e-07,-0.26605267252458525,-0.19260609643587195,-1.5,47.04330976581261,-153.54978276911746,1957.9639111801744,100.0,1
2204,8.818288502773906e-07,0.0887725366432154,-0.019974435747822202,-1.5,25.616541197865747,-151.6043017673881,1958.5130111308456,100.0,1
2205,8.401544321760432e-07,0.10859828497394244,-0.42217732186797147,-1.5,25.850273844453262,-157.4802060081444,1958.0462288526107,100.0,1
2206,3.2721012474492286e-07,-0.19913293137398527,0.21557718918908025,-1.5,-104.05374382053137,58.785258739180776,1960.9004049206656,100.0,1
2207,4.919551843892442e-07,0.2738658655449627,0.07237542872580485,-1.5,-106.5101029295359,132.22143705152257,1957.1883853692013,100.0,1
2208,2.5908064535796356e-07,-0.33317848718497417,0.14317177418048252,-1.5,2.671806693508902,133.6099992615576,1959.988396856586,100.0,1
2209,3.9993143093095335e-08,0.10093093849638748,-0.14289160314728058,-1.5,-126.69605082975265,-9.719279320583995,1960.4251917836,100.0,1
2210,2.7755316124658365e-07,0.041856081608445034,-0.2309296509982288,-1.5,-93.84902555447296,94.09017017369897,1960.038950262288,100.0,1
2211,6.113602400403199e-07,0.4966316280233358,0.0020138372659478493,-1.5,51.24081617012952,162.53305847017953,1957.1332785297682,100.0,1
2212,2.2578519926405896e-07,-0.34531752051860004,0.05023097932141052,-1.5,-90.24662135400882,-32.35811308172697,1962.1982025570474,100.0,1
2213,2.330068665570828e-07,-0.08238731336400484,-0.38064541557906856,-1.5,-25.136694701919648,41.304526341649364,1963.9438303956877,100.0,1
2214,3.3217346929650555e-07,-0.34608219257480616,0.07297285827264491,-1.5,-41.011752974931355,-50.93178892665896,1963.4503495787167,100.0,1
2215,6.97495609329628e-07,-0.45648613191108606,-0.1920216534442033,-1.5,-16.811823263095114,-52.309495793489155,1963.7704462371696,100.0,1
2216,3.8942930692101035e-07,-0.10916874285148628,0.08093311803496823,-1.5,7.193656208706321,104.29788973775125,1961.7552058737435,100.0,1
2217,6.714069900183846e-07,0.3700679180901807,-0.11293857860031287,-1.5,2.2176272545507967,142.48710148817872,1959.3636197257997,100.0,1
2218,8.306975387619589e-07,0.4722280737169984,-0.04836638659025254,-1.5,-108.28661069178936,-122.97121210139372,1957.6938926209405,100.0,1
2219,5.649607479654118e-07,-0.33528114871053266,-0.06513120048366383,-1.5,-144.6340893146803,68.56690128218237,1958.0073663096377,100.0,1
2220,1.538463665224515e-07,-0.19356934006466353,0.11831227524891894,-1.5,38.37973787269424,48.18308302569225,1963.572935364789,100.0,1
2221,5.529212600551816e-07,0.02053023487582852,-0.3259505557920667,-1.5,0.5618802249526741,-28.295120950670476,1964.3350927698489,100.0,1
2222,4.438339329530703e-07,-0.3950825864370188,0.23102647615948904,-1.5,41.85316793474945,77.14833070969061,1962.5773191567932,100.0,1
2223,1.4535701255529872e-07,-0.3923303893301167,-0.10586730141142088,-1.5,20.29722700053322,-84.83229157862695,1962.6015365192545,100.0,1
2224,7.284768261734619e-07,0.22395829135659584,0.1770487233587552,-1.5,-100.58852204792946,1.7548994813248078,1961.9613033457501,100.0,1
2225,5.5672373357443186e-08,0.3533210257683754,0.07739922395226363,-1.5,58.67505315627287,65.16038921726584,1962.5811188535097,100.0,1
2226,7.781849148038539e-07,-0.01800864197594226,0.12117919739527797,-1.5,-51.5916793030839,-123.76576248349818,1959.95755590005,100.0,1
2227,4.289935344017735e-07,0.08101660275397275,0.09125085440210468,-1.5,0.61369169679896,-129.42268574364985,1960.27107259775,100.0,1
2228,3.4671688862072794e-07,-0.07183914300091389,-0.3720412113763514,-1.5,-16.055365202735562,16.8310101295329,1964.4012392106551,100.0,1
2229,3.739440761492133e-07,0.037014989091432235,0.2614391055150351,-1.5,69.18584297882111,-142.47590663052299,1958.143820414438,100.0,1
2230,5.041479475802873e-07,0.21468963963471094,0.010382231135955359,-1.5,169.88567819857252,-16.335671268391597,1957.1114655157874,100.0,1
2231,1.7581920759943056e-07,-0.3965930006505904,-0.030072633014272543,-1.5,92.44063694306841,0.5059212808728328,1962.3628000324886,100.0,1
2232,1.3144033035314429e-07,0.006818951161155242,-0.19491979460191883,-1.5,-128.16190817140415,-72.79038172428962,1959.00213677485,100.0,1
2233,8.109402319899087e-07,0.16051911059612708,-0.36161342617975417,-1.5,-98.72262628385391,45.775312788715524,1961.5228140566821,100.0,1
2234,6.965878302622958e-07,0.000276850739499179,0.3773966663532138,-1.5,116.88572951669929,7.645121204877009,1961.0437436791774,100.0,1
2235,6.518577108928394e-07,-0.04874077746332102,-0.11425583668572595,-1.5,-65.20846353204193,47.83749323433895,1962.8735865539015,100.0,1
2236,4.3832181848598605e-07,-0.03546142030390815,-0.24706540604338978,-1.5,80.78872887348443,147.17666187921162,1957.3516540854966,100.0,1
2237,1.1371455062004361e-08,0.14900062576434656,0.08998824402930704,-1.5,-46.38678534872957,152.47307657035682,1958.0637153403136,100.0,1
2238,8.763278682656513e-08,0.3062146727732507,-0.004242271188270578,-1.5,66.98546712744724,-121.4363035403219,1959.6375832388783,100.0,1
2239,3.396021684794437e-07,0.07319309062709566,-0.4831953248999156,-1.5,-109.01585073607663,-18.76146487820296,1961.4221468082908,100.0,1
2240,4.4094775896608614e-07,-0.0764133670119458,0.17270813728652865,-1.5,-45.0474658471743,-20.808613775991933,1963.9121705615046,100.0,1
2241,3.5252901934137194e-07,0.2933596472494608,0.3541312721623584,-1.5,-4.987714696248625,-33.75497704062161,1964.2426047953513,100.0,1
2242,8.205975045333328e-07,-0.022904588324867366,0.10287853318586175,-1.5,151.99229315072515,-50.937104069661764,1957.9880082671375,100.0,1
2243,8.799776689764484e-07,-0.049163377600913674,0.12027269150279575,-1.5,77.56927959420672,19.291049339004047,1962.912160170385,100.0,1
2244,3.9266871557218135e-08,0.028004020602534672,0.327043571299645,-1.5,52.66971308520891,-70.53695730835068,1962.56559769179,100.0,1
2245,8.085491629871145e-08,-0.07991377550461243,0.15112424321985954,-1.5,-123.62199110073058,-16.42343214195893,1960.5767417928585,100.0,1
2246,7.712245490169536e-07,0.10023340260064736,-0.21161818575162897,-1.5,-2.258611915573082,155.7017778019111,1958.357766427695,100.0,1
2247,4.1986700961128474e-07,0.11170344043922394,0.1574837127201786,-1.5,-79.379397822634,97.19018529019219,1960.527037648475,100.0,1
2248,1.414188246680792e-07,-0.0022868362506271436,-0.2319303769948212,-1.5,-80.37575391177806,-22.959026936169895,1962.7597681660864,100.0,1
2249,8.887081454377383e-07,0.43631834966022087,-0.05268128936751098,-1.5,-29.012461131524013,19.659837709493342,1964.22632457323,100.0,1
2250,6.076615520623591e-07,0.4552720255247421,-0.06068422768921148,-1.5,-22.242089018919778,57.071823336995784,1963.5838109750234,100.0,1
2251,3.163408883423697e-07,-0.05578549757021364,-0.34994390488108307,-1.5,41.66653607794871,135.0145051609295,1959.4510122566335,100.0,1
2252,3.7977748598454024e-07,0.4704780349578503,-0.11309331093175631,-1.5,-100.80999613914335,101.13297440456009,1959.342428579712,100.0,1
2253,6.936543543181648e-07,-0.2879467679335653,-0.10603545638966662,-1.5,-24.215979832193984,-107.01915778066355,1961.472348123933,100.0,1
2254,3.8414311331479886e-07,0.17061573816876527,0.1291292630904534,-1.5,83.89505342851662,26.797822638391555,1962.5638290201414,100.0,1
2255,4.395483978712138e-07,0.09749712211248308,-0.34345668386607,-1.5,-31.832403161880972,-120.09217972979452,1960.606501249758,100.0,1
2256,6.170245468430911e-07,0.20826088747013963,-0.4410793252848758,-1.5,-107.71640606573476,44.779744980809696,1961.0724710142322,100.0,1
2257,3.01960707615959e-07,-0.36830528792797346,0.1048329715062547,-1.5,-74.13867885206028,27.333429299358897,1962.9492164105875,100.0,1
2258,3.790978068937532e-07,0.17321790881439697,0.3655297147584767,-1.5,-25.320910236003854,-72.29517529439836,1963.0449677478364,100.0,1
2259,2.9646525723883085e-07,0.18976063752373906,-0.1474935592078055,-1.5,-69.35575973902542,90.61349514546649,1961.22213411808,100.0,1
2260,5.506324935192129e-07,0.3528783641707385,0.1392268732159807,-1.5,129.93609670628612,-71.24151255118832,1958.9422002520353,100.0,1
2261,5.426846383801943e-07,-0.24913752302858205,0.01597135450831982,-1.5,-76.08381853630063,-124.7600061636398,1959.096597844301,100.0,1
2262,4.807980939054938e-07,-0.2531210517255547,-0.33243198302346055,-1.5,9.335370740912364,-124.00762489903242,1960.5989508530708,100.0,1
2263,4.0302012297000417e-07,-0.07547377854270006,-0.1961954818799823,-1.5,-17.156189282436316,85.17767272703263,1962.6165482600627,100.0,1
2264,4.752185868432612e-07,-0.4360279618144516,0.10368483901991749,-1.5,-114.09096653705171,73.87115090817805,1959.831520994668,100.0,1
2265,2.5217236495719447e-07,0.461192526330805,0.12394271800673164,-1.5,55.57234453461474,121.73659258496804,1959.9758168954174,100.0,1
2266,3.6287425340991454e-07,-0.13660000226807315,-0.44116112742185665,-1.5,-27.316664219564657,1.387452315751012,1964.348533508786,100.0,1
2267,3.8556925423780754e-07,-0.26497065777295875,-0.2871609705031879,-1.5,-21.22062935113977,-56.740921673729304,1963.6047053731788,100.0,1
2268,3.056367097595121e-07,-0.06647389159187833,0.02581175074679483,-1.5,50.88154869370928,80.32339737010385,1962.236608083639,100.0,1
2269,1.7639692432645042e-07,0.017417030705791668,0.31160652842267067,-1.5,-38.92121884869463,-51.781993663250944,1963.4706644413413,100.0,1
2270,1.689947791916851e-07,0.13170516191749806,0.2961960969356398,-1.5,11.533756752640727,112.24503798520004,1961.295824236875,100.0,1
2271,8.100793312011174e-07,-0.028460740768381575,0.41004860601515236,-1.5,108.47019961565555,-114.94200652023488,1958.1715545882525,100.0,1
2272,5.74131910575726e-07,-0.16616192169530208,-0.2745417601748747,-1.5,128.8579644811511,30.86715071536523,1960.065338263656,100.0,1
2273,2.909696947481789e-07,-0.30047987155741673,-0.12860032937310897,-1.5,-70.34868065375092,45.70701772664492,1962.7468552839268,100.0,1
2274,7.494027581564397e-08,-0.031681957553583905,-0.17574098911776836,-1.5,5.853695292537778,85.43974989464535,1962.67141153467,100.0,1
2275,3.4548527538767924e-08,-0.14488160417340123,0.33268007800931765,-1.5,-107.8169688362252,22.04719869965055,1961.4542330950774,100.0,1
2276,2.5608380628530165e-07,-0.36662516679921675,-0.15715822144561364,-1.5,56.035850326685356,58.46313399534334,1962.8691580713523,100.0,1
2277,5.052647924883557e-07,0.43157172078774214,0.21868782964780342,-1.5,-20.685694012763673,-23.164004230287524,1964.2934651516205,100.0,1
2278,2.9409336622466325e-07,0.3068838043192831,0.1945749053949476,-1.5,-95.47151926625244,-56.324892660835616,1961.4091826393264,100.0,1
2279,7.059270632332521e-07,0.28441633085748314,-0.1798036109795539,-1.5,-16.367653767923844,147.7159819141358,1958.9092308893253,100.0,1
2280,8.896632206700067e-07,-0.38018156664056824,-0.23521446129327545,-1.5,134.99518112620012,39.33724612814263,1959.5004895140726,100.0,1
2281,3.715466235056052e-07,-0.2279618173272661,-0.3601000203562852,-1.5,-32.367570006518434,80.41369017619247,1962.6256049257718,100.0,1
2282,5.898329406575019e-07,-0.27941700741635184,-0.14964816752798105,-1.5,-55.404881534400324,55.44140676450107,1962.9747415043994,100.0,1
2283,9.567949450306732e-08,0.00832879167468266,-0.1418219759966937,-1.5,11.6083440241194,-120.91000397174734,1960.7802792650432,100.0,1
2284,8.281747075640058e-07,-0.27692646189564846,0.053765806182807095,-1.5,148.81469184577972,46.63591821279343,1958.3392364167723,100.0,1
2285,6.505092641607312e-07,-0.4578485208303071,-0.02378093032974336,-1.5,-168.54987510998586,9.807395813935269,1957.270558929932,100.0,1
2286,2.820658710465396e-07,-0.27158336392659127,-0.37965793644773704,-1.5,-137.2779076701689,16.05352430819944,1959.6709791924557,100.0,1
2287,1.6139324148607414e-07,0.29349105264886505,-0.11583938919693447,-1.5,-25.788982432896216,-93.10765617388488,1962.1618636119224,100.0,1
2288,6.625861581658681e-07,-0.3538203855785062,-0.07184241539939583,-1.5,1.732859008957603,42.45199227165339,1964.0794565948584,100.0,1
2289,5.603239923531069e-07,-0.2424310605192022,0.17326604952545524,-1.5,-4.781009084336733,-169.839127160312,1957.177840438546,100.0,1
2290,7.86001240336716e-07,-0.06270509157552058,-0.3808923308179491,-1.5,59.635977650385136,-83.76215102775943,1961.8462576081279,100.0,1
2291,3.739437266154798e-07,-0.36496009617786623,-0.11545768815579945,-1.5,20.371796933206046,135.34681925272332,1959.7651682469545,100.0,1
2292,8.264646055044021e-07,0.00846318596051148,-0.08588282765242906,-1.5,-86.43283218868986,41.844677858415956,1962.1905296685381,100.0,1
2293,2.015943782634999e-07,-0.4226497612133712,0.17943499043686337,-1.5,-9.30880185875038,-158.4966439997304,1958.1127256404081,100.0,1
2294,3.6609272750708475e-07,0.1541986497229924,-0.1314896144713472,-1.5,7.983117198852554,-39.06118789678845,1964.134358873143,100.0,1
2295,6.356389614504311e-07,0.2951529668453958,0.2834731127844388,-1.5,2.4422228602114306,-37.20715714577829,1964.185059832897,100.0,1
2296,2.785859294073315e-07,0.37041581319914224,-0.1820044133051983,-1.5,111.24922281979245,-56.764371565377814,1960.5648938020163,100.0,1
2297,9.010025863001185e-07,-0.3579146329049139,-0.07241819737460961,-1.5,-108.28698731942676,-58.523323325563254,1960.6790240297735,100.0,1
2298,3.7045424003543066e-07,0.07724317161618684,-0.3264088637437812,-1.5,-6.100248438736001,50.64627436456651,1963.8765307748106,100.0,1
2299,5.302911250292496e-07,0.21820990647085062,-0.4080535035472486,-1.5,117.71463894841828,-98.18670732771493,1958.5494429672988,100.0,1
2300,2.9034451825548543e-07,-0.41033560823515564,0.2676594948942043,-1.5,-127.99183673490892,76.48366650723428,1958.8725391798635,100.0,1
2301,1.683336886310232e-08,0.08766266207615611,-0.3627016293622463,-1.5,-127.07742961353259,-16.07935747064114,1960.358657851231,100.0,1
2302,1.1825552025688115e-07,-0.10243576860793899,0.4469937930014692,-1.5,-70.76826914866687,89.4089819672832,1961.2269558343846,100.0,1
2303,5.72740535575825e-07,-0.286429800251246,-0.1477612396706785,-1.5,-118.87331660373661,-112.2029008476539,1957.7264696343896,100.0,1
2304,6.310978186687923e-07,-0.3106795329098257,0.2605546344273243,-1.5,143.37460976838673,-14.652904483153458,1959.2453393922115,100.0,1
2305,4.3284171041952744e-07,-0.25939215208979494,-0.23180493503045474,-1.5,-112.89438225833305,126.13970694969491,1957.231953308367,100.0,1
2306,2.3584521099430596e-07,-0.028646640893210073,0.3643805990252824,-1.5,-77.08645571088587,-71.69008813817979,1961.7164667389638,100.0,1
2307,1.322173859708007e-07,-0.20420230109011875,0.40770742638030566,-1.5,97.15722981779831,-22.74308155875545,1962.00318837699,100.0,1
2308,3.153209920481682e-07,0.28468085869760335,0.32666011439521137,-1.5,41.01421314048491,-73.09362137266811,1962.750224328411,100.0,1
2309,8.204448609815813e-07,-0.04609660717206642,-0.2108334067946586,-1.5,27.44045933557198,-86.58893513559323,1962.4379388326317,100.0,1
2310,7.792117697522058e-07,0.45681647892862565,0.17527159564154282,-1.5,124.00252858772448,73.54421649086747,1959.2416664083903,100.0,1
2311,3.413211397166671e-07,-0.04391027855024662,0.1734135847937439,-1.5,148.8795477025371,50.265767692961866,1958.2444993259285,100.0,1
2312,6.014919843306898e-07,0.3051231292480624,0.3899558953255369,-1.5,66.2187605607133,-36.34906900400333,1963.0861181309588,100.0,1
2313,1.8665419524149795e-08,0.3443388352686568,0.06409131634350981,-1.5,-103.37373525918895,94.30127311037212,1959.5495469659493,100.0,1
2314,3.7178618854031306e-07,-0.003587341285075309,0.04574718166798915,-1.5,116.86629639573833,-122.68104426533982,1957.2186685219515,100.0,1
2315,7.316811858111526e-07,-0.3683419889191674,0.10083708797452563,-1.5,-63.61296756164811,6.566041524788343,1963.497788061608,100.0,1
2316,6.928677936810649e-07,0.10223409213305161,-0.1721589771099538,-1.5,-101.7594732833064,-83.2714193013996,1960.133711406129,100.0,1
2317,2.802118784441287e-07,-0.3441394317724358,0.07836277288724992,-1.5,12.345986300087295,114.24349324920415,1961.1754860640667,100.0,1
2318,8.925325912136119e-08,0.4191110692128359,0.19338783997754894,-1.5,71.83809929333856,11.617010071996303,1963.1906730710186,100.0,1
2319,7.255130525871846e-07,0.2776619867024123,0.011046234971897552,-1.5,-34.66622832745956,-98.63962423670155,1961.7547663788464,100.0,1
2320,7.715203361447442e-07,0.13019473448988775,0.41649171720512895,-1.5,-57.06836323909532,7.738289380673253,1963.6946318256316,100.0,1
2321,7.260441056228878e-07,-0.088153929983683,-0.14057978090892795,-1.5,72.62621468750812,141.64635178848152,1958.0794238823178,100.0,1
2322,8.408786354478219e-07,0.303304031222082,0.06407691002658317,-1.5,42.96418045322182,-2.7282661392214096,1964.067188776389,100.0,1
2323,1.3036925456188538e-07,0.0784216494097136,0.40993597287055183,-1.5,102.5163086638853,71.29940794437812,1960.5662669623905,100.0,1
2324,3.655078813015819e-07,-0.1250672721319961,0.21582466509302217,-1.5,-81.72163099675133,-71.81999602947836,1961.5240884230018,100.0,1
2325,5.356730772470737e-07,-0.08816071742581644,0.021242887728677936,-1.5,-69.4941011486438,10.649835581100552,1963.2805294134023,100.0,1
2326,4.02609371273396e-07,-0.01715119097915468,0.24099291144234314,-1.5,62.09671498652699,112.73663161975678,1960.3182741955563,100.0,1
2327,8.47843414046963e-07,0.05982407398099868,0.40408944147289205,-1.5,-82.68065700035172,4.971180319525648,1962.7920120558756,100.0,1
2328,4.4450235234577965e-07,-0.24822385654665122,-0.14399783917588632,-1.5,112.23604856488578,19.990614421292562,1961.2283729855967,100.0,1
2329,6.530110637672595e-07,-0.013161544907153818,0.3438036535178993,-1.5,142.061623445759,-55.41297910896462,1958.612055297413,100.0,1
2330,8.34063410862852e-07,0.28374833881426087,-0.18607748055208065,-1.5,47.34133328775442,-9.6154200496855,1963.944914738175,100.0,1
2331,5.326335715826742e-07,-0.0880587641715357,0.43656325891808584,-1.5,131.4954100424236,100.35214113045,1957.5626915055468,100.0,1
2332,2.575752327466583e-07,-0.2768400112485257,-0.34617537156619566,-1.5,36.6587628470781,72.68002878424059,1962.8517607778167,100.0,1
2333,6.672344062496802e-07,-0.34278641668842924,-0.05605870399457203,-1.5,82.12225871432965,118.09419490759694,1959.2659293773559,100.0,1
2334,8.011098903490257e-08,0.1922085073911076,0.20259269445005582,-1.5,-93.00532950523007,53.547377898870714,1961.6054581056585,100.0,1
2335,7.32764996235817e-08,0.3722667950060725,-0.04511237615569085,-1.5,94.78894213868513,139.91517163067974,1957.2562651482094,100.0,1
2336,7.521415823777649e-07,0.2297227349997952,0.32447877716917783,-1.5,-119.66559999871605,-87.7575224510333,1958.9262486618363,100.0,1
2337,2.0520683146668963e-08,0.05243624777438567,-0.0627210788391271,-1.5,-26.46668427628508,-36.41905901091397,1964.0230276222096,100.0,1
2338,8.45764559440501e-07,0.22136607881823847,0.02019305246093301,-1.5,107.5314578709852,-67.04654997478626,1960.4476611148664,100.0,1
2339,1.5807614101488716e-07,-0.1338431161595834,0.0844563266236903,-1.5,-105.52092377080405,18.408739772547868,1961.6166137175414,100.0,1
2340,4.6867847415255574e-08,-0.21777924818356315,-0.1922087085229044,-1.5,91.743032090019,-118.17504090614334,1958.834133365021,100.0,1
2341,2.6092954328885496e-08,0.14298599567143205,0.45960727769822296,-1.5,132.2205764261047,96.21838253554995,1957.7213867907565,100.0,1
2342,6.42709140950836e-07,0.3740972378506016,-0.07477409214763882,-1.5,-10.649058525915885,110.54118800612598,1961.3975959944576,100.0,1
2343,6.368576087799082e-07,-0.1608498031909394,0.21782078135307317,-1.5,-32.352352344536996,-122.07492627973282,1960.475535154087,100.0,1
2344,1.9764483324424637e-07,-0.12118942691950103,-0.4614274281644631,-1.5,118.38873044367422,53.25119551803868,1960.2453175421606,100.0,1
2345,5.020947351383581e-07,0.22642197100555853,0.1586248652054175,-1.5,152.90215572442014,-56.974522678713264,1957.7507810767154,100.0,1
2346,7.085465867323997e-07,-0.3933457545662369,-0.2917332964176374,-1.5,-164.11408235968176,-16.977025902465545,1957.5984355400567,100.0,1
2347,1.9674256998215194e-07,0.3529188467383023,0.1910691768411365,-1.5,154.27492564027443,46.16142761663258,1957.927898617621,100.0,1
2348,2.0931011424412197e-07,0.19504472811267992,-0.39516682164465655,-1.5,162.04193989299782,51.101040520746096,1957.1776566371134,100.0,1
2349,9.910729144105523e-08,-0.44090965591447223,0.035459209121638316,-1.5,149.68523687140944,77.57978747226659,1957.2912386011028,100.0,1
2350,3.8306118061533e-07,-0.3094677314454996,-0.05478014349369671,-1.5,19.57252347839965,-116.90125056076899,1960.9600455409964,100.0,1
2351,7.695932029510251e-07,-0.24894523328527557,-0.2773411686105743,-1.5,-21.371874595852834,-154.1944662069377,1958.3617122057783,100.0,1
2352,8.452685069901269e-07,-0.31904508447853464,-0.23380146526420945,-1.5,83.78150018174466,-9.674761449380465,1962.7277818088594,100.0,1
2353,5.417959776150553e-07,-0.18011154657756545,-0.3092673143027934,-1.5,61.21810701555574,61.772150777051905,1962.6130110207516,100.0,1
2354,9.044690088742654e-07,0.3009913491660706,-0.0430994133889949,-1.5,-52.2305355641522,110.27192132038363,1960.7461234920559,100.0,1
2355,8.624343600664651e-07,-0.3610697053513453,-0.3270571398802539,-1.5,-25.913837573476663,-111.14246320146698,1961.2213317629037,100.0,1
2356,4.3001870857448454e-07,-0.1839053667872425,0.23381534741551177,-1.5,0.6041673948542592,-117.20969935788173,1961.0392162382489,100.0,1
2357,1.0154827814005956e-07,0.14316014312143602,0.22636267261434437,-1.5,-78.51395132903608,46.74707792437953,1962.4126875910595,100.0,1
2358,7.07680414581974e-07,0.11486379694924193,-0.12186458735840466,-1.5,69.08126949090486,74.7232010519953,1961.9015030567155,100.0,1
2359,3.698078189830267e-07,-0.2526215924093183,-0.23273174797632945,-1.5,119.02611336964772,77.91119235968311,1959.3815138219866,100.0,1
2360,7.260142788326518e-07,0.2068528142976814,-0.023189249326043295,-1.5,155.4062989266274,24.10130970824503,1958.2342289395326,100.0,1
2361,4.7531516054981344e-07,-0.1307494403468985,-0.11251577312883321,-1.5,-169.05422527070735,-0.3874928728677709,1957.251594719883,100.0,1
2362,5.706611265218118e-07,-0.08433454364611263,0.032558761391815925,-1.5,24.337449326047718,26.155209668759383,1964.2140616118236,100.0,1
2363,5.134238758412627e-07,-0.38770811108776676,0.2663649701714198,-1.5,-154.09958004342354,-39.97720953603501,1958.0777380927152,100.0,1
2364,2.58962876902279e-07,0.024334166037453503,-0.3811159382322164,-1.5,39.980453956486926,-96.79287030971567,1961.7456486060498,100.0,1
2365,8.320760751964247e-07,-0.1538378315774342,0.25177567415352636,-1.5,73.7124513924817,-116.27126383841384,1959.709354465927,100.0,1
2366,5.99627773173581e-07,0.4453432946894216,-0.10201255890877729,-1.5,-19.27649268411986,-43.62901382708144,1963.9598295913302,100.0,1
2367,3.940406375225416e-07,-0.3336826366136697,-0.09882828859982254,-1.5,-37.545720190157,-0.14701868156730558,1964.1801301171542,100.0,1
2368,5.754511358342293e-07,-0.4401739442253569,-0.010202925234765002,-1.5,24.662305480283703,-113.3475441671458,1961.1112643564632,100.0,1
2369,1.820161489670717e-07,-0.07981879826842106,-0.2039627483624928,-1.5,-2.3822483845820055,-42.99549051706426,1964.066953785935,100.0,1
2370,3.678781110048252e-07,-0.40347070184689066,-0.23830897451158223,-1.5,17.223185348634207,48.807940449385754,1963.857029699888,100.0,1
2371,2.724755220175406e-07,-0.46940148107646007,0.05287597420588634,-1.5,62.977740716157705,126.14874665714872,1959.4727821935292,100.0,1
2372,6.078123473308774e-07,0.09408305054709538,-0.18692550203422648,-1.5,-119.60508353682724,-50.0834599698734,1960.254972521617,100.0,1
2373,3.1008864500687807e-07,-0.2713685175632164,-0.17064578590267007,-1.5,30.655684503465817,-124.39260550684385,1960.3571090413536,100.0,1
2374,7.067448583288269e-07,0.06090491426318251,0.21241171503328937,-1.5,-49.508278137494756,-75.0535823086209,1962.4803633271429,100.0,1
2375,2.5475713417121656e-07,0.10991558875117824,0.21473806855060906,-1.5,-78.96540537352058,34.801382706689665,1962.642762904658,100.0,1
2376,3.4153833229791726e-08,-0.4299034019967196,-0.07359584267120155,-1.5,-23.221181156316774,-50.89015674012084,1963.742410541363,100.0,1
2377,8.379671863472303e-07,0.4667212243594991,-0.17729979061661805,-1.5,12.792384915489484,10.631656490259417,1964.4685309351682,100.0,1
2378,3.651970722774382e-07,0.12097064968217273,0.2083023230411109,-1.5,119.9875654818828,-116.88559288521364,1957.384486648378,100.0,1
2379,9.903891161844455e-08,0.2541719222839545,0.2841810139278068,-1.5,72.53603056761683,-20.390283370877665,1963.0934890829017,100.0,1
2380,6.252390201034238e-07,0.05342778679965131,0.34703089709470314,-1.5,-87.21870413948011,-70.77272109662755,1961.325420694623,100.0,1
2381,8.570748296900729e-07,0.37773089607886334,-0.18127832622162834,-1.5,-94.12943033871862,51.10723760006978,1961.6169317364513,100.0,1
2382,9.533548297079803e-08,0.1429694131572737,-0.3227619508505356,-1.5,123.95088871518473,17.05951749983544,1960.5505441879125,100.0,1
2383,4.060101235674162e-07,0.4187469232101091,0.006922958161133746,-1.5,50.20083830130923,-111.38077352224224,1960.7364650532627,100.0,1
2384,7.920608807623123e-07,0.04626355437627843,0.2047073223006899,-1.5,-101.84698733188137,17.149576594251528,1961.822206383695,100.0,1
2385,3.267713867627464e-07,-0.23931233481227457,-0.2480129033475151,-1.5,37.176923810296174,-87.77624353420269,1962.2248835628293,100.0,1
2386,6.84650872132876e-07,0.1336529952390858,0.12005170182660695,-1.5,-72.81546913557796,129.13305641683544,1958.9374281638359,100.0,1
2387,8.659506593579865e-08,-0.20329116707592734,-0.18016853543474745,-1.5,-53.35056312445088,-104.81381713637698,1961.0153154470104,100.0,1
2388,3.135555803444526e-07,0.25033429990758516,0.1464354611089609,-1.5,-87.92660457488029,-37.96389108645165,1962.203083640335,100.0,1
2389,8.642724207223871e-07,-0.43542173013092406,-0.1427539083698983,-1.5,79.20171256967467,-58.0148959565175,1962.0842608917987,100.0,1
2390,1.6540993068690572e-07,0.4217867180391213,0.2498188631863869,-1.5,-22.380665691175036,143.167196289818,1959.1874708602707,100.0,1
2391,7.800824794062915e-07,-0.194440416088539,-0.2087877710984844,-1.5,1.1831133673400807,-98.5114990283023,1962.0671168612168,100.0,1
2392,5.09958454652344e-07,-0.222884434578143,-0.35764872534603337,-1.5,-18.70287138541288,112.16212749162527,1961.2453049082424,100.0,1
2393,8.878532444108743e-07,0.08841464172404061,0.009726310431766022,-1.5,-42.77244453706738,74.53512852440603,1962.6584824849954,100.0,1
2394,5.070488028339501e-07,-0.2947593373211653,-0.08233722393104105,-1.5,104.70942445918226,-109.04115852365976,1958.7136718886138,100.0,1
2395,4.0790808172022267e-07,0.025964383495358522,-0.04226293039079545,-1.5,-123.7612305864916,106.92683185614857,1957.7188502691226,100.0,1
2396,1.0029055149399073e-08,0.33774133948525076,0.3377393464378521,-1.5,54.153376724752796,-117.0948266892631,1960.2983190366842,100.0,1
2397,6.58839053633027e-07,0.11927777906925083,0.2691537119465935,-1.5,-56.239777675035214,66.03135307593152,1962.6233041733087,100.0,1
2398,3.961106550536912e-07,-0.27127581716368987,-0.12279425676492578,-1.5,-49.903404754515414,-54.51296567110409,1963.148306428676,100.0,1
2399,6.732798342581779e-07,-0.08130508054835894,0.0896885270215086,-1.5,-28.99976460424833,113.05339418372974,1961.068899856037,100.0,1
2400,6.496128350510012e-07,0.05029686473255538,0.2502548764507166,-1.5,-160.02112633871167,-12.553936580454524,1957.9706136885086,100.0,1
2401,6.535149756829225e-07,0.01583994711618943,-0.13339528258575134,-1.5,122.46212084402875,-91.95724177344358,1958.560742205851,100.0,1
2402,7.52826295705674e-07,-0.30216729091003985,-0.117635958980668,-1.5,-31.655697116777922,156.05711979876648,1958.074916459096,100.0,1
2403,4.2646072260054143e-07,0.40124693907043235,0.26134286607154483,-1.5,69.3469466672426,82.46881661985049,1961.5818059768455,100.0,1
2404,6.232646751558531e-07,0.11302136422600018,0.2893820428733443,-1.5,161.0865733004043,-29.510972590198744,1957.7010764325705,100.0,1
2405,7.178446823849357e-07,0.17988469722980643,-0.07108782240475038,-1.5,-69.27690012200951,7.0010119486217475,1963.304607850578,100.0,1
2406,4.1985558415951015e-07,-0.1725918121378797,0.08416748563080861,-1.5,-73.93470889668959,-115.42133529343457,1959.751224121463,100.0,1
2407,8.028833303295394e-07,0.19016940218693598,-0.019133336358029072,-1.5,142.61671810072912,25.12970690880624,1959.194287408726,100.0,1
2408,7.086444069656922e-08,-0.26972536391896557,0.34725639642819367,-1.5,-105.32653608669992,-87.59006093134818,1959.757022767912,100.0,1
2409,3.041992700412984e-08,0.21734441639324512,-0.19821440468295187,-1.5,-153.58312700781858,55.12777433278473,1957.7503512607896,100.0,1
2410,8.583463414161105e-07,-0.02453951261332664,-0.37144643489555135,-1.5,-68.67848899729539,-96.7370769364918,1960.9534643537472,100.0,1
2411,8.329559195857649e-09,0.03335817591328201,0.08267082502193307,-1.5,148.65158443689336,-41.5874534015766,1958.4653370509532,100.0,1
2412,7.72333283815986e-07,0.3533087893857582,-0.10752042240563121,-1.5,157.1596079776955,-14.643861895420097,1958.1878615687556,100.0,1
2413,7.774339609443847e-07,-0.28972062895171663,0.23945032732723628,-1.5,-12.996353658454625,-16.621370228441343,1964.4256440775366,100.0,1
2414,2.7704322898445235e-07,-0.4437054068313579,-0.023156407070374613,-1.5,25.418745476056863,-163.2797559256173,1957.5767915842857,100.0,1
2415,4.5524542625826604e-07,-0.39471311638295803,0.10321895064457555,-1.5,-57.59281145290589,42.73755667778462,1963.2294454760745,100.0,1
2416,1.1841843922965844e-07,-0.23742380246389577,0.3078770031323987,-1.5,111.7536079583361,57.7941371816033,1960.5061221740318,100.0,1
2417,9.566051946841418e-08,-0.44148720174758393,0.051017690335032694,-1.5,-158.93409674815138,37.790416733973295,1957.73469182115,100.0,1
2418,3.04603108066041e-07,-0.361931573912447,0.2615801060827416,-1.5,-33.09911282456381,89.9423957888715,1962.1998115472634,100.0,1
2419,1.3222065302950528e-09,0.3561735434641326,0.2355862914215159,-1.5,-136.6537611587497,-89.59784693071428,1957.731151525326,100.0,1
2420,2.1802050063032828e-07,-0.043088422893412116,0.1512940140503121,-1.5,-28.44745711385301,-148.06474349591207,1958.7447154193874,100.0,1
2421,8.363124540951232e-07,0.1955828360558794,-0.4083040177553649,-1.5,23.20729118634314,52.18676513325419,1963.708544934011,100.0,1
2422,7.93455639431481e-09,-0.45227418624225835,-0.02268549303829681,-1.5,-55.843817081174876,90.55523272569621,1961.6560616443267,100.0,1
2423,6.745367680209864e-07,-0.40756969567070067,-0.28397383720309066,-1.5,-5.771185083040416,63.9922121213587,1963.4879618873865,100.0,1
2424,6.898103393764634e-07,0.12646406420651768,-0.25106127703105063,-1.5,-49.25262671203826,-130.87938112684793,1959.5555752833216,100.0,1
2425,6.84614991478766e-07,-0.41500737849536334,-0.052827782039007565,-1.5,146.20851871599092,-4.03380752828366,1959.0865431924726,100.0,1
2426,4.083021839494926e-07,0.2864668265091557,0.3357200401368778,-1.5,-94.54098288195047,-69.4380576816417,1961.0338204547231,100.0,1
2427,5.004434698404093e-07,-0.05535425951505325,0.32421085903086533,-1.5,-58.21290338282613,82.68670572096177,1961.9346199205743,100.0,1
2428,5.251422659663374e-07,0.019515140859424313,-0.2908267764967542,-1.5,-39.7312176033519,-108.67132593672832,1961.1285678233949,100.0,1
2429,9.028763812067154e-07,0.4581282240955654,-0.0046270178058895,-1.5,-98.37456214841684,112.97269283300432,1958.8192623267462,100.0,1
2430,6.086608196449354e-07,0.40903401069542356,0.06017932668687818,-1.5,44.91371417113658,-137.2355219029227,1959.2249631100349,100.0,1
2431,3.255971388020733e-07,-0.20108461368757172,-0.06289463934412516,-1.5,110.10106131442092,-117.98860363454597,1957.899316097725,100.0,1
2432,4.873398858169628e-07,-0.005553997301585492,0.034984895360153305,-1.5,-92.33424512787882,-63.9345479310433,1961.3260940046785,100.0,1
2433,6.487149814057494e-07,0.417253352174336,0.13958849549350727,-1.5,28.570264482520404,-94.24207408744144,1962.0691776095018,100.0,1
2434,1.4156885339257853e-07,-0.31932737775243913,-0.3077282395528218,-1.5,-60.31925722421789,-115.33413784715364,1960.2226685050614,100.0,1
2435,5.167813313493613e-07,-0.148223179675999,-0.09158318037345858,-1.5,-87.39531992085236,2.5851664830292003,1962.5923319009269,100.0,1
2436,7.609711642351641e-07,0.32988478209825706,-0.33349067266103644,-1.5,-28.623965984574777,55.01930133793959,1963.5597345937124,100.0,1
2437,1.9246420388898275e-07,0.3386154034172506,0.3014004532717821,-1.5,-72.44242943510248,-65.88244741899135,1962.097062789136,100.0,1
2438,6.761519974449514e-08,0.4309248582476071,-0.028425367261910625,-1.5,-130.7001649034581,-67.63860900492585,1959.0190840653438,100.0,1
2439,1.9678038772986613e-07,-0.23088776857823728,0.2188989334852778,-1.5,-24.60539663150615,31.429193012376025,1964.1334136329253,100.0,1
2440,8.598246859051143e-07,-0.1677654060641064,-0.46110033918751164,-1.5,-79.62379545140539,51.27991392691638,1962.2547510177399,100.0,1
2441,2.1629075459400787e-07,-0.4065426200939788,-0.18862490501946713,-1.5,87.28146754895943,-34.71076325922695,1962.2921277431128,100.0,1
2442,2.648973573508921e-07,0.2833743472405777,-0.29092205026467854,-1.5,105.77963821915385,46.347543135122315,1961.1414685457278,100.0,1
2443,4.5101051491205996e-07,0.07818031521991191,0.35616052887994143,-1.5,54.81044546560805,-67.01179077140104,1962.630510623842,100.0,1
2444,1.672924442874546e-07,-0.16274290445578832,0.1560120365145777,-1.5,26.4326956623782,-47.40501798959942,1963.7890322373116,100.0,1
2445,1.718560300556166e-07,0.2265205005906232,-0.23050499864062646,-1.5,-134.06840670244247,-9.572787096647557,1959.9355372913676,100.0,1
2446,7.584904873030409e-08,-0.33304837166042395,0.14056823012881872,-1.5,131.63121271482194,12.697564829042491,1960.0829783335114,100.0,1
2447,6.591705139334573e-07,-0.057519871327718075,0.26877981188152783,-1.5,-159.1135261014768,30.748684973836582,1957.84337740537,100.0,1
2448,5.034869813665864e-08,-0.04588511207515962,-0.12273453663848674,-1.5,7.576566389813357,-132.51315459503033,1960.0500365468085,100.0,1
2449,2.688152559708613e-07,0.35187305762702015,0.3477833056916179,-1.5,-10.472146195255572,-69.2514737346006,1963.2900585002162,100.0,1
2450,2.3094532595390505e-07,0.0008323098107881346,0.21026973772696742,-1.5,-63.4917415853033,-43.12713055276463,1963.039005121111,100.0,1
2451,3.159143666256318e-08,0.010811929893077523,-0.2429320028257828,-1.5,65.63721898575227,-102.7650091844377,1960.7509772118615,100.0,1
2452,7.518647286246597e-08,0.18214887707886976,0.29908637377441155,-1.5,126.23381865272034,6.811516788249663,1960.4672689268564,100.0,1
2453,7.422614571781772e-07,0.0900994620558072,0.3687590780984157,-1.5,-162.54838928110547,42.597259011562016,1957.3392094711,100.0,1
2454,4.822843012492376e-07,0.24988229944372836,0.12248157540506685,-1.5,84.30128902062275,50.935992446017664,1962.0683228698056,100.0,1
2455,2.4526536183408894e-07,-0.07080498983677286,0.24178802018266202,-1.5,-68.87691430126864,-138.9981259430682,1958.4046512216983,100.0,1
2456,3.707559761968407e-07,0.033478713540511115,-0.01975124954563763,-1.5,-62.57405302944071,-102.28606485060284,1960.8761651595896,100.0,1
2457,9.702600752032785e-09,0.12384279563599315,-0.21927603606151902,-1.5,-53.0615392151466,80.40023294236138,1962.1757214543923,100.0,1
2458,6.265522293520635e-07,0.1761248379715014,0.3934410288009675,-1.5,-77.64328104168321,-19.22590942883509,1962.9098735249786,100.0,1
2459,8.474857961195391e-07,-0.22340773365175265,-0.20973369228996716,-1.5,136.40247326553705,-102.53059856850038,1957.113979284385,100.0,1
2460,5.882793155633296e-07,0.30096991768799386,0.3769570673492027,-1.5,-124.65165072522694,49.344198218169375,1959.9592858883098,100.0,1
2461,2.1195807633609419e-07,-0.24455049853456695,-0.24058062792361862,-1.5,2.921884141162186,-141.28295700499973,1959.449890892625,100.0,1
2462,6.750520033301533e-07,0.44538135926410255,0.09731201027158222,-1.5,79.41359288255762,-73.99778784885383,1961.5379412402633,100.0,1
2463,8.006240064933913e-07,-0.0007815756875551481,0.2778020328695765,-1.5,-8.206997634142525,162.58507623948626,1957.7824252046407,100.0,1
2464,2.49488150114849e-07,0.05736679619863427,0.1575277496487041,-1.5,110.05909046645979,90.70008770359637,1959.3554493665479,100.0,1
2465,3.2101335907467654e-07,0.48784981207719796,-0.03574752593181837,-1.5,24.342974884672238,90.58018331258921,1962.298635842912,100.0,1
2466,7.975187454088115e-07,0.33761453952316256,0.31577389957951296,-1.5,-133.00251442810685,-103.41554770136469,1957.3014182581994,100.0,1
2467,5.918051814856535e-07,-0.1158057608120982,0.32353013465187064,-1.5,126.06405013429152,-78.97367363788871,1958.898746847832,100.0,1
2468,7.021954865777748e-07,-0.027965494964868932,-0.06543220176411368,-1.5,-130.11260664443768,81.55455357882447,1958.5282358569355,100.0,1
2469,1.2087541123077287e-07,0.21001845345038084,0.43008654834468985,-1.5,127.19609373675675,14.284918713471153,1960.364859178411,100.0,1
2470,3.1657865391668857e-07,-0.09361397299154323,-0.34998587288906635,-1.5,-153.4765627242178,-20.682923256978636,1958.4255021945655,100.0,1
2471,2.9166849875903387e-07,0.25085719644573345,-0.11863500244445112,-1.5,-28.985972666230317,-135.33093775633037,1959.657785670936,100.0,1
2472,2.370330987783842e-07,0.41977128701618494,-0.24768726154627632,-1.5,-33.33936346703088,97.27998752624714,1961.845655788609,100.0,1
2473,7.827996125858684e-07,0.4551758186273682,0.19883120566761356,-1.5,28.433181146841953,135.55979582084564,1959.6500662702545,100.0,1
2474,4.386220219839098e-07,-0.04825305444261411,-0.12447497511923528,-1.5,9.934439135670537,-125.57927971031162,1960.4959672727282,100.0,1
2475,8.429552116148292e-07,-0.41863158823966784,0.23322121737536133,-1.5,103.25926300005874,-35.96181510462481,1961.493706012129,100.0,1
2476,2.321772728300343e-07,0.32970936054397765,0.2467893841758315,-1.5,-34.202476850896105,37.735689271212806,1963.8786863242399,100.0,1
2477,7.311895259334878e-07,0.009072854621586354,0.38694656669204286,-1.5,89.20631432282207,22.328015811928566,1962.3855328301245,100.0,1
2478,4.855994562372583e-07,-0.045379283041162816,0.1580048898221348,-1.5,-154.94114515920094,-9.943305942481713,1958.3941529911237,100.0,1
2479,2.3898441563546155e-07,-0.20657807226209038,-0.4119360815950681,-1.5,90.58423106305646,61.429035359194216,1961.487766202911,100.0,1
2480,2.644291095867238e-07,0.3485236109398467,0.3525232669224115,-1.5,25.693953109195903,-94.09615085246412,1962.1159551449816,100.0,1
2481,4.890291364239527e-07,0.3405257694188471,0.16807834957287388,-1.5,-16.138261393147086,-122.27149997983733,1960.66379654392,100.0,1
2482,2.550474895164768e-07,0.38793603479442973,-0.26242398563468455,-1.5,46.7229533624462,157.12914609653043,1957.687585735323,100.0,1
2483,2.928972145815237e-07,0.08381399531004384,-0.3459870288323415,-1.5,98.48386607184366,-139.46296701104532,1957.1061021881646,100.0,1
2484,6.298787374303346e-07,-0.36018026721386276,0.02595879048387523,-1.5,-90.06512326684138,41.72547351215366,1962.0297002587006,100.0,1
2485,9.084446054084285e-07,0.40749322340111793,0.2194543338216866,-1.5,-21.07370173962417,105.05083653887685,1961.6150252033663,100.0,1
2486,3.3010205279534504e-07,-0.14631093807117043,-0.40066430699892536,-1.5,-95.06611458853601,104.12440509100442,1959.4728445139563,100.0,1
2487,8.038680077307453e-07,0.30550483925169625,-0.14741086632262224,-1.5,-131.1095363916149,-14.093682303825593,1960.1084010463364,100.0,1
2488,8.420344865024995e-07,-0.05400416493365835,0.11620439493858015,-1.5,74.33711431378386,-120.88585605404471,1959.4065146129608,100.0,1
2489,1.1672818870012884e-07,-0.24180791017030692,-0.2072064462583261,-1.5,131.8752106318741,-5.1130818507076725,1960.101036038938,100.0,1
2490,1.871248228712131e-07,0.02748042566698347,-0.354598440564293,-1.5,-81.17161457621633,66.78651097616333,1961.7247557200405,100.0,1
2491,7.127235033257753e-07,0.08268603807551772,0.1347401540471076,-1.5,161.80806302621835,-29.97712272045907,1957.634493239031,100.0,1
2492,3.6358227269206456e-09,0.11080771113829394,0.18970999732333496,-1.5,-18.56950260398629,82.80297561529466,1962.705308259094,100.0,1
2493,1.624509404622246e-07,-0.4341101748358555,-0.04532461469024098,-1.5,-150.15433218870876,-36.809076998702494,1958.446336931803,100.0,1
2494,1.589518520855056e-07,-0.0047424667437060836,0.3137379947590496,-1.5,-106.71297385009854,-92.62045314848538,1959.4507085243988,100.0,1
2495,3.6068931687437934e-07,0.303719609318133,0.09662592080131556,-1.5,92.27141693089031,-113.58248212829399,1959.0809813882818,100.0,1
2496,4.0584377834730265e-07,0.0873201299126067,0.22680544796850463,-1.5,-85.02171186228749,137.13054133662393,1957.9018896285029,100.0,1
2497,2.6165101650063453e-07,-0.4225525980147517,-0.18124524539680503,-1.5,-30.316438149566544,-69.63193036125473,1963.0704506253005,100.0,1
2498,8.379199753345031e-08,-0.16186311342227447,0.12080556349839737,-1.5,-91.26004780653372,62.513908969827284,1961.422162902671,100.0,1
2499,8.35530317936859e-07,0.06078232562635443,-0.4634156383477934,-1.5,-113.4554536877185,-42.559801206135845,1960.7982582652248,100.0,1
2500,3.9184480988878613e-07,-0.19746712961352267,-0.20037105941877437,-1.5,131.0360706448827,-94.50042654711463,1957.8847013648412,100.0,1
2501,7.69297052177916e-07,0.17184985319888524,0.11134529009514726,-1.5,-161.4959296589108,-48.20106378439695,1957.2963517106416,100.0,1
2502,1.7410990753103513e-07,0.40849809611628146,0.025028873222730074,-1.5,49.18029652380961,125.34803022651336,1959.9189922081714,100.0,1
2503,6.413340783923079e-07,0.08212243041209001,-0.467264320840284,-1.5,45.04851497028456,57.10827653194845,1963.1919321137843,100.0,1
2504,6.042466943195288e-07,-0.13336536763715262,0.4548031598689992,-1.5,-10.61292677381264,-82.04739550112922,1962.7961883351277,100.0,1
2505,7.319564083363296e-07,0.18617398245647462,0.4223122744076612,-1.5,56.21939973577504,112.75204567385242,1960.4947440775866,100.0,1
2506,5.143427868403396e-07,-0.038646777547715304,-0.20726547850402768,-1.5,18.534147887326583,101.19377404789864,1961.8434167186138,100.0,1
2507,2.6065621280919686e-07,0.021622799977177115,0.28036104222721975,-1.5,8.404675697319448,149.99975348940382,1958.7860326349257,100.0,1
2508,6.781106564725712e-07,-0.3207165159988311,0.36034772151992206,-1.5,10.827851315321144,-53.79588348165573,1963.772401991242,100.0,1
2509,6.930220081307482e-07,0.08063254731360063,-0.4569517004121807,-1.5,-30.89548823835839,13.560054332326114,1964.2491898939782,100.0,1
2510,7.642688753189217e-07,0.0190574035154191,-0.043164157834146524,-1.5,-67.48871767778844,-64.56879683124788,1962.3173621328697,100.0,1
2511,1.962761746740672e-07,0.3839196732888229,0.1027834230120329,-1.5,-10.705463302792314,109.55897837459987,1961.4523979895912,100.0,1
2512,8.301025991988432e-07,-0.3158078910784719,0.024761212054557075,-1.5,49.56883983515369,102.59561334161118,1961.2318466990553,100.0,1
2513,2.638972909504474e-07,0.057124839686859656,0.35705934117142013,-1.5,-0.393224503015943,-5.120384345817591,1964.5322377870955,100.0,1
2514,6.360895479541197e-08,0.11316872812826555,0.29804672112179464,-1.5,-59.914714544595384,71.91197046491791,1962.3078712962,100.0,1
2515,2.936216184282321e-07,0.38719002838088346,0.219046631441859,-1.5,-112.15823594525503,89.23720985044174,1959.3035846325317,100.0,1
2516,4.643616518191808e-07,-0.029717608261154185,0.31728655608303485,-1.5,-103.15880493246131,82.40429305280244,1960.0972118029008,100.0,1
2517,6.79790662667508e-07,0.10639327672239222,0.04340794222154858,-1.5,-73.1201704059786,-108.6810021804705,1960.1671272396597,100.0,1
2518,6.375775476505621e-07,0.24047600060737614,0.25341263803519604,-1.5,30.244408836736607,17.632329224896054,1964.2269886564416,100.0,1
2519,2.750555063422691e-07,-0.3119875857226269,-0.0846296317998858,-1.5,83.17293736555442,99.63976462797635,1960.2467870298879,100.0,1
2520,1.7427891887458293e-08,-0.0040663120226894335,0.1580022181697654,-1.5,102.33073279193597,50.39572752161595,1961.224611828019,100.0,1
2521,6.910639164722215e-07,-0.11909721736796648,0.2801231129986119,-1.5,38.035906452312844,-14.989020041205213,1964.113511323795,100.0,1
2522,3.850934339048367e-07,0.193590278743499,-0.22425987979367176,-1.5,85.85321118767776,88.51949487338894,1960.664890138612,100.0,1
2523,8.494408567813939e-07,-0.10390395534345151,-0.05052100264353919,-1.5,-61.56780408457248,62.301555848242316,1962.585337738266,100.0,1
2524,7.024396622380478e-07,0.24763894832118483,-0.09249160442790128,-1.5,111.03902440355992,-84.57162150647348,1959.5742553323676,100.0,1
2525,4.861570708555675e-07,0.21475048587733994,0.07384334646557632,-1.5,-58.76199939690855,121.6962142892999,1959.885288765815,100.0,1
2526,7.346680058485238e-07,-0.10782063754791808,-0.40275630605632495,-1.5,-144.9655152993152,87.89011149118737,1957.2106718343332,100.0,1
2527,1.049614997217597e-07,0.3832756442983034,0.09608371976869493,-1.5,137.66318765209513,15.918752873213773,1959.6450511096537,100.0,1
2528,4.544657125321763e-07,-0.10142665741515099,0.25424240498820716,-1.5,69.68879340680002,144.96516907742108,1957.9432724402386,100.0,1
2529,4.222908505987498e-07,-0.27854433191946903,0.36249368243875535,-1.5,66.11730401000564,-94.2015315248982,1961.1649241802545,100.0,1
2530,4.66780452830584e-07,-0.23895648833522617,0.18895326574821789,-1.5,-34.36209781641494,108.21157067237375,1961.2554113303052,100.0,1
2531,2.1802108484080726e-07,-0.11681299271601614,0.020178723670458525,-1.5,-21.480795338567845,12.646693908961819,1964.3807988348203,100.0,1
2532,6.51858721148414e-07,0.17992554237351557,0.07746928144484239,-1.5,-55.034924247238095,7.641559587741438,1963.7530521800086,100.0,1
2533,8.67615922830441e-07,0.291066878848775,0.0019739475957291815,-1.5,126.6050581163887,36.316376668755126,1960.1187633179604,100.0,1
2534,7.635818826049622e-07,0.43934100727548403,-0.08324444149365522,-1.5,33.576513749218776,120.19762089840209,1960.5709464135552,100.0,1
2535,6.630483933072493e-07,0.1205192527673455,0.24601068803062287,-1.5,-9.278226667699624,125.40294563335476,1960.5104697508025,100.0,1
2536,4.1117812748821665e-07,-0.08065711824272714,0.45065406020713494,-1.5,-37.98300994042859,-160.05005557694497,1957.6400478463381,100.0,1
2537,2.9798411564288782e-08,0.01142884741812931,-0.38784598373439777,-1.5,110.53362945268128,31.598823075187504,1961.1723833988717,100.0,1
2538,8.701369360591594e-07,-0.356374161889699,-0.06970424884223352,-1.5,7.272561147906112,-159.4938699809564,1958.040372811291,100.0,1
2539,8.858053844071067e-07,0.04163931311712448,0.14028629398149794,-1.5,28.900643133239967,52.77535860190463,1963.6172744751093,100.0,1
2540,2.3611724893076967e-07,-0.3379744271503606,-0.1512327187248172,-1.5,-42.24147540511608,132.7977632345419,1959.590186263861,100.0,1
2541,3.255889996886671e-08,0.07916221035015807,-0.3086532974496801,-1.5,15.855898502118634,-149.40002857445694,1958.7857228933372,100.0,1
2542,1.0757331784965376e-07,-0.300298583070461,-0.2946744271473233,-1.5,-5.528197370239976,81.60858737573221,1962.8353888613544,100.0,1
2543,6.533646943340348e-07,0.0885472312468656,0.3534946476769117,-1.5,-105.86011863952884,77.53934185845918,1960.1516706652862,100.0,1
2544,7.472911972877783e-07,0.39659819023169185,-0.08824850459503569,-1.5,58.99707255293916,61.119046043382966,1962.7014785511985,100.0,1
2545,6.793095022353699e-07,-0.10945292390255704,0.12273160952156878,-1.5,115.74931321717693,76.8969857538945,1959.6178801842589,100.0,1
2546,2.1534820833286525e-07,-0.19692954461511541,0.2625917552630565,-1.5,-0.44891322238697323,-110.20440294336058,1961.4454043676433,100.0,1
2547,4.3558436236283507e-07,-0.15840469037632401,-0.14138865040043364,-1.5,-11.302454409679836,-92.96817315955323,1962.3053940632747,100.0,1
2548,3.133084624463802e-07,0.19102244816598435,0.16098875760205653,-1.5,24.842095272579336,-81.68315246146162,1962.6828626073436,100.0,1
2549,8.2759040287872e-07,-0.03150404382397074,-0.34026032588039595,-1.5,-20.790739191108937,-45.94186686466912,1963.891640671401,100.0,1
2550,5.684915071258302e-07,0.15790438788247896,0.4286159748693311,-1.5,-13.954572365264765,161.6053082514621,1957.8310142913722,100.0,1
2551,7.082275560941754e-08,-0.08102924108635952,-0.11136618906561668,-1.5,-18.43972886465116,9.487668198101787,1964.4294965250579,100.0,1
2552,9.088177349291619e-07,-0.05444657174722159,-0.25293342366387106,-1.5,75.26740801736769,144.59467437915234,1957.7641542580316,100.0,1
2553,6.353558951583176e-07,0.19953195976573707,0.1540548459735662,-1.5,-92.80388236068974,104.30051009669077,1959.571925007726,100.0,1
2554,8.630388168157841e-07,0.440553961917377,-0.0032072648391301938,-1.5,-27.53710278907961,-0.4629511100188392,1964.3458911078733,100.0,1
2555,3.621921450933121e-07,0.15397465765086008,0.1944017084541291,-1.5,-92.76863666900238,75.07662744930215,1960.9106982031449,100.0,1
2556,5.561261431912188e-07,0.11223703833585524,0.23088528504371744,-1.5,106.49948870141542,-45.48415438354351,1961.1227235623176,100.0,1
2557,5.453582354815791e-07,-0.4729366914918557,0.06842595403186943,-1.5,115.563682198256,38.356478277552874,1960.7618677945202,100.0,1
2558,3.038705796255386e-07,-0.2468935656958748,0.2350230994552067,-1.5,101.31484898955159,123.16859304976995,1958.0546686255968,100.0,1
2559,4.879328270079165e-07,0.06941242536070502,-0.31786273356900324,-1.5,76.09347173573735,107.87732026050318,1960.0983530422004,100.0,1
2560,1.847873023292721e-08,0.24275884166064418,0.4296808197415316,-1.5,12.934633537477335,-149.7957829536866,1958.7769666122467,100.0,1
2561,3.2879018758685234e-07,0.033583059221943067,-0.12784605842120544,-1.5,-40.8305802889561,-145.85374908479574,1958.6916127500285,100.0,1
2562,2.4284257647605475e-07,0.02706629761060032,-0.40315494680493347,-1.5,-5.729851413850031,-102.01729812670877,1961.8799468754028,100.0,1
2563,3.601209349630449e-07,-0.05975789875991691,0.2460229020899993,-1.5,-55.46090503336059,133.36766150462316,1959.221896862068,100.0,1
2564,8.34461730938955e-07,-0.05106717156388053,0.14305928763905892,-1.5,78.91558811431788,99.8600355384392,1960.4115867646171,100.0,1
2565,2.6265451021438846e-08,-0.1132628854775515,-0.40778809154159656,-1.5,-24.390511343027303,1.5043004623118998,1964.3869594106645,100.0,1
2566,1.9849219625407622e-08,0.0055626903035365756,-0.1632767815777919,-1.5,-24.227025599409313,23.12437712647939,1964.2534461416249,100.0,1
2567,7.561169418776451e-07,-0.1830068257732355,0.2469704761423236,-1.5,-100.91908974284381,55.42262235782379,1961.1621443732258,100.0,1
2568,1.7649479458139731e-07,0.006301907363851745,-0.03214239275495251,-1.5,111.74950219899341,76.05242059104596,1959.8829976166055,100.0,1
2569,8.526265020889882e-07,0.20303619786295432,-0.3455650632102376,-1.5,17.105270761781078,105.26471313648803,1961.642178417509,100.0,1
2570,8.143403704035841e-07,0.28886823028756076,-0.3864990099512318,-1.5,43.00988196371225,-54.934197180821776,1963.2996893749303,100.0,1
2571,6.184205208290797e-07,-0.4300322285295322,-0.19202456595982306,-1.5,-6.208953431338864,-63.47093688962223,1963.5035460456322,100.0,1
2572,3.900277558841511e-08,0.47690133545847296,-0.14552847262060734,-1.5,45.245856691310344,-87.48188988127676,1962.068555800536,100.0,1
2573,3.8291144945362775e-07,-0.19206310412305447,-0.15270990002435075,-1.5,151.9943361890671,53.33929131325502,1957.9238820839732,100.0,1
2574,1.1157142596281341e-07,-0.40251949156940153,0.2377738395966646,-1.5,75.5109689679821,4.3344052647721725,1963.0824212861387,100.0,1
2575,8.711097060329727e-08,0.16232968574861972,-0.07174591671963708,-1.5,-82.96991172640504,-13.655202334656282,1962.7386009001411,100.0,1
2576,8.060270821845824e-08,0.43105323164925397,0.12398406384403436,-1.5,86.17966575854975,-12.886391270145198,1962.6054856735493,100.0,1
2577,7.011633596235467e-07,-0.15070179956685023,-0.01708165337735255,-1.5,-21.94733915783794,-54.66086134717604,1963.6557210485769,100.0,1
2578,4.459221524711201e-07,-0.16038567874534326,0.04918549942139891,-1.5,-23.303870550597196,-111.85593760931775,1961.2135184892625,100.0,1
2579,7.343820959556602e-07,0.35058850370988515,-0.03697443321264506,-1.5,-132.63846478115312,68.5016865123553,1958.8588113673718,100.0,1
2580,8.849859704083235e-07,-0.3820980648625144,0.020542508916055618,-1.5,14.661721955409197,47.39789343858134,1963.9123605377656,100.0,1
2581,3.872262419619983e-07,0.12447413661417514,-0.12726418772810655,-1.5,-120.64281089266511,-89.11550757610053,1958.8049991654354,100.0,1
2582,3.6367849759730057e-07,0.060200132209107096,-0.4919846249154883,-1.5,133.35683612590378,-50.42582354748417,1959.3586901953859,100.0,1
2583,3.1926840616749935e-07,0.3880244063602933,0.028970000937402863,-1.5,41.82516557547507,108.51545048780302,1961.0936588536879,100.0,1
2584,7.936849697154209e-07,0.2970151524896729,0.040050715155534884,-1.5,-64.85611397278937,30.51419084394456,1963.2309733965637,100.0,1
2585,4.3046680027096076e-07,0.050636386843320134,0.01719430467789586,-1.5,25.557928514392202,81.24146027949028,1962.6920042859094,100.0,1
2586,6.486961704398846e-08,-0.14703016469317004,0.04511286516419522,-1.5,145.5111664219258,29.257026321092354,1958.9241468529374,100.0,1
2587,5.054966580611795e-08,0.32506363284609796,-0.329938819604775,-1.5,2.6914918591727712,166.8323139954931,1957.4404259503308,100.0,1
2588,2.957955697054946e-08,0.2233554645993089,-0.20262014471138656,-1.5,-45.92328323380336,146.01505481016213,1958.5668081768222,100.0,1
2589,1.5446495082732294e-07,0.08885551390285597,0.04311311323171344,-1.5,-2.8753740218372577,-91.31718223057078,1962.4133587804163,100.0,1
2590,5.123578903934221e-07,0.04602578169958523,-0.17490599068395313,-1.5,-82.37908517700932,-46.33208673034161,1962.2640776232802,100.0,1
2591,4.497287450569133e-07,0.19831962846958712,0.08261011589343963,-1.5,21.24311093061657,121.07788182502011,1960.6892061305605,100.0,1
2592,9.782762980274191e-08,0.1643718189833922,0.44816552110571445,-1.5,71.32113761335633,19.92672980494302,1963.1427627747678,100.0,1
2593,6.588786912901267e-07,-0.3557682999934199,0.2884057285672354,-1.5,-145.35957653507597,56.362373567895254,1958.342963482512,100.0,1
2594,5.649824299911707e-07,0.1293451004322178,-0.008652410740330786,-1.5,-19.042832820867282,-71.65030487081364,1963.1395494452775,100.0,1
2595,7.425538569613383e-07,0.09633818993836048,0.22513785920435483,-1.5,-167.36146456624016,9.685811664786389,1957.3731405883673,100.0,1
2596,8.736166175390575e-07,-0.3811240567749404,-0.2237021910266814,-1.5,37.651734125476686,-156.6722800048083,1957.9196688990003,100.0,1
2597,1.8482409324474525e-07,0.42330444766299846,-0.02551894244754953,-1.5,46.01963861395858,73.08521412479114,1962.6395569753263,100.0,1
2598,5.5985416531796e-07,-0.2824489024490524,0.14291144683486676,-1.5,-130.69775836218497,-71.76349905849644,1958.8724773267177,100.0,1
2599,4.562477241237544e-07,-0.03171864527840849,0.10945819638801858,-1.5,11.986142050300094,-157.45602772082265,1958.182120743436,100.0,1
2600,6.943067589253959e-07,-0.3140589557057336,0.09697203092980279,-1.5,-96.32352006872851,-126.84922083019526,1958.0715872823632,100.0,1
2601,1.8923855595369567e-07,0.37383088499635986,0.2835398724299859,-1.5,36.78119056707545,-60.80912384555411,1963.2530862687408,100.0,1
2602,2.9792194297935793e-07,-0.2316875065239704,0.39344086081666824,-1.5,44.12643954553022,149.65862847892174,1958.3330765017922,100.0,1
2603,7.204487229768404e-07,0.48412546644760773,-0.010175225293522024,-1.5,161.4244458934056,-6.128041201607579,1957.8860747360072,100.0,1
2604,4.746768140024827e-07,0.24027868030845706,0.3402445969108349,-1.5,25.798998109010217,-133.4958969694727,1959.828192330904,100.0,1
2605,9.024565135582461e-07,0.14818138457820482,0.021906038897333148,-1.5,-94.34753988981474,34.771779628222404,1961.9640035750801,100.0,1
2606,2.043058542138246e-07,-0.2371034028063089,0.4099750893660473,-1.5,-110.82815364165204,-95.73666947817122,1959.0724582678765,100.0,1
2607,3.3616667226860703e-07,-0.46382130967399,-0.07267058573624777,-1.5,-80.02334495701973,24.329621607928292,1962.7576569817365,100.0,1
2608,5.62072397440573e-07,-0.32722838245260705,0.07112983235285873,-1.5,29.283336288435986,83.55456996516152,1962.5428419068683,100.0,1
2609,6.318656417107268e-07,0.07354411921630759,0.4665015810312487,-1.5,122.37365266052382,-20.22569549244972,1960.6195185814354,100.0,1
2610,3.8928401576211557e-07,0.3131816410523551,0.035803472198247144,-1.5,-22.52664055890029,109.88130964294109,1961.3342230538917,100.0,1
2611,1.592032260940041e-07,-0.08126980180694178,-0.4886375263168903,-1.5,-6.002126165065202,166.83122730397668,1957.4331667630133,100.0,1
2612,1.416606901940699e-07,0.032101580263303925,0.34390823548950933,-1.5,-124.72436565152368,117.247532416032,1957.0667170593106,100.0,1
2613,3.6497598946113457e-07,-0.32226170696563167,-0.28189595045049665,-1.5,-124.75247037373191,23.466735289725328,1960.4334775086413,100.0,1
2614,3.3939828355222567e-07,0.08144109544379051,0.061819784328291154,-1.5,163.49911890707807,-6.144439839536202,1957.713863219495,100.0,1
2615,9.110777111239815e-08,0.3102263865293564,-0.2323332224475193,-1.5,4.797645308769594,124.6314645874749,1960.5757488300226,100.0,1
2616,4.707118452418093e-08,0.06901567074568739,0.396914229677921,-1.5,131.7339998737271,52.916605412532896,1959.4027846298,100.0,1
2617,1.3927061806940114e-08,-0.4051553320246367,-0.16478362881456757,-1.5,-68.8859007117383,-124.86219009447834,1959.356387295092,100.0,1
2618,1.1665993066752473e-07,0.03502400407657325,0.377862942584759,-1.5,-101.00375184452867,87.767049183434,1959.976651253043,100.0,1
2619,7.80652259918427e-07,0.403093541827353,-0.19353361421359339,-1.5,-108.9031384244776,-43.85129887586481,1961.027908086555,100.0,1
2620,5.4456396872731644e-08,-0.0887485602703688,-0.14250771431478818,-1.5,143.5636113591389,-43.900430200950915,1958.7944067685676,100.0,1
2621,5.687670116338787e-07,-0.03816497618907652,0.32598134636084275,-1.5,14.73311265734804,-56.31210168310391,1963.6764419989331,100.0,1
2622,3.1239064335874737e-07,-0.03948895768376917,-0.27752282502772163,-1.5,32.573249013026974,40.48941950119734,1963.8515413908767,100.0,1
2623,4.470158419711505e-07,0.11591319333057383,-0.22938773795449366,-1.5,-120.9372251859054,-86.17594897259713,1958.9183698278848,100.0,1
2624,5.357928449779392e-07,0.16312025255390863,-0.23550748247587355,-1.5,-74.51131476549887,92.74168051225814,1960.933535572741,100.0,1
2625,4.298102722768469e-07,-0.09949595000105554,-0.19470760981219948,-1.5,-22.648058860740285,-104.53516311278503,1961.6250282276058,100.0,1
2626,2.2897531727397806e-07,-0.3071909971356824,0.05387946473426038,-1.5,-80.0481642177364,-77.53853244286377,1961.3753729610528,100.0,1
2627,6.219163284814263e-07,0.20052825953482542,-0.4221437496808565,-1.5,-41.07168261431692,78.43582494658851,1962.5427955890052,100.0,1
2628,8.147361744045071e-07,-0.25852020638202927,-0.05456508028165453,-1.5,-143.00856986567567,35.48095477205078,1959.00559903732,100.0,1
2629,7.383328819355627e-07,-0.1028015064603646,-0.19610855509067476,-1.5,-44.00215599347102,9.363981741486931,1964.0237810118294,100.0,1
2630,8.441475820552129e-07,0.0979072443724513,0.3477915643878324,-1.5,-60.59145908274234,32.10570899687309,1963.3418410460679,100.0,1
2631,2.959231725212317e-07,-0.18015447313156702,-0.2928227152454333,-1.5,140.54428287536007,-29.05659829989431,1959.289745012825,100.0,1
2632,8.060118601233632e-07,-0.25579779699899907,0.14238118617203435,-1.5,81.33045248559934,139.66962404961305,1957.8792199424506,100.0,1
2633,3.57601089498062e-07,-0.14154934558379142,0.34316082831228895,-1.5,-40.46126620507085,-84.41500316077449,1962.3073865846247,100.0,1
2634,7.577755627700375e-08,-0.07527773577372443,-0.4284034942804254,-1.5,84.3658950677076,73.0946536422258,1961.3650485374922,100.0,1
2635,1.201124339088313e-07,0.012209468042511565,0.21582826123143692,-1.5,100.26244983537411,-76.35837974193451,1960.4923170628153,100.0,1
2636,8.135845394620198e-07,0.2155743282754661,-0.3386586099123359,-1.5,32.944727272916396,82.39786653097987,1962.5336997876464,100.0,1
2637,7.819701529545535e-07,-0.2717177017507237,-0.05069890219766771,-1.5,86.64894197967638,137.66676052275682,1957.7929181011725,100.0,1
2638,3.963555838578837e-07,0.27501145126496734,0.3419556436299811,-1.5,54.39625090342957,-48.267176432088306,1963.1924546088333,100.0,1
2639,5.264230992144827e-07,0.3379288046968706,-0.3023346071697913,-1.5,-33.04438301071657,-160.40874881476603,1957.7002805131467,100.0,1
2640,6.735651456026182e-07,0.08683774213589787,0.018021539786500614,-1.5,-32.20135147285199,139.79771942311834,1959.2939944973925,100.0,1
2641,1.4595105557853957e-07,0.14457057241725754,-0.29887277454789907,-1.5,-91.48597787307095,73.0424890754387,1961.047780373646,100.0,1
2642,7.551138748776879e-07,0.36968252133992324,0.13892136271268438,-1.5,-64.84521263039984,-50.28448726771952,1962.824458530429,100.0,1
2643,1.7614101181549138e-09,-0.12789219338509533,-0.4066392909715386,-1.5,-25.60401020123181,130.36943723476648,1960.0412063940994,100.0,1
2644,3.0421286118145897e-07,0.2711005714362942,-0.029478900743880196,-1.5,-51.62430268636321,116.30979697442531,1960.4132851942331,100.0,1
2645,6.443469141503335e-07,0.06016036749425881,0.17664193285084068,-1.5,89.74433836166048,-55.46056051550034,1961.7041994718434,100.0,1
2646,4.3801199132038615e-07,0.08242724953026617,0.16291851233861776,-1.5,28.592708117396665,108.82535501835227,1961.3140455862172,100.0,1
2647,3.644088797837379e-07,-0.3670687483529175,-0.16247451131423846,-1.5,158.52665617174057,31.916604863526253,1957.8722930475121,100.0,1
2648,6.463800651905295e-07,0.16721628904704072,0.31361211635481845,-1.5,-6.666777627596617,27.994354321643044,1964.3281692396283,100.0,1
2649,8.682681430194317e-07,0.12507745829420638,-0.277596393104875,-1.5,16.003290072699713,102.82706188217497,1961.780766629559,100.0,1
2650,3.90344911225598e-07,-0.21759310449623384,-0.2520991615148963,-1.5,28.183454388316296,68.14058115814836,1963.1545635441705,100.0,1
2651,2.9002888784537705e-07,0.35987666422383663,0.17575577610174967,-1.5,96.72655706154681,81.41671688937568,1960.4664183903037,100.0,1
2652,1.6981683995968766e-07,0.151278763182323,-0.03907663965365348,-1.5,60.075775274996396,-22.588467254139832,1963.490246636929,100.0,1
2653,8.427321144657696e-07,-0.34718342493754567,-0.3080838840600074,-1.5,77.10889856839476,146.32637547048094,1957.5638165509117,100.0,1
2654,6.592157350972329e-07,-0.2572454455004603,0.28776650752081173,-1.5,133.75376688331121,11.393976139896688,1959.9472935307163,100.0,1
2655,7.918940687256562e-07,-0.24717147001137987,0.19145906585689978,-1.5,116.70434904199391,-100.60508755221599,1958.4871706343718,100.0,1
2656,6.47190402762433e-08,0.16864299706918112,-0.38831702246523675,-1.5,113.63938007896218,68.17947255193472,1960.0640135168903,100.0,1
2657,6.287989680459576e-08,0.012943860634919176,0.2034066728477977,-1.5,17.91417856959149,134.56330725381562,1959.8431276031313,100.0,1
2658,2.5425589739939196e-07,0.09442145212830531,-0.0849479315134322,-1.5,-143.55312832038322,-5.69761046269875,1959.2787761956129,100.0,1
2659,8.314656382598733e-07,-0.10592152701878196,-0.3521876391285367,-1.5,-45.14756395023768,-114.14246127886263,1960.7005080502972,100.0,1
2660,6.549187510271841e-07,0.03136317000206702,-0.4891535757959752,-1.5,112.17059756864644,-91.24066850277444,1959.2106021860925,100.0,1
2661,1.75334966368338e-07,0.43249841141821216,-0.19860832153505398,-1.5,-95.04994643665671,17.128442620347673,1962.1634514998798,100.0,1
2662,8.720615566300775e-07,0.08370261415365089,0.03500240019861607,-1.5,-34.572785430322845,-105.97253375295917,1961.3739650723667,100.0,1
2663,1.3969448031975489e-07,-0.20402251120985113,-0.42161480616832336,-1.5,18.640684708425358,150.34742558456176,1958.688710020004,100.0,1
2664,6.962608280868255e-09,0.2867429895279893,0.2936879534557796,-1.5,54.09064399546507,11.867970412837092,1963.7582946423338,100.0,1
2665,2.3182163285615278e-07,-0.004307134625405777,-0.13478663199921323,-1.5,-168.16012517154505,19.72104997164033,1957.2293015271455,100.0,1
2666,2.0785492097370228e-07,0.19051994227780464,-0.03503750835676921,-1.5,54.77307202755119,-14.243374800476982,1963.7235862312925,100.0,1
2667,6.184676320619916e-07,0.26179910935152245,-0.3366506463389819,-1.5,-95.31203743789642,-32.08071080936826,1961.9632335442818,100.0,1
2668,3.267854493704723e-07,-0.12746982538316204,0.39168856511178013,-1.5,-135.83348988608503,102.40770717592139,1957.1599860007534,100.0,1
2669,3.6194379015750187e-07,0.13459671428526201,0.20603234538015405,-1.5,99.03800813413282,-121.13869671202072,1958.2977749489141,100.0,1
2670,4.0892167325383943e-07,0.09460702173770316,-0.3772795459524952,-1.5,-152.1883713196652,73.94620307654911,1957.2388574090187,100.0,1
2671,3.482034237889661e-07,0.13097827036492973,-0.21348461593452733,-1.5,87.41374317583785,-84.64991098523873,1960.7668184514728,100.0,1
2672,5.243645947907324e-07,0.04642286478212378,-0.27016918173261023,-1.5,109.18224535168768,-28.956456362911233,1961.2888739808316,100.0,1
2673,7.079851615659053e-07,0.2820105825947522,0.10977687638240956,-1.5,78.80833992439956,26.955822603614937,1962.7725073100687,100.0,1
2674,4.389095860046665e-09,-0.37208133097898255,0.2324322668034124,-1.5,-44.715424030661566,10.424392359652522,1964.0023292154776,100.0,1
2675,8.574038306919201e-07,-0.16315077624766103,0.2159045058701159,-1.5,-48.41470246880198,-123.92295757193196,1960.0286741365835,100.0,1
2676,2.86098877623194e-07,0.07681475713301288,-0.1676628324205385,-1.5,-158.16758268583956,-49.237315315315335,1957.5423338548746,100.0,1
2677,3.316483868957688e-07,0.4309029910245402,0.12488478358035705,-1.5,-76.38780481038357,17.98176357035531,1962.970923300007,100.0,1
2678,2.3626624386992307e-07,0.01200161163656228,0.1587329497954095,-1.5,33.607125021819876,-157.1418351627586,1957.9556407272305,100.0,1
2679,8.273569432081496e-07,0.15959415364059176,-0.4541630522073855,-1.5,-143.59579168073643,-23.115514573774814,1959.147571742288,100.0,1
2680,6.673333038264389e-07,-0.35997469156374035,0.18579009912764544,-1.5,-73.94126146723312,120.6291667368381,1959.4373121514097,100.0,1
2681,6.377884483047706e-07,0.28123945086408775,-0.24839151681367697,-1.5,-19.583843313632705,-58.22395104047589,1963.5782976169894,100.0,1
2682,6.844203267521602e-07,-0.3664910311643928,0.10717809095722144,-1.5,-25.971295003032424,-102.00594894411002,1961.7169939830792,100.0,1
2683,1.5638631997553928e-07,0.21198737174338816,0.1821204588585736,-1.5,105.52416968953357,13.313172291395663,1961.657639681554,100.0,1
2684,2.7732900834004673e-08,0.025075537588052,-0.4274289461197513,-1.5,57.70528881257252,68.96511319845325,1962.4798595325033,100.0,1
2685,8.463679892210369e-07,-0.30929954246271585,0.3045651949997556,-1.5,103.33743013018929,82.645496633191,1960.0776473615715,100.0,1
2686,3.715924591546044e-07,-0.06228046328511708,-0.374942289837498,-1.5,-40.17697944013767,21.165609153043402,1964.014030901607,100.0,1
2687,3.0371347111751015e-07,0.1742130068021121,0.4071391264430775,-1.5,-85.30263267155246,-3.0260970816921198,1962.6837722521389,100.0,1
2688,1.971255106731758e-07,-0.34028256061512097,0.22283083280925214,-1.5,24.68876008076415,106.29124461748007,1961.5060343291,100.0,1
2689,3.375271016309407e-07,-0.1847942070000188,-0.13651764977086467,-1.5,-85.02905740058739,-141.3244213663129,1957.6033187520845,100.0,1
2690,6.31720019616588e-07,0.38130927640894624,0.22078570621306592,-1.5,26.79376721595143,32.25608514072762,1964.0913739630096,100.0,1
2691,3.062172068158203e-07,-0.10556168827294425,-0.25636595120137484,-1.5,-46.126368544308754,64.70726413367713,1962.9311282771437,100.0,1
2692,6.851673362206725e-07,-0.07858483722816688,-0.2510122989553903,-1.5,-70.37318187960305,-41.22868316450287,1962.8451536539485,100.0,1
2693,6.78236405782357e-07,0.07317270618629236,-0.17315888798571624,-1.5,-58.621571519116515,-67.97178927444294,1962.4873588080998,100.0,1
2694,6.690331470589726e-07,-0.22893275664517115,-0.26866039190965296,-1.5,-35.44859317805358,-88.70715079199404,1962.2150047602313,100.0,1
2695,6.071345107950508e-07,-0.17832113099530078,-0.40978346415148265,-1.5,93.76076744161374,-35.83196033530781,1961.9730567399288,100.0,1
2696,5.606869700963616e-07,-0.4800217940379247,-0.007019396566272202,-1.5,140.54073512729917,49.91720550916828,1958.8695363985232,100.0,1
2697,3.0665966213736435e-07,0.016672458631786995,-0.012484815319388531,-1.5,-43.72976942250915,-100.91690877298007,1961.457817812071,100.0,1
2698,4.461030807282857e-07,-0.30686614274761903,0.3354577612088797,-1.5,92.92430566009088,111.31836750169234,1959.1800786912058,100.0,1
2699,8.372345901312464e-07,0.11355322146121828,0.3220959523292372,-1.5,-37.86890579823766,43.529108223334504,1963.6915361066913,100.0,1
2700,3.746511042629842e-07,0.3811785911229659,0.13732329825555145,-1.5,-86.2213995396462,124.12424509835331,1958.7170107767788,100.0,1
2701,4.4295607350384726e-07,0.2428455772783242,0.10701976602768758,-1.5,125.46620418424042,69.41008316309703,1959.2993028705496,100.0,1
2702,1.875099058896721e-07,0.4294935160126266,0.20376795571839806,-1.5,145.73160548677362,32.80846154529971,1958.8514977607183,100.0,1
2703,8.068677965846371e-07,-0.18097894752517452,0.03568775462513661,-1.5,136.8564048567152,55.34490056783326,1958.9845718374004,100.0,1
2704,3.250262886424503e-08,0.010597000486401617,0.001017591584479605,-1.5,0.2012425846230929,102.27963711833657,1961.874644720833,100.0,1
2705,7.295469609237405e-07,-0.29457431739177675,-0.29506622806950716,-1.5,-16.78270899613448,70.10168777498579,1963.2160809029608,100.0,1
2706,6.691108034877767e-07,0.011104631492251793,0.08062987247262264,-1.5,81.78606327196098,146.6691738055486,1957.3483286262065,100.0,1
2707,5.795206741171487e-07,0.16431876451116217,0.21623257328873133,-1.5,4.20579589445958,23.18345844803435,1964.397649357536,100.0,1
2708,3.039425421463273e-08,-0.3060171363903861,-0.14173237939647834,-1.5,-29.007876257700275,128.60301575317638,1960.110479978192,100.0,1
2709,9.067327962784458e-07,-0.06016656393764073,-0.32090493829019184,-1.5,-98.2428296725783,77.84013675952573,1960.536290353564,100.0,1
2710,7.592685183242684e-07,0.3654127405847921,0.22177216430523436,-1.5,-78.84479150267883,109.97186254057932,1959.8732036967049,100.0,1
2711,1.990141540252823e-07,0.14616475713267518,0.23243151352117786,-1.5,-96.55769444010258,62.40918215332173,1961.1718415002538,100.0,1
2712,4.293773646012107e-07,-0.18611659759858334,-0.20090779960834007,-1.5,-114.54359182500839,90.78963090676913,1959.0942536687126,100.0,1
2713,6.770547538075698e-07,-0.1721250620778324,-0.2799088001342264,-1.5,121.93138607025439,-41.49765436679799,1960.3122118782946,100.0,1
2714,2.652330105376588e-07,0.09483685629849255,-0.4046559132153484,-1.5,-126.90017773321773,68.03966836958801,1959.2550203293,100.0,1
2715,5.19754453974852e-07,-0.2809831309106158,-0.04276579678876172,-1.5,12.553176627056942,-84.406203912269,1962.6847165970958,100.0,1
2716,3.7143826724570346e-07,-0.37519086184033373,-0.19905099991009398,-1.5,-62.528167110207555,-155.9457262716121,1957.3411672576624,100.0,1
2717,8.500587128196692e-07,0.10533013276079826,-0.47684480070271407,-1.5,35.388565447657854,-83.1389295537745,1962.4598987226059,100.0,1
2718,3.516244779214546e-07,0.3488752565026604,0.1663484805245218,-1.5,19.52924821209135,-35.67002434294433,1964.1180066619663,100.0,1
2719,5.249720431925485e-07,0.17960863136430927,-0.24745517322118582,-1.5,-148.1991721063892,-53.06350969415549,1958.2222947336827,100.0,1
2720,2.819844832609482e-07,0.4543059214432529,-0.05645826546641565,-1.5,167.8987422320067,32.57585078797535,1957.0799964662867,100.0,1
2721,7.046680991084786e-07,-0.36574931925793447,-0.08809680538306086,-1.5,65.93235773848394,148.07774623919917,1957.8404407759829,100.0,1
2722,1.8004620408373301e-07,-0.3791762284268054,-0.20017787192980416,-1.5,-3.157657175272684,-88.6078353228259,1962.5371249957789,100.0,1
2723,7.290799768758087e-08,0.18233129039558404,0.2837080761073352,-1.5,117.57037758411609,-58.182086070427474,1960.154416733884,100.0,1
2724,4.2703587144241605e-07,0.2505726828200146,-0.18772300827069544,-1.5,1.4060500409123071,28.513068456144406,1964.3315184094126,100.0,1
2725,2.3969196128332645e-07,0.032433887583459456,-0.026096551755143936,-1.5,-38.33957699574165,94.80830243459253,1961.8753143080703,100.0,1
2726,8.907828359590648e-07,0.0007358217994512142,-0.4711852990429263,-1.5,50.399637476121804,18.83956966684922,1963.801984270098,100.0,1
2727,4.936010322298746e-07,0.12476478460315392,-0.13960715582727048,-1.5,166.43272855488703,27.75541796558685,1957.2795073533728,100.0,1
2728,4.4050142896162147e-07,0.2695039677679182,0.054078042454533945,-1.5,-19.928321143882297,-49.541705457313626,1963.813068421457,100.0,1
2729,6.967045045895634e-07,-0.13785700543835638,-0.30585691162146206,-1.5,-48.73672093903344,-141.89376462026706,1958.8017198941118,100.0,1
2730,5.04791656662658e-08,0.2255164197023303,-0.09033838524773546,-1.5,-139.656783622372,-53.7078788636465,1958.8324922775691,100.0,1
2731,4.338104352543113e-07,0.32251511062032256,0.07688580932265354,-1.5,-102.65662554920712,109.237185352694,1958.8114102264165,100.0,1
2732,4.810933168973114e-07,0.18456354545020845,-0.2756670387464315,-1.5,-54.458236355419096,-107.2509790045311,1960.8530832935337,100.0,1
2733,9.022726383382824e-07,-0.3501138757777378,-0.22420755748411283,-1.5,114.13471893489027,-73.49121657937121,1959.8432573258171,100.0,1
2734,1.408187635027676e-07,0.29099428282094875,0.23979955402031802,-1.5,11.371249002866692,-167.14593071795335,1957.3824916982055,100.0,1
2735,5.286657714828014e-07,-0.07898467597692083,0.11952862953802405,-1.5,-52.82447581017431,102.85341109005803,1961.133355192515,100.0,1
2736,5.285838461652954e-07,-0.08404063239226606,-0.17248002058172543,-1.5,78.56155090628208,-103.29185871500779,1960.2479845439275,100.0,1
2737,2.3305812692993034e-08,-0.48037473934091196,0.0030119185272554283,-1.5,-24.896719787781446,120.57831389542801,1960.6770029324248,100.0,1
2738,5.092853067651019e-07,-0.2841450766888979,-0.3413792134424428,-1.5,-24.568408535818907,9.557804217855413,1964.3620664090115,100.0,1
2739,7.83890186068091e-07,0.16941176269094277,-0.08098006506165754,-1.5,52.76037769877496,64.22026985131632,1962.7800146097468,100.0,1
2740,1.6970608430780384e-07,-0.45193911805496667,0.17958824945691565,-1.5,-4.420335521692106,-141.79291398808044,1959.4102471005851,100.0,1
2741,2.491558477849815e-07,-0.1253414709717936,0.04286348070390653,-1.5,24.322025961568432,122.16616802111106,1960.5859207671297,100.0,1
2742,1.9415681969116492e-07,-0.12522082840489096,0.3401653324227406,-1.5,78.70102446036907,-21.69447885429573,1962.842017229675,100.0,1
2743,3.954876875845249e-07,0.06974837907117981,0.30025119856770727,-1.5,-118.29686965283543,-99.27261885621974,1958.4596202224593,100.0,1
2744,1.7183931420277682e-08,-0.13297247663748948,0.39698372084075334,-1.5,18.15113704776891,11.183026856064705,1964.4232645741959,100.0,1
2745,5.53023655758158e-07,0.08350682156362037,-0.40981923350485344,-1.5,52.02693453258304,-71.3318734811401,1962.554011530624,100.0,1
2746,4.7180319134664454e-07,0.1507381804495571,0.178181759571375,-1.5,-17.690164545709354,-150.29075991713944,1958.7018741574752,100.0,1
2747,6.792376250715626e-07,-0.22711172206363095,0.033445385811474576,-1.5,53.594581379508426,-66.33235996053577,1962.6871694528786,100.0,1
2748,3.6188594144751325e-07,0.33649524263989705,0.09343553048366501,-1.5,84.90515312348856,133.73167755727187,1958.1420376614476,100.0,1
2749,5.583735815471394e-07,-0.1855851816542097,-0.16733536888534842,-1.5,-119.69856296583171,-43.41224996713934,1960.408354614629,100.0,1
2750,5.702184490191942e-07,-0.37071334565838227,-0.26347335746021283,-1.5,-0.6451280003071344,-72.41384311361627,1963.2037860093667,100.0,1
2751,4.890171965450993e-07,-0.019354391323417736,0.3945685170438466,-1.5,23.96668133141896,108.20935244563191,1961.4101102256475,100.0,1
2752,6.056705054632439e-07,-0.019604470024736663,0.34498010795370504,-1.5,-53.27766791148397,15.959927206214607,1963.7515263117218,100.0,1
2753,3.391835419461658e-07,-0.4325940876083982,-0.0055964784055790185,-1.5,-84.25194470501039,93.31293058363117,1960.5120741952724,100.0,1
2754,2.0154786746282086e-07,0.08514533643281455,0.3563052762675158,-1.5,23.03567517370484,16.081918561092035,1964.3380604750337,100.0,1
2755,2.1322312176596183e-07,-0.07586440715798111,-0.3748573666951919,-1.5,11.798841930123295,118.18682059755109,1960.945167268142,100.0,1
2756,7.577576014829032e-07,0.21371157297054474,-0.21201438979190962,-1.5,78.25203517276655,120.53769906228327,1959.2755212991924,100.0,1
2757,7.126149840245342e-07,0.3100680103488049,0.21251433306261555,-1.5,140.72314908768877,58.86876652845639,1958.6078601660909,100.0,1
2758,4.5677398337942256e-07,-0.017416273935414985,0.28265393836873154,-1.5,-0.27699413655371913,-13.662652073232792,1964.491420566327,100.0,1
2759,2.6173744652775564e-07,-0.07514195634170444,0.10141022548109374,-1.5,-65.1682940055256,84.25142532144515,1961.649325708814,100.0,1
2760,5.394506115236791e-07,0.059644590688913764,-0.14692566582169622,-1.5,110.73433299885731,88.81634924283927,1959.4036975234592,100.0,1
2761,2.2578439358486225e-07,-0.32286747542081135,0.28447756069564606,-1.5,25.28065876559791,122.90313973629982,1960.5277332395654,100.0,1
2762,5.805020028067803e-07,0.009693057076119203,-0.44118610118688234,-1.5,19.99732299318931,-20.175840168541633,1964.3335584397907,100.0,1
2763,4.669925697204298e-07,0.21915551744709605,-0.39822492347648425,-1.5,-139.40123744795986,-28.151784700439535,1959.3846121377724,100.0,1
2764,9.031863782848026e-07,0.1369644055975689,0.08004143876697532,-1.5,-120.47804841220912,109.807361855539,1957.764201684984,100.0,1
2765,1.9906609998951763e-07,-0.25373729454361954,0.42997813721968503,-1.5,-66.83306024501188,152.52959820958694,1957.4680968011814,100.0,1
2766,3.9561077623197664e-07,-0.002048846191146021,0.025981106012096047,-1.5,-6.557043264453439,-89.30357070815444,1962.4971754651094,100.0,1
2767,6.482469131348618e-07,-0.45671714592224866,0.18451175119243324,-1.5,-135.21794581737666,-78.56175992769583,1958.3047370805502,100.0,1
2768,4.159175478688004e-07,0.05935678172858538,0.3130540149646976,-1.5,-145.88287420741693,7.709214445904835,1959.0998038108578,100.0,1
2769,4.4754027506553805e-07,0.16319548017773025,-0.01597902904372203,-1.5,129.87084170892038,25.353480034773476,1960.077562697475,100.0,1
2770,5.730821094173164e-07,0.14103689258256707,0.1667906283217003,-1.5,82.84752375391928,-120.62819757893455,1959.08101211329,100.0,1
2771,7.822380853951223e-07,-0.07593990666886985,0.49209374889529983,-1.5,-65.74468768574785,56.89993575212215,1962.6138997822875,100.0,1
2772,5.878704522684109e-07,0.35602750904896396,0.22565327046508657,-1.5,-4.80418940166987,-43.21713165644919,1964.0576584106977,100.0,1
2773,3.731713886156068e-08,-0.07713337627483276,0.4799757224781052,-1.5,-71.10041803048448,-63.065598285011845,1962.2387079901812,100.0,1
2774,3.584358808021714e-07,-0.05000320544392858,-0.09187068046952944,-1.5,146.1583654528051,-13.885246716642532,1959.0452313302808,100.0,1
2775,2.2094981076415358e-07,-0.3888138945892895,0.29812776492819576,-1.5,24.765329172658753,-44.929423199092504,1963.8689649943801,100.0,1
2776,3.404135747943983e-07,0.2078754715077816,-0.06381561763176347,-1.5,90.34480154426012,113.36766175300828,1959.1832166412396,100.0,1
2777,2.55151990486159e-07,-0.26773529367582755,-0.23042173342153496,-1.5,60.560724218954476,-151.21015573857733,1957.7745462002824,100.0,1
2778,1.0917946907308639e-07,0.18860477131634062,-0.3333700082455962,-1.5,-123.22146086236724,-36.32829417375063,1960.334158476942,100.0,1
2779,6.97393391883594e-07,-0.2169833030119485,-0.1679059177061704,-1.5,-138.09827381244642,10.111818781186148,1959.653006059259,100.0,1
2780,2.425307999115349e-07,-0.22321772230724443,0.17853013413155192,-1.5,-69.69732093954033,-125.19257052203685,1959.306609493794,100.0,1
2781,6.857509764652356e-07,0.32938475978949666,0.1919399090404097,-1.5,99.68284174409233,-55.42634832302829,1961.2252642772905,100.0,1
2782,1.7466007770178865e-07,0.16653069195621625,-0.024811942877480817,-1.5,-162.02538108468238,-54.060603109736064,1957.099515441641,100.0,1
2783,6.061384129172817e-08,0.4086790047584917,-0.029947642101064875,-1.5,145.77190807781352,-32.02439922569423,1958.8614741567915,100.0,1
2784,7.628515307686752e-07,-0.3645740254297553,-0.3206779849211632,-1.5,-65.58190869487309,-54.16844819395175,1962.696634413563,100.0,1
2785,9.080564844335624e-08,-0.21400015611144688,-0.3416406287273792,-1.5,-61.33935342634074,-13.361367693145699,1963.5356487318325,100.0,1
2786,3.2754593010093657e-07,0.3053265495054924,-0.037452481378839296,-1.5,-148.68367162577107,-16.767106601507304,1958.8326411907233,100.0,1
2787,7.94178946767181e-07,0.3241712082715035,0.18048622803192435,-1.5,121.37832945620754,-82.20118048378245,1959.0619064571758,100.0,1
2788,6.957108022890997e-08,0.06149893731166921,0.14967784279756038,-1.5,-24.655084234741786,15.51518978749706,1964.3229602011395,100.0,1
2789,6.88006196738235e-07,-0.2887882249380508,-0.08022470549539962,-1.5,6.522365778908488,57.951287733770535,1963.6731890161293,100.0,1
2790,7.994840783772472e-07,-0.3539634315185643,0.2135025235912652,-1.5,-22.07298657824181,49.06061571365163,1963.802211404052,100.0,1
2791,1.4951976803024433e-07,0.0005466922665673552,-0.05489759507026743,-1.5,-60.099966613840934,28.58756774456178,1963.411325028354,100.0,1
2792,2.661895833908833e-07,0.003433200034466633,0.012651408052000296,-1.5,0.49735850480683397,69.24891328887479,1963.3180147161486,100.0,1
2793,8.08675270766909e-07,-0.12721374924922338,-0.20959066419235234,-1.5,19.7267338190709,150.73438107504964,1958.6483320394411,100.0,1
2794,8.436596793751563e-07,-0.12434597822521036,-0.04782342559840818,-1.5,55.80132488960323,151.5026511548848,1957.8933691852928,100.0,1
2795,6.190388729857285e-07,0.30873565450991464,0.20900852052237862,-1.5,-16.634472316999773,-27.758531131234346,1964.2723957094909,100.0,1
2796,7.582995510438675e-07,-0.02001073375406994,0.2627415466567613,-1.5,-105.7059801456174,6.775048081458257,1961.6813275226637,100.0,1
2797,3.770073929079109e-07,0.37701778172961486,-0.24609342274600024,-1.5,86.2021324437012,-4.657885909647787,1962.6412771383218,100.0,1
2798,2.667572177304026e-07,0.19932751815722605,0.34046095628809,-1.5,165.56345468555114,38.67203864816644,1957.1679800583065,100.0,1
2799,3.901315637562647e-07,-0.19056903264171726,0.051886621799542385,-1.5,-32.019172233997544,-14.8893306161192,1964.22156762148,100.0,1
2800,2.8127457871477353e-07,0.022367480297030024,0.045764349027469814,-1.5,-122.3653101004398,111.58677730287424,1957.5465277436736,100.0,1
2801,6.209224191024488e-07,-0.002917782354425735,0.41328028758980095,-1.5,10.58072242762658,109.33787396465674,1961.465412362892,100.0,1
2802,6.685297859336369e-07,-0.22635925469256196,0.03933921812698957,-1.5,130.10780368790103,-13.790436781855355,1960.1773056381935,100.0,1
2803,3.28966917384062e-07,-0.3529649501328326,0.12951108809972858,-1.5,67.65680918218698,-29.17525593999504,1963.1568064926073,100.0,1
2804,8.079450375250474e-07,-0.24101553954327673,-0.33202766428456093,-1.5,-102.34107161661522,33.574948943153906,1961.58413383927,100.0,1
2805,4.111003905808832e-07,-0.009132494614748113,-0.22133427381407414,-1.5,27.359118041685093,120.79395676939515,1960.6309150204956,100.0,1
2806,4.861079788190916e-07,-0.1662087253750227,0.23253461054216534,-1.5,6.31396606733396,-111.07649122449136,1961.3860999802887,100.0,1
2807,3.3136248917744176e-07,-0.08961365431346098,0.43070366680181166,-1.5,29.733305288554213,-20.254639340231254,1964.2095016591143,100.0,1
2808,6.173449622875953e-07,-0.2424690522052249,-0.3214090769439773,-1.5,46.59983214816566,-72.9576114368096,1962.6306144670548,100.0,1
2809,1.856445061457704e-07,-0.32440819323928327,0.2598151056428677,-1.5,-41.68621468069427,-121.21502711173407,1960.352637403288,100.0,1
2810,1.2514856776450428e-08,-0.2191340838601328,0.16168285519188794,-1.5,7.590355515452162,16.86636066499412,1964.4518824973034,100.0,1
2811,5.28566552787223e-07,-0.448289071397995,0.09455480936814911,-1.5,-102.62505201408787,42.70301047179529,1961.3918114088992,100.0,1
2812,2.5668226610264256e-07,0.10130331687404819,0.020998245369033438,-1.5,4.889489651186837,-104.83576039891116,1961.7336318926339,100.0,1
2813,4.0853664586061473e-07,0.17119014649827383,0.41382816063766137,-1.5,-78.82929102209538,55.28451739856018,1962.1780885737903,100.0,1
2814,6.23715585839922e-07,0.07429046988344963,0.4356117313010252,-1.5,17.034215590878443,35.47116939232425,1964.1448311942975,100.0,1
2815,6.641681160120478e-08,0.15174034274804915,0.020500384261433007,-1.5,-128.69764536862036,-7.962324753818637,1960.3027326735069,100.0,1
2816,3.080732438321683e-07,0.110099641869527,0.4547427159839892,-1.5,10.339087372509216,156.50622061805538,1958.2676508706074,100.0,1
2817,8.918989995868024e-07,0.10386062335713528,0.46288104264046565,-1.5,-36.21084137150471,-54.0581570370809,1963.461172748535,100.0,1
2818,4.941681325729544e-07,-0.2310074441893003,0.3100741522793641,-1.5,30.159182962484774,149.8491541263282,1958.5834015830908,100.0,1
2819,4.944512179114054e-07,0.3147183640485599,-0.09469069583605581,-1.5,-41.35907427917888,138.18762859985137,1959.2363033954966,100.0,1
2820,3.3242462205760607e-07,-0.03934300550127497,-0.17404120978491122,-1.5,148.09946051984204,14.232152009950525,1958.8969554085863,100.0,1
2821,4.3379505191509054e-07,-0.17518983443383995,-0.05365774550786267,-1.5,-2.2906432711912497,-48.06619403017006,1963.9495106063673,100.0,1
2822,7.817563986412481e-07,0.26529198763117795,0.38962491443636493,-1.5,46.46988704894213,-52.893782752231935,1963.2768739049388,100.0,1
2823,5.848164885173722e-07,-0.1361597148619214,-0.4339018535940386,-1.5,-99.6374350879446,-121.54680017816801,1958.2420798158932,100.0,1
2824,8.989517613480342e-07,-0.2681560142685894,-0.04412219443863896,-1.5,-12.19257176478967,-94.10915905643786,1962.2456761684,100.0,1
2825,1.866743008423358e-07,0.3243950948732389,-0.15888616537240557,-1.5,-105.67774236530964,-37.273800084476385,1961.3404000483865,100.0,1
2826,8.101063430379833e-07,-0.14777764028686172,-0.023286356651307034,-1.5,-57.956560874828575,139.33381329031775,1958.7343903121914,100.0,1
2827,7.312253053599606e-07,-0.3823731036825253,0.12238318889968901,-1.5,85.15748525480393,93.91300138217049,1960.4442958530094,100.0,1
2828,8.824421628257612e-07,0.18896121438000857,0.10461706768313517,-1.5,-21.52777799256184,35.21988029105888,1964.1052418526654,100.0,1
2829,3.463682519708839e-07,-0.38637774762514454,-0.07588178327170637,-1.5,154.6077459115469,-59.99783596208291,1957.5264981220942,100.0,1
2830,4.742937816652622e-09,0.1704305853096378,0.15825481940870922,-1.5,146.81705354370504,-20.05024673657212,1958.9425787043067,100.0,1
2831,3.445301943780508e-07,0.2886259184385738,-0.2604837722443116,-1.5,48.73056492469885,-66.10229839747606,1962.8217199875342,100.0,1
2832,4.3955433039852425e-08,0.024017387279747067,-0.1014649085805236,-1.5,56.23502923233455,125.44658621361135,1959.7229553589254,100.0,1
2833,7.412533794190116e-07,0.09512431847264737,0.000572229966706859,-1.5,67.99109945473849,82.34113385465895,1961.6346332425405,100.0,1
2834,9.003021439003201e-07,-0.3037012695781417,0.17328014206932815,-1.5,11.254433630786348,35.53381190260566,1964.1853202285806,100.0,1
2835,1.1279707440056222e-07,-0.2971204361618658,-0.194979605057955,-1.5,91.93972649384932,94.52802621299014,1960.10837078429,100.0,1
2836,1.1241601417126864e-07,0.3130388968444544,0.2826203263872829,-1.5,-146.81526016760364,-52.8036277813234,1958.3335626346145,100.0,1
2837,1.8165924315102625e-07,-0.42151666600303334,-0.24323107427705076,-1.5,-44.003710904828694,-67.11498927533098,1962.8990136803543,100.0,1
2838,2.0492440301572985e-07,-0.24035998078949344,0.31027426231462873,-1.5,-78.33929681894062,11.21483132408316,1962.9443365511966,100.0,1
2839,8.687218027591666e-07,-0.14315820566635057,0.43657227940749643,-1.5,40.078514633042616,-142.02154045664395,1958.9887393696938,100.0,1
2840,8.529594318603959e-07,0.3938477676394954,0.19432322348968534,-1.5,-52.95286557513441,146.36781942833483,1958.3630260320244,100.0,1
2841,2.588199077414511e-07,-0.31588842613549056,-0.15997921713491392,-1.5,-161.73014933545159,-50.98009403365925,1957.2065999976555,100.0,1
2842,2.97948309164342e-08,-0.11616742937619433,0.38088024907949913,-1.5,-160.48552893056643,-52.32390509355737,1957.2735859418754,100.0,1
2843,2.0219818671114544e-08,-0.2339403124071338,0.28931202935288586,-1.5,-50.078743918811,-86.65671154222969,1961.9877726475086,100.0,1
2844,2.8206811851967376e-07,0.23633270770599324,-0.2399470364818149,-1.5,-82.54783364256167,-63.45986205353796,1961.777761963673,100.0,1
2845,4.5703383819787104e-07,-0.4495485815713467,0.05173787521502888,-1.5,-68.44839876269228,45.25386273443736,1962.8245440896055,100.0,1
2846,3.5335798056434143e-07,0.21873889432950086,0.3958540230855909,-1.5,42.856416106920946,-122.8166232244228,1960.2277140486387,100.0,1
2847,8.622921707719518e-07,-0.04972673267161554,0.09794693493291595,-1.5,-58.61412723070647,51.00081493902645,1963.0019325590765,100.0,1
2848,8.969591978412299e-07,0.03505699726446676,0.23948673749637228,-1.5,-124.05926311372507,-39.49227610367702,1960.2201268301378,100.0,1
2849,2.1001434482075364e-07,-0.25409826249228945,0.23468593743318333,-1.5,17.747668330817433,53.26741460597185,1963.7364612075994,100.0,1
2850,8.02004202263835e-07,-0.13156237658105444,0.25675447164779375,-1.5,114.7215788938292,-113.32384420733219,1957.9095872731996,100.0,1
2851,3.7872307871821913e-07,0.25043408813814305,0.4180261675425436,-1.5,73.43209345030962,-150.14852156061684,1957.4157543533763,100.0,1
2852,4.3545800945392865e-07,0.11775635704686498,0.1556863258333551,-1.5,19.32164498334218,-2.9954369875161064,1964.4416478120502,100.0,1
2853,6.301689943724116e-07,-0.004895669717715378,0.34277449897654244,-1.5,-117.73347023453768,-20.714814497888117,1960.8985217784684,100.0,1
2854,6.984010748786029e-07,0.023102914166378743,0.4226063021234937,-1.5,-55.91535999394997,-50.839667126917966,1963.0848394884267,100.0,1
2855,5.782845634657133e-07,-0.11206858539287873,-0.29976213507062377,-1.5,-37.065374486196895,-91.31926597628737,1962.065298592756,100.0,1
2856,3.143064503366238e-07,0.1386348738395719,0.05126892730423324,-1.5,74.450159708251,113.28075708262803,1959.8566095662034,100.0,1
2857,3.0128887695741576e-07,-0.08073208675400119,0.04013852815390709,-1.5,-11.06055803051358,64.08586078358196,1963.462236145583,100.0,1
2858,5.694109005694215e-07,-0.20940710155750705,0.4326258592020423,-1.5,-45.77021052034301,25.637650132257022,1963.8383551073523,100.0,1
2859,1.751697562127227e-07,-0.37888920106674273,0.0370607124549269,-1.5,-39.14408235578368,-148.85093077283662,1958.500555907686,100.0,1
2860,3.436931369089368e-07,-0.26820654204040834,-0.29040023590255365,-1.5,21.665957229766086,67.1670418428299,1963.270857791541,100.0,1
2861,1.1990954926871118e-08,0.0012453919325325245,0.31587752704273525,-1.5,-26.74087840094653,-52.98666534663015,1963.6421835415742,100.0,1
2862,6.355591857894942e-07,0.05534351656439436,0.47332323938273013,-1.5,-79.39329699910874,96.25537807069122,1960.572593109016,100.0,1
2863,1.4833412253706762e-07,0.2688478340599026,0.08401001709837749,-1.5,44.42423513489508,-80.3010390061381,1962.3943326287267,100.0,1
2864,5.470911400960538e-07,0.18295647529889741,-0.3164301986355529,-1.5,-59.56663960539914,-129.71671471233944,1959.3464919805504,100.0,1
2865,6.473837153856717e-07,0.17155365769465805,-0.14271172456577783,-1.5,-24.95880361099653,-50.37160079901654,1963.7344642851751,100.0,1
2866,8.303365300601062e-07,0.16024070387849335,-0.13951665453291742,-1.5,-72.98599804885518,8.178622590139426,1963.165668120618,100.0,1
2867,5.878962646252322e-07,0.22895837618590603,-0.08653678769030367,-1.5,9.557704450496058,-97.06175639994932,1962.1164471040768,100.0,1
2868,1.0453078730975148e-07,-0.019640295575448278,-0.2745806081130353,-1.5,-46.951382266910926,21.58926412689369,1963.8591491356544,100.0,1
2869,4.6166612534013916e-07,-0.039445984354007195,0.339730426433622,-1.5,-9.119736014676976,-82.65823071679652,1962.7780652880556,100.0,1
2870,7.697156653874239e-07,-0.1018121691434915,-0.25877454507909886,-1.5,64.1496153564946,-34.50548735264534,1963.1880919713988,100.0,1
2871,7.497635545497927e-07,-0.22602566586076794,-0.3185602034364146,-1.5,-12.994375419243699,135.09342006675112,1959.845453174373,100.0,1
2872,7.544377390179934e-07,-0.01836475661588598,0.40128914751939115,-1.5,-32.85318096792122,13.158695551164886,1964.220151484505,100.0,1
2873,6.79534022113199e-08,-0.0013762211304898873,0.03249366126322972,-1.5,-4.111813699744451,145.11790514056344,1959.1674693251325,100.0,1
2874,6.92937283108834e-07,-0.11216312627829349,0.46006559887393816,-1.5,63.63920153738927,-152.09874035722626,1957.6080586970313,100.0,1
2875,2.9033190403434883e-07,-0.12076598787809781,0.1686429460423732,-1.5,-25.191013242709243,-56.28793382614521,1963.5708206284592,100.0,1
2876,4.819710023450281e-07,0.2494817620305021,-0.4286695141917926,-1.5,-38.150723457375044,-150.4531121280138,1958.3977301908837,100.0,1
2877,6.698726032631404e-07,0.46735656285159854,0.0900434703987361,-1.5,-32.06559405748325,-164.48005387964807,1957.3787052636544,100.0,1
2878,8.89454115644268e-07,-0.1740629394592521,-0.22806819000667805,-1.5,79.80721810442718,-18.78176729395622,1962.827384010596,100.0,1
2879,8.48140226727894e-07,0.24229829034029862,-0.21847129428578413,-1.5,-17.916911537269364,108.19203832694807,1961.47565709844,100.0,1
2880,6.83905685799429e-07,-0.09873223625568042,-0.04317001900016001,-1.5,108.18912288593144,12.483256717912433,1961.5179245311572,100.0,1
2881,6.32177217645222e-07,-0.21951146324248255,0.4184749199884211,-1.5,-41.80394532702997,43.298452377387186,1963.616805907647,100.0,1
2882,3.4040208526666074e-07,-0.09788098609599498,0.48591309559155943,-1.5,113.28155003808646,-111.90601973830621,1958.0749779907383,100.0,1
2883,9.692948427080713e-08,0.2031622094646554,0.39581580954712786,-1.5,-32.899502867187124,153.7007172994331,1958.2407917513267,100.0,1
2884,8.856160883950907e-07,-0.04169093220879118,0.2309691985863296,-1.5,-106.45975215509098,88.5605506659531,1959.6521722752104,100.0,1
2885,7.489329738417475e-07,0.07045082942679365,-0.43036754973974606,-1.5,3.107048584895885,-63.69279405417105,1963.5037205212511,100.0,1
2886,4.9715198845921e-07,-0.1891633359171913,-0.23950556810599133,-1.5,138.59390552467724,-18.72512890771908,1959.554639494632,100.0,1
2887,1.877741174822026e-07,0.2960453420839058,0.3736872766104346,-1.5,-23.394136606490793,-20.476131410619207,1964.292933521124,100.0,1
2888,3.621133934563505e-07,0.1445222057440971,0.18584488770294474,-1.5,-3.4027512062947207,55.10361829128607,1963.7630454822108,100.0,1
2889,5.387514817371708e-07,0.22385955270902416,-0.43124424419283797,-1.5,11.794168259576587,-32.212549351684345,1964.2394292767522,100.0,1
2890,1.5181862181158983e-07,0.23431730670522932,-0.3781260860137423,-1.5,147.0304845484695,-12.342552720113167,1958.9902971357271,100.0,1
2891,4.759932875245032e-07,0.4245475426672603,-0.10934914568481881,-1.5,101.26591661913639,10.305493041282455,1961.9001751390394,100.0,1
2892,7.693836807289006e-07,0.10152283102205545,-0.34909509964447727,-1.5,-112.93105392487678,-80.58568716611506,1959.6341011396778,100.0,1
2893,2.571038812764838e-07,-0.4067282822570792,-0.2740287783528967,-1.5,-68.3213149226559,67.31224595071764,1962.1963575897394,100.0,1
2894,9.281898222908854e-08,-0.3724744281564469,0.32416672422208753,-1.5,-58.71507450680371,-78.27637060856539,1962.1005672737936,100.0,1
2895,8.121352630859316e-07,-0.20591471215473126,0.3083646441794641,-1.5,-117.32876653802118,-99.60256181698779,1958.5011045409933,100.0,1
2896,6.7687054965813e-07,-0.0383809135623574,-0.024055086243633658,-1.5,94.5025670012197,59.48709847498604,1961.3627497766288,100.0,1
2897,7.476297235329764e-07,-0.12031642576210579,-0.3415528166630551,-1.5,-51.99902193112566,-82.48230081228917,1962.1177482600397,100.0,1
2898,1.0096312613532549e-07,0.21315158593036218,0.28534005884125313,-1.5,-31.621216076542478,-136.32819272144243,1959.5479092967532,100.0,1
2899,5.203543073982587e-07,0.07846249433690503,-0.4825570044459131,-1.5,-76.86815210808756,-12.386704447570525,1962.995451602104,100.0,1
2900,3.264144814687353e-07,-0.23200982924519906,-0.3983048823296066,-1.5,-20.14593857889321,-24.37997835045822,1964.2843592719812,100.0,1
2901,8.669534580205704e-07,0.055417017357607776,-0.2168949252016918,-1.5,-137.55826028461075,71.00982082457277,1958.4301408628453,100.0,1
2902,1.7261336684013883e-07,-0.015188150112954,-0.03715453822730972,-1.5,124.77835666007316,69.41330384065382,1959.3431147262768,100.0,1
2903,5.800023994936164e-07,0.1308355728161852,-0.39551971768938426,-1.5,-101.53644761460828,-40.36976653350422,1961.4978761196678,100.0,1
2904,4.778558144879726e-07,-0.23528543408854893,-0.3392444392093671,-1.5,-144.69181236840464,23.280826730783268,1959.0649730946673,100.0,1
2905,8.702268762233798e-07,0.35229498959515565,-0.2929557178907873,-1.5,100.51196634946074,43.27681370210179,1961.488656169719,100.0,1
2906,8.705918702129687e-09,-0.18815806797978707,0.2811910482752088,-1.5,87.48577503966727,63.85891679387973,1961.5508059129522,100.0,1
2907,8.553401752883433e-07,0.3500088597014296,0.028714409319396016,-1.5,89.74338462749311,137.8279818729244,1957.6421681692927,100.0,1
2908,9.072216770470138e-07,-0.06995736292218406,-0.17856784849419766,-1.5,-102.64426485807361,85.86861521463416,1959.97551568355,100.0,1
2909,1.6717865242146255e-07,0.19878628967075246,-0.3564859942287849,-1.5,-86.32558198293279,-47.52609055551924,1962.065863032622,100.0,1
2910,8.819797785431519e-07,-0.20678830555312103,-0.45436140527513824,-1.5,-27.438026707317515,-101.95371255787676,1961.6997429403425,100.0,1
2911,7.049388555787116e-07,-0.3322700801378918,-0.11085316203814212,-1.5,-122.28695994027784,116.39191707827187,1957.2715977435378,100.0,1
2912,3.703759293299912e-07,0.12253184546544522,-0.4462206963574361,-1.5,120.24717771767577,14.629053282832388,1960.8008295890515,100.0,1
2913,7.728139933585183e-07,-0.2748774865865492,-0.35914607692048,-1.5,108.95899308227774,-102.89211160034995,1958.8145490227114,100.0,1
2914,2.7559897498789367e-07,-0.3608365211374538,0.0812275857989654,-1.5,-87.36795718861988,145.69533494475,1957.179857779595,100.0,1
2915,6.123764047008747e-07,0.11135178251404378,0.4684684045602626,-1.5,112.16279885744517,42.105462892777766,1960.8824347250347,100.0,1
2916,2.1280481029126427e-07,0.1472701673306589,0.4228957305983332,-1.5,12.916526951040684,-77.75129332987031,1962.9572552613536,100.0,1
2917,4.837129019376069e-07,-0.27925624814354055,0.3819298735700548,-1.5,-13.829742159086155,-135.30953347576374,1959.8248275416136,100.0,1
2918,4.938337263668157e-07,-0.4914598248011059,0.06754858068554388,-1.5,-15.48730532251683,-73.00030653950428,1963.121082583832,100.0,1
2919,6.179138828360479e-07,0.19416415799148543,-0.056536698474332535,-1.5,-132.26103852084242,-28.253425972203647,1959.8780696452402,100.0,1
2920,2.3795765813403025e-07,0.4355272130016253,-0.21891322055813622,-1.5,77.56881212524942,-28.482629335396982,1962.8003223654084,100.0,1
2921,5.406939198514507e-08,0.1636119984902956,0.3777597200883268,-1.5,-35.65252004714049,-59.631294834594456,1963.3100348026464,100.0,1
2922,2.58952573720018e-07,0.09777482567225793,-0.3003637507391273,-1.5,-115.13047604538458,92.05042296071095,1959.0010156670285,100.0,1
2923,4.281398456767282e-07,-0.25563458566844566,-0.40583983016085684,-1.5,-87.66961880127268,-54.84167522467427,1961.8154130457642,100.0,1
2924,9.106529276411515e-08,0.0532814887440747,-0.16677872044055453,-1.5,-170.1154425148174,4.162503627741798,1957.1552559895877,100.0,1
2925,5.186517024555761e-07,-0.38559035601861824,-0.3144668826842917,-1.5,0.7356492620040419,122.31805098465878,1960.7271710999491,100.0,1
2926,9.639375297629492e-08,-0.1952057975773554,0.3944263026953521,-1.5,-152.01184452754964,-47.77043129103105,1958.0663092152247,100.0,1
2927,5.861732578672694e-07,0.12704421150640868,-0.30014249431437173,-1.5,-75.4006368117224,58.65877049860389,1962.2148656245856,100.0,1
2928,9.061684771221628e-07,-0.09445951713985155,-0.4798394968208063,-1.5,-0.08948337458791937,158.35035453469146,1958.1466858939843,100.0,1
2929,6.068653963946859e-07,0.15789724522031243,-0.029546662621924548,-1.5,62.874369528834706,-127.95322347217832,1959.3590973901546,100.0,1
2930,7.362847928601829e-07,-0.21612621452438846,0.1984161987408657,-1.5,-75.41958699650522,124.09872035762169,1959.1642809547668,100.0,1
2931,3.996772227007157e-08,-0.4456795764667483,0.12122840208974697,-1.5,-69.79687043293849,-144.85308590131362,1957.9477180580602,100.0,1
2932,8.805935303537294e-07,-0.10032523092719527,0.1880879782837377,-1.5,-1.327784967322823,-107.90974851038546,1961.5725858172154,100.0,1
2933,1.3144456540993619e-07,-0.24005929636727585,-0.033304393015214574,-1.5,-77.55553566002236,7.229459239876967,1962.9941823840734,100.0,1
2934,4.585143450845871e-07,0.06292301959645318,-0.048060953392671336,-1.5,58.50352531684449,15.170363068769607,1963.6090455780636,100.0,1
2935,8.809634806572988e-07,0.2324988325235489,-0.23542896486294912,-1.5,-18.86337989075686,-167.0385370470464,1957.333795321179,100.0,1
2936,4.487458158015671e-07,-0.37542456500368415,0.12802628178255224,-1.5,90.14854474539241,29.54359382592422,1962.247105287779,100.0,1
2937,2.5218522880824216e-07,-0.2821893426979306,-0.18601020008978666,-1.5,29.408791913688,43.03429443756531,1963.847361361511,100.0,1
2938,4.860207749774255e-07,-0.05123600905781724,0.24379010936603096,-1.5,1.887524847934785,48.827417563797916,1963.9311614234675,100.0,1
2939,3.4029988786885385e-07,0.4231556896477124,-0.01226726245058138,-1.5,-163.16037630799164,8.515445889154176,1957.7332466529945,100.0,1
2940,6.568089205176001e-07,0.17934430032298337,-0.09505434162202281,-1.5,23.4447481198804,-21.05407298904882,1964.2862205041042,100.0,1
2941,5.319920797891189e-07,-0.23405528073193652,-0.07922312027622347,-1.5,-169.80120101959898,-2.5550146645143226,1957.1853030049294,100.0,1
2942,5.749364381163829e-07,-0.4280594198965985,0.23668384696808592,-1.5,32.89344064500124,-21.772498957352852,1964.1428833254004,100.0,1
2943,4.084516279967032e-07,-0.4985228069138684,0.014141595876423859,-1.5,-157.99602576452963,16.719063556889342,1958.1039336619817,100.0,1
2944,1.3466617863457112e-07,-0.38899163799411457,0.148591604345201,-1.5,93.3610435917312,81.52285251274306,1960.625162116354,100.0,1
2945,4.89994981953863e-07,0.025432716554561682,-0.4729182709237493,-1.5,18.474341345039853,-64.60685915505651,1963.389400686506,100.0,1
2946,4.0892348274377097e-07,-0.2666503043657695,0.37340603332216793,-1.5,109.72941861728448,-95.85852817757485,1959.1283478965008,100.0,1
2947,6.214312870815099e-07,0.3541630833128945,0.07421545190382083,-1.5,-6.834331660644072,-49.560605880113414,1963.901811323998,100.0,1
2948,7.089851871526371e-08,-0.39704156760625037,0.2403692482522126,-1.5,-32.085526482972064,-1.253444744929391,1964.2765167187417,100.0,1
2949,3.434751626847653e-07,0.020715327898085032,-0.255081659695255,-1.5,-115.09563420885819,78.7553956897144,1959.582575167974,100.0,1
2950,3.2325187287465263e-07,-0.4606471077569969,0.04582132634396622,-1.5,-46.70606735836099,-44.82684304538975,1963.4720226376112,100.0,1
2951,7.600998848691671e-07,-0.03723712336097403,-0.06671264204951986,-1.5,58.08618522855954,-155.23955493524386,1957.5341534530712,100.0,1
2952,1.0383432488544302e-07,-0.13476881970560206,-0.38844913411245574,-1.5,83.53409902444082,52.210618286225454,1962.0676318375156,100.0,1
2953,4.0937855555842015e-08,0.3810386614585534,0.06546565078350468,-1.5,-152.8098723201299,-50.906625920715015,1957.925163182956,100.0,1
2954,2.1322956862784494e-07,-0.4519325563094863,-0.05426881489177504,-1.5,54.9958665661365,-87.21546920875845,1961.8313390445844,100.0,1
2955,4.862194547642644e-07,0.22265084588846626,0.28501276850481766,-1.5,26.402551693302843,-44.27530055938768,1963.8624924598437,100.0,1
2956,6.442621336761666e-08,-0.3686200716023348,0.05048594719540117,-1.5,-156.4375189865892,34.573628195520016,1957.9952127502381,100.0,1
2957,5.355491124928244e-07,0.30784643140168433,-0.3486731662919268,-1.5,-102.96415613107153,87.29290479498377,1959.895818045133,100.0,1
2958,5.632945949184754e-07,-0.011199496269789663,0.37392188910304125,-1.5,-34.88803159692559,-106.32060012710275,1961.3495459774722,100.0,1
2959,2.8150226918035126e-07,0.26672972716483334,-0.31225195277466805,-1.5,-116.0316550751436,-18.21293313164189,1961.0247908564022,100.0,1
2960,5.972336113253964e-08,0.39116801528644946,-0.24412876590426266,-1.5,85.96403322824408,78.30877881107865,1961.0943899818749,100.0,1
2961,7.071460946899941e-07,0.10045669349014005,-0.08040048446140445,-1.5,-39.22668976557145,-51.97841634632945,1963.4593953810947,100.0,1
2962,7.995992342012793e-07,0.025434017307786192,0.4949299218334567,-1.5,-43.73458774756197,140.12975561515145,1959.0467640390618,100.0,1
2963,4.796227141540386e-07,-0.3213097554361364,0.2791711647646914,-1.5,-72.57538542238278,112.482839938528,1959.9728851227221,100.0,1
2964,7.37660270369106e-07,0.2356175352849497,-0.28271526647563616,-1.5,152.30712127853175,19.97404536091062,1958.5241547108624,100.0,1
2965,1.446732765653585e-07,-0.018650726521027373,0.331546784109749,-1.5,-88.08622465193027,91.15344202475247,1960.4451416195611,100.0,1
2966,6.140530127659248e-07,0.255124372600945,-0.16166028350919004,-1.5,166.49181394690757,-15.340079081922191,1957.4111586809145,100.0,1
2967,1.9955770961063904e-07,0.30959149423857324,-0.2705608467448642,-1.5,59.8835928544237,-65.39513527544904,1962.5368067517313,100.0,1
2968,1.9261578621669369e-07,-0.3564310589135346,0.080545381152444,-1.5,-118.49591340808455,96.13390500641118,1958.6041654913156,100.0,1
2969,9.78227079694963e-08,0.3388278827361274,0.09964237016079641,-1.5,22.594100187490188,-2.171574345229585,1964.4078184449663,100.0,1
2970,6.753442429534345e-07,0.32753451588598353,0.07270811436743684,-1.5,106.34278935284793,-27.921978688531926,1961.4598799172275,100.0,1
2971,7.25918791222012e-07,-0.031619775674640756,0.4325531110149894,-1.5,100.32834475753423,96.13176893430743,1959.6188896073404,100.0,1
2972,2.0159177298057747e-07,0.08854915336905823,-0.4333433842607866,-1.5,-126.0193396251472,21.15655078951669,1960.3787421478696,100.0,1
2973,8.07340291693636e-07,0.12378456473066927,0.23881031571701347,-1.5,141.20549343024436,71.04697133535598,1958.1692017686637,100.0,1
2974,6.50190842585577e-08,-0.04438574932880583,0.13448239805296772,-1.5,-20.686782930152066,-15.298575850747204,1964.3704581506695,100.0,1
2975,2.8826169690721106e-07,-0.24506277049728312,0.2925425918780822,-1.5,168.14815097910204,-13.512223671260625,1957.2830417187745,100.0,1
2976,4.1637114699877227e-07,0.1381701765063283,0.16393233091978743,-1.5,115.35133092431433,0.2918747205026091,1961.1494770999145,100.0,1
2977,1.9756031700904635e-07,0.09735675861223336,-0.4477838553617712,-1.5,15.932670652058484,-98.46455557843866,1962.0051395362766,100.0,1
2978,3.730656994681028e-07,0.3516419299744554,0.2988288066894872,-1.5,89.87957708872237,15.445419139699174,1962.4210524034038,100.0,1
2979,5.739511235531527e-07,0.14617526180532606,0.03056433186660607,-1.5,-50.9195532947818,-34.319778793252546,1963.579037915707,100.0,1
2980,5.75095567256671e-07,0.3088698186609236,-0.07475717186109512,-1.5,51.85526790048386,76.25873722174028,1962.373288254415,100.0,1
2981,4.276354332421041e-07,0.3546818098113618,0.04654237575963647,-1.5,131.1695842378965,25.672129706088004,1959.9869306179933,100.0,1
2982,2.6557261324740235e-07,0.19207670402730476,-0.34539227668327394,-1.5,-34.13881808258726,-88.89796650043657,1962.2295938340503,100.0,1
2983,8.220948024637848e-08,0.11294536931615971,-0.04411887800624965,-1.5,-27.8971980980775,58.294613584690865,1963.4756862847626,100.0,1
2984,4.5125234444868023e-07,0.30263131397440984,-0.13737975729768956,-1.5,121.98843531121729,36.38643273139014,1960.4101957063822,100.0,1
2985,5.319555538754005e-07,-0.3009720201251883,0.1320772430749383,-1.5,-162.81467037316537,38.10037989357905,1957.4097758081657,100.0,1
2986,6.680453875749071e-07,-0.09501022017489327,0.4760083196396346,-1.5,-101.8987326938104,-54.64724266609976,1961.133247235006,100.0,1
2987,3.317068152632487e-07,0.34444926838207685,-0.32136029474237177,-1.5,-165.39209331941336,-10.089803000725794,1957.5384894323176,100.0,1
2988,6.663133456664623e-08,0.3291070769960356,0.022635188682856713,-1.5,109.9336171945341,-127.53663350571235,1957.3099634934388,100.0,1
2989,9.888096927719808e-09,-0.2721880715655261,0.013000663500010577,-1.5,56.13049001413886,-89.98541656872337,1961.6741011599906,100.0,1
2990,4.82066179194412e-07,0.01595798246848146,0.18120823254004673,-1.5,72.32872053614443,-113.24873049181177,1959.9378988870358,100.0,1
2991,6.886721493126773e-07,0.16992381682585217,-0.32334087969767983,-1.5,-133.0147602695157,-97.79393941555911,1957.5895139763495,100.0,1
2992,1.5642733705084622e-08,0.17644938518283587,-0.24640042610387458,-1.5,-138.05930798148273,-79.72372800738336,1958.059509039092,100.0,1
2993,8.992520751606906e-07,-0.4245722209511094,-0.16611064756157803,-1.5,77.00089569563025,80.66138533632581,1961.371430719798,100.0,1
2994,3.2307866888011725e-07,-0.46725055364068524,-0.029172974937733947,-1.5,-7.846885648794454,22.167027124806772,1964.3982120639882,100.0,1
2995,3.90805698383981e-07,0.20196834494986854,0.3833136086776736,-1.5,-119.80277297239155,57.62245692193023,1960.0357737328513,100.0,1
2996,6.650638435945984e-08,-0.3328914119254846,-0.29168070733416573,-1.5,103.47451890947293,22.54682045020382,1961.682428705057,100.0,1
2997,4.828579325925228e-07,-0.05234599379272243,0.0880146129138233,-1.5,72.86137399506597,-91.6203685986618,1961.0482437980784,100.0,1
2998,8.537118879129503e-07,0.16835026333508762,0.36286560308126997,-1.5,-88.91374746451258,-68.64870739719971,1961.3248039910784,100.0,1
2999,7.022075393540329e-07,-0.0895218864475426,-0.21113125244952888,-1.5,-133.67059441118133,67.34654017052311,1958.8287066466412,100.0,1
3000,5.427060914907565e-07,-0.32016894186260286,0.17631690343630377,-1.5,-108.98656101514086,-115.94569916545943,1958.0837087901164,100.0,1
3001,3.414912834687322e-08,0.05176491286191683,-0.4574038465953653,-1.5,57.94436905140792,8.770120329976924,1963.6646407548217,100.0,1
3002,8.81245485006767e-07,0.1678353453895617,0.06615116869584849,-1.5,135.82307188245633,103.67486486327726,1957.0939941163085,100.0,1
3003,7.186294468101319e-07,0.30920247875372237,-0.25288109745734755,-1.5,-131.31241872848443,22.790638100982562,1960.0129902040844,100.0,1
3004,3.3397418536703246e-07,-0.21743402701002704,-0.2678311487678377,-1.5,-133.91133674255377,4.006207547291591,1959.9655584879652,100.0,1
3005,5.926215880547161e-07,-0.03139218231488349,0.08052415079507014,-1.5,78.98679716942969,-143.32094791447145,1957.7112856670014,100.0,1
3006,3.329868148500567e-07,-0.01156915638009581,-0.39683814976461024,-1.5,-144.6245501563117,-85.01329937004284,1957.3629619180074,100.0,1
3007,5.062534215067476e-08,0.05882387428864148,-0.10402664326453988,-1.5,115.5149778430186,83.0468575809854,1959.3807173711753,100.0,1
3008,7.478405144635949e-07,-0.48467677366293643,0.07385624425682173,-1.5,-143.0404061112062,66.72201506032344,1958.1881679736405,100.0,1
3009,4.938469827167444e-07,0.11374260425010092,0.23940134429568136,-1.5,-106.95548733096497,6.806097190967043,1961.6134907358671,100.0,1
3010,5.464135429661446e-07,0.36272759609459215,-0.10743536181180852,-1.5,70.93715458078466,92.7139716115023,1961.0673945160922,100.0,1
3011,8.592113394465706e-07,-0.4016435331001633,-0.010190435342497719,-1.5,3.2435439833579576,35.572343325034275,1964.2141874243057,100.0,1
3012,6.795673888143323e-07,-0.278989531213144,-0.3023203839030686,-1.5,132.30510018114578,50.36346111933235,1959.43159322194,100.0,1
3013,7.773787649765265e-07,-0.1735020332878652,0.3733607325335059,-1.5,-27.970598841560793,65.05825487880946,1963.262171830013,100.0,1
3014,1.3549993728235793e-07,-0.22144925754227213,0.3506165137602444,-1.5,89.99655070701833,-117.28515186778777,1958.9686317749756,100.0,1
3015,2.110400509430054e-07,0.12084775257066113,0.47215677636143255,-1.5,146.24023435733733,55.568191342197785,1958.3000935076827,100.0,1
3016,8.337189103881887e-07,0.4261491309311515,0.005115636540075326,-1.5,70.18967589574679,-20.679258649211164,1963.175759815076,100.0,1
3017,8.875927449678067e-07,-0.1746728004070257,-0.10982496635640863,-1.5,-45.96621601790605,92.84549080935854,1961.8053186000632,100.0,1
3018,2.1734475084641346e-07,-0.4472046199139104,0.16154821626428698,-1.5,-99.74293957413629,-116.4547804234368,1958.546123119844,100.0,1
3019,8.555634578368391e-07,0.23783694282653872,-0.3920971323577678,-1.5,55.536260555808745,-37.80548146554053,1963.3898633742529,100.0,1
3020,4.118991413670195e-08,0.21228417981372907,0.0403783935644383,-1.5,-23.794676010949832,-19.678962244946007,1964.2962704502158,100.0,1
3021,7.380772173623439e-07,-0.050772142679326615,-0.496697973426068,-1.5,-133.10680534690442,-5.5605578617297375,1960.0165674893512,100.0,1
3022,2.3935299498768874e-07,-0.01674663320509702,0.37300964446146334,-1.5,81.65394766723136,-102.79568471503603,1960.1476899204445,100.0,1
3023,3.625767260266977e-07,0.2878259819623297,-0.30136339266570505,-1.5,14.403319897679117,-12.081615534535917,1964.4489978638112,100.0,1
3024,2.3644128172998346e-07,-0.011673512149806033,0.3487232398932389,-1.5,-132.49649799829572,0.26695766022223866,1960.0657879310904,100.0,1
3025,7.701247908328019e-07,-0.14845298979101987,0.40058790757583185,-1.5,164.61029171182383,-11.776937396516006,1957.5949636924995,100.0,1
3026,2.0863839948030054e-07,0.06037207069850915,-0.19753522617605299,-1.5,32.455693091546756,52.38125524543557,1963.572284982397,100.0,1
3027,6.217348844241561e-08,-0.26876605964392963,-0.2280628013392392,-1.5,42.298712503334485,84.87339624709219,1962.2488659179232,100.0,1
3028,4.125653930394324e-08,0.1847442820285484,0.27949509683274093,-1.5,-70.48467571152324,-60.323011727017814,1962.3471484454922,100.0,1
3029,8.347087627316252e-07,0.42407870671126924,-0.005167275712407781,-1.5,-24.27265746339681,-89.47783665272084,1962.3500811816798,100.0,1
3030,3.593233799107143e-08,-0.04826325940780511,0.15962845925000888,-1.5,-97.90815707785143,60.343136118416744,1961.169545186531,100.0,1
3031,5.986105431503484e-07,-0.42706933814546694,-0.2546124189164227,-1.5,-89.87885673865605,-127.97280096297897,1958.3048893344398,100.0,1
3032,4.295331790337496e-08,-0.3109003504303007,-0.18543967044355272,-1.5,43.00212717047835,-36.86860929220781,1963.722182227874,100.0,1
3033,5.031174496182864e-07,0.33430243503399054,-0.15662789593096282,-1.5,-102.45625432359931,99.56843001884639,1959.3371659721283,100.0,1
3034,7.327423811097398e-07,-0.07994914233661857,-0.18629643562109743,-1.5,-103.47768989961303,100.1093572533012,1959.2559226781736,100.0,1
3035,7.261732119487493e-07,0.23610157176578547,-0.3882494838486418,-1.5,117.72698440392247,87.11403297215374,1959.0724306846382,100.0,1
3036,6.27036403060445e-07,-0.44395411389191763,-0.22278148225069488,-1.5,47.95573983236283,130.90297395224866,1959.5861666927838,100.0,1
3037,2.7955827403230296e-07,-0.41379738515143405,-0.03448399151415791,-1.5,-69.56306131967023,24.775141253555137,1963.1506460640849,100.0,1
3038,8.208581518547781e-07,-0.12066824622087842,0.03141913647034659,-1.5,-62.79177545134741,-27.928886066718515,1963.3365622136391,100.0,1
3039,9.567107088252429e-09,-0.40215960248171867,-0.16693848366628963,-1.5,123.22655102214807,-0.7454049979532708,1960.6702802257973,100.0,1
3040,1.8735616721922435e-07,0.18534334464738297,0.3579410756089082,-1.5,119.78280332301968,-79.61430144104929,1959.2669367138985,100.0,1
3041,1.1278253788203785e-07,-0.2844469650855085,-0.13448365218419425,-1.5,39.59222231778568,104.19538690220105,1961.3742793119243,100.0,1
3042,5.447678770398626e-07,0.19983351869225952,0.0748502115521797,-1.5,111.098292401612,104.92524142395027,1958.5865182329073,100.0,1
3043,3.6343037321912816e-07,-0.24439447097518194,0.06307936844701013,-1.5,-110.0868697702925,-67.44741903905206,1960.2920734001043,100.0,1
3044,9.289365624429613e-08,0.4609947553134801,-0.052158304018635665,-1.5,75.24070125443698,3.47729037559321,1963.0945039891776,100.0,1
3045,4.276801906804739e-07,-0.29527154220178303,0.20449760041230203,-1.5,-28.514072421729498,124.70020379733653,1960.3698868103852,100.0,1
3046,8.070352518207041e-07,-0.0032569293573052487,0.3967884401428332,-1.5,132.21399790943994,-108.33189661652801,1957.0888955789412,100.0,1
3047,4.808742911084408e-07,0.02362433888026972,0.3052136600471648,-1.5,-31.877623800503695,-3.4773442497844664,1964.2772236738717,100.0,1
3048,6.882945428261357e-07,-0.0976605103430459,0.01738494420478856,-1.5,-55.2720484769761,-105.14660620776964,1960.9442822595136,100.0,1
3049,2.9252873624054244e-07,0.06894894646167941,0.4116131634052631,-1.5,-22.657125626091954,161.34522811685846,1957.7710944562477,100.0,1
3050,5.099228077077535e-07,-0.2898632816661682,0.33546680525530365,-1.5,-73.01994579170056,62.673771534637474,1962.180769486933,100.0,1
3051,4.5542403373749296e-07,-0.3821534192018612,-0.08726555914521643,-1.5,-132.1967470455828,24.551555432652904,1959.9322762438846,100.0,1
3052,8.67746542788839e-07,0.0036066796488760534,-0.3489431651318729,-1.5,-53.487664527015625,71.24971107193022,1962.5177285012594,100.0,1
3053,4.616045534194203e-07,-0.019763344220854885,-0.4990222140111996,-1.5,86.60184147013713,30.28437713253476,1962.3955421427677,100.0,1
3054,2.6191935841838987e-07,-0.39230396914795623,-0.10682988941836544,-1.5,48.145366093415795,163.69936053956383,1957.1146694429533,100.0,1
3055,8.751667256891641e-07,0.01223678661905471,-0.4274381071626994,-1.5,29.81424362987855,-23.517231941426086,1964.171921432725,100.0,1
3056,2.933927746740791e-07,0.11952942098342338,-0.17021966377206316,-1.5,48.17095279847303,-142.7954136092656,1958.7501921952112,100.0,1
3057,4.894789472769479e-07,-0.35230155858015016,-0.23375892758698938,-1.5,-126.33069384429378,22.62975700511276,1960.342249750497,100.0,1
3058,1.700435300288465e-07,0.2532598590456752,-0.11724445423802901,-1.5,-72.52739429492433,91.73158558789243,1961.055424904776,100.0,1
3059,2.5943741541662114e-07,-0.07603139627639413,-0.00995550789129708,-1.5,-109.62867776824325,4.405795362277425,1961.47277020206,100.0,1
3060,1.8642002185308637e-07,0.35926679073713197,-0.17818432100725876,-1.5,42.04546780765998,56.62525765114756,1963.272534595976,100.0,1
3061,7.254060232677477e-07,0.2998963810640603,0.025725643585525305,-1.5,-22.75297271461631,-46.20991557784323,1963.8635981658879,100.0,1
3062,7.772866940829408e-07,-0.08331437718115595,-0.08237155562499007,-1.5,-153.64963298947234,73.9845207811984,1957.1232376202342,100.0,1
3063,1.640618665975754e-07,0.3841776689468501,-0.07649923707094541,-1.5,-83.074506118072,-29.479705394855795,1962.560281792435,100.0,1
3064,1.693081682327855e-07,0.029742117067465358,0.16611161459189186,-1.5,85.88552744059565,102.12108486445553,1960.002103689812,100.0,1
3065,7.592566789570198e-07,0.11524393797373993,-0.24829576362671918,-1.5,-96.26749466558658,21.374323992719933,1962.062433769832,100.0,1
3066,7.883982673488097e-07,0.24170111002802233,0.3556248859770985,-1.5,138.59508888036177,-52.66561437091393,1958.9361961705924,100.0,1
3067,6.964243401896354e-07,-0.02148029215374218,0.0351895494823466,-1.5,-97.31867603706033,106.08790176759007,1959.256930231223,100.0,1
3068,3.779101741455076e-09,-0.27153482317353966,0.12243034609008553,-1.5,10.00545620463222,75.44475864765101,1963.0642540438828,100.0,1
3069,6.273568917301037e-07,-0.4632276428996332,-0.1422922490435374,-1.5,160.2747395937663,-53.45457802546247,1957.260305172105,100.0,1
3070,4.998512328292815e-07,-0.2001136225064664,0.11428867734157229,-1.5,103.98830512172816,-65.95993200196585,1960.6756503905326,100.0,1
3071,8.253895467067643e-07,0.3888546998573525,0.2952308635444271,-1.5,-98.84694903729576,-1.2267280966828178,1962.050219049025,100.0,1
3072,7.436772821868236e-08,-0.28115852052271156,-0.12357733818292428,-1.5,-97.9236294934458,6.853510962884498,1962.0849315053727,100.0,1
3073,4.521576279138856e-07,-0.07212606502201371,-0.31770541564973165,-1.5,-113.49657175359135,-77.29740813662285,1959.7338914152792,100.0,1
3074,3.2911565437004295e-07,-0.08477375671955235,0.4605653974269459,-1.5,116.62705267395283,60.85185168170408,1960.129707187161,100.0,1
3075,8.667468496543522e-07,0.14758357641749584,-0.062789415321405,-1.5,69.80334838075328,-106.49943888357545,1960.4077760349885,100.0,1
3076,7.761164740119595e-07,-0.4362669888999096,0.15594141909424244,-1.5,155.4223439438458,-53.48487667621366,1957.6507730532692,100.0,1
3077,5.065739438369278e-09,0.018240201433162878,0.1175481137234728,-1.5,-117.9804207572114,-11.375815093839824,1960.9600958242454,100.0,1
3078,5.686403035385041e-07,-0.18006278507169943,0.3498007981014458,-1.5,-159.25174043746628,-9.683056487014055,1958.0496438678051,100.0,1
3079,7.828376353207956e-07,-0.29542873197557645,0.36753765936394656,-1.5,-110.59210672551066,62.3393856617025,1960.432726005018,100.0,1
3080,3.670434174174195e-07,0.04390397396243842,0.2993512763880297,-1.5,-10.539880871905313,-168.6569431935777,1957.2575284540192,100.0,1
3081,2.2565802151167457e-07,-0.2684190625616758,0.3650102772189434,-1.5,95.16138991557708,-80.11294789001423,1960.5967233767985,100.0,1
3082,7.770628430611989e-07,0.11798859541797899,-0.3682865975875586,-1.5,-40.87219884399384,-97.59947207735647,1961.6873075691776,100.0,1
3083,9.039515466503654e-07,-0.21984878296336266,-0.2705144944544742,-1.5,-126.16650044747752,113.45505136634176,1957.1978059844714,100.0,1
3084,3.742145299972047e-07,-0.18502399017094595,0.2910650878470099,-1.5,-60.768522921919136,99.0412878717022,1961.0995120556056,100.0,1
3085,2.657895329765952e-07,0.24849250838801595,-0.21248731249431563,-1.5,-7.654690922312648,-74.05838735468947,1963.1276186828604,100.0,1
3086,7.142431058515381e-07,-0.17708789429986466,0.10202430828797418,-1.5,-92.29151926837565,27.021100874918844,1962.1838399713656,100.0,1
3087,5.572680295203751e-07,-0.2841968831375858,0.01721687382847051,-1.5,-21.99725574921183,115.19678801080661,1961.035213104963,100.0,1
3088,8.338030692561528e-07,0.13911342923113754,-0.31407403217459723,-1.5,-96.72267445843077,66.0772544556781,1961.0435504994118,100.0,1
3089,7.279195248784779e-07,0.43236229728254566,-0.14770000857524976,-1.5,126.6389708417394,-80.20271664163656,1958.8117269338516,100.0,1
3090,4.029688758701092e-07,0.17926293981902747,0.005428182510129295,-1.5,35.951792545697096,-124.72565512297774,1960.2459707478106,100.0,1
3091,7.220361599295914e-07,0.3711859395903629,-0.20263499257195217,-1.5,-63.29042626064606,82.1804965786333,1961.7986579136928,100.0,1
3092,2.870969207978921e-07,0.003699637615610596,0.10856310324474182,-1.5,132.70238230286995,-0.5612037897120413,1960.0517975419887,100.0,1
3093,8.879769979104697e-07,0.04813244628052486,0.3615278333918247,-1.5,-38.21252144786035,-50.438386854460006,1963.5195590067974,100.0,1
3094,8.021354545732481e-07,-0.038656840366429815,-0.42135820469481294,-1.5,38.946298585856894,145.59323979619467,1958.749366462754,100.0,1
3095,4.518096911927915e-07,0.08591334617776421,-0.16252591464055333,-1.5,-151.18217021426463,-80.12464655814112,1957.0736518305512,100.0,1
3096,6.476670031066689e-07,-0.3391302899312946,-0.12170414564314266,-1.5,23.12270505660607,52.71454125352702,1963.695445815727,100.0,1
3097,3.1521505395087065e-07,-0.027016118854118955,0.4129627943598947,-1.5,-15.242020506364224,106.6393663627261,1961.5832922970085,100.0,1
3098,1.1351115033076055e-07,0.16262756331925673,-0.17680072702040278,-1.5,-11.863875561537599,-46.69692436167231,1963.9480471687514,100.0,1
3099,8.797299021256576e-07,0.09414119689863266,-0.06437379902084425,-1.5,-12.267611705945516,74.50868624938488,1963.087172705928,100.0,1
3100,7.618314462659105e-07,-0.029366652115615753,0.09935198091612721,-1.5,-33.88683646867707,-53.21768329615305,1963.5256165288158,100.0,1
3101,6.248876326020316e-08,0.2737918982542143,0.11493363765707035,-1.5,-58.62911460522559,-132.91901717726148,1959.1601384418195,100.0,1
3102,6.302693477338676e-07,0.09135201334538189,0.3696882705147416,-1.5,-4.908977132568283,-39.05941636234473,1964.1444830264081,100.0,1
3103,8.468633794732194e-07,0.20817061249922156,0.39578924847668284,-1.5,-9.107816563991166,86.46465913832064,1962.614123220268,100.0,1
3104,3.006878308344569e-07,-0.4422278898319411,0.12436387981745652,-1.5,1.8299916836133716,-30.143279047032184,1964.3068294247878,100.0,1
3105,6.292933996746407e-07,0.25030237912023845,-0.039613892488033764,-1.5,40.30548385034252,-95.38670165670236,1961.807873208989,100.0,1
3106,1.3549222044374617e-07,-0.34209519706823127,0.057810197796790044,-1.5,-46.31301370009983,-73.31083645323395,1962.6242412358697,100.0,1
3107,1.2564137748775072e-08,0.17076164219001064,-0.201733008367108,-1.5,-74.27851773613492,-69.53574267274627,1961.9023341033069,100.0,1
3108,8.064486493950211e-07,0.1355780519795576,-0.4528771540020678,-1.5,71.03834024247654,31.51082652617182,1963.0012502016812,100.0,1
3109,8.936670057355157e-07,0.335794146681891,0.22399254936727317,-1.5,80.90312899364896,149.85642593675908,1957.143587371818,100.0,1
3110,7.874943549156578e-07,-0.4529798263750891,0.19249990983582616,-1.5,-11.514836327287446,-115.82786497742859,1961.087606535021,100.0,1
3111,3.112682447505225e-07,-0.02836664177606537,0.03084530251240302,-1.5,-123.12055108077672,-96.15249648538737,1958.3179807138893,100.0,1
3112,5.093005324598001e-07,-0.15483668365383463,-0.029728877154835763,-1.5,91.1792787104016,-83.55986673673495,1960.6420820922215,100.0,1
3113,6.715241664528897e-07,-0.018114739719516056,-0.10864476905929611,-1.5,72.60258682078454,-114.6268942650879,1959.847653712962,100.0,1
3114,7.528159247874676e-07,-0.10954083632265656,0.1901327429988423,-1.5,22.361601435668923,-156.86320633858034,1958.1387028360743,100.0,1
3115,1.2344062162916956e-07,-0.3816451634894966,-0.18609338999163613,-1.5,61.590610062562895,-107.74734795713161,1960.6147995020483,100.0,1
3116,4.7463516981460463e-07,-0.44620441314218934,0.17719726995603682,-1.5,-21.854917173851344,-148.9541590916,1958.7619322803805,100.0,1
3117,7.393767353003939e-07,0.17857776526997676,-0.19193791937991367,-1.5,-48.49113722690502,86.277259791634,1962.0443752166818,100.0,1
3118,7.944429237938104e-07,0.21045732443436577,-0.17608992442161192,-1.5,6.007111488579646,40.53568154997532,1964.1115190841313,100.0,1
3119,7.477147480267403e-07,-0.2758996736404979,-0.32326468464695923,-1.5,-46.91358096527031,-56.19698942752743,1963.1745466377738,100.0,1
3120,4.258413297575164e-07,-0.2063679647998201,0.2734073298451969,-1.5,-142.5515405361775,22.199859781647003,1959.2344195584583,100.0,1
3121,7.481228647631115e-07,0.09327975397264364,0.48790686396282423,-1.5,-37.34229459325812,-26.066969482857214,1964.0110367313675,100.0,1
3122,4.175037707293364e-07,0.09191678210461225,0.2675035862139615,-1.5,-32.12515923019332,73.21183805396089,1962.9114313130194,100.0,1
3123,7.622129801777681e-07,0.014990302622031356,-0.320080269562257,-1.5,125.15658971580385,-41.99571218663113,1960.0983328585276,100.0,1
3124,1.8997764528469483e-07,-0.1443472477554792,-0.10046725887281245,-1.5,-110.2645356618623,89.85681972849109,1959.3827523967047,100.0,1
3125,3.6484946412198026e-07,0.4454801850352626,0.1679982911974725,-1.5,26.347030723073352,-149.01616019067652,1958.701943696446,100.0,1
3126,7.869404182720691e-07,-0.4263596660661205,0.24617255961228166,-1.5,18.33454496094103,81.15168958617515,1962.7764860025493,100.0,1
3127,6.57891112206562e-07,-0.2041335828031373,0.39610689513188246,-1.5,-98.68382497275942,96.26870582238351,1959.6956715863207,100.0,1
3128,7.253493971693096e-07,0.15015575214336427,-0.04253638779010434,-1.5,11.702740451537785,0.10865728995527572,1964.5040901778873,100.0,1
3129,2.2365649037519253e-07,-0.04325194335453594,0.1880803403497864,-1.5,67.62195588883088,103.58983228044374,1960.640126080258,100.0,1
3130,5.314219464169361e-07,0.10416255898464563,0.2199064547675053,-1.5,81.90115605415376,-78.00750199968542,1961.2802748548952,100.0,1
3131,8.648643997040798e-07,0.259379363773892,0.14131224637088205,-1.5,1.2490179492568116,-126.34679783608513,1960.4714261872987,100.0,1
3132,1.3649223885306315e-07,-0.2672094699990611,0.173700780652626,-1.5,97.65344567038176,-0.9514484254627402,1962.1101359405711,100.0,1
3133,2.509511112469423e-07,-0.2808487325563776,-0.13294623964559943,-1.5,117.46344884732363,-93.62045990370454,1958.7881033788321,100.0,1
3134,5.150984885888374e-07,0.198194207778573,0.45471787348352255,-1.5,82.29613763505448,-126.05214626726952,1958.7627442898486,100.0,1
3135,7.434747925209521e-07,-0.13206740254733634,0.015526037848249118,-1.5,-143.48747337696045,92.74090668801894,1957.095745096982,100.0,1
3136,5.2680486090406714e-08,-0.09477433052874783,0.4729558542193452,-1.5,37.63550821838728,-154.54898491042093,1958.0887278288574,100.0,1
3137,7.71516359520744e-07,-0.2763978589077727,0.22745521234839985,-1.5,-42.31672983111054,-29.887522963921977,1963.8557270363863,100.0,1
3138,4.805538423352602e-07,-0.23336763871670257,-0.09011967583897777,-1.5,108.99946096520881,-63.91534315702689,1960.47117619325,100.0,1
3139,3.547721925352411e-07,0.03841121359652661,-0.4429752985875134,-1.5,87.5130544502458,-134.34859869257647,1957.9849860497554,100.0,1
3140,7.888483247294237e-07,-0.45916443920190264,0.08038081310681648,-1.5,-42.98352709844327,-20.17041317476961,1963.9650855085658,100.0,1
3141,4.020980967360614e-07,-0.0007552598438765258,-0.15730812964588964,-1.5,-137.44088474038048,20.8395294317581,1959.6145037942986,100.0,1
3142,6.452052905948104e-07,0.27509995791452274,-0.10656560260489785,-1.5,-83.06172355360977,-141.6745121546386,1957.6624757481,100.0,1
3143,2.8696252134083876e-07,0.3705379246264669,0.10147625623067338,-1.5,-48.785212896722136,66.55688897442579,1962.805000451853,100.0,1
3144,1.1056339035013806e-07,0.3222814499119554,0.2643444447169982,-1.5,-89.76302445768255,-101.16282739200196,1959.87804928276,100.0,1
3145,7.998489976004076e-07,0.021217207445771262,-0.2840135128623803,-1.5,-82.74942865337044,9.359741160964898,1962.7730927361604,100.0,1
3146,5.766225059990904e-07,-0.07100682316282896,-0.049797033645823836,-1.5,-100.33414928131906,-74.91729932712246,1960.5442466355244,100.0,1
3147,4.3456414485082135e-07,0.13275356824573759,0.46222419077302207,-1.5,-70.75838866958705,-95.85162494490099,1960.922997645353,100.0,1
3148,8.83818182954617e-08,-0.10470692403011582,0.32300539092023517,-1.5,-145.0194969526741,-61.184438644695774,1958.223454112798,100.0,1
3149,3.06739766215353e-07,-0.19331680204176874,-0.1975380184311526,-1.5,-146.04575855213054,82.82648846141318,1957.3511937013795,100.0,1
3150,2.497429564882724e-07,-0.0927629786259434,-0.2034261297103018,-1.5,151.7661859499164,77.53893056139265,1957.1326028953026,100.0,1
3151,7.175085147763766e-07,-0.2657808631894399,0.11948235140391253,-1.5,-23.368471142930414,150.0869640759616,1958.6579854678648,100.0,1
3152,5.755894405029027e-07,0.2577466732491654,0.12865840463199105,-1.5,21.345362258345418,25.670334301412893,1964.2552521790658,100.0,1
3153,6.239679552840358e-07,0.37329390512322685,-0.08059541777886862,-1.5,-32.90174470795887,-57.299456237153535,1963.427496439894,100.0,1
3154,5.008494093731209e-07,-0.13102247285849553,-0.04098761763906098,-1.5,13.202835622272097,-80.52629899724157,1962.843469705995,100.0,1
3155,3.130580812566306e-07,0.20929949653698982,-0.4387326381255356,-1.5,153.9685522855567,-63.218381383243184,1957.475518985743,100.0,1
3156,6.409599441926513e-07,0.012742238334017882,0.4277157181428844,-1.5,-59.36658479749856,124.90094073040096,1959.665443355134,100.0,1
3157,2.1249981475053323e-07,-0.08037023251179988,0.34952765368186994,-1.5,-97.95406613335653,-124.5511032229995,1958.1382254274101,100.0,1
3158,8.304468892297809e-07,0.08765667612979838,-0.05540011991390784,-1.5,8.228983255265776,9.372653318943392,1964.49935695344,100.0,1
3159,3.884961451410764e-07,0.17305434776344697,0.27505283399107094,-1.5,-43.615059642768685,-36.91257249788242,1963.7078384602119,100.0,1
3160,1.9425848070101422e-07,0.038311116335332365,0.4953563999584748,-1.5,95.76714477777713,81.89591593784226,1960.4935601016255,100.0,1
3161,1.3860569536854168e-07,-0.1580542062209274,0.18282332866342887,-1.5,-5.235680953442941,-27.055821960372676,1964.345656041506,100.0,1
3162,8.703738197076617e-07,-0.33467517573984806,-0.07714573910746397,-1.5,104.4173476766739,59.86244745323984,1960.8484875571617,100.0,1
3163,2.9410925056296865e-07,0.09833063771213958,-0.07278445814886703,-1.5,-52.53408187099968,10.380433714493742,1963.8089782623974,100.0,1
3164,1.730582228032625e-07,-0.2991152014664357,0.2503526334255753,-1.5,114.18709302956249,-98.46997673299187,1958.744051103613,100.0,1
3165,9.025830410925867e-07,-0.4559237185072693,0.1875708479418677,-1.5,8.892221457215582,-154.97338049672646,1958.3966569622978,100.0,1
3166,6.66519815782269e-07,-0.37242372253755246,0.1069938123911671,-1.5,-35.82350935287051,-40.88635773207683,1963.7867165746845,100.0,1
3167,4.788523993505642e-07,-0.13088988661083165,0.3142136145744198,-1.5,77.65317498133466,-112.58155585954378,1959.772605166654,100.0,1
3168,1.3204807802505053e-07,-0.3395590912082092,-0.11913042872239697,-1.5,-86.36020891599136,-23.830027523453666,1962.495179706271,100.0,1
3169,4.932920039214978e-07,-0.1720385717659146,-0.1738703533425117,-1.5,145.26759743988615,-72.40669495765991,1957.8222293981348,100.0,1
3170,5.386626957111817e-07,0.35344078988561267,0.05631838045283409,-1.5,93.05910568588584,-32.74148308069933,1962.0604690989396,100.0,1
3171,1.1870764739190778e-07,-0.03841092802008026,0.0393141642329722,-1.5,-62.608274856804364,3.6341391181307996,1963.5376958995353,100.0,1
3172,8.350396946096052e-07,0.13879803272108412,0.22704191738908422,-1.5,-161.78712011998599,53.30067617005654,1957.14006957837,100.0,1
3173,7.636046483160542e-07,0.4551239294075515,-0.05825176213350829,-1.5,-125.39013909058298,65.32647036586495,1959.4445773112627,100.0,1
3174,8.746517210337304e-07,0.3000309039947636,-0.0020367991708115825,-1.5,96.06673586196712,62.23046936111374,1961.2016309421258,100.0,1
3175,1.698493548430317e-07,0.2637498128757478,0.3228876874881002,-1.5,22.668871948726316,57.392019414007386,1963.5695975998115,100.0,1
3176,1.033649770168079e-07,-0.14105444005661497,-0.3016909802610865,-1.5,-31.019079859610027,108.21763869971291,1961.310797814832,100.0,1
3177,8.154082780641582e-07,0.31979005860404486,0.1056191368382505,-1.5,92.05574379214323,-125.21839164684836,1958.3818270945999,100.0,1
3178,6.900314212418475e-07,-0.13278285712406898,-0.2940112258410163,-1.5,-84.66746650476968,40.986495493153875,1962.2856095810785,100.0,1
3179,1.5635482164920722e-08,-0.09667752669735469,-0.36658672932999287,-1.5,39.50695209193551,-51.36561720596258,1963.469903097979,100.0,1
3180,6.563425741401809e-07,0.17363434338228823,0.1658481084993139,-1.5,36.466548070595465,-141.2567149228626,1959.114600432335,100.0,1
3181,1.488828650362621e-07,-0.0892178918782587,0.4241810431516143,-1.5,64.03798378685207,53.419823617701105,1962.7681333624967,100.0,1
3182,1.779919656984015e-07,0.2623022316276951,0.013710394889482216,-1.5,-102.00897099504355,-124.20733252909208,1957.953011348503,100.0,1
3183,1.5409580962051252e-07,-0.08335226833164133,0.2593166040827848,-1.5,104.45683672984156,33.82671239260226,1961.468278880705,100.0,1
3184,5.144178225131267e-07,-0.06302177242665655,-0.11828709486915745,-1.5,-87.63383683913403,110.86857267142368,1959.4493503279907,100.0,1
3185,4.190080260264075e-07,-0.297667883876292,-0.04720117264868426,-1.5,-54.646432147362866,106.76978586049984,1960.874107776172,100.0,1
3186,6.363864045370078e-08,-0.40517485161624706,0.20772684390986634,-1.5,7.8864316614326775,-69.26655234821641,1963.3016159489027,100.0,1
3187,2.3608886936637107e-07,0.1290866672056457,0.3105652440215441,-1.5,-58.28427449965014,100.17166749284353,1961.1175045478237,100.0,1
3188,4.6291903259430205e-08,0.1881852755664171,-0.14489668061072294,-1.5,82.18962730505623,-75.04431634205409,1961.3838232264334,100.0,1
3189,7.636694739288868e-07,0.42707434187374904,0.21853668880105093,-1.5,-78.85183796713243,59.432135713541925,1962.0559357877296,100.0,1
3190,7.33740022955072e-07,-0.2588287352420098,0.07242341457938149,-1.5,-92.15662443459188,-60.68802522776793,1961.437586677921,100.0,1
3191,4.717465124564962e-07,0.3196541533693879,0.2744445533779387,-1.5,40.59692419344809,-104.02093722930324,1961.3630007293652,100.0,1
3192,2.71701061137774e-07,-0.12101003289044508,0.1989876929740383,-1.5,159.58732583408693,-13.129414949956086,1958.002244677551,100.0,1
3193,8.07880479538302e-07,-0.10791867349910042,0.02237561654454694,-1.5,-74.3634612436394,-112.44510846419607,1959.9080232195774,100.0,1
3194,3.45307866765867e-07,0.021082354276431178,-0.15688668971862604,-1.5,-105.41978088932488,-130.34953416710468,1957.3729728914202,100.0,1
3195,4.4751330771347723e-07,-0.215415693211174,-0.20985918125663602,-1.5,31.611315819147233,136.7876498619767,1959.5160499020035,100.0,1
3196,5.903742934048989e-07,-0.20759616945098816,0.2140629016512196,-1.5,99.32972766256103,-109.6336111150737,1958.9607864330724,100.0,1
3197,5.638626196338345e-07,0.44255522903681327,0.06760767819312002,-1.5,74.35272251895046,112.72063723356582,1959.892603399944,100.0,1
3198,3.2588942255143913e-07,-0.07811055966284856,0.2895900394887521,-1.5,-67.48539751623204,118.05185671886076,1959.8272287406962,100.0,1
3199,2.438185871371731e-07,-0.402279981974285,0.02685877666014733,-1.5,-47.73900238231876,117.72190557052183,1960.4274602408825,100.0,1
3200,6.555868913745742e-07,0.3051562353396222,-0.053819517002112814,-1.5,-56.32196556915659,149.3365203295264,1958.0448733766107,100.0,1
3201,1.2856033215979774e-07,0.07773398946624963,0.10446542536954109,-1.5,-39.29098371862734,88.01637028930655,1962.172934128297,100.0,1
3202,6.462510041373581e-07,-0.27930730434719936,-0.36985958934530777,-1.5,-21.95092770951331,99.8104137605651,1961.8790289780275,100.0,1
3203,1.6154985382356218e-07,0.09428432791017885,0.023841890284756247,-1.5,-104.30412027474438,-7.769643326741468,1961.7526779394027,100.0,1
3204,2.4394919443396446e-07,-0.07821719554073397,-0.4826345271358604,-1.5,68.33130690438765,-34.201328873848794,1963.0523140930638,100.0,1
3205,5.897173835818902e-07,0.036627196499388,-0.07556942005352828,-1.5,45.5282466087147,98.34302700892702,1961.5476323723542,100.0,1
3206,5.460963073421337e-07,-0.17972442432655722,-0.28228049589987614,-1.5,9.924446419640443,22.609440393252427,1964.383772289544,100.0,1
3207,5.58545834645008e-07,-0.06670443874878867,0.3324510566968619,-1.5,-5.73645380129297,-41.724830629924014,1964.0874262295,100.0,1
3208,7.84698953235015e-07,-0.32385743611866175,-0.32400779265486196,-1.5,47.690254674825255,7.519893948527526,1963.945614590736,100.0,1
3209,3.0496939521495794e-07,0.14192051905514969,-0.3774438984374695,-1.5,-7.5615414008452735,-5.215934500749434,1964.5174734231962,100.0,1
3210,6.072428743245622e-07,0.30178197883484653,0.3354529500399029,-1.5,6.549680030966769,-99.63230497115312,1961.9999469326594,100.0,1
3211,2.2864605289838358e-07,-0.19018304212910192,0.03934153291134503,-1.5,2.3754334576579423,-2.8736988281716673,1964.535412110727,100.0,1
3212,6.508856442516093e-07,-0.23215117712035405,-0.15306087880029384,-1.5,145.9563904969837,-82.1816494556159,1957.385040004132,100.0,1
3213,5.659006360806911e-09,0.47235052820768264,-0.062052786081991454,-1.5,-75.45072667276814,23.844043771635842,1962.9447102981019,100.0,1
3214,3.4287446333499167e-07,0.3102223940172549,-0.2857949193943482,-1.5,-62.382007821421375,47.138483911273646,1962.9823572056998,100.0,1
3215,3.855535526046453e-07,0.3828193121643582,0.15849620902277298,-1.5,-47.20726443812067,22.4101759120908,1963.8438187559595,100.0,1
3216,7.981993783631382e-07,0.31056297622471274,0.33504246221108813,-1.5,30.637688900343573,-51.58641887981927,1963.6225349267443,100.0,1
3217,1.6042114663838698e-07,-0.3487044802216592,0.04543767183902564,-1.5,-128.54438020085658,10.611017866891988,1960.3002410051215,100.0,1
3218,6.565381681809445e-07,0.01737300769485084,-0.3200090854620827,-1.5,-20.89924770904615,-15.137796708908297,1964.369454767134,100.0,1
3219,7.773629462915189e-07,-0.29554048703237007,-0.32801059923385584,-1.5,65.72111998733419,-43.00881682132363,1962.9682275394505,100.0,1
3220,2.2634748923967068e-07,-0.4076746478804325,-0.08196210564628867,-1.5,-44.65612374545343,-116.75507627366692,1960.557922899115,100.0,1
3221,1.5864068375818876e-07,0.1901540592475007,0.18709001018847704,-1.5,-52.92731681949872,-53.06674345823238,1963.1087351797805,100.0,1
3222,5.23229196446377e-07,-0.022505120849793208,-0.03734662053679249,-1.5,140.43483137180144,-19.93118467416477,1959.4116699359504,100.0,1
3223,8.619770489987726e-07,0.44735744914413933,-0.05695661465536154,-1.5,-112.4341074427443,49.15703442908592,1960.7027933156576,100.0,1
3224,6.58208286092937e-07,-0.06233303814002484,0.17170617980523548,-1.5,37.41864087025694,150.63176784471162,1958.3981214496532,100.0,1
3225,6.518696389007706e-08,0.024268211152434778,0.4443538415338757,-1.5,-12.873656492503512,118.84540601532042,1960.8986013314657,100.0,1
3226,1.7260383853219e-07,0.3494855607848805,-0.3064090195405215,-1.5,132.06407001873018,105.515076247745,1957.2529055696025,100.0,1
3227,2.0086167540124974e-08,0.21525116586926255,0.13388151359066297,-1.5,-147.31039014563922,-85.48015721954249,1957.1423243962083,100.0,1
3228,8.257336889736693e-07,0.31444627322542834,0.12913935878610075,-1.5,92.88771903523924,26.646514989464112,1962.1608295849446,100.0,1
3229,1.4811728683464677e-07,-0.10644541124685025,-0.06968548268225123,-1.5,162.9182263869552,-15.374945170489374,1957.7115591521813,100.0,1
3230,6.872636305665477e-07,-0.21249558756515327,0.029504347433348444,-1.5,91.43295516438542,-115.54289617381953,1959.0056508646944,100.0,1
3231,2.688119002701046e-07,-0.2217506922417102,-0.23508182561210852,-1.5,-27.742845258625934,56.35145199130138,1963.5346023591128,100.0,1
3232,3.230828589662484e-08,-0.20789376557291814,-0.08336779693791205,-1.5,-128.66105431513327,-83.04942384427105,1958.5613119245934,100.0,1
3233,6.503022954322927e-07,-0.14716263558529108,-0.1968909294961709,-1.5,91.05844763426285,23.481743391506626,1962.2869956017812,100.0,1
3234,2.783723336735815e-07,0.2534168401705795,-0.11298481912492252,-1.5,-70.1274263215018,-154.60727563441642,1957.1898274476487,100.0,1
3235,5.488043227068449e-07,0.25486676152942817,0.3823988896386753,-1.5,-89.25511883764432,34.65652438981731,1962.2043051997994,100.0,1
3236,3.538248808192333e-08,0.12403990197183544,-0.15399701958382137,-1.5,-27.359579357151684,55.632256222539816,1963.5604884370434,100.0,1
3237,7.714798461971267e-08,-0.09210015273518984,0.014946321138817203,-1.5,-82.14256255179453,-117.55937227318832,1959.2972412766496,100.0,1
3238,2.6606836518195035e-07,0.12546295996718185,-0.451705706660189,-1.5,136.68266705850934,1.6525976733117917,1959.7776413952768,100.0,1
3239,1.6732964706821195e-07,0.08503814417286565,-0.4733512149414518,-1.5,93.06668939930921,-75.42677043714124,1960.8831377447782,100.0,1
3240,4.965389355404777e-07,0.06208892553444033,0.3103205073832988,-1.5,89.87237928717543,4.85445474443175,1962.4761593396563,100.0,1
3241,1.5099426621122502e-08,-0.31129881067178405,-0.12744709634796078,-1.5,-94.53632590775855,20.73861568348184,1962.1534290593909,100.0,1
3242,1.0464239924985363e-08,-0.4302738739836821,-0.11210097817088269,-1.5,101.28213961745516,-125.0725740825045,1957.9356643345097,100.0,1
3243,1.3608221653025353e-07,0.05949608432563335,-0.17855672129065372,-1.5,52.21480951737369,-68.89408977592919,1962.6361110320838,100.0,1
3244,4.4794071200263586e-08,0.16052176864977713,-0.04179732663673882,-1.5,95.39853363970843,-140.04264980875365,1957.2175306490763,100.0,1
3245,2.588548224497005e-07,0.14688565536776546,0.25245401741526885,-1.5,-83.49383198834839,-130.9599804341858,1958.3900402653987,100.0,1
3246,7.797367557066127e-07,-0.2469775164339844,-0.37023818555312205,-1.5,6.401953143394215,24.9968557542622,1964.3694811476994,100.0,1
3247,1.5496316121162444e-07,0.17157452786609065,-0.18323471992052753,-1.5,-20.184624271886488,10.600277408024862,1964.4066537578228,100.0,1
3248,3.249071168389759e-07,0.1659786972271907,0.3283346135124497,-1.5,52.28095968732463,8.782310998554935,1963.8235303951901,100.0,1
3249,3.5717872670006427e-07,-0.0708737639655867,0.09049667174923978,-1.5,-89.21786339486903,-38.89303727402187,1962.126599067702,100.0,1
3250,6.867336347767418e-07,0.31142632582224633,-0.09761118303776875,-1.5,22.79681060559444,-125.08936887995864,1960.4199145809444,100.0,1
3251,3.211316292397655e-07,-0.1137909073481057,0.40269747831267566,-1.5,18.63598149846503,57.568946866875635,1963.6068350910675,100.0,1
3252,3.5095429292385355e-07,-0.333291795326215,0.2698839998552226,-1.5,-106.72548978684449,-8.310590200747585,1961.6202206814662,100.0,1
3253,5.998450616714796e-07,-0.1952229055878211,0.4503531401073217,-1.5,-92.93351975610204,9.12481543660147,1962.3183699173592,100.0,1
3254,6.037805113357791e-07,0.003651033360984868,0.18106234838418683,-1.5,102.65072598462915,-16.640004580373567,1961.7847040306244,100.0,1
3255,4.2350888009992175e-07,-0.0380941884156268,0.03503233518627692,-1.5,156.51959416230952,8.720348985846224,1958.2744594216006,100.0,1
3256,4.0209016987256014e-07,-0.2533429148625187,0.1985618083417754,-1.5,81.96074293863616,131.84706528014232,1958.3952803915995,100.0,1
3257,2.78989384091172e-07,-0.17744176884274276,-0.4340874744103509,-1.5,-134.7011860358732,-53.805514287675706,1959.1768280017245,100.0,1
3258,1.6665004897337465e-07,0.01969397721932743,0.010308418385213269,-1.5,-56.85069181748221,-37.82573787181398,1963.3518529953967,100.0,1
3259,4.926966514802204e-07,0.0076306641281536835,0.45897608089477865,-1.5,-51.672275281436036,-131.55065908534525,1959.4483117264365,100.0,1
3260,1.2068863340779612e-07,0.2842316746410258,-0.21961607353129453,-1.5,-42.676171251171,150.06227465042133,1958.334329066468,100.0,1
3261,3.2127196839976e-07,0.19218314472001352,0.38655642457591965,-1.5,-135.0696095114004,50.07232474659123,1959.250430431761,100.0,1
3262,4.5944840540074435e-07,0.03619324367428702,0.4970278619918006,-1.5,7.840427232367114,-29.82408596402124,1964.296906748915,100.0,1
3263,5.484811357513462e-07,0.24041324662544222,-0.02702256800763645,-1.5,84.75743308185365,35.67533342642216,1962.3854703876148,100.0,1
3264,7.110015961932386e-07,-0.4126509695182118,-0.27614773531784903,-1.5,-9.89028885070489,141.7155100507802,1959.395871860413,100.0,1
3265,4.403588305092531e-07,-0.008736011274766035,0.0025224233411390734,-1.5,-40.07562264037027,-37.396302294795156,1963.7741080151745,100.0,1
3266,8.633359678709124e-07,-0.40767598270183286,0.17225009255391635,-1.5,30.692225588857305,44.93027751125283,1963.7852590640596,100.0,1
3267,8.442301736893594e-07,-0.006908642125247984,-0.04743460619438553,-1.5,-132.63341432371945,2.7096988847505807,1960.0546730137191,100.0,1
3268,7.144851041041867e-07,0.3139011536459032,0.08392376604132833,-1.5,-50.74369721581186,-158.25305959769406,1957.496955958545,100.0,1
3269,1.384682222292573e-07,-0.03333380349208836,0.15178505048797405,-1.5,147.31686919591317,-26.03172880677233,1958.834698337707,100.0,1
3270,4.2737506795863807e-07,-0.08898051855710774,-0.14613877947304546,-1.5,-127.76044641237947,-101.05609744687793,1957.773791776631,100.0,1
3271,2.9541639659098726e-07,-0.14176217770562055,0.2320879742153635,-1.5,116.67031913485114,-101.47134622323769,1958.4445074585972,100.0,1
3272,4.7512458117792586e-07,0.0327263360794348,-0.26805917268716,-1.5,134.0779140436259,101.56056021715332,1957.3251778486424,100.0,1
3273,5.506163627512664e-07,0.15370777226121002,-0.22833703825172186,-1.5,-73.7467234366524,-118.15704747019535,1959.5952692282187,100.0,1
3274,7.403034698832112e-07,0.3891707227203705,-0.02936794134555872,-1.5,69.79561726080242,8.662014454861,1963.279610137817,100.0,1
3275,5.5747902549000414e-08,-0.4591615945823398,0.025829628714851283,-1.5,3.5156933810748825,96.94385240562963,1962.142404528004,100.0,1
3276,4.6068117938201504e-07,0.06641316762517213,0.30153448645089864,-1.5,-87.44358687872129,-137.5718199740546,1957.7642605096614,100.0,1
3277,4.5872088201319856e-07,-0.26175236510611694,-0.11593189434546641,-1.5,-169.30273860718475,-12.911491170833925,1957.187564430651,100.0,1
3278,6.109505048612529e-07,0.4277136691770344,-0.08958181085086973,-1.5,145.8614230429783,87.24790107086186,1957.1728424676082,100.0,1
3279,4.129222089330748e-07,0.26234570747277297,-0.025530812757660937,-1.5,-11.328654754693412,129.65413850759958,1960.2231383736475,100.0,1
3280,3.124790974976616e-07,0.34908706461909916,0.2009286049196274,-1.5,155.1066518829587,45.27711897275948,1957.8828349279015,100.0,1
3281,1.6426919185628512e-07,-0.20636485205261246,0.07303452334604742,-1.5,-37.4064174674457,-79.84970341726721,1962.5590618023593,100.0,1
3282,4.5500910249549974e-07,0.4413538900342043,-0.1909348444485884,-1.5,33.71341070046256,-114.16852321323655,1960.928922860893,100.0,1
3283,5.991816107140084e-07,-0.4430149371323455,-0.22991185821560364,-1.5,83.31560749509138,-101.7254866831103,1960.1335977868803,100.0,1
3284,8.289232541327566e-07,0.2065368720445144,0.10965998135337121,-1.5,-11.920184510697354,-154.45151958317547,1958.4217940897743,100.0,1
3285,2.390752872686639e-07,0.04453633673128933,-0.21506366928465365,-1.5,-55.70846933681591,135.8472977723145,1959.0445029141733,100.0,1
3286,2.0054933896220755e-07,0.3709541554820342,0.1975502636530282,-1.5,38.22471391221461,-154.02514025638513,1958.1185903007665,100.0,1
3287,6.10467843322602e-07,-0.16892563805513075,0.25102915576874557,-1.5,3.6620284970837758,-139.57444868126805,1959.5710880416505,100.0,1
3288,3.7381837762251345e-07,-0.028889317652982725,-0.31940700382886955,-1.5,-124.27126219618825,-3.909269322963282,1960.600585859256,100.0,1
3289,2.2034684127451415e-07,-0.017894729288404784,-0.4215762402738074,-1.5,-66.37949576745187,-70.73508102238983,1962.142603665836,100.0,1
3290,4.892442322384929e-07,-0.23773369427565197,-0.40344491647259306,-1.5,125.80821815057877,-78.35750344479051,1958.9399378658366,100.0,1
3291,1.3643485541540449e-07,0.32184790680830916,0.1255557191840674,-1.5,-60.355103616875645,-53.645024354645216,1962.8786918950232,100.0,1
3292,6.513557051293162e-07,0.30750943193312325,-0.19551127235760024,-1.5,76.07325635826305,121.13561792330023,1959.324451948559,100.0,1
3293,3.641001115715009e-07,-0.40305837473744754,0.22519445894195536,-1.5,-140.59971224450442,-10.494666373358273,1959.4731100886804,100.0,1
3294,2.8628013712858443e-07,-0.44625462221115847,0.04146499295023667,-1.5,-85.7689646265149,-33.61814319447163,1962.3778411460885,100.0,1
3295,7.58437764589814e-07,-0.049328187605688245,0.2815999603382469,-1.5,-143.37359113767855,32.35236163077807,1959.0330840308259,100.0,1
3296,4.7135401454146904e-07,0.08839975452881704,0.1192074738002971,-1.5,-25.5853832898219,2.3734890321544904,1964.3709020899944,100.0,1
3297,7.254517170693778e-08,-0.011768658376144292,-0.10863334491314058,-1.5,-107.91640181491736,-3.4602585050449552,1961.5696171934685,100.0,1
3298,4.5215058288100694e-07,0.09692573888334698,0.43386327724808016,-1.5,8.529043911010124,29.48093385138506,1964.2992175876225,100.0,1
3299,7.46794137835119e-07,0.0006166203493528685,0.30702561689238733,-1.5,139.02222370690853,42.52601610281722,1959.1522772709989,100.0,1
3300,5.87242241108367e-07,-0.05206291781967199,-0.038962785417796124,-1.5,-4.587681114448794,-122.72989487300428,1960.696206033098,100.0,1
3301,5.249354208171746e-07,-0.34031158075485696,0.10003734815140262,-1.5,-22.53434660478818,20.21973890816233,1964.3056410975641,100.0,1
3302,2.43458595545953e-07,0.10499888831658857,0.22878280705446213,-1.5,-56.295235551582714,-135.3520420258151,1959.0620095953484,100.0,1
3303,4.49074397559229e-07,0.264268836705182,0.15414933865900418,-1.5,25.30781214885844,55.97535614061829,1963.5782542122686,100.0,1
3304,4.6396753525801555e-07,-0.20820951052306017,-0.4538436711690607,-1.5,-98.02921829490428,0.8912202655154674,1962.0914260943753,100.0,1
3305,2.988069762024606e-07,0.3488213850000778,0.2778750981118886,-1.5,-4.507998596970381,-8.440252860010151,1964.5156467553115,100.0,1
3306,2.1668362499162012e-07,0.2512784099145393,0.32692415116968165,-1.5,109.21199425227435,72.2443230825451,1960.170090670684,100.0,1
3307,4.0070603720988573e-07,0.21693135272731975,-0.05747953475943128,-1.5,102.33248128214461,83.09950757580697,1960.1111757707595,100.0,1
3308,4.503219948739291e-07,-0.2255619361432156,-0.35511919162133054,-1.5,-44.617218093061595,-26.190477089814003,1963.857593876291,100.0,1
3309,8.779331765924463e-07,0.10854129565544263,0.13403199280610467,-1.5,-90.30826258831188,6.311701750636762,1962.4520035902592,100.0,1
3310,4.815526633584062e-07,0.22196776391978607,0.1507047529135517,-1.5,108.97810186131224,96.79598920924607,1959.1241910746344,100.0,1
3311,4.3554449859223634e-07,0.09548007380431411,-0.4776545752840013,-1.5,-35.76998769049209,-98.92807057638089,1961.7204263346978,100.0,1
3312,3.670500672394575e-08,-0.1888200604215342,-0.44303017463983296,-1.5,-88.52512134785498,93.30634055254426,1960.324084423076,100.0,1
3313,3.158566197855311e-07,0.20931419686681432,-0.03670555831917047,-1.5,-84.85066439474716,-129.3625166939342,1958.4378954392485,100.0,1
3314,1.6671645882600264e-07,0.27845163819036095,-0.04771940541779524,-1.5,-78.57841645449045,-36.79076396634,1962.6220110913891,100.0,1
3315,5.091782897731631e-08,0.24367335363057416,0.0736782385208723,-1.5,80.0383563863766,102.35814794921941,1960.2372196551887,100.0,1
3316,2.053527757352782e-07,0.06686651460596262,0.4014449929863632,-1.5,-71.96705989602121,-119.04141173031263,1959.6079125297765,100.0,1
3317,5.08309588569928e-07,0.002938962985000397,0.4992975247067849,-1.5,-66.93775827587075,115.84335712991255,1959.9777905353938,100.0,1
3318,4.082191827653179e-07,-0.00538230233974213,0.05977452756963045,-1.5,68.11180703714102,-156.2795211760408,1957.1281969429733,100.0,1
3319,3.3310455213466853e-07,0.348973618820803,0.18015640028690907,-1.5,0.9580401352681935,-81.2070832342707,1962.8595920385678,100.0,1
3320,1.7080780498818914e-07,0.31161280730296503,-0.16378925743097855,-1.5,24.300875933068504,-136.82871398580593,1959.6174771429262,100.0,1
3321,8.71747607427478e-07,0.4566007892878582,0.14526385010910553,-1.5,-37.95019058142237,-164.4754702100673,1957.2738410861527,100.0,1
3322,1.290500891995269e-07,0.10838931107407965,-0.4054134883157979,-1.5,-53.00300188596766,89.23091436194738,1961.795558150578,100.0,1
3323,8.552272277732324e-08,0.1386491961524457,-0.18318138237693557,-1.5,-37.76065550854312,88.69613499224751,1962.1723713270283,100.0,1
3324,3.938952457512368e-07,-0.2166973109031381,-0.05977412174088384,-1.5,-52.08735845038606,19.322426561259764,1963.753252623042,100.0,1
3325,4.919425904931873e-07,0.225763518293295,-0.33030968355298324,-1.5,-78.58852561351104,68.15260582768062,1961.7829523744267,100.0,1
3326,8.488085000689102e-07,-0.08242753749013275,-0.4848066211012747,-1.5,-79.23475839492976,35.8250546175036,1962.6134883847817,100.0,1
3327,1.6603205046329585e-07,0.38745178373517847,0.01824067556879955,-1.5,14.749319565633039,-14.088921867994506,1964.4330597195415,100.0,1
3328,1.4946467816002477e-07,0.05104267712554725,-0.1595162786564516,-1.5,-157.15262116795213,-26.751489040805502,1958.0604428260822,100.0,1
3329,5.775254423480766e-07,0.06553965469300146,-0.2115366807369751,-1.5,-62.72844890633735,-118.97865116547527,1959.9292100815223,100.0,1
3330,4.1769473110025586e-08,-0.03849644693341106,0.07865688679413398,-1.5,-74.44392668921277,-60.01486229561495,1962.210387381756,100.0,1
3331,8.745935363519143e-07,-0.2686182056724184,0.39143542504269413,-1.5,-39.40980367940482,-42.98140739442198,1963.6732804258647,100.0,1
3332,1.0768493646675385e-07,0.1602533403631706,0.00018397581381654964,-1.5,144.8145444038164,54.01595795252283,1958.4494658483577,100.0,1
3333,5.889401497941462e-07,0.292413157362154,-0.23911996745841896,-1.5,-38.22837650637711,-95.31381302397024,1961.8529900435071,100.0,1
3334,3.7112311165996155e-07,-0.16447141014931455,0.46758326859530885,-1.5,-10.585299366820472,-139.24823438585682,1959.5691278757856,100.0,1
3335,5.048375224053763e-07,-0.22079690951266676,-0.20563685082316324,-1.5,-135.1342273999814,41.76672937598132,1959.4406260890823,100.0,1
3336,8.483838765288483e-07,0.051715529865230425,0.3336748793890708,-1.5,18.562057090612885,133.88600688395942,1959.8834846651891,100.0,1
3337,4.478544962409573e-07,0.42318986185060115,0.014159515888256287,-1.5,45.695280789305194,-23.424737887739077,1963.8677422969727,100.0,1
3338,5.436630020554322e-07,0.06654454808921907,-0.004658990852162981,-1.5,-147.1498322152817,-46.68600631487083,1958.4638444351006,100.0,1
3339,6.034378156515591e-07,0.4315716090495927,0.10808197881981295,-1.5,100.98736944819255,34.79563267413011,1961.6330190494023,100.0,1
3340,2.528832478376579e-07,-0.02376507745781736,0.06479257567958482,-1.5,170.22460641604562,13.371118473710778,1957.1045150495656,100.0,1
3341,7.600334826407377e-07,-0.25860202445804953,0.3011789922509057,-1.5,26.068787637602558,-159.1653754420231,1957.9070682332285,100.0,1
3342,3.3790145698587326e-07,-0.3385922936838483,0.26091546403234916,-1.5,112.60250894797193,35.37930670424938,1960.9901238664818,100.0,1
3343,6.794797193521167e-07,-0.3570792776863437,-0.20882126420311628,-1.5,87.54119767541766,127.97466303949315,1958.4106593346587,100.0,1
3344,9.2836081740891e-08,0.41063631148713364,0.19718102263871998,-1.5,-6.57508713078206,-131.20870354926794,1960.1414057685415,100.0,1
3345,4.9949682852830284e-08,0.25965374814418896,0.132043655847039,-1.5,65.7091535513218,-16.77809888397943,1963.3680472095748,100.0,1
3346,1.2915327686822604e-07,-0.3021195511583481,0.13844307268755876,-1.5,-25.49747655766013,-135.63387898335435,1959.68533592188,100.0,1
3347,7.838924707820064e-07,0.03088135541986401,0.16347509362902113,-1.5,92.25074185480827,98.18231781359415,1959.914110200271,100.0,1
3348,7.211586730551479e-07,-0.48337835304037097,-0.029605657969214903,-1.5,-46.11767463990262,67.16989624230726,1962.848606334869,100.0,1
3349,3.829934319310055e-07,-0.15159827535578108,0.03571714490628568,-1.5,93.2768245715248,61.28232050712715,1961.3661558865663,100.0,1
3350,4.5770460110663546e-07,0.19804627883963016,-0.38999163907230255,-1.5,-43.81266566357835,-20.821472849761594,1963.9399692612678,100.0,1
3351,7.235840831184347e-07,-0.005009207220742183,0.13976345207675667,-1.5,108.87767895892556,120.92040487964555,1957.7888530110674,100.0,1
3352,9.084048920680583e-07,-0.1532652534394064,0.4115510469573911,-1.5,32.699599416449125,65.40242042993249,1963.1776653848833,100.0,1
3353,5.071965137712083e-07,-0.26441491451196364,-0.011772462652897548,-1.5,-66.39584883558153,-43.614569306628034,1962.9321554418866,100.0,1
3354,6.704844050434826e-07,-0.3811808359822832,-0.1522244567812068,-1.5,-93.72723652957559,-129.2797526415078,1958.038619883584,100.0,1
3355,2.649349177854304e-07,-0.266094417688373,0.2873695426847043,-1.5,-169.93190010418755,-6.939835325806057,1957.163323353154,100.0,1
3356,8.631061316097102e-07,-0.13792628096320322,-0.06676060394583752,-1.5,-49.291293292060594,151.38258251520529,1958.0773652700125,100.0,1
3357,1.8165465483553435e-07,0.04676540849079255,-0.43127513675573437,-1.5,77.62215713846896,-89.15834403700885,1960.9790607438624,100.0,1
3358,2.6744519789502856e-07,0.1573916721935127,-0.41358954030759915,-1.5,-129.44130512932165,77.96882178832297,1958.7187387732547,100.0,1
3359,4.5971708779706283e-07,0.30722587571474963,-0.3781739543554043,-1.5,-67.69212964708358,-14.48140704631861,1963.318963057183,100.0,1
3360,2.306398476928589e-07,0.3332873745331944,0.21649147036881142,-1.5,-15.786283794963108,109.04486072727468,1961.446735921994,100.0,1
3361,6.018891020004689e-07,-0.23373378954132248,0.27457054093515076,-1.5,-43.99528055119466,59.571091254784236,1963.1426302339999,100.0,1
3362,1.8991048319459808e-07,0.07963467042142247,0.028928031392232965,-1.5,41.21136455575868,34.875166974805616,1963.796993690046,100.0,1
3363,8.80442519748073e-07,-0.18502432094660576,-0.32922024288172236,-1.5,-102.27876176037991,-105.99390933563139,1959.0093497333403,100.0,1
3364,5.511913470428524e-08,-0.004345213700376729,-0.2763240800052166,-1.5,53.04111843353676,-7.965737995936819,1963.806628219701,100.0,1
3365,1.512105122738682e-07,-0.36914528130207985,-0.08942437264092819,-1.5,41.96084036829521,-43.07289031507899,1963.6184202287427,100.0,1
3366,7.75600707715074e-07,-0.3111664196074468,-0.22339823773221631,-1.5,163.40265363797218,-15.045025050938804,1957.6737486801565,100.0,1
3367,8.717439949607772e-07,-0.03771696614391906,0.42298922550741663,-1.5,-87.9046920245414,2.0176399491401984,1962.5702485555103,100.0,1
3368,1.6588537469976813e-07,0.016958915190907937,-0.34358650907443794,-1.5,-65.3544383789272,95.64089327806336,1961.120828297757,100.0,1
3369,2.565741802027147e-07,-0.3219670740722712,-0.15441644303792348,-1.5,-118.34086445538183,49.03975332690328,1960.3580868452887,100.0,1
3370,9.096080478916927e-08,0.08938074938791313,0.005516225965566159,-1.5,43.076496752302525,3.808162587642475,1964.0629316779507,100.0,1
3371,5.547008938203471e-07,0.0873332523572861,-0.48476240629960704,-1.5,31.096784787303406,-37.13244326175581,1963.9418163223258,100.0,1
3372,2.978786471321403e-07,0.13920685664740443,-0.2439025646019364,-1.5,-19.60092720402609,-7.470697918521795,1964.4269593424654,100.0,1
3373,5.660799586487314e-07,0.10569494593288004,-0.41225937362697157,-1.5,145.58786754685323,9.612470651974762,1959.1133350312473,100.0,1
3374,8.867572930593885e-08,-0.15290151604796767,-0.11109615815374246,-1.5,-28.51260208433964,165.14996860983808,1957.3772772913967,100.0,1
3375,4.1139696044565657e-07,-0.447964884438115,-0.20105924610183828,-1.5,-126.17625713689003,-1.0329029403538497,1960.482535375557,100.0,1
3376,3.4192667420929586e-07,-0.1253585303177883,0.10497645069441407,-1.5,56.44933864764204,-54.27334876664616,1962.9776264761729,100.0,1
3377,6.710830841395519e-07,0.35498357844959655,-0.13288404217859112,-1.5,136.92481048054282,48.07565829934245,1959.1716651738518,100.0,1
3378,2.4816440739829836e-07,-0.2752996948053594,-0.10209642856590753,-1.5,75.71372093288346,6.142420261983664,1963.0697871960522,100.0,1
3379,3.295496108614239e-07,-0.3221579369399517,0.3020883652074292,-1.5,64.92176563091893,-50.41990017623775,1962.8184542335325,100.0,1
3380,1.8151712255922874e-07,0.05672328690334717,0.11725420805105405,-1.5,75.94822759808315,45.9383807442049,1962.5327559471311,100.0,1
3381,3.562918377577148e-07,0.04689309090775586,0.40654526516518424,-1.5,126.9413715404962,58.41464411089667,1959.5629369354142,100.0,1
3382,6.196235892293408e-07,0.34243376418980837,0.31606227188286173,-1.5,-91.01299625591932,-5.191541949189855,1962.422729350341,100.0,1
3383,5.501866960537626e-07,-0.2305581339398006,0.40914270013561616,-1.5,106.45276108362673,-102.69343974102111,1958.962774878063,100.0,1
3384,5.992765992724074e-07,0.32814165616000696,-0.30104762962801107,-1.5,105.22641410236018,114.20755537224358,1958.3915140587148,100.0,1
3385,6.047325633963976e-07,-0.2900870606222688,0.30244802320529673,-1.5,46.3200646972013,16.27514613099157,1963.9253696337325,100.0,1
3386,4.638602032551446e-07,0.0039908318118931875,0.43553847761100706,-1.5,41.20263908698932,-87.0156065367869,1962.178359124734,100.0,1
3387,4.979372731397848e-07,-0.3927849526599439,-0.06514615041782379,-1.5,-154.90625135585572,-32.057124781934284,1958.1597688410727,100.0,1
3388,6.851102766950898e-07,-0.22140776188759992,-0.19450048411645887,-1.5,86.48688875463003,-74.29252663299272,1961.2276575722058,100.0,1
3389,7.121587269187279e-07,-0.48632720162828674,-0.04307097427874586,-1.5,135.41993941347437,47.26253272756226,1959.2960417648883,100.0,1
3390,4.674663214701664e-07,-0.12985445740056245,0.012098381182779895,-1.5,-42.27741824618372,110.64839795988797,1960.9647722999714,100.0,1
3391,4.167947990775747e-07,-0.46393285767029074,0.0836943297606742,-1.5,21.348245505330176,168.55673622261827,1957.1781128333603,100.0,1
3392,6.625209840543932e-07,0.4289037730765969,0.2274284825165596,-1.5,3.7608809059861663,-106.56368482971673,1961.6430162280942,100.0,1
3393,8.408352867963248e-07,-0.4218989104238076,0.03580879309656666,-1.5,42.27884737500064,95.67174073284355,1961.7524572065458,100.0,1
3394,4.893541685606844e-07,-0.05723658885222844,-0.04820504064262092,-1.5,-37.870581975132176,-25.314302320904847,1964.0107666163651,100.0,1
3395,8.562986264835581e-07,0.44804548454600895,-0.11462146068213695,-1.5,28.850466818153475,-121.9182786804412,1960.539943524259,100.0,1
3396,9.479938009826776e-08,0.2921686360013091,0.14937079308669973,-1.5,-51.99368972468222,133.40615620226455,1959.3143545593398,100.0,1
3397,1.745245876484676e-07,-0.2050788985165648,0.030384168936734318,-1.5,-81.14258119532606,-73.5689936165168,1961.4833088663652,100.0,1
3398,6.088236971605295e-07,-0.1434488114355355,0.0534596494596267,-1.5,10.993054043986275,-158.5220385539802,1958.1019386951252,100.0,1
3399,6.553994021585137e-07,0.06353221572708827,0.08493697415166618,-1.5,-62.302260607612226,94.83824714200503,1961.2591418444285,100.0,1
3400,4.077240310891335e-07,0.22882788222395523,-0.23545519671332746,-1.5,58.93070509069941,-154.39468318005507,1957.5757303535859,100.0,1
3401,5.947593240298492e-07,0.04193273891039685,-0.2769259237207313,-1.5,-92.46614042197845,-91.53653514764977,1960.2255895367648,100.0,1
3402,5.232208491747179e-07,-0.07697470376503068,0.274939738026722,-1.5,14.237543140219266,-163.11475429940816,1957.703796686645,100.0,1
3403,8.08467705718856e-07,-0.055720394246122906,-0.21192761573922744,-1.5,-66.3472700298468,123.01356454526643,1959.560917390318,100.0,1
3404,6.658423112609871e-07,-0.4106293248865216,0.09534791047956934,-1.5,-104.80397494963319,-60.27357952644138,1960.8152663399878,100.0,1
3405,5.391781090300896e-07,0.033351431166073746,0.37689052672064904,-1.5,-82.78121469027677,85.96429690140707,1960.9106803775587,100.0,1
3406,4.5727956095287016e-07,-0.28844182478037705,0.2646775732092261,-1.5,127.10846840845268,-65.37616984138448,1959.3322025480668,100.0,1
3407,1.6435698521146034e-07,0.3419546892502597,0.26369838853764216,-1.5,-56.4499289871135,-2.345410947850315,1963.7263533473717,100.0,1
3408,1.6482821769982986e-07,0.404803372871091,0.2502704262810731,-1.5,115.44157679141796,76.65518772699305,1959.6455064139998,100.0,1
3409,2.0268985026120088e-07,0.23714086746772217,-0.21885204569700067,-1.5,50.599630204046846,134.4131687176196,1959.2820276225252,100.0,1
3410,7.961019217435952e-07,0.323858578876563,-0.10005550967526705,-1.5,98.41351593719763,-26.82688480544001,1961.8889837089778,100.0,1
3411,3.1240466398564554e-07,0.46484742747862146,0.12439276032894954,-1.5,0.6039798648325504,142.5441570031175,1959.3606316292885,100.0,1
3412,4.3170539056513773e-07,0.3619774673764834,-0.1671426686173189,-1.5,-56.25529644890116,152.82537046212212,1957.777575219078,100.0,1
3413,5.518264277391364e-07,0.24595510207996138,-0.0001182929625822942,-1.5,-39.10578386859101,-29.977727101272908,1963.9209148568066,100.0,1
3414,4.4758654735091614e-07,0.22119190576484982,-0.14613067063543939,-1.5,-116.90966432158412,-72.17976628703899,1959.7284245509873,100.0,1
3415,6.299311749329125e-07,0.13161129405040892,-0.13793044587661954,-1.5,-1.2439879191459668,156.79226631050233,1958.271667564387,100.0,1
3416,8.088101660233116e-07,-0.35619666700052455,0.09853947188051451,-1.5,103.77678693703551,30.77351757686658,1961.554652660767,100.0,1
3417,4.85887573355945e-07,-0.26797364685571,0.061075117169744224,-1.5,28.287718640769373,-56.43441165318947,1963.5244455879815,100.0,1
3418,8.365498335685405e-07,0.32127461678566815,0.00858109735176108,-1.5,-47.75830501869061,-146.64005266908487,1958.4762254163518,100.0,1
3419,6.251932308139922e-07,-0.42217405792558105,0.13203944854505997,-1.5,33.9300924824041,9.93978196006588,1964.2207706428655,100.0,1
3420,8.270666731352156e-07,-0.19465165775171003,-0.35854855302182653,-1.5,-142.07510614914884,-15.682300881904844,1959.3320330964552,100.0,1
3421,4.0792789112650276e-08,-0.07189299606128967,-0.020216558946858372,-1.5,-71.95936756770118,97.49571745251549,1960.798235608092,100.0,1
3422,6.30397779394583e-07,-0.17796786509626236,0.3701859004151724,-1.5,-108.91555693167776,-37.72548930415419,1961.1546280650987,100.0,1
3423,1.6024632617504167e-07,-0.0008767756580346179,-0.3026185298331586,-1.5,113.92906275009798,-96.73500395457134,1958.8455257975104,100.0,1
3424,7.121964153436609e-07,0.0661762185040983,-0.4144161623750102,-1.5,132.77850218094517,31.76600517274131,1959.7892939140374,100.0,1
3425,4.5336436956312105e-07,0.2012130362057047,-0.3649526149193445,-1.5,-113.17056518858527,-91.15111420185809,1959.157263677622,100.0,1
3426,8.254201151449233e-07,0.19107905386256038,0.3678959718674722,-1.5,-105.41452084643086,87.99904235738194,1959.7339701104925,100.0,1
3427,7.436906571578884e-07,0.23260920576915536,-0.12502513051300698,-1.5,93.61803559575226,97.96568189058868,1959.8601161432505,100.0,1
3428,1.2886693049877874e-07,0.15030084574454247,0.0034060383085297054,-1.5,9.45826523840007,10.35028869919466,1964.4889154710584,100.0,1
3429,1.2629062162369233e-07,0.07588722800047838,-0.16292428185419766,-1.5,40.51327020577673,-154.54384005816766,1958.0317062559127,100.0,1
3430,3.3424542723704847e-07,-0.33777313557790345,-0.33470846850967384,-1.5,56.35231955719019,-131.01775709937573,1959.3550085860666,100.0,1
3431,5.259220490530639e-07,0.1504700718183282,0.20906123942225396,-1.5,74.10815725840533,-51.71249928892497,1962.459447915087,100.0,1
3432,7.242605274233788e-07,-0.03739893611318792,-0.27522560015241065,-1.5,103.01487505278581,71.43385022145569,1960.5352398838766,100.0,1
3433,6.704359749098501e-07,-0.007595749614984774,0.3007792853126333,-1.5,71.39980171979242,-61.962616000841365,1962.2629764633582,100.0,1
3434,6.624475764206636e-07,0.09298302928328624,0.3451877316324991,-1.5,-123.6594136898044,-65.42022080058501,1959.5514360134637,100.0,1
3435,4.863892087878956e-07,-0.300321133133629,-0.25532512345285024,-1.5,-133.0708083071043,-34.767829781504226,1959.7185114844708,100.0,1
3436,2.443971497852183e-07,0.09662198012673327,0.32309236589692336,-1.5,-95.38603112907307,3.152057831865922,1962.2193699642758,100.0,1
3437,8.601404101762788e-07,0.3234450183633238,-0.2908927857469051,-1.5,-17.8445609474282,-108.68340661301794,1961.4491517849026,100.0,1
3438,2.328511792935936e-07,0.24915991952267397,-0.0847527379926533,-1.5,-77.30248163563054,20.20172724484714,1962.9135240288679,100.0,1
3439,1.3897288170244705e-07,0.10300035041080098,0.36687428462043375,-1.5,-71.99867035253516,-30.508684633829915,1962.9820931163665,100.0,1
3440,3.463326699249475e-08,0.26832614383103814,-0.1275260898326925,-1.5,-73.93760660955905,-101.42730761242079,1960.5251892963468,100.0,1
3441,7.016582540499929e-07,-0.11935256512640931,-0.3496146796218127,-1.5,-146.63033606858644,-28.141654188207397,1958.857033606612,100.0,1
3442,8.149218651710156e-07,-0.09047114970813853,0.4761003413897982,-1.5,-47.41461646648655,66.87214439285054,1962.8278724115798,100.0,1
3443,6.991278527825936e-07,0.16206252671085328,-0.41423741338828574,-1.5,-136.13708456816258,69.45182383138469,1958.5853120652944,100.0,1
3444,4.011681444367789e-07,-0.3174560331148246,0.335194294238628,-1.5,119.4199408499298,-47.28800130544722,1960.3356878162645,100.0,1
3445,6.155410839358203e-07,-0.31760397965462583,0.2677368253414527,-1.5,-132.3959819106051,63.18922957316242,1959.0537796359772,100.0,1
3446,2.7946554363009683e-07,-0.09783061642100996,-0.29403890573573727,-1.5,12.043470502700895,-50.0849923094652,1963.8634714841412,100.0,1
3447,5.357400265385399e-07,0.4324214553831908,0.18016108623071175,-1.5,65.0579901166389,101.4945084861531,1960.8364564479284,100.0,1
3448,9.086448906236472e-07,-0.21438630816964793,0.2518834594433761,-1.5,-15.957478307248682,-159.21772286635473,1958.011328332259,100.0,1
3449,9.010362615130112e-07,-0.08690556744493208,0.46538129569363323,-1.5,-21.542202412733072,-147.84035212534195,1958.8497773093256,100.0,1
3450,3.9341108733827425e-07,0.1601766823103227,-0.35143787825247674,-1.5,32.12310070150782,-112.61710539711777,1961.0453284509836,100.0,1
3451,6.779719723063139e-07,0.04915310787110122,-0.023050876839529017,-1.5,-10.798151194187744,-79.65420993099227,1962.8937549029974,100.0,1
3452,4.210882585881002e-08,-0.07322142820058952,0.1168819691427503,-1.5,24.63573475670093,-56.065656493490394,1963.5842250845983,100.0,1
3453,7.955727669389149e-07,0.25309737487117684,0.3658736420656347,-1.5,36.15574177534581,-128.90532382817184,1959.9718023715443,100.0,1
3454,8.855749782783834e-07,-0.1906359831164052,-0.3349445270556071,-1.5,125.05070473104698,-0.8052447387753254,1960.5547579941017,100.0,1
3455,4.036234393771095e-07,0.1439410138677818,-0.40313967734739403,-1.5,-3.0493665184103103,166.56302858114293,1957.4628336547912,100.0,1
3456,1.0916556436065049e-07,0.1029605455183158,0.3738374921303779,-1.5,-21.0313420381089,-79.6003823811352,1962.812968176791,100.0,1
3457,5.325358661593158e-07,-0.337768497596276,-0.032374702981747626,-1.5,20.10192285884731,-130.8971965755009,1960.0701831547215,100.0,1
3458,1.6231392523197264e-08,0.10554199896441856,0.13820779144133424,-1.5,42.365395414905564,-104.55184649486998,1961.2973693277577,100.0,1
3459,8.617999466522995e-07,0.10763579133423394,0.19954803105854274,-1.5,-117.76176876794284,109.36290565844818,1957.9543424065635,100.0,1
3460,4.822190938146186e-09,-0.33721694138310665,-0.016557420410389396,-1.5,118.94875328418958,-116.54615081398319,1957.4681287542621,100.0,1
3461,1.5711848844090472e-07,-0.23875108470283307,0.437384534252954,-1.5,-17.84657258294118,90.14540399061009,1962.388491673487,100.0,1
3462,8.981051632900437e-08,-0.12650312972725333,-0.25371587343355523,-1.5,51.3973299738051,-19.48164438564378,1963.7698608212029,100.0,1
3463,7.600817321138302e-07,0.18922642786957256,0.30396545155398424,-1.5,-124.84647628351287,80.05231837227491,1958.9329416672092,100.0,1
3464,4.88020297067498e-08,0.07123646306286523,-0.138189353996935,-1.5,36.81132118249587,149.2783408077845,1958.513260068618,100.0,1
3465,4.166029327491139e-07,0.05379490784927855,-0.219617794446497,-1.5,30.635922176128865,-86.29296038918675,1962.403692293158,100.0,1
3466,6.671319781986227e-07,-0.2967740020369988,-0.11713672935789067,-1.5,64.4379345168512,-27.19245169962219,1963.293561704896,100.0,1
3467,5.93947479061801e-07,0.3031790363415049,0.254863208476961,-1.5,-124.74206127401533,-86.72008353379621,1958.6557460480728,100.0,1
3468,7.208160131920521e-07,-0.16112994168589856,0.36335574698949025,-1.5,-25.58317692331517,11.986634419389958,1964.3357930659254,100.0,1
3469,2.3335146864769673e-07,0.18500518761076312,0.41302605191379427,-1.5,-79.07548638610614,62.294518549128185,1961.9581409086343,100.0,1
3470,1.4774763057390682e-07,-0.19891342766543876,0.054367910353155025,-1.5,-101.82565358979163,48.35926064576813,1961.3021706118968,100.0,1
3471,8.568916505559799e-07,0.13762097235421106,0.26394616080077976,-1.5,-21.186603502304642,47.60502094644595,1963.8477986032563,100.0,1
3472,2.4354022882175313e-08,-0.11464367286617208,-0.2708599566216742,-1.5,22.846336206945015,-156.7673605831875,1958.1407829479042,100.0,1
3473,1.924606568403021e-07,-0.3170014215280812,-0.3825824487637352,-1.5,-110.55257704274868,94.02609425992061,1959.170872479877,100.0,1
3474,2.751280397739578e-07,0.20755833914202915,-0.22470893456870317,-1.5,-71.39033520499758,-120.65143796581182,1959.530539905472,100.0,1
3475,1.441940634390923e-07,0.0023336309087965542,-0.3611305263936184,-1.5,-79.28531076660015,111.93123121656626,1959.7445050927222,100.0,1
3476,4.6707919684645e-07,-0.01633323289545754,-0.16895535067989179,-1.5,119.23609625532336,-46.876009852883776,1960.3567734767555,100.0,1
3477,3.165821116666222e-07,-0.20044137670055656,-0.17106576114862596,-1.5,-100.22863807046832,39.96578667909131,1961.5734098605108,100.0,1
3478,7.905070214030215e-07,-0.2740449014993155,-0.047151219191491164,-1.5,51.86305759424137,129.48683165465604,1959.5807383088727,100.0,1
3479,6.512663382625683e-07,0.43834662969199795,-0.17827101293648928,-1.5,-48.94565084650336,28.41705436176643,1963.723524468438,100.0,1
3480,2.4083329618244816e-07,0.22267846297451518,-0.18253334722245823,-1.5,32.55821207719861,-100.92998880000509,1961.6743833912135,100.0,1
3481,3.562032304754018e-08,0.29060797549826506,0.1812833851660128,-1.5,26.208096818709734,-169.1000558471922,1957.0721992404237,100.0,1
3482,8.335018525975957e-08,-0.18579425611678074,0.2778508299703832,-1.5,157.53181757492132,-52.94355220068364,1957.4968692179425,100.0,1
3483,8.884032297521014e-07,-0.17937815202707266,0.2944236664175126,-1.5,-148.06683031759482,-64.34513143643427,1957.8940737655498,100.0,1
3484,8.652156946665009e-07,0.2796159405924365,0.3132373233575637,-1.5,-103.36194863477613,42.78270088490218,1961.351379622108,100.0,1
3485,9.060535500279944e-08,-0.43893598954459645,0.10719760479725521,-1.5,100.20656599613476,4.82279853233369,1961.9757060197535,100.0,1
3486,4.939485489439201e-07,-0.11580121033034695,-0.24770590906892045,-1.5,-65.64769196937108,-122.85498249812565,1959.594427446815,100.0,1
3487,7.65053609124386e-07,-0.08785783436704542,0.008041182543242665,-1.5,11.967361507875449,-101.61978291075658,1961.8724444381805,100.0,1
3488,5.55942303337691e-07,0.23829376153347842,0.08760601987272486,-1.5,17.210320356347115,-75.85574182222625,1962.9984711079026,100.0,1
3489,5.6867013497897894e-08,0.144754170087546,-0.43003760206716574,-1.5,-19.962333130671716,34.56846018734408,1964.1333491090638,100.0,1
3490,2.0531014883116472e-07,0.030515867359293857,0.44715637923837803,-1.5,116.48707240279947,88.24260271542556,1959.096039324046,100.0,1
3491,4.6345520322368643e-07,-0.05375601845782912,0.27991290718907674,-1.5,-129.0038004679255,68.42816311728569,1959.1041044884157,100.0,1
3492,8.785034630114e-08,0.21497478176108933,0.41981815080583845,-1.5,-2.8760007157160623,-40.292995413400355,1964.1235932106285,100.0,1
3493,7.144075064327031e-07,0.4905286019439448,0.09011631777833702,-1.5,109.52887947067278,111.58440170993742,1958.306827880418,100.0,1
3494,1.7696068854000637e-07,0.025885724942283812,-0.10460552723563807,-1.5,37.55019151481217,-58.078080898581554,1963.3212182173527,100.0,1
3495,3.7519671836066253e-07,-0.07996977717916312,0.436977120076461,-1.5,-60.61658570148252,114.4041148315603,1960.2679955336803,100.0,1
3496,6.715288275111585e-07,-0.20255940896914207,-0.34360561052064,-1.5,-63.2669752777425,76.09773562209301,1962.0447779646943,100.0,1
3497,6.938309242693962e-07,-0.15633629535536422,0.2416948127949014,-1.5,70.35498960441733,73.37544118041478,1961.907109507347,100.0,1
3498,4.6468500952509316e-07,0.06104810544341925,0.04105858852351017,-1.5,-164.5103071839187,28.64933779093759,1957.4291457267425,100.0,1
3499,5.415679531115516e-07,-0.011939331632903318,-0.3676585663372669,-1.5,-26.306035795062957,-97.9164295462047,1961.9209085923426,100.0,1
3500,5.725985474548518e-07,-0.042103673716236835,0.05364177030137232,-1.5,-11.469050581327528,-1.1657366519833618,1964.5051255221892,100.0,1
3501,6.28173051679688e-07,0.16453686889171945,-0.15478588974359994,-1.5,79.46021866208608,-128.5589658171436,1958.716914774652,100.0,1
3502,5.603372531372605e-07,-0.24342671114017975,0.35604809662562364,-1.5,159.86568927422596,-61.04811392681939,1957.0716326810793,100.0,1
3503,5.267236704083061e-07,-0.03278113374812848,0.4711256330774862,-1.5,-130.2773705497962,-24.77253818265878,1960.0580130038884,100.0,1
3504,3.095360861848941e-07,-0.06580822078913333,0.2579400151545319,-1.5,156.77436558265686,-62.65393745962442,1957.270949225756,100.0,1
3505,3.238763670606831e-07,0.12895574686997693,0.001942771054636925,-1.5,-9.7894993837121,132.69654960233137,1960.0278257442121,100.0,1
3506,4.0603451723670544e-07,-0.24104926072526123,-0.2165929382667164,-1.5,-26.456833787868476,36.05441789629678,1964.029888052168,100.0,1
3507,6.311896351168215e-07,-0.08251716793391409,0.23952530452024828,-1.5,85.85487615670593,-21.72937784102302,1962.5417347523824,100.0,1
3508,1.7361491835561964e-07,-0.4624613159198628,-0.040871412977356664,-1.5,-10.849902589208607,-103.3447726482221,1961.7888326336815,100.0,1
3509,8.400296492156143e-07,-0.47810286171903166,0.07678873655336682,-1.5,-77.76303559913372,113.16055432542616,1959.734901843946,100.0,1
3510,1.6502897204815832e-07,0.16503926847634603,-0.19450638742418225,-1.5,-6.747496639638064,5.039819660949896,1964.5208977694826,100.0,1
3511,1.930370981908016e-07,-0.12334125642063452,-0.19075494699002324,-1.5,-57.87991360962175,54.16000082420329,1962.9390964004451,100.0,1
3512,6.633966216246643e-07,-0.01785836059513162,-0.025882477383432335,-1.5,17.6766174579266,-118.624168892373,1960.8745829389422,100.0,1
3513,9.135837409495993e-08,-0.036937845358197816,-0.4897952561963381,-1.5,-153.96196468479891,28.050838937967747,1958.2957259135824,100.0,1
3514,9.780123021532649e-08,-0.39227570184666394,0.22182480979271374,-1.5,9.332659874503383,74.92988252811041,1963.0872880313095,100.0,1
3515,1.25761237723494e-07,-0.038206707900760646,0.39993919216494433,-1.5,80.73144420472613,6.656056946979879,1962.868160903495,100.0,1
3516,4.101314702249818e-07,0.09312737398454196,-0.20530224791102628,-1.5,-46.18146879935299,18.61324989117365,1963.907865744764,100.0,1
3517,5.570629606568415e-07,0.10666144633932959,-0.4426776969622691,-1.5,35.87680227096189,-82.78970573191573,1962.4657973961646,100.0,1
3518,4.214966644186957e-07,-0.08129117554762251,0.1186514064211069,-1.5,48.41430076854637,51.91127601648678,1963.2561119654165,100.0,1
3519,5.469276368280222e-07,0.1800652520350465,0.06131810717813225,-1.5,-13.354956834758836,-17.50292824283001,1964.4155820235694,100.0,1
3520,3.1117344590661934e-07,0.08081721481231421,0.13855338279065396,-1.5,102.70671568421581,50.06746110693433,1961.2133657911365,100.0,1
3521,1.8749932613078405e-07,-0.1512500957406011,-0.4461240702365741,-1.5,-139.82577620832072,21.959243826889253,1959.4335482951246,100.0,1
3522,2.8054894069060727e-07,0.2529979468739244,0.18678715025589565,-1.5,-70.6857450160142,17.938091849645627,1963.1849216460623,100.0,1
3523,4.0699647710783514e-07,-0.09763439720162029,-0.023414410130157545,-1.5,-34.0689740737631,55.68394761283765,1963.4540710823728,100.0,1
3524,1.8869756255664945e-07,-0.20797435948442522,-0.3854408044660593,-1.5,-2.3761171728398724,-101.0930804525655,1961.9347158909043,100.0,1
3525,4.4006535631649305e-07,-0.34106577895404006,-0.002091013410939018,-1.5,-19.937680701797444,134.251765153747,1959.8449527213797,100.0,1
3526,6.399132636234936e-07,-0.01991663063012687,-0.06557098445678462,-1.5,-114.39212416090128,-58.27019446045703,1960.3398462087202,100.0,1
3527,7.955067557916025e-07,0.2842725266605336,0.2871983324764543,-1.5,125.46050290785107,83.50078709315717,1958.7497458917676,100.0,1
3528,7.017294279880685e-07,0.32546428190372223,0.05338672166337388,-1.5,-128.44778089362094,88.28601127944385,1958.3462497888368,100.0,1
3529,5.078307328319289e-07,-0.21851213643149967,0.022388134899784338,-1.5,93.45534015484304,86.6679356796049,1960.3999731145962,100.0,1
3530,5.8618403317071135e-08,0.19613273573259646,0.32051365039350216,-1.5,-117.42291560842712,-79.12378542539648,1959.4296547046804,100.0,1
3531,3.3090172189157997e-07,-0.20334164799984863,0.13541865351242813,-1.5,-20.630079938252255,-36.83439946169414,1964.0852611544562,100.0,1
3532,3.707285046141555e-08,-0.1907675924342524,0.19260400029925442,-1.5,51.090528176466655,37.34875616211822,1963.5193186240679,100.0,1
3533,6.692040644578318e-07,-0.23698947766461761,-0.3256554236615508,-1.5,33.294519319093155,125.67744988215243,1960.2321137662655,100.0,1
3534,7.130300592552698e-07,-0.002962194787003959,-0.27129582010634207,-1.5,-97.97090077906134,14.49555135076553,1962.0409954579716,100.0,1
3535,2.5319660230780767e-07,0.4316018296258791,0.16802812414391138,-1.5,-38.1533521929101,-103.20877129828264,1961.4549593375,100.0,1
3536,8.148428366576788e-07,-0.30132789726900955,-0.03622566651742047,-1.5,-38.63598818937039,-79.77629899228022,1962.5382260740444,100.0,1
3537,7.144067074859089e-07,-0.0340397432085449,-0.10548258988233479,-1.5,48.73892306754879,2.2342979445884747,1963.932995689273,100.0,1
3538,7.916726244358538e-07,-0.36195559600686444,0.12257070795333505,-1.5,18.707956574756807,13.926605477983689,1964.4005060798545,100.0,1
3539,2.9478543058287486e-08,0.3953611272077442,0.005829696265417716,-1.5,-62.3151040025769,50.812926768296975,1962.892804142019,100.0,1
3540,5.068247770507418e-07,0.316186345714631,-0.08486782117979154,-1.5,-127.51238783721371,72.69989808131122,1959.047881506001,100.0,1
3541,8.059178189639128e-07,-0.10456705494037342,-0.0064749648888733245,-1.5,83.30099204821222,-142.08819650928578,1957.6223270597047,100.0,1
3542,1.207106590666745e-07,-0.21309917580260682,-0.38594209738085933,-1.5,-26.520222599108397,162.4126516212516,1957.6343107569348,100.0,1
3543,4.847674408963233e-07,-0.16166160200097798,0.3866658082107276,-1.5,-97.0275994525931,43.764838057104875,1961.6532747048939,100.0,1
3544,6.225788205611725e-07,0.19831752629646812,0.3247427154935892,-1.5,-79.6213954865951,-69.02298977831427,1961.7108723073748,100.0,1
3545,8.366567309274871e-07,0.23068331548653428,0.3360968376511254,-1.5,-29.314005425326386,-89.98506001319937,1962.2580524300254,100.0,1
3546,2.6658598478052376e-07,-0.4551616153591953,0.15759124335805336,-1.5,-9.240186649611996,43.80623812873415,1964.0287469173713,100.0,1
3547,6.161823009697937e-07,-0.44909146090408864,0.12591766107145091,-1.5,-96.85152472361017,-116.2611128272361,1958.7027395878672,100.0,1
3548,2.3478835684998604e-07,-0.29273537084815926,-0.38595773554574664,-1.5,-168.2834046449546,3.7612545605245424,1957.3144445774074,100.0,1
3549,9.04143291350932e-08,-0.17842994122140915,0.3539293990260916,-1.5,-39.23075854942661,-97.44705034097518,1961.7283976711992,100.0,1
3550,5.415510232147201e-07,-0.031531613705545934,0.08344572371354433,-1.5,-18.870441683600017,42.19022950098849,1963.9952080469675,100.0,1
3551,4.6059989516117065e-07,0.18593644259019595,0.35727538021714234,-1.5,-93.28296455831533,114.70983289619679,1958.9673884539961,100.0,1
3552,8.919542943616246e-07,-0.35865648908373987,-0.09885984366664816,-1.5,-36.92772301877473,-120.2682907425502,1960.5063549452334,100.0,1
3553,9.382444130932236e-10,0.37511387094406023,-0.1620672860382983,-1.5,-8.119989299994327,-79.62072385830506,1962.9080193356435,100.0,1
3554,1.1489383803870353e-07,0.17620515544975757,-0.16703944750148184,-1.5,-104.51776527112149,-85.60881625295485,1959.8878676058562,100.0,1
3555,5.9515461823278496e-08,0.08497515894336487,-0.11108118362853044,-1.5,-32.83610586312932,87.95398027794603,1962.294364709623,100.0,1
3556,7.918002457009806e-07,-0.15810732190947627,-0.32024527039316664,-1.5,-31.58729189712929,70.04643632156582,1963.0356660069592,100.0,1
3557,1.6265774658574817e-07,0.2256585392881517,-0.28873476252515046,-1.5,53.40014690383459,-21.92548327482907,1963.690653784334,100.0,1
3558,8.221755987018863e-07,-0.39262535918967756,-0.25017004821289085,-1.5,-77.89361267867282,112.60988000368896,1959.761436067041,100.0,1
3559,3.800601837198006e-07,0.41133628123947663,0.21472885179947843,-1.5,-84.08962558682128,65.67271282078018,1961.6394459547246,100.0,1
3560,5.424631577780699e-07,0.1883422453478168,0.18708192205253982,-1.5,-6.934873144438226,20.744917354414703,1964.4171762139936,100.0,1
3561,8.677487116337239e-07,0.13761635914486364,0.3571297185076747,-1.5,58.34573211412294,-103.29164697766335,1960.95382339178,100.0,1
3562,3.668511048272306e-07,0.32107279270311745,0.33671004570517993,-1.5,163.88380880319335,22.534718911900836,1957.5616388563224,100.0,1
3563,5.695386486977e-07,0.3493905146874359,0.2536338170983893,-1.5,-118.22603198117284,122.66322972163312,1957.1381207524357,100.0,1
3564,5.582357621539004e-07,0.05165210171882739,0.010201287567984357,-1.5,80.15316587398353,-123.74748182868642,1958.9985495164533,100.0,1
3565,2.218192012336283e-07,0.030059998202214198,0.0046082141196451066,-1.5,43.36305298432102,-71.61499607323724,1962.7542444838682,100.0,1
3566,4.814178903691282e-07,-0.15182048582078406,-0.37054585156165964,-1.5,-117.22321926704505,-30.51956853631239,1960.800999353876,100.0,1
3567,6.358282064561676e-07,0.3165029417789714,-0.07332264882472223,-1.5,-8.054788454395656,106.64646049870123,1961.6255858629559,100.0,1
3568,7.713036995061486e-07,-0.11478289863754991,0.07228009230599865,-1.5,-0.9803074899660414,-136.2997469387448,1959.8047617678121,100.0,1
3569,4.755979482428429e-07,0.27970700696265527,-0.1339094405810943,-1.5,-39.87904334146734,-20.029697851236392,1964.0320158725237,100.0,1
3570,5.362432891359025e-07,-0.15428726266003628,-0.45956756549562844,-1.5,151.70753233869695,13.191684851360788,1958.6281143567344,100.0,1
3571,1.6987576092823006e-07,0.14792303981563631,0.4469968154219805,-1.5,68.66987828248074,35.958657546853374,1963.0090955036935,100.0,1
3572,6.632370114667594e-07,-0.2211898508507588,-0.2577945610232597,-1.5,1.9696258952017818,57.99577645391315,1963.6817198195515,100.0,1
3573,5.210972553937303e-07,0.0134476626862482,0.3052775066442339,-1.5,30.881678219498987,127.31641146445014,1960.1658449193255,100.0,1
3574,3.047713142436712e-07,-0.4312746582974754,0.2124275973080697,-1.5,26.293632253242496,-22.108859360337668,1964.2385622695751,100.0,1
3575,4.11148116966212e-08,-0.09012014914025837,-0.3648047165903564,-1.5,104.49279458877702,73.76947386229156,1960.3705279541518,100.0,1
3576,5.720319380860357e-07,-0.00567079143863552,-0.20409978711087637,-1.5,-105.1501030237724,22.99843046943439,1961.588084766056,100.0,1
3577,5.110259085418017e-07,-0.2689601542715725,0.14703295505969138,-1.5,-86.99563672129938,85.55581814814323,1960.746094587106,100.0,1
3578,3.853342548951815e-07,-0.11151734810638718,0.17600211800121673,-1.5,1.9878588442010292,168.144166658703,1957.3290152404109,100.0,1
3579,1.9535978536879363e-07,0.3956821712295151,-0.1397523031005521,-1.5,46.770825825880095,116.12753235520641,1960.5458863150302,100.0,1
3580,1.570080898299787e-08,0.29350103712488307,0.00011907524082844578,-1.5,40.245209534325724,44.8665541919706,1963.6141682343323,100.0,1
3581,2.25944098487587e-07,0.12335541121748599,-0.0001621535707388001,-1.5,-91.53387072734296,125.1705740200705,1958.4093454064416,100.0,1
3582,2.6739435224625903e-08,0.14702499517976422,-0.2217439552804878,-1.5,160.7197246064036,54.63160858533778,1957.1913150563364,100.0,1
3583,5.765671740520126e-07,0.06946925362522251,-0.4689592674383522,-1.5,148.66555510277314,-54.661312753193464,1958.1429927051327,100.0,1
3584,8.106556041955768e-07,0.275850233013175,-0.0966680180145906,-1.5,-82.88107387390471,47.45508911622994,1962.216101344755,100.0,1
3585,4.278453693277706e-07,-0.236009809848057,-0.40308370971106405,-1.5,-17.92187449782561,106.76824471183905,1961.5536277659523,100.0,1
3586,2.5216987164690723e-08,0.36975300811791373,0.18554112394558192,-1.5,41.76219785313296,-15.514676910541139,1964.0337318633224,100.0,1
3587,6.851908102132377e-07,0.14995366983378894,-0.4596944200074817,-1.5,-66.19196853850221,39.42835552855845,1963.027588789175,100.0,1
3588,7.957598350720297e-07,0.2700873593484086,-0.2267355253741994,-1.5,66.10108850866015,14.969641603474118,1963.3695123930097,100.0,1
3589,5.351510751428625e-07,0.06743386678167028,0.15004031811855034,-1.5,15.084232149831237,-74.879941032731,1963.0534242953033,100.0,1
3590,3.0825260997142164e-08,-0.3583871715475724,-0.2901296153072994,-1.5,-8.153221745116657,-100.51147189139594,1961.9490959909056,100.0,1
3591,3.9669288088109e-07,0.48760768526966997,0.0023082753912538586,-1.5,-40.26366678155948,-68.24514078104609,1962.9403261849836,100.0,1
3592,6.977118124208075e-07,-0.08078217501414717,-0.404652306179278,-1.5,74.8122458662452,-144.9804924983418,1957.7530668931456,100.0,1
3593,4.483321632537176e-07,-0.2266593299376084,-0.039465767064256606,-1.5,92.17044742705916,52.231649841534164,1961.680338292164,100.0,1
3594,4.6193786354923723e-07,-0.1280354767754439,-0.2378245259583708,-1.5,-111.40211380977726,-119.18127159897524,1957.7534777915466,100.0,1
3595,5.146170969399679e-07,0.09788887636483042,-0.04071759036962754,-1.5,74.43237028619633,-25.340982168606125,1962.9648349225313,100.0,1
3596,1.8654460022856857e-07,0.010820628449977214,-0.3241885913015397,-1.5,151.95817022553052,60.720367206173556,1957.7116840265799,100.0,1
3597,4.864936652703682e-07,0.13674132631898672,-0.22674918189259377,-1.5,98.57900684990193,-3.525162829821173,1962.0609162056212,100.0,1
3598,6.179662364294066e-07,-0.20966742877344652,0.35499788613282,-1.5,-159.54776589900678,58.283297662448675,1957.1818653043865,100.0,1
3599,7.628886463519212e-07,-0.06543282609622944,0.42762157059995337,-1.5,-42.24570477155314,150.5572167273391,1958.3056735826005,100.0,1
3600,5.402491004329564e-07,0.19172854859371027,0.09878628260268922,-1.5,-74.64173907997022,27.420334710401814,1962.9289396963961,100.0,1
3601,1.603657730998287e-07,0.33115752942782056,0.07375356916994237,-1.5,-106.58398469205125,-10.6553044138983,1961.6165794979258,100.0,1
3602,5.465572563345678e-08,0.33685561614724324,0.0043324185688617236,-1.5,62.672265322480534,156.2865305731077,1957.3093761045802,100.0,1
3603,6.033129365933216e-07,0.33778043068855773,0.27284154477878625,-1.5,92.19366969816795,106.91099537681862,1959.460041083067,100.0,1
3604,6.205078364420353e-07,0.31409176384471976,-0.12773260995687646,-1.5,-81.87690628516201,-33.100289272610105,1962.5528857417758,100.0,1
3605,3.7964611577572493e-07,-0.19779990834740838,-0.393525966924734,-1.5,110.57657126480329,55.18661650245211,1960.6479912295483,100.0,1
3606,2.7114582259424817e-07,0.13956953319598964,-0.4542891825964496,-1.5,-9.055616784674703,-75.45574539474123,1963.068443166897,100.0,1
3607,2.4769118072991435e-07,0.16958469173364077,0.033756446748800475,-1.5,65.93526338469769,-103.91571707511436,1960.6803286240433,100.0,1
3608,4.166180647920008e-07,-0.17138754263606384,0.3674534495848432,-1.5,121.21424927086144,102.75509036326785,1958.1015763857272,100.0,1
3609,4.5577404417693454e-08,0.13405799378650504,-0.2882515202217579,-1.5,147.14124082663346,59.495861954065816,1958.1172038273073,100.0,1
3610,8.941085106016765e-07,0.07969143557982833,-0.40683245778175936,-1.5,-7.242819477076052,-148.7603771676722,1958.8851875536468,100.0,1
3611,4.136203141643909e-07,-0.07836884643772253,0.09433787310522262,-1.5,-119.08750609640907,-113.12212367798564,1957.6605521112315,100.0,1
3612,5.975073988955701e-07,-0.032359137323179236,0.23683925846892526,-1.5,-52.936118587254384,96.25028702444045,1961.4655071814952,100.0,1
3613,4.863654160425573e-07,0.4473108454520932,0.1440878819248027,-1.5,-71.64815944121244,110.76347211308118,1960.1049157533055,100.0,1
3614,7.707427425991418e-07,-0.1390939302593568,0.44889216276058674,-1.5,109.17811624344728,102.87307403308559,1958.803347924096,100.0,1
3615,3.032453879019518e-07,-0.40678190562455696,0.21622933444034462,-1.5,-122.48468062879785,-15.151604903048074,1960.6583634448543,100.0,1
3616,1.6422463524602717e-08,0.21642262722287958,-0.08767253412134021,-1.5,-79.11971320179401,-30.104271901437556,1962.7142150762247,100.0,1
3617,7.276613093900819e-08,0.2789651624000774,0.0037887152021540958,-1.5,114.51989224482251,27.491015199181927,1961.0055391634373,100.0,1
3618,6.296196990755735e-07,-0.2961101537190245,0.39688824607379436,-1.5,71.13567672224491,35.89054265570689,1962.922533038754,100.0,1
3619,2.469397072910275e-07,0.09221030283971651,-0.01367607683470133,-1.5,-16.926103904344323,-77.97863619142831,1962.917758228927,100.0,1
3620,3.178884232036924e-07,-0.4719438465629366,0.058922214430923936,-1.5,148.5839324453651,81.17993440444587,1957.2291433389428,100.0,1
3621,7.526539261329237e-07,-0.45987641511518085,0.1712952168429696,-1.5,6.947892574423936,69.77619606107818,1963.28711489638,100.0,1
3622,6.630760058410464e-07,-0.2229708540726603,-0.10050173921151025,-1.5,-29.81891514971766,90.57217112107563,1962.223432839349,100.0,1
3623,7.60598562356384e-07,-0.2680838760784017,0.04920361561361647,-1.5,95.87376307183736,-106.60145823618554,1959.3002926867782,100.0,1
3624,8.940494467738851e-07,-0.45209507594691883,0.054311675456026186,-1.5,72.3316812771901,43.66160971061468,1962.7213449665298,100.0,1
3625,3.588537715017609e-08,0.1671785686389852,-0.29025084348036767,-1.5,-82.94269548824448,133.98135416125623,1958.2090777719297,100.0,1
3626,2.4508336551812926e-07,-0.4216276479435576,-0.049368137802200514,-1.5,130.39147832640026,61.16442981016083,1959.2524750965572,100.0,1
3627,3.9540393380177077e-07,-0.3001685223271317,0.33475466817744454,-1.5,-73.9943316509861,16.300288267776555,1963.07728471195,100.0,1
3628,6.907701715400267e-07,-0.19456724793759445,0.2040300216079375,-1.5,106.68814364378774,131.48863356223995,1957.2280565932801,100.0,1
3629,2.3999500660497075e-07,0.2947219149707657,0.17982126312733154,-1.5,108.35861150629817,-40.65319459431243,1961.126975835026,100.0,1
3630,3.639274871248775e-07,0.044713396632456055,-0.34469128496114765,-1.5,-75.4112427558731,105.92573217835435,1960.2311521845136,100.0,1
3631,8.796373479226632e-07,-0.1302909448561888,0.012654460497521279,-1.5,-43.610882999750544,-127.51349484857649,1959.9111423178388,100.0,1
3632,7.555904893220517e-07,0.2975349610622348,-0.27265995587630465,-1.5,61.67030153782877,33.952302345434624,1963.2771840317935,100.0,1
3633,1.2635536722403523e-08,-0.09975285230861797,-0.0031112658191186004,-1.5,91.58716434534178,-72.47587378219417,1961.0640798588959,100.0,1
3634,9.054249178331076e-07,-0.33614576450756045,0.12400234617058399,-1.5,-52.01009159314973,-149.13453228205216,1958.179544352258,100.0,1
3635,3.1296054407070717e-07,0.39562629709915953,-0.07491836785581579,-1.5,-46.53518500358834,117.29347277766885,1960.4820846073976,100.0,1
3636,6.435506148354159e-07,0.015646940913322478,-0.48550257939623276,-1.5,-18.88248297974199,-89.00694225654574,1962.430763704236,100.0,1
3637,5.400549928316946e-07,-0.09328906119313168,0.48029502364901466,-1.5,36.208379193285325,-74.13483085685189,1962.8057128498867,100.0,1
3638,3.032395473042126e-07,-0.46928995768480924,-0.1606997928589221,-1.5,-167.13915357611373,9.411723837656037,1957.3934732348514,100.0,1
3639,5.887885757629289e-08,-0.4029943195018381,0.10197296837527622,-1.5,-59.44635062740125,-150.54844767644082,1957.8596943002399,100.0,1
3640,5.271629600989127e-08,0.024885203966983422,-0.1952448394235756,-1.5,-77.09536240546761,-73.1514742164236,1961.6621659148307,100.0,1
3641,6.840943545811827e-07,0.19411892399241484,-0.23617705942888753,-1.5,19.77310465939818,-101.11771083576889,1961.8352426117729,100.0,1
3642,4.784822567636942e-07,0.18357787439879922,0.1931355461481582,-1.5,-69.04642525970516,-39.88379908825085,1962.9200595019847,100.0,1
3643,5.523339590246861e-07,-0.49351209028369575,0.02590155692271812,-1.5,45.70611049641234,-41.07621368672508,1963.5775977532905,100.0,1
3644,3.7945575478674034e-07,0.3690811389682706,-0.016405668760430318,-1.5,-141.39391418226208,61.26456062905954,1958.486073708281,100.0,1
3645,6.89541235007489e-07,-0.17482504410956407,0.05743518909756801,-1.5,105.21112929354385,-5.401459723509941,1961.7121931546849,100.0,1
3646,4.797927140008352e-07,0.34136791097883395,-0.3574497785066726,-1.5,47.49534194169944,75.96520898050069,1962.4950358623894,100.0,1
3647,4.89314926030199e-07,0.2508561416293366,0.10275860067656294,-1.5,-99.23398611768849,-92.02765660694108,1959.87163168529,100.0,1
3648,8.295986390800586e-08,-0.10486148869032937,-0.27354892802979464,-1.5,105.6030921638004,57.975232371211284,1960.8416931570684,100.0,1
3649,5.459584993362023e-07,-0.26583620338151653,-0.18048062020200464,-1.5,42.37110952624228,119.43513699774394,1960.4471998485387,100.0,1
3650,7.299825274447121e-07,0.1450347362343498,0.06299064241109535,-1.5,-18.022182899399674,151.01709505827372,1958.6429802773737,100.0,1
3651,7.145619420833573e-07,0.2682399123271738,0.2014155854097678,-1.5,87.92821268432536,112.83051393273854,1959.3241668508929,100.0,1
3652,3.036884959423873e-07,0.13137099196825358,0.025927637593975525,-1.5,-17.24687513760991,19.173549333169202,1964.3696715664512,100.0,1
3653,6.599235428403351e-07,0.058855741746612004,0.03683115419547697,-1.5,97.56954402084335,-8.603325499882116,1962.0956788943906,100.0,1
3654,5.902541927241555e-07,0.47426349109226146,0.019250329051344668,-1.5,-87.12284120294538,38.51035195260173,1962.2282868207114,100.0,1
3655,2.5273086093717214e-07,-0.2544023660822266,0.08583532367598584,-1.5,112.13058154473408,12.621754489974778,1961.2956713005221,100.0,1
3656,1.5124504044484308e-07,0.30802815930456495,-0.3104208706431967,-1.5,-32.997582490797804,137.41319095652338,1959.4494279687447,100.0,1
3657,2.2017707039515404e-07,0.19842910458294263,0.06434524295905569,-1.5,-2.809378393654617,-115.48181159066363,1961.139807573879,100.0,1
3658,1.193276400481134e-07,-0.46571157417625036,-0.028210614441731095,-1.5,-100.53192392115568,-23.772484293860412,1961.8209621495382,100.0,1
3659,8.370354832080784e-07,0.21502640746430046,0.16016499892066735,-1.5,-55.79914600007677,111.65010767050576,1960.5698138625305,100.0,1
3660,1.1051456658540096e-07,0.3459656762660249,0.0029834881917698,-1.5,102.32133232842696,-119.44275847561832,1958.2331471672114,100.0,1
3661,1.0075853433237208e-07,-0.4066102731494535,0.04439872902727425,-1.5,157.22502363737567,-47.18678232757126,1957.6687630398376,100.0,1
3662,8.519994815107316e-07,-0.32876827054226787,0.12456916827794774,-1.5,77.76712168239196,-56.8133194579251,1962.1768033955398,100.0,1
3663,3.691480366584276e-07,0.00219604350389885,0.02962815950669969,-1.5,41.719184061908386,77.60003994575732,1962.562363276071,100.0,1
3664,7.655536254346194e-07,0.2254742990372654,0.16729793000354146,-1.5,-55.88730094254818,-79.4955039332654,1962.1341342308594,100.0,1
3665,4.6368756098423967e-07,-0.2874533527859363,-0.157150406630857,-1.5,-75.2096573647494,44.462123754775384,1962.5951985206789,100.0,1
3666,3.9040797700966374e-08,-0.36978901200101805,0.3311740270019662,-1.5,88.20253248070502,-88.49645233765973,1960.5616484706034,100.0,1
3667,2.8071173149929523e-07,0.20811549268973734,0.4386164315735323,-1.5,117.42831377579998,-96.04388021752871,1958.6728799017626,100.0,1
3668,8.811297597742164e-07,0.16337681774663268,-0.2346729467346707,-1.5,160.5539529757792,4.479712895688785,1957.9621157270522,100.0,1
3669,2.8935908731956273e-07,-0.3310330432014422,-0.20509969993759244,-1.5,136.9249732612064,-23.902861566147234,1959.6156488384397,100.0,1
3670,7.693192935616746e-07,-0.3755471655894331,0.18280383148886628,-1.5,-112.26507032684125,0.24785711011035846,1961.3285749250413,100.0,1
3671,1.2903591637100996e-08,-0.20050139380625878,0.009399097616304045,-1.5,113.8846071874097,-88.40297531713685,1959.241816741103,100.0,1
3672,2.628673924917857e-07,-0.32357184499160524,-0.3176980288319514,-1.5,75.11238196351077,-130.35784586508393,1958.769575106606,100.0,1
3673,5.625467077443512e-07,-0.35880817109024576,0.21059338540430497,-1.5,-5.034012682035863,-122.96503339989577,1960.6803782216546,100.0,1
3674,2.7913303286224584e-07,-0.40654565351397093,-0.04765850193197368,-1.5,27.488704653097855,25.579944690229787,1964.180063999294,100.0,1
3675,8.149786317340446e-07,-0.4072030446240653,-0.13599138304483693,-1.5,-12.514163732044778,49.13577551959568,1963.8845071786443,100.0,1
3676,7.711654519249445e-07,-0.3915688837417679,-0.12158236855100824,-1.5,35.73658466144369,-47.47180644972426,1963.6401427897288,100.0,1
3677,4.07159810669543e-08,-0.4295090971700049,-0.12893609109645995,-1.5,70.29252607621254,-9.268745097957249,1963.259111123202,100.0,1
3678,3.236570006573857e-07,0.06786640801703311,-0.3855506562044953,-1.5,75.083985808391,-117.84213569511437,1959.5634494437966,100.0,1
3679,2.4507443637063123e-08,-0.3483163345351843,-0.004679883579072761,-1.5,-159.6893230699319,-5.79623406277583,1958.0293690428364,100.0,1
3680,3.42848500580942e-08,-0.04894568152873162,-0.0764389036663146,-1.5,-100.94578852706321,20.271141330256206,1961.8390134957428,100.0,1
3681,9.568810472769938e-08,-0.34487236431674856,0.08984502278548473,-1.5,133.84179078675794,-42.13274986588783,1959.521495848888,100.0,1
3682,7.940592482007668e-07,0.1583835180070851,0.23937649872913017,-1.5,-155.32156728208767,53.68815126143675,1957.6532071378977,100.0,1
3683,4.469576926351489e-07,0.00927972990215442,-0.2725904026327476,-1.5,-7.024486579805077,-160.7402847072086,1957.939351391321,100.0,1
3684,5.668600964280147e-07,0.40986932144842564,0.1772026368022712,-1.5,24.2518986572201,-53.32240635319584,1963.6654126042847,100.0,1
3685,3.984295422277473e-07,0.3287642622174419,0.005111750107799165,-1.5,125.83069449431993,-89.12368374609095,1958.4782080954424,100.0,1
3686,1.2679268282763092e-07,-0.2070560109170638,-0.4072694671203116,-1.5,63.067783906793274,35.86003090771367,1963.1988689591574,100.0,1
3687,5.165286692394252e-07,0.10217232028019019,-0.4682353491858291,-1.5,-118.14962971274781,0.7091735238171165,1960.9827761451106,100.0,1
3688,5.101336640548898e-07,0.092813971575627,0.24927836818829982,-1.5,17.93838379205536,170.2288159075799,1957.0676153081076,100.0,1
3689,2.3888939661345776e-07,0.35589416248933836,-0.27413979807038624,-1.5,-33.64628287676701,98.28383870450915,1961.7903815046636,100.0,1
3690,1.8935207908012033e-07,0.3494308691954572,-0.12095666741228304,-1.5,-97.456558529033,-76.97669425279959,1960.6096230529215,100.0,1
3691,6.834518581831353e-07,-0.4356829557352779,0.2238637008527386,-1.5,33.05221028106992,-153.0934646259199,1958.2857883236807,100.0,1
3692,5.310811134682176e-07,0.19389913504894704,0.20567120071259043,-1.5,-64.23407817529169,97.38288082539245,1961.0721159583218,100.0,1
3693,1.1235114175888396e-07,-0.01385796593474236,0.4366804752160041,-1.5,-108.43832143347649,112.75264173250875,1958.3006047318584,100.0,1
3694,1.531487864596441e-07,-0.4066521285927728,0.1634386320002406,-1.5,-166.7978660484719,37.30409720971306,1957.089717534476,100.0,1
3695,7.424757409550008e-07,0.16753204865643825,-0.24487522953154006,-1.5,132.53413241054022,-4.120753496025716,1960.0589300842314,100.0,1
3696,6.798489672111656e-07,-0.2900648961975193,-0.1420934202847563,-1.5,-77.81755089496814,0.643929946614413,1962.9970199654058,100.0,1
3697,2.63939560885042e-07,-0.4503547565732793,0.084737578506582,-1.5,1.3032269983434972,-92.05352115175141,1962.380630027999,100.0,1
3698,2.861489328947998e-07,-0.3310842893475637,0.2520135540993274,-1.5,-36.62460170357442,-119.39898230410543,1960.565175616697,100.0,1
3699,6.6483193719354e-08,-0.27699068294169915,0.26947820338047496,-1.5,62.18415401191394,85.16174510131596,1961.7068829025534,100.0,1
3700,3.116319016396058e-07,0.2236413302767448,0.24710673288041532,-1.5,145.0914991358455,47.329478649039636,1958.6019666066543,100.0,1
3701,9.056378315296552e-07,0.08324766888916982,0.060645041323507516,-1.5,143.79556706475339,-44.59125936200085,1958.76178764728,100.0,1
3702,2.3315722921271254e-07,-0.2604502011649658,-0.12623044249784685,-1.5,-39.92331990866283,-44.615373849495455,1963.6264622401766,100.0,1
3703,3.080741445509966e-07,0.11079433365023264,-0.202087867044688,-1.5,-1.422281314881069,90.64599436409799,1962.446067306752,100.0,1
3704,6.602472961308082e-07,-0.3185809130371624,-0.29620496085809606,-1.5,86.49710491576214,-93.8262777238916,1960.3897996867363,100.0,1
3705,8.767382790124741e-07,-0.09048258641828198,-0.12679310846729774,-1.5,37.64386494166654,50.04883417035869,1963.5405113968422,100.0,1
3706,7.115084616311089e-07,0.1033771660660296,0.45435981091589617,-1.5,125.20585313318433,-78.92597049471927,1958.9557095015673,100.0,1
3707,9.514688809045944e-08,-0.19142915378394768,0.33827054786024136,-1.5,-83.31207054075792,-29.412466089728795,1962.551220225058,100.0,1
3708,8.263104220994502e-07,0.20866745990497074,-0.34309379817397756,-1.5,104.90202721957807,-63.393497142353674,1960.7116349609946,100.0,1
3709,7.765873338728561e-07,0.1841809145634862,0.36746324763503985,-1.5,59.96486115885044,-103.86033576180195,1960.8749405170583,100.0,1
3710,8.066515555679102e-07,-0.010031444961996596,0.34125796000982245,-1.5,24.886979574129676,158.63994647985248,1957.9650895495245,100.0,1
3711,6.252557746697581e-07,-0.37529409110849493,0.29542055594117017,-1.5,-25.37978582707749,140.04443846421185,1959.3766120868002,100.0,1
3712,1.8174060842655745e-07,-0.07422204973529718,-0.2894902386203683,-1.5,-124.32061868247338,22.98263730976539,1960.4666455767174,100.0,1
3713,3.455221420929577e-07,-0.3418461492195864,-0.032337431330309786,-1.5,48.977231572136986,85.37145410538696,1962.0719232172892,100.0,1
3714,6.58140801260694e-07,0.09922500678524476,-0.3492572703489037,-1.5,62.101703511847376,-142.4608914970627,1958.3823832645453,100.0,1
3715,3.9146961590963353e-07,0.03684558147748609,0.3814846725719929,-1.5,18.770187894508645,105.32290707110705,1961.6238302892395,100.0,1
3716,5.6864247973824106e-08,0.2718935176015958,0.35858328212627705,-1.5,-4.382046013398838,-98.09390992289325,1962.08350198836,100.0,1
3717,8.752622806414664e-07,-0.3751259895690935,0.12395712369678054,-1.5,79.22054438412847,-113.36976132977097,1959.664432710265,100.0,1
3718,6.306062919136251e-07,0.41593354317086867,0.27527920508821296,-1.5,-151.84838247759757,24.824066274061273,1958.5043070513502,100.0,1
3719,7.975259468036762e-07,0.32876308711679597,-0.06859317176718735,-1.5,-88.85719821613392,-136.30544970096625,1957.7891891041609,100.0,1
3720,7.21151530777923e-07,0.11233567308582044,0.15977317239860434,-1.5,-160.54465912316786,51.191409993128545,1957.2986839611558,100.0,1
3721,4.7196218808891495e-07,0.2947860755992884,0.15038554111595256,-1.5,41.3988982009175,-8.193103105109545,1964.085611819248,100.0,1
3722,8.296874495746856e-07,0.05341514847514644,0.0531892023951538,-1.5,34.07233743818549,4.878849793085843,1964.2373988172421,100.0,1
3723,3.3152048339994535e-07,0.3809117218781312,-0.15971319244665805,-1.5,-15.869217307869585,-141.36371769195637,1959.381982546659,100.0,1
3724,5.33990089046079e-07,-0.3633970921031617,0.022529503289164747,-1.5,-38.07159654699428,-123.62720394523777,1960.2755301862992,100.0,1
3725,6.94205862174193e-07,-0.3142199314833861,-0.14194496255347233,-1.5,-126.56988656431994,-82.52367791404055,1958.7197841102147,100.0,1
3726,8.771398424674064e-08,-0.21047007760690442,-0.3534262591327111,-1.5,115.3440342010851,9.278387952661646,1961.127979392816,100.0,1
3727,3.398598870175973e-07,-0.24393335000727084,-0.37258012647907685,-1.5,6.913763286316551,-86.509296167611,1962.6211116310596,100.0,1
3728,6.05178230365594e-07,-0.3603003692651208,0.32732044180215214,-1.5,-128.75861869948127,-76.48532961762892,1958.822222339234,100.0,1
3729,5.987715025222852e-07,-0.06745851442835464,0.08674279689919513,-1.5,136.58101401922477,21.65889177524375,1959.6657381509428,100.0,1
3730,6.922398106052271e-07,0.23275014696420016,-0.03814016501800497,-1.5,-16.719959007306333,-22.617850567469464,1964.3375886218319,100.0,1
3731,3.876516186839273e-08,-0.3324095083796464,-0.12668282992495386,-1.5,73.33320215403373,-125.69495364855278,1959.1417269700667,100.0,1
3732,7.083938887323104e-07,-0.3066997799300487,-0.2486826209133,-1.5,45.38625478644961,48.67927156737629,1963.4112413506907,100.0,1
3733,2.8289640382268795e-07,-0.4867383302842054,-0.05944242802917963,-1.5,-75.70062442483857,59.6862520113583,1962.1723301098345,100.0,1
3734,8.039184976396768e-07,-0.047193681694056654,0.17775583594084396,-1.5,-0.5606329171231756,27.135661106389897,1964.351452223655,100.0,1
3735,2.48692654006295e-07,-0.02570077162686006,0.37478874415420876,-1.5,-88.39806483751534,67.22571045798693,1961.3974029381534,100.0,1
3736,6.213430774547925e-07,-0.3713444620263589,-0.0943266958480206,-1.5,-87.86796991669101,-92.55245730321585,1960.3893870290124,100.0,1
3737,7.234781501799163e-07,0.19739112377310505,-0.41249799946366705,-1.5,1.813016045828912,91.65361479892942,1962.3989436741037,100.0,1
3738,8.629254251710024e-07,0.12478456777794837,0.0345544886691858,-1.5,-89.34789555280437,-65.61248692479694,1961.4089939087053,100.0,1
3739,7.31775263906755e-07,-0.19081887378077322,0.39140888731603357,-1.5,114.59240272077145,52.92059331787274,1960.4798591946044,100.0,1
3740,3.979564454330525e-07,0.46155877620269586,0.04094051975466207,-1.5,119.49578225244808,72.51555635241878,1959.5600369411768,100.0,1
3741,6.93445259244967e-07,0.00978595427848542,-0.08475312845622254,-1.5,154.86146992432694,-38.20826349916337,1958.0529461685624,100.0,1
3742,1.847368694106784e-07,0.1968446009856633,-0.15071712930469056,-1.5,146.68111799870388,71.14544796943217,1957.7630758398755,100.0,1
3743,5.118015776262356e-07,0.06130559410261593,-0.0943204771461926,-1.5,90.0051723906455,-7.728963260128875,1962.460857784426,100.0,1
3744,6.601257353110346e-07,-0.09223271091069672,0.4248438623115914,-1.5,-20.18772368521833,142.53374736646705,1959.2574800010877,100.0,1
3745,6.375807383305615e-07,0.15417491471985692,-0.08018981912987275,-1.5,-4.491715584138454,-39.506626214132176,1964.1365373217868,100.0,1
3746,3.407614816116033e-07,-0.049397772398866335,0.2794638716833865,-1.5,-103.008884161921,101.12829849457948,1959.2282979003337,100.0,1
3747,9.198840173180784e-08,-0.03563570263958321,0.3198124452390083,-1.5,19.297302665176467,69.15165002617083,1963.2266679307913,100.0,1
3748,1.4307610829767734e-07,0.10902173546547561,-0.34540534901490116,-1.5,-110.97582923075197,76.39632557485179,1959.9135830519006,100.0,1
3749,7.634373442050726e-07,-0.3491651849927935,0.20628084493421978,-1.5,4.627903478891075,87.6298138859307,1962.5781218830089,100.0,1
3750,2.335608921319434e-07,0.2815939841651887,-0.030611297837301182,-1.5,25.144726290138642,67.93032259983495,1963.2031225213063,100.0,1
3751,5.316808620969121e-07,-0.21906124229610457,-0.04987449051076969,-1.5,35.13304426648099,33.167908097108125,1963.9447154487732,100.0,1
3752,1.650636380171975e-07,-0.13396642995887392,-0.47933074306976664,-1.5,27.146096018840446,-140.9949191927971,1959.2847696286733,100.0,1
3753,1.1699846216737434e-07,0.2487038231229038,-0.1062031324572779,-1.5,121.93583839859049,8.873648947791088,1960.7310361022278,100.0,1
3754,9.102733423454397e-08,-0.3781676242812459,-0.2694132407815568,-1.5,33.02632301287446,-4.553011398654982,1964.2560470421324,100.0,1
3755,3.6182039778320404e-07,-0.15165739767887962,-0.45500368687241943,-1.5,25.605549275376866,-64.93944130438818,1963.29837545787,100.0,1
3756,4.464299669254503e-07,0.24139446419673488,-0.3676420969013008,-1.5,122.49543452433609,-57.16084932757091,1959.8828516242945,100.0,1
3757,4.677500361378477e-07,0.12132760535632033,-0.3459582152757634,-1.5,-111.3353684758731,35.507821212101675,1961.0601512001722,100.0,1
3758,1.6145305287820867e-07,-0.020253729493073972,0.21956757042424743,-1.5,-29.600368188841266,71.98895082910359,1962.9963564479026,100.0,1
3759,6.294999398795584e-07,-0.007538056475149127,0.49925676209433617,-1.5,-138.6715683265273,-47.49427071836311,1959.0629843506624,100.0,1
3760,7.861033356886489e-07,0.3238556100388935,-0.11203792838106538,-1.5,-116.77340477432573,76.37916980464523,1959.5773729617047,100.0,1
3761,6.848992883229441e-07,0.06177841065778135,-0.08939909624819672,-1.5,1.8245810124423292,5.649818528041296,1964.529978575247,100.0,1
3762,3.6168170394768336e-07,-0.031068608935467354,0.054547433373573415,-1.5,61.428284313264314,-6.831069454969801,1963.5664462000163,100.0,1
3763,2.3808818554069728e-07,-0.2407393215775766,-0.17594185290826492,-1.5,-8.661322120269796,-2.0249254116621875,1964.518813206516,100.0,1
3764,7.663008479741725e-07,0.4548827655586398,-0.11209815141671432,-1.5,-39.45919022057429,29.180525855300647,1963.92585284783,100.0,1
3765,4.4992500353379136e-07,0.31235478859969157,0.14225178703368987,-1.5,23.860689931651862,-95.58059609666162,1962.067354448344,100.0,1
3766,8.509474884178553e-07,-0.14065008189632422,0.22355884651693567,-1.5,-70.59259720770874,34.389070873311375,1962.9690174045213,100.0,1
3767,8.036144690579925e-07,0.07711470260210589,0.4247771398560064,-1.5,37.64570401836756,-37.945932226397964,1963.8116491819073,100.0,1
3768,3.070209753604997e-07,-0.16095555650066812,0.279034175663006,-1.5,-112.11888819992818,-26.12793971741235,1961.1629131566472,100.0,1
3769,4.864414848587015e-07,-0.19361523553828303,0.08372584002278138,-1.5,81.43503688027371,-113.36515922580878,1959.573923511983,100.0,1
3770,8.186276136683496e-07,-0.25667962768843866,-0.0944370653703947,-1.5,37.33131952981532,32.097410624694774,1963.9219472981822,100.0,1
3771,8.572557572604088e-07,-0.1170120292762123,0.20954576920268078,-1.5,-28.135896365010115,-129.19330239116283,1960.084372729688,100.0,1
3772,6.282763347774082e-07,0.20487023126349574,-0.25955997788759494,-1.5,-34.42254932573158,80.35846772573188,1962.5928999741188,100.0,1
3773,8.534170749972118e-07,0.04506576489189747,-0.21526756104337125,-1.5,-152.9206601558095,6.147891024494928,1958.5685490683225,100.0,1
3774,6.358683967271952e-07,0.11849665913162666,-0.13708629022538796,-1.5,131.9287293949182,31.916570287847833,1959.8442359451515,100.0,1
3775,3.213764500160767e-07,0.3914103039551164,0.036527128922868406,-1.5,31.157519951586135,-8.681227023165478,1964.2726723940264,100.0,1
3776,4.608676467496447e-07,-0.3752519496504319,0.13286854953728713,-1.5,105.4298608294864,-2.317570239848261,1961.7065171884885,100.0,1
3777,7.27403437613589e-07,-0.031742169883122326,0.32504144156323755,-1.5,-120.35213512225339,-84.9211318180163,1959.0092014098334,100.0,1
3778,3.245833090255602e-08,-0.4376403959749389,0.1818911507841247,-1.5,51.165500178535396,-90.77897538137115,1961.7733190881968,100.0,1
3779,4.684356286122929e-08,0.04862831186210681,0.19553752597062202,-1.5,141.70764383169228,-55.43974613558227,1958.636940449716,100.0,1
3780,3.3213214342726575e-07,0.16971978584603445,-0.0977952571283098,-1.5,-83.48009747093276,-65.50391574966963,1961.6711234592394,100.0,1
3781,1.968336821521926e-08,0.18257366795210414,-0.1801721527481658,-1.5,-46.612037067279765,124.73326096762707,1960.020973835472,100.0,1
3782,8.888977007721923e-07,-0.09434423395383716,-0.4766329509573182,-1.5,74.99581143556243,57.02005633689635,1962.2786824782534,100.0,1
3783,1.1010381078675106e-07,0.2452695618480438,0.12306055097449534,-1.5,-63.977825882010634,-49.62858582848968,1962.8696155196367,100.0,1
3784,8.377148416190342e-07,0.0030651831328704455,-0.23514023475841223,-1.5,-9.666708398832759,58.67876796006672,1963.6386233738508,100.0,1
3785,3.822954321596779e-07,-0.22441889017172714,-0.38059034626305244,-1.5,-65.05522787022714,114.78943714543779,1960.103183180089,100.0,1
3786,5.592719907656566e-07,-0.26786313283182983,0.016102268440004636,-1.5,19.977251441294673,-109.5020089332395,1961.38305940746,100.0,1
3787,2.964354391941773e-07,-0.2675621821331782,-0.3602748357253785,-1.5,52.44973170468251,1.3573589312443508,1963.8381983979662,100.0,1
3788,6.72731847902059e-07,0.48438281811469525,0.08000424643662062,-1.5,-48.128065056212264,156.10816586263914,1957.735226268118,100.0,1
3789,5.777009605102846e-07,0.10459547525476443,-0.3544967035391886,-1.5,-120.21807555621285,45.29764599644844,1960.3339062116108,100.0,1
3790,1.3619858501496566e-07,-0.23943667546130804,-0.05921990536708552,-1.5,94.89577483064451,-113.32376240729545,1958.9705978036725,100.0,1
3791,7.41417150715896e-07,0.4277890757042258,-0.0770584390110422,-1.5,78.67834936072336,-148.488358905281,1957.338552953377,100.0,1
3792,7.059448993388467e-08,-0.35642608784610486,0.14785795981440075,-1.5,45.05271817872974,-116.1973349977475,1960.5819845623034,100.0,1
3793,2.9478163746987184e-07,-0.24446397819974408,0.0648097375311761,-1.5,16.70223058555533,125.4063908798654,1960.4610577326152,100.0,1
3794,2.0644688782331318e-07,0.1456046967666441,0.2764641539921355,-1.5,-43.30265772051507,-30.81797895594188,1963.8198538240574,100.0,1
3795,1.6703620105990225e-08,-0.40548065054721494,-0.023420025432970174,-1.5,-40.46821213268819,-35.6297181746163,1963.7989034663688,100.0,1
3796,1.06530925392647e-08,-0.04129088528116298,-0.18675789580259655,-1.5,163.25884622877035,-48.84063843013825,1957.134238480314,100.0,1
3797,8.306746596422221e-07,-0.2929216727473285,-0.22228896843354984,-1.5,-105.46331992043207,-101.23018811004029,1959.0924489244242,100.0,1
3798,8.013751549717376e-08,0.0004301574369110424,0.12056104390423679,-1.5,-147.39294517990487,80.09878583043378,1957.363734844859,100.0,1
3799,6.824444082009788e-07,0.29801118634219154,-0.2620165757959108,-1.5,103.06095456609326,-120.84434404157125,1958.1083653422297,100.0,1
3800,1.5712584220248369e-07,0.05538682362738512,-0.06925443018784563,-1.5,-83.05582941954282,-12.037686077595575,1962.7455539573793,100.0,1
3801,1.8387307914690192e-07,-0.12122786183879414,0.4236355416316398,-1.5,-31.253329176793613,-30.419172190546735,1964.054782750405,100.0,1
3802,8.509081259287604e-07,-0.27109931376618346,0.2527484897180037,-1.5,-100.9233870658047,56.495047666460486,1961.131322935428,100.0,1
3803,6.264711834066447e-07,-0.05354944755863516,-0.21406208843100763,-1.5,139.73533625972058,11.630269638113264,1959.5285297475664,100.0,1
3804,1.3618584426781402e-07,0.13154889375231013,0.3835902833455253,-1.5,98.10116716925585,-103.01587250381259,1959.3818354977263,100.0,1
3805,2.160757617970261e-07,0.3032610387325207,-0.1383672493904249,-1.5,85.51783705782452,-116.40737787803009,1959.2216077275802,100.0,1
3806,8.851052324237503e-07,-0.2512544325615883,-0.22460778655896319,-1.5,-28.872235679050696,37.350160884581015,1963.971650955003,100.0,1
3807,1.4787054486435014e-07,-0.04534052818024257,-0.33868206505959,-1.5,-125.89426868896446,-0.2167683316251549,1960.500923842907,100.0,1
3808,2.1477769866958617e-07,0.07185682151173561,-0.09996723645873244,-1.5,60.31903531521621,-150.87212664899795,1957.8080860097555,100.0,1
3809,2.532901181808361e-07,0.09385686422511394,0.3437209318634371,-1.5,-8.56081882221639,40.43228413482484,1964.10417978448,100.0,1
3810,1.3570007312469127e-07,-0.031172184342483488,0.3316564819167822,-1.5,-47.53450799189837,39.49021653496832,1963.566724003572,100.0,1
3811,2.3702355856351358e-07,0.4866795984193115,0.04456735919547397,-1.5,-102.4650863723783,75.1222560072268,1960.4261881012549,100.0,1
3812,4.088837049175997e-07,0.45013566280259193,0.1275637634015858,-1.5,-63.330511600011924,-22.511183375975374,1963.3888507347763,100.0,1
3813,3.8871487294945625e-08,0.2919249524466853,0.3017109002734572,-1.5,-49.679343034222555,134.4247306454348,1959.3047851043293,100.0,1
3814,8.102144521767355e-07,0.2674532955291873,-0.3831956939961128,-1.5,-88.00704994092085,-127.8053352784326,1958.4008378524543,100.0,1
3815,6.313845363285457e-07,0.015893003907250042,-0.4701306466802338,-1.5,90.12101102160393,37.565963935237406,1962.11118135344,100.0,1
3816,4.972004916065594e-07,0.2467974694603421,0.11961733342620792,-1.5,-32.725275285070865,163.63672207888015,1957.4384705044822,100.0,1
3817,8.185745979802605e-07,0.2198055685909151,-0.16617286945205995,-1.5,33.67143646666687,28.44193169301432,1964.0444437827705,100.0,1
3818,2.6985947646348845e-09,0.2674172400606738,0.28905962893885345,-1.5,130.4149725622651,24.23059440042979,1960.0556368360355,100.0,1
3819,5.628763395702562e-07,-0.003491936138147861,0.05007958915457497,-1.5,-49.05673038093712,59.022818119710664,1963.0392330291493,100.0,1
3820,4.2057633303969266e-07,0.48443167212872107,-0.04599468589917066,-1.5,-153.4394011108747,36.64863376799824,1958.1947079123174,100.0,1
3821,8.111382110305834e-07,0.18289076960311723,-0.28741203050950564,-1.5,-103.29363697942591,-78.52247086733256,1960.2494566749872,100.0,1
3822,6.760146224609477e-07,0.2836062294153744,-0.3211339219477331,-1.5,-23.936237973974375,49.03034686612004,1963.781140520494,100.0,1
3823,5.90166108461785e-07,0.4045861545833812,0.20223617948280603,-1.5,-97.11321024048573,66.04241989429839,1961.025422945206,100.0,1
3824,6.566753148982065e-07,0.17634167251587127,-0.36786448688979956,-1.5,17.180807515558286,163.6394871100786,1957.6363871714263,100.0,1
3825,2.8581105601798797e-07,-0.05520884480148488,-0.4406807722176993,-1.5,-6.5159087126266675,-90.27892290385273,1962.4526861249674,100.0,1
3826,2.738908243747489e-07,-0.10978278821768435,0.36869213102935144,-1.5,-128.1804081836726,112.34089078253012,1957.1312151928357,100.0,1
3827,7.376131822191933e-07,0.4473342349761329,-0.18821278246064993,-1.5,46.98642698821704,-91.01652413666781,1961.86685437088,100.0,1
3828,7.047653846615303e-07,-0.25963962532991164,-0.30282896138384097,-1.5,-11.339810549847504,-80.53482624526752,1962.8547670993055,100.0,1
3829,3.156695448768427e-07,0.3029816399418125,-0.2975069791772002,-1.5,37.62932384162011,-19.29112465470475,1964.0837998321024,100.0,1
3830,2.806343826867636e-07,-0.12280748935897857,0.06828236479237829,-1.5,-26.106426989002024,119.02487298360406,1960.75618584954,100.0,1
3831,4.7092386361379085e-07,0.2766651339557269,-0.07039005461091548,-1.5,-134.25151691215484,-33.25206799748393,1959.6642866692262,100.0,1
3832,7.261441865379246e-07,0.10874764483985686,-0.14092350823660457,-1.5,52.65003932709197,-113.787189788294,1960.534043332344,100.0,1
3833,4.33372539934002e-07,0.06525611285868912,-0.12424162403598836,-1.5,-7.1217831886272736,-58.45032312689675,1963.65631570209,100.0,1
3834,5.647800095247033e-07,0.12833160481764,-0.05797549297419861,-1.5,-116.81166869316172,-41.123582601098754,1960.6318296093484,100.0,1
3835,6.854937208102699e-07,0.16294235649403604,-0.17554495054039193,-1.5,101.2719508711879,96.9060622198659,1959.5322128860025,100.0,1
3836,5.803225262302311e-07,-0.05707376288209783,0.3758820868055891,-1.5,-24.250332633975436,-97.29076071274203,1961.9785206554145,100.0,1
3837,7.658669516768878e-07,0.19266752461287676,0.26473363589276877,-1.5,-106.40084318987759,16.77181498919164,1961.5837614174375,100.0,1
3838,3.270344152784004e-07,0.07184780893837518,0.47594063167274564,-1.5,-7.061835105420491,-95.83921726334863,1962.1871116653028,100.0,1
3839,4.5930618680619265e-07,-0.0602375703331991,-0.3023259701423856,-1.5,-64.76743742059446,58.259846373800066,1962.6064953567748,100.0,1
3840,8.890327170744916e-07,0.18968232556215375,0.27910122318991093,-1.5,-163.54703663649818,-18.968153510439596,1957.627610713017,100.0,1
3841,8.597600789860867e-07,0.24387978606724467,0.18902842877270912,-1.5,109.60995109611461,-43.72325528314232,1960.991387496203,100.0,1
3842,3.684139828846873e-07,0.19961990704235708,0.2666026958621898,-1.5,71.48248741540992,86.44250905686243,1961.3340441870148,100.0,1
3843,3.026032316535122e-07,-0.037244218816186433,0.48394790554293843,-1.5,156.7576489556832,13.878041877775374,1958.2256575057065,100.0,1
3844,4.5258073338110353e-07,0.40242063013180324,0.1488053451898733,-1.5,9.393781750097176,-105.0096474814317,1961.7079336808495,100.0,1
3845,2.994338669713956e-07,0.2192204081164143,-0.09369796202336243,-1.5,-85.34260866703451,-101.41403859504561,1960.062529152547,100.0,1
3846,6.101165060663414e-07,-0.15129237066995319,0.002281073382130658,-1.5,160.5436789617524,-24.8521298538488,1957.810354721132,100.0,1
3847,5.259034810643039e-07,-0.32538914557926407,-0.3255749889518908,-1.5,-101.40992335112131,39.88269910997179,1961.514385372627,100.0,1
3848,7.552360225540855e-07,-0.09390116976752007,0.0996539094649644,-1.5,-138.51422889178173,100.11271084173997,1957.0908358552406,100.0,1
3849,3.5420871307935707e-07,-0.16724153345509385,0.4553245474097768,-1.5,19.1121424030131,20.15927976516866,1964.3425403218878,100.0,1
3850,2.444185665092282e-07,0.36395106201890187,0.16706303429525574,-1.5,114.69627074657518,28.999800805599314,1960.9734988765645,100.0,1
3851,5.571782862026107e-08,0.1354182657201387,0.025705079429766138,-1.5,-96.92930732019381,131.01186989322676,1957.76757701103,100.0,1
3852,7.277514166964557e-07,-0.47550900810253394,0.04662244556644418,-1.5,-95.2956744446791,-33.9186641198472,1961.9331142836113,100.0,1
3853,2.0722750169500485e-07,0.0038532864791673833,0.3874729426697949,-1.5,56.46096780091018,16.227885250321886,1963.6603833457093,100.0,1
3854,2.964690407290865e-07,0.15792560712267387,0.17634104699288602,-1.5,128.31090142673364,59.66189546603321,1959.436157947125,100.0,1
3855,6.217079357789854e-07,0.28100380563653443,-0.1831782886465994,-1.5,-87.42136429400092,-100.59050441996976,1960.0133524421824,100.0,1
3856,4.6985001176446664e-07,-0.13108747351017594,-0.3627970939751287,-1.5,134.77506209417834,91.8683779378716,1957.756156940569,100.0,1
3857,4.711646528562775e-07,-0.35140890609455716,-0.15947368151418898,-1.5,-120.6734347914447,119.12990305323868,1957.2070086223102,100.0,1
3858,4.745716003478888e-07,-0.3219893005611438,0.35732715845871127,-1.5,-64.84332708517745,-73.67979318923469,1962.085603961827,100.0,1
3859,1.6780727429514178e-07,0.11545943700622603,0.10771991930574734,-1.5,-5.059640777934505,132.0857377541701,1960.0869991363306,100.0,1
3860,6.865501571304324e-07,-0.0929900561641597,0.2864661508754555,-1.5,-25.033093717664524,-39.445294829200954,1963.9833754899482,100.0,1
3861,2.979800617356739e-07,-0.08634321512222273,0.3756560924887916,-1.5,84.54740158487202,27.82960318280336,1962.5214741087714,100.0,1
3862,1.0904213360538151e-07,0.18016632764000212,0.2203787562812315,-1.5,-58.98290314195539,119.62462622148138,1960.0061867770848,100.0,1
3863,3.027765467519615e-07,-0.013536459678437666,-0.2870542906147212,-1.5,92.6266676112005,99.41969693067357,1959.8340007703684,100.0,1
3864,7.083766339450933e-07,-0.16313408806323518,0.22986784474199767,-1.5,-5.7032006264409185,119.2481992957529,1960.908112771597,100.0,1
3865,1.290419647872568e-07,-0.17824351179782044,0.18744079315029566,-1.5,22.21141824868859,-43.92244029717258,1963.9222892986002,100.0,1
3866,1.1193707545662229e-07,0.2032594330285163,0.00095798395761645,-1.5,16.982458666450658,-143.1091173695729,1959.2459424200615,100.0,1
3867,4.14523691922062e-08,-0.16035031301967456,0.130519391371558,-1.5,-24.4511644915005,-93.94131275056954,1962.1392551447107,100.0,1
3868,3.042912902196765e-08,-0.3532567687561259,0.051812234873177446,-1.5,43.53677375429596,136.67027078612463,1959.2955552137728,100.0,1
3869,7.419848498140682e-08,-0.19631382403457334,-0.412037079256954,-1.5,-46.33705477960707,-73.73651300360446,1962.6077270485184,100.0,1
3870,1.5053744187332528e-07,0.21305499997227076,0.15077306211787556,-1.5,-54.30376439264804,-61.396153444858086,1962.828290956979,100.0,1
3871,2.5891541186784695e-07,0.0687613705965274,0.055687004337862465,-1.5,-75.29080457314095,123.8249057165249,1959.186559196738,100.0,1
3872,7.875748980544587e-07,-0.17540105618814286,0.1747419182919267,-1.5,52.71701931330493,-29.148968561095497,1963.615170997789,100.0,1
3873,6.752319524296017e-07,-0.31931650126987254,0.025870983144277642,-1.5,-5.425894904914221,131.18287710930431,1960.1466523410786,100.0,1
3874,2.001608471953751e-07,-0.1485210637729247,0.33184640196254367,-1.5,-88.93735970095378,21.84106765708756,1962.4032205637945,100.0,1
3875,5.814121475352717e-07,-0.4195054362130022,0.11596912422678674,-1.5,-11.652902959565049,50.24323231253185,1963.8617857999923,100.0,1
3876,3.954554838054226e-07,-0.3309582887189204,0.07046324731245227,-1.5,-66.61908129338434,-58.48964110172587,1962.5376801879622,100.0,1
3877,3.18416145404437e-07,0.2512049819738497,0.05453145883095307,-1.5,-116.08943513611571,-20.096166889036915,1961.002976385369,100.0,1
3878,5.498345502222848e-07,0.11874768131272122,-0.37471243023251805,-1.5,152.84368976077928,42.32414321239544,1958.126849738744,100.0,1
3879,7.639580620256636e-07,-0.29301160912297114,-0.11504065989550935,-1.5,45.8657211022042,-10.20100248074431,1963.9769757923063,100.0,1
3880,1.8901461052245761e-07,0.30899054101886375,-0.3723433664855989,-1.5,13.266764123226064,-56.639186357132,1963.6774892544427,100.0,1
3881,9.022930119528358e-07,-0.36559990844158613,0.03459204948316823,-1.5,167.74719937069602,-27.01094775581427,1957.1777057974966,100.0,1
3882,8.965587570504426e-07,-0.3841672073299992,0.18599324208853432,-1.5,-88.30698864945262,48.41749178046115,1961.9558885233596,100.0,1
3883,6.496475240888179e-07,0.06853549533753514,-0.18849870951066852,-1.5,-22.30866037432746,109.09376898454121,1961.3806768465886,100.0,1
3884,5.701117933522875e-07,0.4246023226822694,-0.09835533281944106,-1.5,-156.29171291246155,45.71950637216968,1957.778310605699,100.0,1
3885,9.088501151031154e-07,0.11185683344590877,0.41856111251554606,-1.5,-32.09546856161799,-128.58707747713373,1960.0633996556926,100.0,1
3886,6.744075984640078e-07,0.03569843114427249,0.2549179096740101,-1.5,14.1133029728755,79.33476948338208,1962.8856551761608,100.0,1
3887,4.214019339486966e-07,-0.040588834254778244,0.007481047784850863,-1.5,-86.45848197679865,-46.85059952968533,1962.0762570512156,100.0,1
3888,1.8225092192818234e-07,0.22652443528167945,-0.08917032458429175,-1.5,-42.707341652492225,45.05788801323639,1963.5577801437103,100.0,1
3889,7.043813362875982e-07,-0.3019757370905712,-0.06140531104136103,-1.5,-140.5887895723109,97.03769227411966,1957.0977913203103,100.0,1
3890,8.466751657565827e-07,0.22559684505063074,-0.42588441659167986,-1.5,122.39268383517508,61.956863498170165,1959.7435200237871,100.0,1
3891,3.0485389794174074e-07,-0.07752878329232628,-0.12738786699396307,-1.5,48.353103161163425,94.51767036410791,1961.668084480593,100.0,1
3892,7.267919820430618e-07,0.3214441858213175,-0.3808674260006253,-1.5,147.56250480427877,-34.155405908068,1958.691400320447,100.0,1
3893,1.0443078401727434e-07,0.06633454654410702,0.273375831987455,-1.5,128.2734568857736,35.79150237378186,1960.01994247062,100.0,1
3894,2.263140421162318e-07,0.201676325618652,-0.310165522655457,-1.5,-13.042531201859923,-113.88674591957773,1961.1917264127517,100.0,1
3895,5.294021671489243e-07,-0.24988414333719136,0.04979626703893677,-1.5,3.0685471659182832,50.15809105134867,1963.8961368123587,100.0,1
3896,6.317591366900324e-09,-0.04291284735082631,-0.15800223574678218,-1.5,58.75233697000534,117.10377328217926,1960.1653388042985,100.0,1
3897,9.036402148427133e-07,-0.3412868629828611,-0.2411096318514336,-1.5,74.4372431028186,90.26050912682416,1961.0521215912518,100.0,1
3898,6.703636667885053e-08,0.3681489538120905,-0.31590074567703674,-1.5,3.4051014481802815,-4.891974815245299,1964.5299081797318,100.0,1
3899,2.94889607626617e-07,-0.3113497258085464,-0.30400491217309844,-1.5,161.14520762950312,10.728589966154242,1957.8892730901596,100.0,1
3900,5.672617879194607e-08,-0.005448020895366383,0.48993481454682863,-1.5,141.41053405829697,-48.68397330076696,1958.8379764204922,100.0,1
3901,1.2467176899260225e-07,-0.014395708183835874,-0.2974932264106096,-1.5,101.48870821678251,-118.7324223017058,1958.319672644124,100.0,1
3902,7.142799839081579e-07,-0.2596633161268769,0.4014732522003958,-1.5,113.81020388380702,1.4239055915587238,1961.2390206833343,100.0,1
3903,4.4629202498153044e-07,0.372810246315058,0.2908016713106249,-1.5,100.69257647309075,24.772093673072533,1961.80035546036,100.0,1
3904,8.452144497637937e-07,-0.24601466766457206,-0.11666240220227345,-1.5,-21.001411656824818,-68.1968050797088,1963.2425786823878,100.0,1
3905,4.445569233041628e-07,-0.26253691667527485,0.06665225768799315,-1.5,55.05835839597333,87.22589793796259,1961.8291225705127,100.0,1
3906,4.995533076650823e-07,-0.38603322573487825,-0.23344161990873613,-1.5,168.5311193482709,12.29061394404127,1957.2581559125583,100.0,1
3907,3.740501861707696e-07,-0.43141258833600765,0.16568452375679027,-1.5,32.82421553493245,-128.8008251085499,1960.037296734938,100.0,1
3908,9.057620976141495e-07,-0.3407495268212842,-0.15032192925055402,-1.5,81.30119199488263,34.73342274939681,1962.5485960328356,100.0,1
3909,3.3620088101307525e-07,-0.054702779681927285,0.1802311133746452,-1.5,98.02258621852144,-46.1792118380771,1961.548454474469,100.0,1
3910,3.312635947513264e-07,-0.07956838325157707,0.3477863691257583,-1.5,19.89082954551284,-164.9211461233719,1957.5031690210558,100.0,1
3911,3.225449030012679e-07,-0.025931707528133917,0.05490716970107734,-1.5,-91.04516615394469,33.29704823193824,1962.1456038136344,100.0,1
3912,8.480177766327075e-07,-0.2393811701432362,0.3613704440727906,-1.5,-96.08399854789097,-2.2956559316469223,1962.1865052672806,100.0,1
3913,7.991436568433348e-07,-0.09012159148678774,-0.361347654869947,-1.5,-56.319806688497664,90.01208568050508,1961.6674514484218,100.0,1
3914,5.722566271563044e-07,-0.025167897726477144,0.17415819571574861,-1.5,-67.06568481641669,-51.88576734700542,1962.7081666241288,100.0,1
3915,4.9079539664121326e-08,-0.14892320538670648,0.11072844753795982,-1.5,37.52715123087161,-44.90396891421348,1963.6671389933626,100.0,1
3916,8.188215331531955e-07,0.09192126359361968,-0.16495641524041618,-1.5,-43.876738615162274,-161.41851842687464,1957.4044497710483,100.0,1
3917,1.7307087616578378e-07,-0.3408131122955915,0.22403611102163856,-1.5,58.44968842274614,-105.43139517907132,1960.8368471395088,100.0,1
3918,4.5349197191447326e-07,0.01901407570588595,0.2369990044374534,-1.5,-86.65907775709533,59.25490496263242,1961.73197627665,100.0,1
3919,6.365075436901791e-07,0.07383823310323,-0.36059296253038947,-1.5,-85.69097716645898,-133.01528901280884,1958.1566013951049,100.0,1
3920,2.753503818470473e-07,-0.11167522914829897,0.23613058756171382,-1.5,-14.142145729632869,-119.00003562043446,1960.880485267429,100.0,1
3921,3.0466235307849157e-07,-0.3504712264803559,0.07583141694454787,-1.5,103.08404564869201,-120.82097323733824,1958.1085920410064,100.0,1
3922,3.2845100905252236e-07,0.3128754179243425,0.011213874964148628,-1.5,4.113795404829387,161.9702166200416,1957.8462687048632,100.0,1
3923,6.011877392908211e-07,-0.008626116797505648,-0.07039559726097111,-1.5,-50.34211464405059,-90.05932367987383,1961.8277895823628,100.0,1
3924,8.829869823421804e-07,0.24019836161990854,-0.2510977545552791,-1.5,-22.54923596517301,6.222815486164679,1964.3996779654956,100.0,1
3925,8.367809926027612e-07,-0.35682525863866427,-0.06825280815249594,-1.5,-71.15337463831047,-8.579007942921008,1963.2312355314712,100.0,1
3926,2.1977168959668715e-07,-0.3419020239521485,-0.3228257268889815,-1.5,-113.1730861719768,121.7279218022474,1957.495198432463,100.0,1
3927,4.870809725766788e-07,0.4112874224240828,-0.14025456886014853,-1.5,-6.4825833798271395,67.92791734359035,1963.353524056281,100.0,1
3928,1.2717954736500926e-07,0.14402449214408453,-0.38661105831201925,-1.5,112.96886908640106,-103.28089937080438,1958.5669191295528,100.0,1
3929,3.856723285343942e-08,0.33458690028026067,-0.21946981811309627,-1.5,126.49033319323172,72.92830144729504,1959.1056491988402,100.0,1
3930,4.557025083000832e-07,-0.17304840094073065,-0.19054389355769064,-1.5,118.42469013922245,50.81529175466577,1960.3078036766187,100.0,1
3931,4.6730602893899993e-07,0.13959760043670968,-0.4351873234954697,-1.5,-87.10491692326725,-91.40445025101128,1960.477300605195,100.0,1
3932,1.8465358505120482e-07,0.029237439794476888,0.4722651174040005,-1.5,22.467931077072627,-146.9009890182375,1958.9100484107764,100.0,1
3933,5.2956346373623784e-08,0.032657637602882615,-0.06215070149436106,-1.5,-42.330645148201405,-49.311367765116884,1963.4637230559167,100.0,1
3934,7.177437797144936e-07,-0.28677482667063786,-0.0024142770104266173,-1.5,51.047430520698015,121.9459112361851,1960.0858758830293,100.0,1
3935,8.450750687535316e-07,0.1435185310912485,-0.2279464183094467,-1.5,120.3742424793978,8.963182401190231,1960.8271186861134,100.0,1
3936,4.6691643389784426e-07,-0.051594796739638356,0.34457002621342836,-1.5,109.76227789787885,-123.1274937727041,1957.6018872319398,100.0,1
3937,3.081950255733849e-07,0.3990702005922072,0.2239789607134167,-1.5,-38.79217505582793,-144.3071991429528,1958.8475912372778,100.0,1
3938,5.306967808540068e-07,0.12531602564440106,-0.24338634374313114,-1.5,-24.242483512981444,-44.63272606028372,1963.8822541139482,100.0,1
3939,2.0731713378138666e-07,-0.36566448020569114,-0.1364907525091802,-1.5,87.54826641130329,-54.35801395860474,1961.8342931126938,100.0,1
3940,3.9612362371950387e-07,0.1883483199467364,0.38055288965869866,-1.5,146.36049111775918,-64.79616303997,1958.0074949195666,100.0,1
3941,5.445745105492045e-07,-0.163428290471286,-0.2963350688709177,-1.5,-31.67196074343989,-62.133794190382595,1963.3006811969235,100.0,1
3942,6.738457611099204e-07,-0.04484049204296103,-0.25195585563013895,-1.5,39.900494412771515,43.1152151762845,1963.6604378130273,100.0,1
3943,4.9790036253813247e-08,0.4034534562546487,-0.115370615266224,-1.5,91.59071728674867,-85.28337492142626,1960.5486917531637,100.0,1
3944,4.948632902960467e-07,0.3564769323089409,0.16260913136184307,-1.5,53.51956766178002,116.74517303524823,1960.3365799567168,100.0,1
3945,7.686699196099256e-07,-0.23974916280474434,0.11754486533005286,-1.5,92.8141533027226,125.32699158844608,1958.3390830987926,100.0,1
3946,7.961474096003285e-07,0.2189581490279584,0.260042507122516,-1.5,58.48648835443631,143.00104663274013,1958.4543184889553,100.0,1
3947,8.336673073046315e-07,0.09723753868614113,0.3342940132343953,-1.5,7.255098254008911,-5.161641179203633,1964.5187724416871,100.0,1
3948,4.443252891733837e-07,-0.20309470249103817,0.012708004146812899,-1.5,115.24132323720424,57.51430024385059,1960.3124314639565,100.0,1
3949,8.703398211900301e-07,0.11455540469818527,-0.020975338553849643,-1.5,-6.544586876980554,-105.59078761376665,1961.688313728724,100.0,1
3950,8.326101241231944e-07,0.21274279497026585,0.4056228492212334,-1.5,-24.325414376893917,100.51700857471822,1961.8149483243096,100.0,1
3951,5.674635706047688e-07,-0.001026228393630162,-0.0038107365207752488,-1.5,8.564621146364985,108.22391125226093,1961.5370296183587,100.0,1
3952,5.285874902392164e-07,-0.10624349611366046,-0.25666214173134455,-1.5,114.44284722645558,121.57753148680828,1957.4307203123199,100.0,1
3953,5.687223202490064e-08,0.3881996422296912,-0.024719506315676206,-1.5,-100.46427067717212,8.55839085127156,1961.9497879735536,100.0,1
3954,1.3570330202932745e-07,-0.0856829292957023,0.3938228241933667,-1.5,30.42202766203231,-103.20769776760568,1961.5901604618057,100.0,1
3955,7.442928748545643e-07,-0.15926871622768604,-0.07458823649029414,-1.5,123.78706183032853,-14.71026180727598,1960.5799289463073,100.0,1
3956,8.403498653723098e-07,0.03209961844625667,-0.1410915755296599,-1.5,-4.831897428881376,-139.46686404334184,1959.5762125692595,100.0,1
3957,2.2803746000494476e-07,0.3018051000952042,0.024784465927893982,-1.5,-39.31820784717554,-5.828389000802657,1964.136806508007,100.0,1
3958,3.5350773841856514e-07,-0.4572456461610707,0.1960010647896632,-1.5,-38.47993747507412,35.9471935826532,1963.8330835260865,100.0,1
3959,9.026895475331302e-07,0.38517353486028005,0.145829633567946,-1.5,106.2167678856402,0.740210255291234,1961.6652967758891,100.0,1
3960,6.03152052407518e-07,0.011758123386288339,0.41018827410240466,-1.5,3.9774652380333766,-144.1501169030179,1959.2391915826045,100.0,1
3961,4.1877048265908776e-07,-0.33262718669315794,-0.05150393599909759,-1.5,-103.28546720307189,-80.00086533490835,1960.1901081467686,100.0,1
3962,1.745910119392511e-07,-0.09845346561304695,0.41616504584907205,-1.5,-28.593534932204488,-99.0768384052469,1961.8306440969445,100.0,1
3963,1.7275168751139295e-07,0.23336319808920306,-0.2536958099035795,-1.5,42.49938671794364,-144.5908266598073,1958.7497495189536,100.0,1
3964,6.790163103854917e-07,-0.08548755672640161,0.22242836004668246,-1.5,114.11997907285271,50.009302557498366,1960.583838120741,100.0,1
3965,8.41133447599833e-07,-0.039110273168854015,-0.3849877655975886,-1.5,-11.909102573795234,165.3139821575169,1957.534864784084,100.0,1
3966,3.711027255673981e-07,0.2031535477449815,0.3676147167239892,-1.5,17.650504717090445,153.79434996438468,1958.4302499370242,100.0,1
3967,5.668776081829434e-07,0.02940414287699682,0.27373872414477535,-1.5,46.10329094497657,-147.79991102585004,1958.428696463296,100.0,1
3968,6.724543774352528e-07,0.4760728898594229,-0.021813277341666264,-1.5,12.271567412456116,-136.30660666476882,1959.7661094831976,100.0,1
3969,1.9009139090826717e-07,-0.3289959706482114,0.25842314331570304,-1.5,131.6209872051017,33.11075415204539,1959.8451163172995,100.0,1
3970,6.323732892996649e-07,0.13264979737850105,0.04683789891426774,-1.5,-120.76632976244397,-103.19134441179403,1958.1063112865772,100.0,1
3971,5.040968573339449e-07,-0.22420673897541182,0.4090457976848064,-1.5,33.179579639444675,-68.43350414812842,1963.066289576358,100.0,1
3972,7.661703600539797e-07,0.1347638130162476,-0.027959050371681796,-1.5,162.56927237892728,9.246150689848738,1957.7791056811639,100.0,1
3973,7.824197447560278e-07,0.2753944952485143,-0.20675860439416485,-1.5,-98.17444969033393,124.3230387040443,1958.141681733353,100.0,1
3974,4.6593321046467406e-07,0.04842851198523319,-0.11970115959945311,-1.5,25.930970341559576,-90.19694361362487,1962.2959466925565,100.0,1
3975,6.685639045528506e-07,0.29530961368622644,-0.22498931127263727,-1.5,33.59540945070583,4.561980743743572,1964.2463753464492,100.0,1
3976,5.806845214430025e-07,0.02444551862345262,-0.31967024538711514,-1.5,-79.41789175818174,-42.85799932237514,1962.4651020155493,100.0,1
3977,6.266945663548533e-07,0.11720823742161963,-0.167363745026732,-1.5,3.645102533761322,96.44478663064244,1962.1667621854722,100.0,1
3978,2.9452660114633684e-07,0.014932078865594542,0.498740967770497,-1.5,51.695418766708364,-155.59958895781457,1957.684764680163,100.0,1
3979,3.7939264173467663e-07,-0.20574776817797957,0.2431327328184395,-1.5,-97.10133055332848,-39.48073141860667,1961.7405255837368,100.0,1
3980,2.2798865356711363e-07,-0.2811549265072615,0.19438700226799951,-1.5,121.594132525326,0.8126830612736673,1960.7721674758102,100.0,1
3981,2.8756295865340736e-07,0.21222673165744846,0.3597021089112744,-1.5,42.929194722657684,72.52638359781544,1962.730316214843,100.0,1
3982,8.480162416152769e-07,-0.4128469349955342,0.2414686639400055,-1.5,-43.76918182817924,149.35195926224094,1958.3645057171439,100.0,1
3983,8.82812347895537e-07,-0.47757860631212756,0.04875960019863048,-1.5,49.32863561817102,-128.56998662984964,1959.7065419373844,100.0,1
3984,8.453835807356805e-07,0.3093935306904444,-0.1826499712792311,-1.5,-9.736916525992632,85.97919315140463,1962.6324304534792,100.0,1
3985,3.150023315187008e-07,-0.34772162861162764,-0.22487918819050184,-1.5,56.123622455141714,-114.2957451005821,1960.408097290089,100.0,1
3986,6.811213924072315e-07,-0.3670539878130245,0.23127003605775504,-1.5,54.55567723767193,49.70805716517432,1963.1520759737728,100.0,1
3987,8.688028866926099e-07,-0.10042309565464982,-0.07748966597597354,-1.5,-48.90585880951039,-5.430730336162645,1963.9226080495769,100.0,1
3988,2.8151354692201266e-07,0.15271567355710503,-0.15981595917627103,-1.5,-62.87907368871686,-29.77126156678163,1963.3066954357646,100.0,1
3989,3.8088293134320213e-07,-0.18807416095777837,0.4549012051315891,-1.5,-77.7345564886424,-1.9475175436344008,1962.9994478269887,100.0,1
3990,3.1746565288098616e-07,-0.20056612639164936,-0.20025297143715046,-1.5,29.515086879404205,76.04984974248337,1962.844508937674,100.0,1
3991,3.341441463430109e-07,-0.13998346789384591,0.11708991918629479,-1.5,92.60093041966297,-132.48421918906257,1957.8780058056243,100.0,1
3992,2.3668258106157177e-08,0.3576596284931189,0.20901785390027236,-1.5,154.03518879072305,-71.12507247160123,1957.1989349440814,100.0,1
3993,2.1288768974523648e-07,-0.22588787223437362,0.3530235849987111,-1.5,66.65586195080235,-148.76172725182553,1957.7640896795458,100.0,1
3994,1.6632675816721767e-07,0.16548504707199763,-0.11956659371662097,-1.5,-60.55428921957809,124.98687210991325,1959.6236235878112,100.0,1
3995,4.459619346030261e-08,-0.20280343513833132,0.18170080663166044,-1.5,88.86461329575789,-99.28740458529941,1960.0148923058318,100.0,1
3996,4.5158712392329866e-07,-0.15875464674422096,-0.012474820654567988,-1.5,-39.70171658943761,-150.0982573866371,1958.394131194096,100.0,1
3997,7.768855807080105e-07,-0.20633637396897436,0.3211802604369362,-1.5,48.60952315427401,43.55052840221109,1963.4545454378956,100.0,1
3998,7.961339707090118e-07,-0.23913214531425786,-0.25932291305715033,-1.5,-31.37965171489382,10.281157609150098,1964.261413743751,100.0,1
3999,3.131490203412454e-07,0.3840521564760226,-0.27187931999342363,-1.5,5.24542375916118,-164.7459344002065,1957.6119505393099,100.0,1
4000,2.76769700929735e-07,0.27318914189672805,-0.0513964221022686,-1.5,-36.63652313312023,-139.6963566314483,1959.2233102387147,100.0,1
4001,2.658747531622721e-07,-0.05044429527644383,-0.01931818228487403,-1.5,120.3221462527963,49.63333035785534,1960.222538362632,100.0,1
4002,7.886609565659988e-07,-0.47876165295548756,0.014331615695878628,-1.5,70.13348378167944,58.318190141231256,1962.4203345403419,100.0,1
4003,7.4576175080116e-09,-0.28764161944319544,0.38343718065792237,-1.5,24.59337671823043,23.995350062449084,1964.2384466411168,100.0,1
4004,5.708125402570416e-07,-0.062112534144689334,0.30530725760835525,-1.5,-47.810989988053365,121.29709195555742,1960.2077468946038,100.0,1
4005,2.1747118466547684e-07,-0.3912881478254011,-0.1765539397662748,-1.5,-26.315632032459405,96.30609141214157,1962.0004868841852,100.0,1
4006,8.713914638397679e-07,-0.4483362963621723,0.027248389629520142,-1.5,18.855130214718734,1.7171038832216388,1964.4477142151102,100.0,1
4007,4.019651639321726e-07,-0.20867224951818703,-0.23140869289843025,-1.5,44.01820305403105,-25.452409828377732,1963.8808158592399,100.0,1
4008,2.9177593236647987e-07,-0.2886992687084072,0.33681613092753726,-1.5,72.00751867217164,-38.10027540223401,1962.8490957114054,100.0,1
4009,1.7240199246871125e-07,-0.14237626670657447,0.418006531367088,-1.5,11.027021729167815,141.3594198698087,1959.4155264955891,100.0,1
4010,5.727777715312023e-07,0.2476318577306958,0.1525031647800251,-1.5,40.82018161433714,-87.26818085996275,1962.1751358246534,100.0,1
4011,3.268371782836644e-07,-0.2360856764744763,-0.2867693266310343,-1.5,-98.33612680092673,121.11834735223985,1958.3344041216724,100.0,1
4012,1.5086000921576787e-07,0.4190788177687111,0.0673030795322967,-1.5,8.788818113613274,-76.70059540999166,1963.021411397759,100.0,1
4013,7.816781704288627e-07,-0.12415379057145923,0.17793144769098976,-1.5,-26.57165779947916,13.628695345579693,1964.3119640044695,100.0,1
4014,8.882579394585688e-07,-0.3237972342437606,-0.2022504615938488,-1.5,124.4788361504059,-26.559739639061284,1960.411407293652,100.0,1
4015,2.861421795725042e-07,0.3621226403077462,0.1962490861284351,-1.5,122.202652454682,-9.888913777971524,1960.7095673208369,100.0,1
4016,1.9136698601426244e-07,-0.28790900756258325,-0.05327946261663127,-1.5,-20.405169208823942,-169.80176568860819,1957.0805491100057,100.0,1
4017,2.7276454418385867e-08,-0.296504817474276,-0.18469130096401734,-1.5,125.73007202125096,60.94927571201738,1959.5638343891333,100.0,1
4018,1.0602593665535882e-07,-0.269685463476475,0.237919655960043,-1.5,-76.05651951509977,-122.53905487789183,1959.237829395659,100.0,1
4019,1.6545842345943533e-08,0.1739740039108566,-0.2724744711650104,-1.5,-133.3990008014797,21.698081675598687,1959.884482846603,100.0,1
4020,7.650146920963341e-07,-0.4234100912537749,-0.15974526252721657,-1.5,57.039309200134646,-11.601103462163026,1963.6764544778152,100.0,1
4021,1.8653571564237837e-07,0.4599955155670524,0.018249325433740787,-1.5,-162.50700069457216,45.8916583729555,1957.2681769964906,100.0,1
4022,4.1469024645218257e-07,0.03545593885274006,-0.0067572203202272505,-1.5,99.6002193080223,99.74108174914701,1959.4756439393257,100.0,1
4023,5.301369264332135e-07,-0.03362104163349816,-0.47616100064581957,-1.5,132.71605239538167,97.98851947179021,1957.6000576610238,100.0,1
4024,2.048600729305785e-07,0.08259779568478962,0.43285465321706074,-1.5,42.42196069620683,-97.37676902842853,1961.6654731045262,100.0,1
4025,2.5093721896820214e-07,-0.3914828174097295,0.20673033779928382,-1.5,50.893139417588806,-66.38758073873637,1962.7572095778964,100.0,1
4026,1.9136022833588405e-07,-0.3697306632854286,-0.2507076777860112,-1.5,-51.53157723171197,129.17059264895278,1959.6103543329377,100.0,1
4027,2.57589167786119e-07,-0.36086646520084886,0.2067036796573077,-1.5,-110.34181607183703,116.23054716546655,1957.9909166790628,100.0,1
4028,5.025687878439104e-07,-0.027509659584671494,0.38792217905354465,-1.5,-83.0321505432511,-141.4008461587991,1957.683516033138,100.0,1
4029,1.1283386336378275e-07,0.23817352365308486,-0.301637424346873,-1.5,28.192626040467918,54.38586980193232,1963.5836216644711,100.0,1
4030,5.669574212251935e-07,0.05215748505555176,-0.06006409170047874,-1.5,-35.2815029734763,147.37618125846652,1958.6854681167508,100.0,1
4031,1.5252890746058926e-07,0.2907085968367268,0.06274291678994204,-1.5,-34.33104073043319,117.53932778013288,1960.7190447214743,100.0,1
4032,6.206520394098563e-07,0.07913745877238958,-0.4153402595039813,-1.5,-9.919285336648757,124.42747832249295,1960.5694827480222,100.0,1
4033,8.807953365509406e-08,0.07711988685893849,-0.24298181446451708,-1.5,21.045202068015783,-1.6524087268523702,1964.4255280568534,100.0,1
4034,7.207821388684552e-07,-0.21247461914738594,0.08766866761494232,-1.5,128.32173353338584,-6.311457157865415,1960.333386053929,100.0,1
4035,6.914580014708969e-07,-0.31027368912912195,-0.3631798283773433,-1.5,60.51402339522568,-144.67059658681535,1958.2700931490192,100.0,1
4036,1.120326290544572e-07,0.25706806653797637,-0.3127052037828197,-1.5,-141.45589904187977,-23.100870363294828,1959.3034131243796,100.0,1
4037,4.3065870525255025e-08,0.03385491712583148,-0.0026348866861263575,-1.5,-12.2176655011993,-56.13695284495171,1963.698718602504,100.0,1
4038,6.435175927885718e-07,-0.40250572491907705,-0.20489115178107237,-1.5,5.038543196810469,-166.10800509738038,1957.4973895234582,100.0,1
4039,5.147718080010816e-07,0.31523276779202103,0.09879860641405666,-1.5,124.01832082945397,-115.3831619307341,1957.2223860122895,100.0,1
4040,1.6262857323569427e-08,0.16431469588767358,-0.4665007298717344,-1.5,-143.3954320950298,-6.172609365114978,1959.288885084085,100.0,1
4041,8.58898195151082e-07,-0.12825004837715734,-0.48067521033925825,-1.5,-85.26631564184983,-51.149448089961254,1962.021069112941,100.0,1
4042,2.161849564615222e-08,-0.47896321430518546,-0.10050478787396781,-1.5,53.17678189290239,-71.6490100014265,1962.5116395831799,100.0,1
4043,8.915168990485832e-07,-0.36424297750319834,0.28554823663447076,-1.5,39.298553674749336,-145.66594276148626,1958.7369254355244,100.0,1
4044,7.370493401708029e-07,0.1507798747289966,-0.4439697444810627,-1.5,-158.0474174347271,-8.255892204640055,1958.1537580977265,100.0,1
4045,6.827323635680002e-07,-0.00043256590270846065,0.2266800583784333,-1.5,17.47896224015166,-29.8620634947053,1964.2342093826228,100.0,1
4046,5.106212341231134e-07,0.05060441604695865,0.3716088927559068,-1.5,26.03065442548987,62.81301511701002,1963.3619677553659,100.0,1
4047,4.1848923489670985e-07,-0.26569254385696184,-0.4124316040699365,-1.5,91.53433770303172,-2.1460381044420407,1962.40417493641,100.0,1
4048,2.934473516859998e-07,0.47617907329668363,-0.09581347863884225,-1.5,87.00558275407238,56.48029790994103,1961.7984837346978,100.0,1
4049,7.575488384295505e-07,0.09182977945610467,0.4110715429973768,-1.5,150.8416388595992,-35.46584831326484,1958.4183056374095,100.0,1
4050,6.981602217877983e-07,0.0039003221619684125,0.23939463767128832,-1.5,-90.38849184433896,74.22638604368855,1961.0542191441648,100.0,1
4051,7.577817420255611e-07,-0.12483992432032091,0.48205473563321805,-1.5,54.79331972448739,122.93639199507024,1959.9228612123834,100.0,1
4052,2.69716804743751e-07,0.04881598385669893,-0.018721635378282846,-1.5,-42.88426917124818,-25.242626380493153,1963.9086118089085,100.0,1
4053,6.799436734060048e-07,-0.06461353827391045,0.4197375708764493,-1.5,53.654426019421386,-38.05156000922646,1963.4374366440918,100.0,1
4054,1.3213914660958276e-07,-0.29545699968386946,0.013999812322533048,-1.5,48.348083586553344,-129.95346132373976,1959.6397237680242,100.0,1
4055,5.071407724551995e-07,0.11832475187783245,0.2500742550918547,-1.5,-15.42745073080134,-15.282773735732343,1964.4189260076432,100.0,1
4056,7.751685860307107e-07,-0.45336752089693677,-0.03951149764826318,-1.5,157.76985998627828,-17.846663888479156,1958.1122169411265,100.0,1
4057,6.485322029953734e-07,-0.27670435034542085,-0.16047053628376287,-1.5,-35.9910910742555,-24.240231722746,1964.0596576467435,100.0,1
4058,2.7166914100335833e-07,0.14172267555743373,-0.3996811623613369,-1.5,-34.100620120061514,11.330035076599037,1964.210290238477,100.0,1
4059,3.971312354175538e-07,-0.12584356950950507,-0.09997444076960514,-1.5,-41.51836945945537,-140.81180656722344,1959.0460807226648,100.0,1
4060,2.616980577605315e-07,0.4916424039433679,-0.02051264758254701,-1.5,160.96481723747468,25.5179537049321,1957.7672098379192,100.0,1
4061,3.551304072500488e-07,-0.1743392847457144,0.25084417207207066,-1.5,64.26441779605476,44.79149326302913,1962.9765900292173,100.0,1
4062,4.408880131152525e-07,0.41777329901857957,-0.24955685237839034,-1.5,-41.801158026908894,15.267134337954015,1964.0348428841194,100.0,1
4063,2.5304408610356565e-07,-0.1404459531614125,-0.1806841346977698,-1.5,97.61370947384665,46.58260017963368,1961.5593061004786,100.0,1
4064,4.309024246376402e-07,0.2816012905773645,0.10016540038128384,-1.5,-31.622446011268472,124.39846177940828,1960.3413809541728,100.0,1
4065,2.9920044863492596e-07,0.1193597932804141,-0.2765418279295693,-1.5,-28.568267751778468,70.01344202032402,1963.0831001973047,100.0,1
4066,3.798315954728282e-07,0.1496842285846304,-0.471870817644468,-1.5,-71.35594729683038,-91.22514094229771,1961.1220229020837,100.0,1
4067,5.197342409410755e-07,0.26166278566736756,-0.13348247847510628,-1.5,-91.88460795813408,-144.44362238912507,1957.0657998742963,100.0,1
4068,2.0592208583891144e-07,-0.4211569875106283,0.2625645088192882,-1.5,-63.02387089713718,-104.77896866482166,1960.730130764764,100.0,1
4069,4.563584557846744e-07,0.21971779111546721,0.053191635822358724,-1.5,-61.44604118077022,48.138506817030795,1962.987609347234,100.0,1
4070,8.510122049344106e-07,-0.23795074071144984,-0.3918289349618545,-1.5,-19.439875179708135,-166.6746805993875,1957.359172039261,100.0,1
4071,2.2402825570194552e-07,0.37378597333308894,0.2741337106494036,-1.5,155.22188595920704,-5.278860462239931,1958.390049509448,100.0,1
4072,6.142231870048671e-07,-0.0858216524459894,-0.2272885108305822,-1.5,90.63287701343738,66.15787198142363,1961.3317169324744,100.0,1
4073,6.589628922873498e-07,-0.11506195514395691,0.17451649061755095,-1.5,-7.11871892729476,-1.3970709542619661,1964.5255555221759,100.0,1
4074,7.619049255460322e-07,0.4545961985621448,0.20712335369558882,-1.5,-65.58311400361066,-148.97501257700085,1957.7841012357321,100.0,1
4075,8.264809954474683e-07,0.19963679720196487,0.27559429922494477,-1.5,-126.51484241728082,67.60036943566882,1959.2951464663058,100.0,1
4076,6.171177580626816e-07,0.060458398057982664,0.06742806566063339,-1.5,-32.47190182958973,151.02040261391943,1958.4564585029789,100.0,1
4077,4.3253428888325394e-07,0.46013155618831353,-0.008812491743669175,-1.5,-24.05893474502398,161.79429976821507,1957.7173081136048,100.0,1
4078,3.840879710429796e-07,-0.04298887835792886,-0.16984830406059293,-1.5,-12.60863977196444,24.397641723027885,1964.346981454037,100.0,1
4079,8.782128665033817e-08,0.20493015248784896,0.2975774678145261,-1.5,-90.50831710009943,-110.52586858012096,1959.3380420888195,100.0,1
4080,2.7465575161269423e-07,-0.4268929282285621,-0.17675130332726613,-1.5,48.29182399993761,-59.12007580795256,1963.0552724356369,100.0,1
4081,1.0067807869115209e-07,-0.38052700644551146,0.006034536553486082,-1.5,-85.52880794597247,137.91077617372363,1957.824999097885,100.0,1
4082,1.3373522434833586e-07,0.4094414827339664,0.2448310363523555,-1.5,48.69414038942159,-147.19354952942032,1958.411658956001,100.0,1
4083,4.4386266570023836e-07,0.3976661886420835,-0.02832465585127608,-1.5,130.91722764286155,-80.48731695141724,1958.518766206339,100.0,1
4084,5.954218381831313e-07,0.2327734749693522,0.40264551231328166,-1.5,138.35682675504103,-80.99939438190468,1957.9861523683387,100.0,1
4085,7.354384267220828e-07,0.28056071369472996,-0.02376892970489584,-1.5,-0.3472588877077878,-34.52241080849242,1964.2355685684356,100.0,1
4086,2.5094792776219053e-07,0.4255141720790898,0.1310597229994668,-1.5,96.31628149062414,-7.605475302923942,1962.1617203817239,100.0,1
4087,5.281905366783586e-07,-0.2822270754336024,0.35542111089665995,-1.5,78.4846539075556,139.08677376439326,1958.0368522402623,100.0,1
4088,5.032568992534698e-07,-0.03557039886819118,-0.13772295453844144,-1.5,-140.7058382349611,55.987216523892734,1958.693591386523,100.0,1
4089,7.901034889614202e-07,-0.3353949200254088,-0.13570164608317078,-1.5,92.80498820791337,21.088389854711743,1962.2323512375378,100.0,1
4090,2.868590069925822e-08,0.07613633980388738,0.45321887154485413,-1.5,94.54371655215482,-68.58660207392556,1961.0636527003885,100.0,1
4091,6.568938073413871e-07,-0.1638431066075074,-0.2804972115814941,-1.5,-24.146253594012627,-143.46502509908288,1959.1447193295405,100.0,1
4092,4.833536082727778e-07,0.33171998029418004,0.20291291020642974,-1.5,-20.59817021268523,-96.42446320516486,1962.0630276689933,100.0,1
4093,1.682543021320837e-07,0.06633628975089043,0.48389036499045546,-1.5,105.74345299030543,-21.006790107953254,1961.5785284268327,100.0,1
4094,7.80700246112403e-08,0.0035069121399291243,-0.06720947470623197,-1.5,54.47275719308654,-70.29411949613768,1962.5250932801284,100.0,1
4095,1.5714373294500014e-07,0.247001655007261,-0.15110334705974596,-1.5,139.5486055770932,17.426050000266688,1959.498865967778,100.0,1
4096,6.612415641992159e-08,-0.23417217398241366,0.13952901634834933,-1.5,146.10683579065676,-70.96872213828237,1957.812432098497,100.0,1
4097,3.421420706927774e-07,-0.1432465380179232,-0.2907752908196849,-1.5,-43.66381825568001,-117.67488533155944,1960.5252812967424,100.0,1
4098,6.688337247446598e-07,0.2842041077270886,0.3215247516294819,-1.5,154.92649407407788,70.7155197134731,1957.1434242210507,100.0,1
4099,8.151982711917427e-08,-0.14986306145551703,-0.11409335404220163,-1.5,69.6282956859547,0.07176334995109612,1963.3046583645703,100.0,1
4100,7.277465073889052e-07,-0.029245179443685987,0.35367976663011436,-1.5,-100.97158794634694,-76.99673063369698,1960.4309547049716,100.0,1
4101,8.632662676970052e-07,-0.14076942400015122,-0.32656372068032624,-1.5,133.98763966597437,-83.49583966876997,1958.185140235948,100.0,1
4102,8.419339993770954e-07,-0.10323815792088203,0.18288823106496957,-1.5,91.30570448438506,-29.376976552813492,1962.1961033095945,100.0,1
4103,4.577810217373932e-08,-0.3446992624944187,0.07760540768104944,-1.5,110.54517174895834,71.52667567690771,1960.1216763088294,100.0,1
4104,8.404299469231217e-07,0.44512355412583743,0.08765334275227271,-1.5,-102.10417249787317,-62.42714009246616,1960.890327479977,100.0,1
4105,4.839005671996734e-07,0.04321642755854172,0.154327021147024,-1.5,-32.00298890671594,-77.46636011762807,1962.75012623036,100.0,1
4106,1.947282778584752e-08,0.1666472608401794,0.14375658264425348,-1.5,-143.91195103618355,13.672330856889703,1959.2130318023178,100.0,1
4107,7.402561011514502e-07,0.05318047082702555,0.2501350312564376,-1.5,-116.26585105224838,113.82937874562563,1957.7891640009689,100.0,1
4108,9.030330113858234e-07,0.025839989138271426,0.36365974362088094,-1.5,-63.991014681966995,60.34900555828863,1962.5688354384488,100.0,1
4109,7.029420214158732e-07,0.08072271469180566,0.34024682500723474,-1.5,-10.372762600638705,-8.457667656577476,1964.4933596019032,100.0,1
4110,7.973476992266568e-07,0.4427719421808571,-0.2202489244089794,-1.5,77.58253862071818,-102.30928035993908,1960.3385031977327,100.0,1
4111,1.3548674066770012e-07,-0.418839992370374,0.05878049631520448,-1.5,-119.83980432287888,-59.79122013372406,1959.9685501458705,100.0,1
4112,8.930743715309815e-07,0.22535359389792795,-0.39293552400538007,-1.5,64.60205671046202,45.494925646701,1962.9493300325687,100.0,1
4113,1.6967821078175012e-07,-0.46248743365393485,0.04051392469847502,-1.5,-104.73805884259053,12.086938500301377,1961.7077078947584,100.0,1
4114,1.2121331264243024e-07,0.3479736133651037,0.1599206747602757,-1.5,-28.157742260289705,-43.92944919340824,1963.845877687579,100.0,1
4115,3.285264090533912e-07,0.3958688813295255,0.03698819857381521,-1.5,-107.38292779763084,71.32196962427798,1960.3049175402925,100.0,1
4116,3.922613918419852e-07,0.20463872970391203,0.14747919444104396,-1.5,146.78443757597975,41.57207817452934,1958.606488671955,100.0,1
4117,3.1981236935075483e-07,0.07861018834409272,0.03705733308952982,-1.5,-25.35794812648343,-146.20675884716073,1958.9267072558775,100.0,1
4118,6.629812324932267e-07,0.033410587188043524,-0.05806077836892616,-1.5,-110.90130843290487,51.66772979698401,1960.7255370784628,100.0,1
4119,9.72059049641301e-08,-0.14184651231068085,0.4542140273788512,-1.5,-33.833914094684694,25.544528711614117,1964.0814722348118,100.0,1
4120,8.862910209029126e-07,-0.029637771185566323,0.4321769817123486,-1.5,-9.926664687297176,1.5305357647573332,1964.5132743391148,100.0,1
4121,8.447281564655294e-07,-0.37337261855866277,-0.1771496144355533,-1.5,71.92937156851802,37.57017472354715,1962.8621789985998,100.0,1
4122,8.500382687211661e-07,-0.26680876631635414,-0.36628400311084763,-1.5,101.08516539370684,-12.4542595857952,1961.8970327266484,100.0,1
4123,2.3690054260088643e-07,0.15028560000717753,0.4430940858827186,-1.5,-17.49614174921755,-56.13918998617597,1963.658718473686,100.0,1
4124,1.641411549962563e-07,0.24846187924097554,0.13298772020094568,-1.5,-104.3789066528852,10.605523721329364,1961.7354186991365,100.0,1
4125,5.02041518975829e-07,0.21725641128615533,0.21128470296062923,-1.5,34.3590082263177,-14.399726620712153,1964.1856818267167,100.0,1
4126,5.803794253691787e-07,0.3319383782166022,-0.044392860942396015,-1.5,67.85064750079445,30.2254553675179,1963.1342281534598,100.0,1
4127,8.091328558924189e-07,0.3311884512034831,0.22967984314683265,-1.5,112.85544370791644,-5.919217413945084,1961.285776718127,100.0,1
4128,6.417968265397683e-07,-0.38432270207513086,-0.08733683809867966,-1.5,13.660918913752743,94.67019705924986,1962.2090152043756,100.0,1
4129,2.4052839389826054e-07,-0.18970389698615023,0.048049923772161524,-1.5,31.600941783574772,-38.80822535527961,1963.901369312954,100.0,1
4130,5.917367751963608e-07,0.48989611709198216,-0.03617750934161753,-1.5,-125.34183322624536,-57.40698357355024,1959.695677738409,100.0,1
4131,6.16449784270043e-07,0.37714534234702224,0.08822991244228583,-1.5,-1.3266533011984072,105.98028970827623,1961.6777779366569,100.0,1
4132,3.7421339515286467e-07,0.1100250810351726,0.1596002585998982,-1.5,8.565757703762445,63.061615592850906,1963.5078677458646,100.0,1
4133,6.905433917039739e-07,0.019655526078473495,0.3628794981420084,-1.5,108.51591417325066,-122.45169199409592,1957.7137599161574,100.0,1
4134,4.4219915625845737e-07,0.18496089450407327,0.05759733995449572,-1.5,-80.34380457813985,-13.624701242564456,1962.8480651461773,100.0,1
4135,6.568887634695206e-07,0.15470896210167867,0.32078533309117646,-1.5,-91.87057061853456,-34.072222432852016,1962.0938224709955,100.0,1
4136,4.839655201593607e-07,0.20249055816451939,-0.02457619866550657,-1.5,-87.27866427174332,-136.1297664027511,1957.8724186545467,100.0,1
4137,1.2181422738214532e-08,-0.08796195905007041,-0.3814292760068908,-1.5,144.5482969339803,82.68995115896261,1957.4681218597011,100.0,1
4138,8.345210978547134e-08,0.015912334715140985,-0.358235173693887,-1.5,-23.513005067619435,75.09136365816357,1962.9624835851496,100.0,1
4139,8.598892574719593e-07,0.039173982557477394,-0.23822078704054842,-1.5,-136.9966711186108,65.43703446446057,1958.6636242318505,100.0,1
4140,3.456008665687592e-07,-0.15423796900410422,0.2714449440503411,-1.5,-76.7376170153958,-98.21279010270923,1960.581258775359,100.0,1
4141,6.240551083950201e-07,0.402984763870102,-0.13667253922811157,-1.5,131.73970248152378,57.856732882204376,1959.2627530569778,100.0,1
4142,7.329822842820077e-07,0.37249395559527637,0.23093933908794886,-1.5,22.67349034911575,77.58192549012269,1962.875503932627,100.0,1
4143,6.381689462453109e-07,0.27002083113570147,0.19317236424680428,-1.5,47.75921371346572,-144.27070744142503,1958.6521658390377,100.0,1
4144,1.2470040814107066e-07,-0.36712193861878506,-0.025233174285912537,-1.5,30.369260083272003,39.65663555751225,1963.9038534420122,100.0,1
4145,3.621212196333648e-07,0.14206213906473963,0.02944325179455513,-1.5,38.77249683626913,113.81588124038743,1960.8559164132093,100.0,1
4146,7.505018384668011e-07,-0.16663274988576438,-0.04997733154024697,-1.5,-42.495481893648645,-162.90939387703054,1957.311408455838,100.0,1
4147,7.768298764411761e-07,-0.12538161888593227,-0.3858879101636367,-1.5,56.513275957648005,50.52800943959444,1963.0757642456742,100.0,1
4148,6.31755988127882e-07,0.036809402947222264,0.22159071425816917,-1.5,-0.7644753013643033,65.34313325187047,1963.4518014915652,100.0,1
4149,5.531923709371229e-07,-0.03136906223340002,0.1886736308622906,-1.5,-33.02852624724179,-6.361874284077059,1964.2509842878176,100.0,1
4150,3.289688911493743e-07,-0.4025003227837981,0.07195080932882647,-1.5,-126.93254620034887,20.522727979394457,1960.3265627485414,100.0,1
4151,1.665123734795973e-07,-0.012503511947325551,0.029952030942643367,-1.5,-112.23653935570339,-74.0651907077954,1959.9312725259028,100.0,1
4152,1.8940529042830328e-07,-0.1160307087019879,-0.29251875640809605,-1.5,165.1965138855045,30.601657327208216,1957.3418037315394,100.0,1
4153,4.300083957133e-07,0.04016560910488034,0.19602830753165368,-1.5,-60.200920461687765,153.72573221245852,1957.589725835687,100.0,1
4154,1.1126020359310893e-09,-0.1436324834933336,0.28928984872943003,-1.5,-109.85207658299548,118.59058654301813,1957.8769318626537,100.0,1
4155,3.33160749312551e-07,-0.01346723810784015,0.0671096868367761,-1.5,18.715417660575316,102.1135593888519,1961.7940361813878,100.0,1
4156,1.5835104974265073e-07,-0.036194673221640154,-0.22806688351209078,-1.5,-41.11456978351361,45.90165040697057,1963.572233687257,100.0,1
4157,4.971935130509115e-07,0.36533493439821957,0.1288969797355638,-1.5,114.10809375542263,-48.76070785183512,1960.6159803937699,100.0,1
4158,4.0537976654933294e-07,0.19242170160363464,-9.561968401946483e-05,-1.5,79.86990490656673,42.686736489894294,1962.4504903523527,100.0,1
4159,3.1647850902934517e-07,0.4025526829667852,-0.08922712507946765,-1.5,7.7099945865944415,93.55087592856044,1962.295104173326,100.0,1
4160,6.705654749834177e-07,-0.21987215641444172,-0.06613306075945583,-1.5,104.40241177517228,-12.07220378592024,1961.7256904514988,100.0,1
4161,5.153420897387117e-07,0.17920271562565554,0.41092948946761626,-1.5,-33.87109842900846,-98.6891580791033,1961.7661647186653,100.0,1
4162,4.727810514598819e-07,0.2940975766207836,-0.016414003756657525,-1.5,51.33401320428118,27.559903931864774,1963.6747584693703,100.0,1
4163,3.33647976906647e-08,0.22323783673857486,0.19721934473405098,-1.5,105.88583632013902,-96.172472115199,1959.3244579548757,100.0,1
4164,2.0023083315598182e-07,-0.11921080648444551,-0.12140615836284702,-1.5,-63.20725235374494,80.79467508115549,1961.8589016528563,100.0,1
4165,3.8844153154699963e-07,0.1917816483213712,-0.397994231715257,-1.5,-13.70446616251395,81.04228714137713,1962.818794888674,100.0,1
4166,9.017234922187508e-07,0.21106157273871348,0.035130449959641236,-1.5,-8.517947368357344,70.96457047268947,1963.2383351433386,100.0,1
4167,6.034601210969851e-07,-0.01060369178516508,0.13565647569178024,-1.5,70.2280898601234,119.78984863537354,1959.6253963001816,100.0,1
4168,6.511057503102149e-07,-0.3170532749329378,-0.13700935920009225,-1.5,136.7615830943505,-32.9667064016221,1959.4955350611767,100.0,1
4169,4.263120702760798e-07,0.4159848169278473,-0.23631446407576964,-1.5,144.73823780100847,0.794094275270431,1959.1997086051927,100.0,1
4170,8.621628252966031e-07,-0.1633630974679749,-0.35273581774908885,-1.5,81.19630594797242,54.71408727762167,1962.097554868236,100.0,1
4171,7.41539578970835e-07,-0.3615656096369228,0.32378369547441826,-1.5,-4.703973727819488,-80.61753727900889,1962.8784912929193,100.0,1
4172,2.192157074150029e-07,0.37815613457812813,-0.07410968522364397,-1.5,30.650865632511557,95.3243681850097,1961.9854932012718,100.0,1
4173,1.4497248639664848e-07,-0.015230241884240282,0.20839662929399877,-1.5,111.0436443594072,-79.28419553634488,1959.795043276635,100.0,1
4174,8.124585256384195e-07,0.0931644369362008,0.21359814337452065,-1.5,2.37554026042799,-13.78284286587812,1964.4891642147422,100.0,1
4175,4.063197469905444e-07,-0.03570722631659413,-0.32487503243145166,-1.5,-123.66141005481678,31.174561740669592,1960.3951868512795,100.0,1
4176,7.711321078433642e-08,0.08631409655301127,0.14327353977585983,-1.5,-86.54146874537535,-54.90585442229204,1961.8637077033875,100.0,1
4177,3.1136231891842337e-07,-0.03877303251566074,-0.02419029562052348,-1.5,93.707789909986,-22.882921091540332,1962.1693373148596,100.0,1
4178,4.837997800231495e-07,0.12718552737186173,0.18698784276908959,-1.5,-126.84266598568203,-106.993049963034,1957.5179977745756,100.0,1
4179,8.280359179492297e-07,0.07635029239318536,-0.03180238637497003,-1.5,87.66817733847962,-100.28673009585413,1960.0178949986557,100.0,1
4180,2.9435619475112135e-07,-0.4977055121422702,0.03525690421840679,-1.5,-49.299833815355576,163.39694116206428,1957.1112007933505,100.0,1
4181,8.945978639163847e-07,-0.012789972195117119,0.4630665358250564,-1.5,-104.89757582494138,108.01114906915437,1958.7606736222124,100.0,1
4182,1.878696543944873e-07,-0.26334600463561764,-0.1591948358801348,-1.5,23.467515848492383,152.73773593177378,1958.451874820637,100.0,1
4183,8.94278898639195e-07,0.39189857506150966,-0.04216075602615141,-1.5,36.66989599100184,-130.13639360930858,1959.8808953741304,100.0,1
4184,3.400821276003788e-07,0.012453147097097631,0.09048224286550352,-1.5,-65.3390800869251,-98.74966652632504,1960.9672598593952,100.0,1
4185,8.108741088105291e-07,-0.13414526061674972,-0.2534561109932359,-1.5,-7.714628245974285,-111.71793712875288,1961.3446594876827,100.0,1
4186,3.3983211250413927e-07,-0.21280387118963584,0.2309943167922394,-1.5,-128.14485397290528,-48.738198002535974,1959.7491601533752,100.0,1
4187,5.451529776027021e-07,-0.11841756522294083,0.13250565123475128,-1.5,3.4595629191232535,119.35779294350638,1960.9066869573867,100.0,1
4188,8.64507939701904e-07,0.0054467345979446365,-0.4924951179240578,-1.5,92.64920140739618,143.46900985354938,1957.101442173181,100.0,1
4189,8.133876304859546e-07,0.4030345848060572,0.07600403448407635,-1.5,126.42461509752317,97.201084218473,1958.0556815857735,100.0,1
4190,8.873785406383119e-07,0.04158660895128752,0.2691939203096999,-1.5,90.45309959994495,96.01854166104741,1960.1050897072278,100.0,1
4191,7.617754691413573e-07,0.03884510907107258,-0.46423767834800944,-1.5,164.11707042132707,-27.012327054923453,1957.4854297413124,100.0,1
4192,1.846391825411542e-07,-0.45801371681175523,-0.16487960650245684,-1.5,-83.2482627485052,134.0592107959223,1958.1907825889339,100.0,1
4193,7.673893861653793e-07,-0.192447801916301,0.33122166800880176,-1.5,-18.784768596036486,104.19593278952333,1961.6838752268536,100.0,1
4194,5.827005348898588e-07,-0.2935707889603944,0.16216356166879553,-1.5,26.52827956122635,-50.154310584969416,1963.7194508838068,100.0,1
4195,5.448701472861866e-07,0.03870607490665943,-0.40474782683070554,-1.5,92.65214205445628,-7.073432146881118,1962.340142125344,100.0,1
4196,4.4103250711429965e-07,-0.14988769928898174,0.01631235989931183,-1.5,-158.00096176917899,-57.426131123838694,1957.3326804123753,100.0,1
4197,8.656416094617021e-07,-0.2145284376490275,0.25951897395777235,-1.5,-96.92907680891116,61.06701193656433,1961.1957730905508,100.0,1
4198,8.279895404704522e-07,0.3813200204861108,0.07247960050409961,-1.5,-78.40162026995898,-7.609617612173454,1962.959135062412,100.0,1
4199,1.4638115487825394e-07,-0.25083638506712097,0.0733776997791189,-1.5,79.67627408984998,-26.362289546418285,1962.7455279029834,100.0,1
4200,6.820479924098346e-07,-0.04190013037083906,0.4459399119044909,-1.5,80.50098452531113,145.1126583106494,1957.517610177391,100.0,1
4201,4.2120040207102563e-07,-0.3023146390511804,0.08961451536592027,-1.5,38.034837007243425,130.19093543396835,1959.851259093606,100.0,1
4202,3.1162993043777204e-07,0.038446646898437034,-0.006778089416985644,-1.5,8.837479557555397,148.29965916009817,1958.9135755091902,100.0,1
4203,3.9785127627022776e-07,0.1972082758637089,-0.31102489103584546,-1.5,156.80304648776854,47.35659759981911,1957.6985068038578,100.0,1
4204,1.5953206223243094e-08,0.2291211671189714,-0.1657188614137377,-1.5,101.71287094594759,-110.13948887117438,1958.810116152472,100.0,1
4205,4.429834806989109e-07,-0.007894077925724486,0.4719858931051175,-1.5,0.5601963569742411,-64.76215209492959,1963.4711192432158,100.0,1
4206,7.586517000740196e-07,0.1639207521134158,-0.3742670760456621,-1.5,6.873362943042422,9.920721985375994,1964.5018764112376,100.0,1
4207,8.402725144363781e-07,-0.14041022205283524,-0.21552619502755624,-1.5,-38.892069028225656,-75.02045188106112,1962.7207200802657,100.0,1
4208,6.765421265435153e-10,0.22865283251666405,-0.4274151166665888,-1.5,7.62096172928201,-53.46221998460153,1963.7965776125516,100.0,1
4209,8.012720087280184e-07,0.18441725456202063,-0.4076422743474139,-1.5,10.714172136763109,91.65450485849865,1962.3704911460268,100.0,1
4210,5.177845299596245e-07,-0.07887006689373458,0.1955696278875887,-1.5,-44.50843946774211,-121.32847349887344,1960.2835730069032,100.0,1
4211,1.379318006857019e-07,-0.08016489052417142,0.1578878177462784,-1.5,-29.696283362702637,98.92451656170958,1961.8219483540308,100.0,1
4212,7.901551627636715e-07,0.4929560857075362,-0.053344086166109306,-1.5,-7.503590645415322,-110.05934597608291,1961.439247786399,100.0,1
4213,4.101739866673551e-07,-0.38548728982153907,0.26570735436810855,-1.5,101.15858924458821,-42.845741227041295,1961.464878234347,100.0,1
4214,4.890890092974358e-07,0.3973827759568336,-0.2596277457521919,-1.5,27.47013979220215,-27.24134857614867,1964.1579841279777,100.0,1
4215,5.926430151152402e-07,0.1287564350271628,-0.13678944151471722,-1.5,32.39191837648835,-109.15166976749234,1961.2368451762757,100.0,1
4216,6.48247507671178e-07,0.06928100204308223,-0.12046917382965501,-1.5,39.47559678693643,-104.1278148066617,1961.3802185471425,100.0,1
4217,6.795801573978309e-07,0.07949392536444709,0.040495523298048876,-1.5,-161.6439444106537,43.351762939961446,1957.3975442284313,100.0,1
4218,1.690802192176451e-07,0.07313206992081205,-0.31908168215014604,-1.5,-51.37623514583918,0.41637995703026304,1963.8670004244436,100.0,1
4219,7.93882665237322e-08,0.06279865706301688,0.14739252010539045,-1.5,91.0164013032983,-133.00700757075873,1957.9168615896335,100.0,1
4220,5.586751528103215e-07,0.1996337838332698,-0.08287856132331939,-1.5,-46.750865257666696,49.05491323507274,1963.3698730375004,100.0,1
4221,8.979791437261062e-07,0.4783519223615346,0.05751703370046148,-1.5,-106.41886342906227,-42.79615813240217,1961.1875995482187,100.0,1
4222,8.262315827946441e-07,0.01913925126979624,-0.21712018983756654,-1.5,-165.00880564559634,-28.817389521815734,1957.3847190541499,100.0,1
4223,4.5967440017489315e-07,-0.10125617312148541,-0.23569560225035055,-1.5,81.90063503366858,112.57568644925728,1959.600032421844,100.0,1
4224,8.021749280292339e-07,-0.05443147283007481,-0.35457903718192296,-1.5,-64.72060957772834,123.34962310507447,1959.5941925413676,100.0,1
4225,7.149971527217603e-07,-0.30946992825243475,-0.11455702949525576,-1.5,164.78387329969428,-2.15862334738562,1957.6145947841023,100.0,1
4226,5.456663359848017e-07,-0.17576196826615983,-0.09674697220588582,-1.5,-112.33022810823164,-120.85141555189131,1957.5980541159076,100.0,1
4227,2.7494042065881533e-07,-0.4291856710814729,0.0809224041419482,-1.5,-106.83600330563515,-74.91903832604788,1960.2006255381386,100.0,1
4228,8.036360286734714e-07,-0.2075087714381588,0.3451473046539768,-1.5,-120.46828102240326,67.12383557176666,1959.692595850628,100.0,1
4229,8.530255236972747e-07,0.4824721083653622,0.05601331426522861,-1.5,82.51470484313892,48.07217628743648,1962.216521084707,100.0,1
4230,4.52629302883203e-07,0.24841336209253667,0.09462221524921016,-1.5,11.884190743448274,-15.940521430015977,1964.438329918515,100.0,1
4231,7.769862271853372e-07,-0.3933050855212109,-0.29767042220904594,-1.5,-46.68211399277569,-118.90238312119399,1960.3816694173097,100.0,1
4232,1.7479790773980864e-07,-0.22340500379881922,-0.16116018608174398,-1.5,-123.04935579314719,-24.834067960449087,1960.5242695191403,100.0,1
4233,4.777137254932757e-07,0.39089035614877715,0.07038234702232099,-1.5,29.46405265471389,-6.977036919628849,1964.305596597208,100.0,1
4234,1.8096090467118202e-07,-0.38454749863998106,0.02366981346227947,-1.5,100.15659189232908,-19.610983071433907,1961.8861722102067,100.0,1
4235,7.511417089929519e-07,-0.04478777112583135,-0.29213739277201756,-1.5,-76.48893275277833,-61.8192141214085,1962.0757157148355,100.0,1
4236,1.995815881099577e-07,-0.009782706968185258,0.2787652194549208,-1.5,-55.63264718382173,-108.55837157767317,1960.7481671020007,100.0,1
4237,7.557029001127949e-08,0.18213318309133544,0.1301930080262327,-1.5,-2.145180861130863,-156.41352068851205,1958.3011757671568,100.0,1
4238,6.393859612172658e-07,0.0945521147563957,0.24198779824257324,-1.5,20.905107403768902,-112.76278506686857,1961.1886235277145,100.0,1
4239,1.5346101118669248e-07,-0.10014028799199286,-0.14709241939647413,-1.5,83.47507947641041,-119.86909394213258,1959.100966691107,100.0,1
4240,6.035469326289066e-07,-0.39791818423456904,0.07817305511644135,-1.5,85.15375832387178,-38.38032491394074,1962.3172715870774,100.0,1
4241,6.202578428908142e-07,0.21499296295542544,-0.00995022987439936,-1.5,-14.9390314961012,-107.12683449240645,1961.5590618015372,100.0,1
4242,2.719961154079528e-07,0.2953639222775752,-0.0352166789383159,-1.5,56.657104898244526,95.37709913887939,1961.4042081352159,100.0,1
4243,5.584904343260999e-07,0.036671824938593126,-0.2399399749896705,-1.5,150.95247718613052,60.076534335879046,1957.8093487159806,100.0,1
4244,8.551842658099996e-07,-0.294129497645306,0.3256655232690628,-1.5,-78.9947533578887,-93.45123899575881,1960.7243511361344,100.0,1
4245,7.597351942234696e-07,0.1694952312503833,0.3526388646377495,-1.5,-79.58442818859886,119.85405052063365,1959.2637932728258,100.0,1
4246,8.390163818865858e-07,0.027230406224101816,0.2466309805367999,-1.5,106.4400661804793,128.22454790592428,1957.4581129342073,100.0,1
4247,4.519169102947341e-07,0.3771226525980309,-0.24150776262315832,-1.5,58.114898833140636,-135.38033540088637,1959.0069192288445,100.0,1
4248,2.84980179214051e-08,-0.20539535846610815,0.3882329117299046,-1.5,94.9071953871906,-130.64821603291523,1957.8909454250218,100.0,1
4249,7.744838358524874e-07,-0.39332209105594756,0.2988771750230743,-1.5,-5.473099686786719,130.80430799970569,1960.171820135844,100.0,1
4250,3.57954440885134e-07,0.24416331970598418,0.18121652297583732,-1.5,39.01447002841166,34.79703557482186,1963.843253345271,100.0,1
4251,8.196098677488006e-07,0.14105961823419505,0.3908371558515225,-1.5,-21.54275596654797,147.22571682380004,1958.8960626427363,100.0,1
4252,5.979151029747401e-07,0.1312310907870122,-0.23556591529504137,-1.5,-27.3582118400381,2.5304813236726247,1964.3468154008135,100.0,1
4253,2.1097783812059885e-07,-0.12191555676489522,0.42161269667647505,-1.5,27.202328701257102,133.5960942806598,1959.8023888066657,100.0,1
4254,3.2832611826910885e-07,-0.12184702156535507,0.13968300543274081,-1.5,119.14373996531378,-35.48747991229316,1960.6016153881653,100.0,1
4255,2.5040227248847024e-08,-0.35213391807754774,-0.3224682351432341,-1.5,-21.876743910742842,70.67272559583812,1963.145450596784,100.0,1
4256,2.1770544057639018e-07,-0.3983618689595787,-0.2680155392306877,-1.5,-41.870885948861584,16.47286029249307,1964.0236149419825,100.0,1
4257,5.230528752758403e-08,-0.02860893010634044,-0.20519684011567976,-1.5,5.598672295822131,94.11297519938007,1962.2753856260279,100.0,1
4258,4.509595201541235e-07,-0.13172514466126425,0.0913097568263234,-1.5,-42.01547001336777,-28.139654246400365,1963.8880177862943,100.0,1
4259,2.408318723534371e-07,-0.32221097859400716,-0.3180624591238737,-1.5,-122.76206195279492,-112.91829728287078,1957.445330156111,100.0,1
4260,1.2610593780634055e-07,0.453569117429146,0.015382969859917293,-1.5,157.3516735935937,-58.35243404316479,1957.3575888234282,100.0,1
4261,1.502671629709454e-07,0.049156552758946495,0.2204871547216325,-1.5,-107.64711445289248,-18.049183966151208,1961.5044256830656,100.0,1
4262,5.932038703332652e-07,-0.11542448216387571,0.09764383058428715,-1.5,-11.82052997347218,110.26607757444793,1961.4063713248265,100.0,1
4263,7.386402924633552e-07,-0.08768696573788803,-0.2108571878188787,-1.5,-135.58133768294536,33.374825505791044,1959.570643830095,100.0,1
4264,8.982948811966943e-07,0.17399550213558787,-0.13652762795991302,-1.5,126.89845784675232,-57.559769374026196,1959.5910136076498,100.0,1
4265,1.6105045535492836e-07,-0.016818271272569223,0.2790305989177267,-1.5,-55.706050824445335,-22.924111394359052,1963.6151881884734,100.0,1
4266,1.1724263545929763e-07,0.27215979565452847,0.22128930743945815,-1.5,-21.219330588946686,-26.562047687738712,1964.2447617082048,100.0,1
4267,5.8303748984274555e-09,0.11444438754940583,0.4245054972240784,-1.5,-157.86132440143174,18.161895831621457,1958.1019468005638,100.0,1
4268,6.233134032584493e-07,0.1985811021366742,-0.30965542753804626,-1.5,-64.02177178601563,152.84834542810142,1957.5371981914934,100.0,1
4269,2.3642781166962905e-07,-0.26849366542850317,-0.25766923802330166,-1.5,-169.00657722615858,22.706889567989695,1957.1240278241378,100.0,1
4270,3.283796043104909e-07,-0.11051837070132509,0.4032870178962254,-1.5,129.5140569880606,-81.08470916008788,1958.587415779303,100.0,1
4271,1.1000679773404818e-07,-0.16488032234444544,-0.23441640025968835,-1.5,-13.022118042063267,15.733466959979658,1964.4327854943904,100.0,1
4272,1.0959329565728194e-07,0.07614398772136262,0.41812096183031594,-1.5,8.131583855255986,-137.68768120688603,1959.691114960214,100.0,1
4273,5.860350230719486e-07,-0.32536973059859675,-0.2857003499072109,-1.5,64.26326788436572,-115.97924508835534,1960.0592678221974,100.0,1
4274,1.100903989961268e-07,-0.17635999131655505,0.22017717545425827,-1.5,88.45873503945288,-122.75744205318166,1958.7033846098063,100.0,1
4275,1.5919262311130187e-07,0.13092264848021876,0.4565353560393797,-1.5,-138.01664967444225,13.6688001770649,1959.6371742188637,100.0,1
4276,8.380794279017487e-07,0.28187104528992446,-0.21605667204700588,-1.5,75.09364588295182,-78.93780165850553,1961.5154993227711,100.0,1
4277,3.822891559353967e-07,0.3521977175606336,-0.11545939531176178,-1.5,-48.359172828508946,-86.03820407223517,1962.0581296458824,100.0,1
4278,5.787419472971798e-07,0.02070662306547838,0.3043074368408709,-1.5,127.96884152023036,50.327674542588646,1959.720486967781,100.0,1
4279,2.206710915379169e-07,0.17719274267077653,0.1739821154808292,-1.5,-10.794328119423595,18.361631741594234,1964.4234826600825,100.0,1
4280,9.21419118826035e-08,-0.363084264139025,-0.30442796212974654,-1.5,139.0423210300763,-55.060547474560245,1958.8386496443504,100.0,1
4281,4.190892895200776e-07,-0.1233525647521906,0.34232215970668073,-1.5,97.36670976310903,-101.86302954610098,1959.478740203049,100.0,1
4282,4.620853092426991e-07,0.2730087102168511,-0.2859519001871471,-1.5,-134.13140669609172,36.21100139015679,1959.620069141511,100.0,1
4283,8.450286972722603e-07,0.305647682497519,-0.12797108846247257,-1.5,-6.161667850731571,115.74196955353342,1961.1168034054722,100.0,1
4284,5.055539181623316e-07,-0.27212522666187433,-0.19928690496314333,-1.5,-155.31028697698864,4.061974351964573,1958.385942910544,100.0,1
4285,7.011072622644287e-07,0.25039727351631036,-0.31632989082266727,-1.5,-22.091953269123398,131.4465710754082,1960.0119976212911,100.0,1
4286,7.469073769780421e-07,0.4401280478942323,-0.07942440578657024,-1.5,63.28930892797925,85.93101142165293,1961.6379918113337,100.0,1
4287,7.920639491499966e-07,0.0340483395166051,0.10009636012552192,-1.5,85.69087412134928,-60.89409051906337,1961.7243104213971,100.0,1
4288,6.533757435959075e-08,0.029330356807997917,-0.2933028474829143,-1.5,-14.846706734826512,-70.41951410098383,1963.2203018507737,100.0,1
4289,5.932171853590203e-07,-0.47320297290591895,-0.11764873727667319,-1.5,-92.48492121619927,-59.73132246082194,1961.4515020083586,100.0,1
4290,2.2087707810342105e-07,0.3882204779203246,-0.2829156832512503,-1.5,-52.280822903859274,-60.51546868837311,1962.9105633910203,100.0,1
4291,6.855020284770992e-07,0.3880541739579039,-0.2301768415105759,-1.5,133.18287650045687,59.9886441895026,1959.1010617733584,100.0,1
4292,8.760979837447637e-07,0.001408317398311587,0.4456795002845345,-1.5,21.9866427962699,-1.6235668851816052,1964.4152406849346,100.0,1
4293,5.939802055881553e-07,0.24876123578974066,0.23510924495758984,-1.5,42.90125990728157,114.57207249631942,1960.725888126231,100.0,1
4294,1.4976489861138198e-08,0.18370565560795757,-0.0034181608220929466,-1.5,14.775174345505999,72.01513519638053,1963.1629582874261,100.0,1
4295,3.898957061679484e-07,-0.18214218366478324,0.22229150051723467,-1.5,122.87654347451011,88.20600424867688,1958.707314058017,100.0,1
4296,2.728363356830381e-07,-0.12095425748765168,0.25825361596443663,-1.5,119.02852905134098,-8.099561041906965,1960.9130252637249,100.0,1
4297,7.503653201987974e-07,0.08802353106386228,-0.04328161066386446,-1.5,55.48125808769037,-6.0307062563349705,1963.7461004033053,100.0,1
4298,1.5098772819561513e-07,-0.11320144801831757,-0.2740249639440773,-1.5,-69.03598298290099,9.344119354664167,1963.3033404833807,100.0,1
4299,3.5397800484269316e-08,-0.4570922701094618,0.12799493392874717,-1.5,-18.751955263134235,-55.45895714164462,1963.666457042209,100.0,1
4300,8.590027790132705e-07,0.12549905376251247,0.3193105971116395,-1.5,-77.73813044279407,95.49202680692532,1960.6762461349135,100.0,1
4301,7.200473646423027e-07,0.19664601244106883,0.28471470106729585,-1.5,28.38171375086498,-77.78030440744689,1962.7934147120475,100.0,1
4302,7.856340285273567e-07,-0.4309630932721947,-0.09575259968681313,-1.5,155.89981349033292,53.681919871866626,1957.6074136298832,100.0,1
4303,1.8964693851108387e-07,0.043251969353558635,0.3962643348417372,-1.5,-68.27967690288334,-101.08203888801674,1960.7482228482093,100.0,1
4304,8.140611490358041e-07,0.3844803241595799,0.1340474150199724,-1.5,130.6964056883912,35.834772583809986,1959.8590778114974,100.0,1
4305,7.438870302891982e-07,0.23341892272505194,0.2774723359441906,-1.5,33.65111928097046,-116.46630362480299,1960.7948614164727,100.0,1
4306,1.3597826960641582e-07,-0.07789923655092468,-0.24592411449604423,-1.5,-40.497210816544055,73.0125634762998,1962.7639765791585,100.0,1
4307,7.345272301538605e-08,0.024476915149007926,0.33242065018558403,-1.5,-41.48798536591388,135.566079911287,1959.4167171160645,100.0,1
4308,4.5632955523497666e-07,-0.21570086539134808,0.15372112655450007,-1.5,153.33193353782156,54.1845783715706,1957.7963724275257,100.0,1
4309,7.683746259054149e-07,0.08213939637347585,0.1079363694960404,-1.5,-86.84764689117318,128.36213955475264,1958.4161798822342,100.0,1
4310,6.296961239343072e-07,-0.04753356885754671,0.4551019830062594,-1.5,166.5914771216646,12.495125304332548,1957.422907258465,100.0,1
4311,3.116056021865336e-08,-0.2960791179688202,-0.177613857946993,-1.5,67.72858777409391,-97.14312905359905,1960.96642937658,100.0,1
4312,8.004854919121254e-07,-0.3672837187821595,0.18057470699305164,-1.5,-155.33332038656124,-68.63481673541472,1957.1852512666023,100.0,1
4313,4.3637780216591e-07,0.18854131219628076,0.067166841590751,-1.5,75.54214786118021,-58.400199982281556,1962.2171354884965,100.0,1
4314,3.3028825184108507e-07,0.16766476173339553,0.3574015837850696,-1.5,-15.585597825484971,23.990974006717565,1964.3306260843062,100.0,1
4315,8.881561658650888e-07,-0.2037398698375405,-0.27074373956432696,-1.5,-13.420383523072603,-157.07081388039174,1958.2037531878996,100.0,1
4316,2.580858198600572e-07,0.18922145848148778,-0.18717830165776236,-1.5,60.674519752379176,-155.5476367256703,1957.4311792826863,100.0,1
4317,3.7281248147822793e-07,-0.20468313094388962,-0.34578075570445466,-1.5,110.65757576858552,-31.88033222299786,1961.1608377714722,100.0,1
4318,5.432926258808686e-07,0.37945481676731385,0.05763471307010231,-1.5,130.62765833816604,-3.447193152789588,1960.1882098417452,100.0,1
4319,5.173304913897341e-07,0.06361507619312103,-0.4305488359701134,-1.5,-48.93423142049374,47.61468405195372,1963.3521256066242,100.0,1
4320,8.743937926891638e-07,0.031043137282337447,0.12663943387010435,-1.5,67.27753869526366,-20.685717595780613,1963.2776472370856,100.0,1
4321,1.3765474901548457e-07,-0.2810467555703796,-0.40870019400265456,-1.5,-40.56313894367329,-76.76399901614901,1962.6194757212147,100.0,1
4322,6.680052702329834e-07,-0.2461941260724011,-0.23996753054134726,-1.5,137.20439706152092,59.21944918116769,1958.8469303474926,100.0,1
4323,8.220483042509967e-07,0.48655438872448054,-0.09204615749179294,-1.5,-103.65244003756405,-42.82333295620655,1961.3351626111516,100.0,1
4324,2.6549247508079594e-07,-0.3402401735884059,0.014694374974632612,-1.5,156.31859517772384,14.674922456333753,1958.2549450259776,100.0,1
4325,3.0303754089405626e-07,0.008463762690678393,-0.471369661015141,-1.5,79.64686168432753,112.64228158926706,1959.6891029161573,100.0,1
4326,8.013460395852513e-07,0.2858777834562774,0.16765921816606477,-1.5,-81.63258981620146,-25.24392542815104,1962.6798390911872,100.0,1
4327,5.776180741038066e-07,-0.026671100126196837,-0.47634096930873454,-1.5,-148.11270877975304,47.64419758632539,1958.3681835141242,100.0,1
4328,6.71082206421257e-07,-0.06478522131562425,0.4357539167779358,-1.5,-141.6988349237575,-49.5164767596587,1958.7962744953063,100.0,1
4329,2.9087244644221683e-07,0.3998928238291746,0.07888622407590365,-1.5,-53.730604598434034,-1.997518810303624,1963.8030243163953,100.0,1
4330,2.0430792142152426e-07,-0.41827637284136454,-0.2725907939243569,-1.5,105.23647055523698,10.394633137364842,1961.6907307557804,100.0,1
4331,7.697134607276167e-07,0.4572095688308761,-0.161589877429805,-1.5,-69.3942136282937,-17.08470685706032,1963.238610605611,100.0,1
4332,6.445363988278954e-07,-0.32614366238776604,-0.021300781370321775,-1.5,-29.23994436538943,-79.88055307990463,1962.696463837261,100.0,1
4333,4.88260469242368e-07,0.3715458678798462,-0.12014033876521074,-1.5,163.70676555447415,-40.7559420679575,1957.2818740191656,100.0,1
4334,9.655757226329851e-09,0.3753665554503122,0.1529739709025721,-1.5,-66.02153918568305,36.626748957375675,1963.087599647682,100.0,1
4335,7.154877006549797e-07,0.026676878795959955,-0.08205812699146285,-1.5,-45.69892048256294,-157.9231378986777,1957.647868603824,100.0,1
4336,4.4815596857470465e-07,0.36557918353713764,0.10192601783929284,-1.5,75.32021367633395,140.6678626559824,1958.048187377849,100.0,1
4337,5.656122778158832e-07,0.03687653746347065,0.16216594600411507,-1.5,-46.21796215965926,127.51014464114893,1959.8516140906006,100.0,1
4338,8.374507941712909e-07,-0.4096921395375146,-0.06807021349230244,-1.5,-1.5506312536012516,-52.40495107389951,1963.8392507819444,100.0,1
4339,6.996247028890118e-07,0.36986687871366936,-0.11944467366895631,-1.5,56.27354211471542,82.5236689637895,1961.9980679870073,100.0,1
4340,8.983421815901355e-07,-0.0905235059755413,-0.019596847248818584,-1.5,-86.82226200970106,-73.30364497107848,1961.2500495142388,100.0,1
4341,8.306402217447004e-07,-0.4354289100362392,-0.07472440678731757,-1.5,-124.33049338841553,94.70018540770684,1958.3123064423792,100.0,1
4342,5.245606924236848e-07,-0.31132117256231684,0.3019262504213063,-1.5,85.2243978569297,37.61107321074071,1962.3290996792539,100.0,1
4343,5.246653794208502e-08,-0.13941398120532203,-0.13763091286446916,-1.5,-109.64184624486856,109.6979092059865,1958.407087541807,100.0,1
4344,5.219699424064213e-07,0.08852436328997115,0.013216965926768097,-1.5,147.83067346043893,27.01710432562639,1958.7826460136466,100.0,1
4345,4.258023952528563e-07,-0.07848612722277276,-0.25607548490219506,-1.5,49.62489055856275,16.713388249519188,1963.8409607593999,100.0,1
4346,1.806654841735711e-07,-0.15016799826558186,0.3950019622002074,-1.5,-120.9062363109834,-60.039899762358395,1959.895450967671,100.0,1
4347,1.357459884644246e-07,-0.08786616221573658,-0.12823695762829748,-1.5,111.43227327991835,-93.32687123523533,1959.1544680915904,100.0,1
4348,3.0034225561012326e-07,0.27059868047293767,0.2267222900067335,-1.5,-60.965912262746144,-20.120656871060103,1963.4896493170468,100.0,1
4349,1.8667146901375235e-07,-0.2830038663938474,0.35779172984362734,-1.5,-14.611277796205362,102.09869257322838,1961.829669926044,100.0,1
4350,6.837404533314037e-07,0.15770112947380283,0.10331035129572512,-1.5,-4.945419647134169,-9.680521952469073,1964.5088741426882,100.0,1
4351,2.7661733757330395e-07,-0.49920512715495563,-0.010535867682814344,-1.5,18.81281089108121,90.53728031912136,1962.3614257534018,100.0,1
4352,8.384985744635073e-07,-0.37733928065743305,-0.25809438079463237,-1.5,-102.75350227910933,-80.16847326962277,1960.2112181928574,100.0,1
4353,5.880525507960858e-07,0.3124950907997924,0.37336502846512876,-1.5,-147.58481566236435,50.392857447218816,1958.3392373055137,100.0,1
4354,6.890615278349933e-07,0.05947097348710477,0.1715449344652304,-1.5,-73.02369689972079,-23.69255761952369,1963.0383309224185,100.0,1
4355,2.1511957553480615e-07,0.41611559532395365,0.27384075807422614,-1.5,148.11556847883,57.106605177763925,1958.1148843429476,100.0,1
4356,1.892088308182662e-07,-0.20573826832794612,0.4486445949024864,-1.5,-2.997938936237623,154.73237598344514,1958.4336063422684,100.0,1
4357,5.763278518680177e-07,-0.12205459502207808,0.05370102692844712,-1.5,-95.36843027641991,60.426193864798705,1961.2921311899859,100.0,1
4358,8.308520962109619e-07,-0.09027549942016917,-0.1722470760073918,-1.5,107.6762804217366,30.496505906818157,1961.3487879589766,100.0,1
4359,7.38790137690418e-08,-0.2132809226280789,-0.42679359434344843,-1.5,0.23736295764350623,-46.76143383392596,1963.9823314456657,100.0,1
4360,1.6667530053193982e-07,0.04104964567597621,-0.24871414610607684,-1.5,-155.87130244265748,-57.658129842331036,1957.4966062305307,100.0,1
4361,2.830310006758834e-07,0.22708798092237442,0.424759797914204,-1.5,81.45910872863345,113.02378713933706,1959.5926422121383,100.0,1
4362,5.521575238590592e-07,0.21592092616910658,0.38444135451351263,-1.5,58.5367342693311,2.9620928801935604,1963.6644221997255,100.0,1
4363,2.0114234727056705e-07,0.1706444996792962,-0.21366388990600857,-1.5,-125.54104056348856,-64.51997377632017,1959.4616368748511,100.0,1
4364,2.8257251282443255e-07,-0.2695683531691131,0.12956765182337532,-1.5,-78.9883823705071,-62.26598776614931,1961.9625553216165,100.0,1
4365,6.004638923853796e-07,-0.0966572462684814,0.12795264233492826,-1.5,60.346781659644016,43.798198811190446,1963.1233455874212,100.0,1
4366,1.0615113335077212e-07,-0.16403772053849142,0.040157873913429835,-1.5,71.89248762462103,73.18752642158334,1961.8583900132967,100.0,1
4367,6.975284634932714e-07,-0.1625822994150894,0.424523902422617,-1.5,99.4364284275072,-17.421956026751513,1961.9434646329426,100.0,1
4368,6.079586729737096e-07,0.10709564434764703,-0.40450802296115557,-1.5,130.05672365562825,-85.4908593219484,1958.3640743923204,100.0,1
4369,4.952348697747652e-07,0.2761230447109738,0.2837979099058245,-1.5,-18.01651967440041,38.03415916856132,1964.088107499583,100.0,1
4370,7.395740611290769e-07,0.4116146400938163,-0.23569756287823307,-1.5,83.8723606920716,139.91829562181823,1957.7542194893504,100.0,1
4371,6.126743108514041e-08,0.30314771683181363,-0.3808391270924506,-1.5,48.2179548698321,-116.92739532573667,1960.463286908643,100.0,1
4372,5.414038179573132e-07,0.17544369658704317,0.0420500040033762,-1.5,120.11696560444416,-106.65978180960538,1957.9603907598434,100.0,1
4373,5.527460593599382e-07,0.2295481249147055,-0.37459014495080917,-1.5,-143.0204227887722,-24.33623944378966,1959.1748753955546,100.0,1
4374,1.1788286529415033e-07,0.1374401280662456,0.4179145853898718,-1.5,-17.893843895722163,50.50301979492186,1963.8081733225272,100.0,1
4375,2.3191972062212362e-07,-0.27282782994958776,-0.21050238647175237,-1.5,-121.98159276410809,31.15081074035209,1960.5008044586673,100.0,1
4376,2.479709769261764e-07,-0.35399936931213005,0.30748704289309237,-1.5,118.49725508795173,97.5616589872646,1958.5334843955068,100.0,1
4377,3.854964925412331e-07,0.05874222049174499,0.19122327185950266,-1.5,127.77381307847149,103.31635801278807,1957.6549412816582,100.0,1
4378,2.6080746828461693e-07,-0.49416039098383635,0.02080781948134841,-1.5,-34.95154638185741,-74.02013649930645,1962.8328240235521,100.0,1
4379,1.224612892256753e-07,-0.4519320861207891,0.06891408369016663,-1.5,101.12813711794982,129.679945047149,1957.6438639348457,100.0,1
4380,4.2897333055884065e-07,0.19467725615390638,0.431789211097956,-1.5,67.68619771583276,20.03711731293105,1963.2703274981498,100.0,1
4381,2.578401848855601e-07,0.45244507561124236,-0.18306084178051907,-1.5,64.286533397311,77.75534505447418,1961.946644077088,100.0,1
4382,9.018811342404768e-07,-0.1455902305923747,0.16586598366452335,-1.5,-119.35762788746071,-102.67308277793839,1958.2199266180712,100.0,1
4383,4.695421316957586e-07,-0.12254817434451976,0.06947639841449194,-1.5,-50.60456249192036,66.38000028387074,1962.7649273622774,100.0,1
4384,7.218949420145102e-07,-0.018830969137485172,0.23325288725608917,-1.5,-141.3015857951131,-14.972712747444113,1959.393519942051,100.0,1
4385,4.387936484039558e-07,-0.3171054183477071,-0.07881095647826244,-1.5,-17.101835990100387,53.61055079435954,1963.7328541111249,100.0,1
4386,3.599636691984178e-07,0.4217289738147401,-0.06463611242835285,-1.5,50.80619770214698,39.055099828428865,1963.493497753067,100.0,1
4387,4.568165550389615e-08,0.2052248370191726,0.10608694857243978,-1.5,-55.81120150632128,160.90235805258658,1957.1430267677601,100.0,1
4388,6.305052755409652e-08,-0.31461744605919706,0.23574198785978426,-1.5,-12.708262640608577,20.48642288170907,1964.391023397404,100.0,1
4389,6.508247597692809e-07,-0.020644021299009517,-0.46862960604029,-1.5,91.8888966656375,-77.30715680931439,1960.8654518966268,100.0,1
4390,8.112838354799782e-07,-0.05349790734014504,-0.019837243487315425,-1.5,-78.07258080986415,-134.21248064416764,1958.3934661939509,100.0,1
4391,6.1554828737028e-07,-0.412352788172944,0.24679177568749308,-1.5,106.76373491332502,-73.42186101221027,1960.2612125681087,100.0,1
4392,8.260118171146417e-07,0.4610211655159018,0.08343774703421726,-1.5,-113.09488536575532,-52.42892967134842,1960.5800265492237,100.0,1
4393,4.627788965352101e-07,0.021046815236734663,-0.17224063472146128,-1.5,-49.705939973926,-47.08715986026883,1963.3454625138525,100.0,1
4394,7.900290493417761e-07,0.04608810477470776,-0.3532334416605483,-1.5,110.02578057516746,-103.9352330678048,1958.6998445913293,100.0,1
4395,4.5527032885338516e-07,-0.06805506692471346,0.17763788415295717,-1.5,115.43815608410209,-98.05459815279538,1958.691556669178,100.0,1
4396,8.23215893872123e-07,-0.2865881476077187,-0.24142964439799894,-1.5,108.10945705728751,81.02492633959892,1959.8879031395065,100.0,1
4397,5.624435292399757e-07,-0.09071421891744448,-0.2126062694052173,-1.5,165.6618818436849,-17.62076228656371,1957.4623715174146,100.0,1
4398,6.258852065301603e-07,0.24991477709604226,-0.17738988797153593,-1.5,-81.50262867998757,-91.49181477905486,1960.7141187875447,100.0,1
4399,3.852357853392223e-07,-0.03208600754739346,-0.03869441470271873,-1.5,29.89197094165149,-134.79486415574718,1959.681122258565,100.0,1
4400,7.070803256991864e-07,-0.1595043589532602,-0.4405241910927304,-1.5,-54.21951449108526,-5.940149051571729,1963.781618496244,100.0,1
4401,1.334768072100963e-07,0.12298907196645543,-0.4164897772590938,-1.5,70.39344305928567,61.72388884659744,1962.3068595370203,100.0,1
4402,2.3535478787410862e-07,0.10369316787409613,-0.18900079462255892,-1.5,49.13560195859962,-93.69989117990632,1961.6878725422073,100.0,1
4403,7.851245739676094e-07,0.1208430341420387,-0.026256782185667495,-1.5,105.56196520256844,-101.82068280381893,1959.0565347437187,100.0,1
4404,9.89724025312552e-08,0.42258168791043793,0.14529704776167668,-1.5,-105.15432702193512,-58.256454170199554,1960.8574755249833,100.0,1
4405,6.420684968729931e-07,0.12647306055048965,0.15233742226404187,-1.5,113.09244157550177,-50.70832526387363,1960.6254236017537,100.0,1
4406,6.529792925326703e-07,-0.21345126151340174,-0.32124062952212773,-1.5,36.03775849257223,161.8573132433168,1957.5282313107562,100.0,1
4407,8.891792725587149e-07,0.01590178445189821,0.0746562368675452,-1.5,-120.41316097024897,-15.699254727643112,1960.7823668965102,100.0,1
4408,8.220698430413496e-07,-0.31647017611890016,0.11440926974799807,-1.5,-114.72879547335712,-92.43792326237215,1959.0063348795745,100.0,1
4409,5.428783567992721e-07,0.33680347846481695,0.1985416619889213,-1.5,62.17622733281871,129.53432968207446,1959.2774842922595,100.0,1
4410,3.1333305856300685e-07,-0.13751919418809688,0.35121402695883,-1.5,56.966001036398126,-6.0358165252507225,1963.7035748582132,100.0,1
4411,2.494807324535664e-07,0.23273490991272594,-0.17468608050462614,-1.5,-103.60685891796106,-75.45744456155104,1960.3533046651376,100.0,1
4412,6.111592538407274e-07,-0.19735346604449097,0.3138127648601651,-1.5,-49.20517013702055,-24.349582737135684,1963.7716861484803,100.0,1
4413,5.856462976366964e-08,0.004868438675139846,-0.45010527738397055,-1.5,-56.10647057124892,-72.39898302122796,1962.402542161944,100.0,1
4414,3.8180348809303e-07,-0.016761209430731908,0.36340404082192734,-1.5,82.31796725354204,40.4799468020417,1962.3960895905495,100.0,1
4415,8.78308911407612e-07,0.11728558038009612,0.036032240314138035,-1.5,-79.1571199019312,-1.6922758862513285,1962.9428348368394,100.0,1
4416,7.912040057783678e-07,-0.04281572303667442,-0.17602990970980695,-1.5,-46.28151298960534,-3.7858382617560293,1963.9900649570964,100.0,1
4417,5.928675150151241e-07,0.09389846762916743,0.05927453079175446,-1.5,67.82644054692231,-111.1989242995727,1960.216227731901,100.0,1
4418,7.801994618590387e-07,-0.4723915050782962,0.16185544757886847,-1.5,-53.061716931598916,-112.5807348061642,1960.5925937361148,100.0,1
4419,7.825601122801179e-07,-0.08146871983135674,-0.381373188087323,-1.5,42.19497385427324,-97.51308815555463,1961.6635970741609,100.0,1
4420,4.632832141149399e-07,-0.0006337993896850519,0.4195933834658812,-1.5,-161.63502703925943,-41.70514721098048,1957.4340563595647,100.0,1
4421,1.8982243485235555e-07,-0.36541742455148846,-0.1352064458588321,-1.5,-114.93278169677487,82.59655192887315,1959.4339875502399,100.0,1
4422,1.27470290648874e-07,-0.0012255695493455405,-0.3632631021037501,-1.5,-78.20053851671466,-88.95434741310042,1960.9653454658846,100.0,1
4423,7.979759774644981e-07,-0.22509510466734797,0.34915933877997246,-1.5,-130.9202535038187,-50.908872165366034,1959.5105154664207,100.0,1
4424,3.2169958405758104e-07,-0.04306894502661211,0.3952349125124824,-1.5,-112.48172356399128,37.94965265188611,1960.94899780535,100.0,1
4425,8.091725651703479e-07,0.3916716150411082,-0.0007662693140783307,-1.5,9.21121137804605,16.42130842555378,1964.4487217742978,100.0,1
4426,4.875954434383529e-07,-0.22794052373191914,-0.23247110348188704,-1.5,156.11709946834193,-66.29368697815543,1957.2035879250184,100.0,1
4427,3.827824646517066e-07,0.28331526424664477,0.08580980064276514,-1.5,36.817492603171274,-163.5426660193731,1957.3736370187023,100.0,1
4428,4.804908023334863e-07,0.004335772592073964,-0.44218700468896555,-1.5,-93.8767236633394,38.000158779624726,1961.9267149802236,100.0,1
4429,8.112438334417226e-07,0.48204587670959,-0.09600299753577415,-1.5,-82.79186391357678,88.5999504164497,1960.7929116360172,100.0,1
4430,2.868879489752032e-07,-0.10617071812835162,-0.09426472621941466,-1.5,-53.46194910859149,14.518864728304731,1963.7577011511994,100.0,1
4431,7.210508458908644e-07,0.10301385034849028,0.061739434691222526,-1.5,104.94710046102922,49.404126771443025,1961.1115788319912,100.0,1
4432,3.937461631575007e-07,-0.05539367509812174,-0.03231922046714482,-1.5,51.976162890320396,70.89919684713655,1962.5710353115276,100.0,1
4433,6.700701790474799e-07,0.05781563606750388,-0.1790268512067101,-1.5,36.297628818858655,104.52608286724264,1961.4204206158072,100.0,1
4434,1.82901074181437e-07,0.3335687264092848,-0.22563673687569477,-1.5,43.64804298042212,-72.22857166813937,1962.725443877694,100.0,1
4435,7.817964284909575e-07,-0.2217763680887576,0.05418133598250416,-1.5,132.3268247756234,11.197867154406364,1960.0452814876817,100.0,1
4436,2.709443623637024e-07,-0.10795880812601727,0.01611776391341193,-1.5,-13.66546440288647,-72.07903749622999,1963.168651365033,100.0,1
4437,1.694798714354361e-07,0.13755061306120675,0.17443756830332732,-1.5,-156.3292998293611,33.74137422692338,1958.0183747723797,100.0,1
4438,6.421390511233804e-07,-0.3319204024522291,-0.36699382789261215,-1.5,46.16949756822963,-79.32331091380335,1962.3938126956323,100.0,1
4439,3.162547257961683e-07,0.009697265699311468,-0.42768362898195933,-1.5,103.48515171055776,-95.23957566313415,1959.4982860082018,100.0,1
4440,5.358318410018623e-07,0.24899668414930448,0.4145506362599195,-1.5,128.07089830829938,-75.56714987820791,1958.9029422439287,100.0,1
4441,6.870031245060755e-07,-0.3212035099431339,0.30834960207430184,-1.5,-123.7573697381725,-42.14696903364226,1960.183928284001,100.0,1
4442,4.639520599255277e-07,0.053874818904016845,-0.09021549673486401,-1.5,-5.4329042440206825,132.3707950836854,1960.0667698898728,100.0,1
4443,4.950290948862643e-07,0.23986615621731128,0.16661386355242783,-1.5,72.0032240220511,-26.62456998253686,1963.038449513867,100.0,1
4444,5.513826218210381e-07,-0.2468434870967666,-0.3044914577557798,-1.5,-55.30563538473715,109.50625055507537,1960.704708529612,100.0,1
4445,4.496190566067847e-07,0.19780008386808062,-0.31818137835243215,-1.5,-57.32095642631263,-94.77770891772795,1961.4139746909143,100.0,1
4446,7.123069579802645e-07,0.19487603789281513,-0.08283870988237141,-1.5,68.3837501427543,78.54322488351227,1961.7767229752326,100.0,1
4447,4.242154139867761e-07,-0.02144053235988469,-0.02859659669038426,-1.5,-94.017787890029,-39.63437753425968,1961.88762622732,100.0,1
4448,3.0836097948766487e-07,0.39705892659056097,0.26987142174952683,-1.5,-96.18158991573726,76.08432122177166,1960.70741419816,100.0,1
4449,1.9954962221545984e-08,-0.4923612284666208,0.03524273239905235,-1.5,-23.476728953920876,135.7708559165854,1959.7011007159824,100.0,1
4450,4.522412106820015e-07,-0.4317944638567021,0.11293463490604218,-1.5,-46.10465976924499,-37.20343961324046,1963.6454747979935,100.0,1
4451,3.4900770788423704e-07,0.026336358039169144,-0.31601518411022633,-1.5,-11.108841472342268,-95.41284528116967,1962.189152162101,100.0,1
4452,6.375320275043317e-07,0.28122316086285964,0.04377180255594433,-1.5,6.0148225679911995,104.03625810478547,1961.7730666861448,100.0,1
4453,3.4037167349741343e-07,-0.4266526506836276,-0.11558015548347145,-1.5,-162.79696398408905,-8.027081845716571,1957.7655632737892,100.0,1
4454,8.653068786789194e-07,0.2589462937881435,-0.3004801422826992,-1.5,-82.89382034500974,-67.91275317347653,1961.614069783131,100.0,1
4455,5.488901065099916e-08,-0.10580315594444813,-0.2218592342143077,-1.5,-80.96086950986344,148.51312366831837,1957.243591373495,100.0,1
4456,8.293590637502843e-07,0.18516023276367785,0.26530685313064134,-1.5,-39.83586834382254,-5.353562836983209,1964.1277273192736,100.0,1
4457,2.221873351353373e-07,-0.37400534520654494,0.09622966863279453,-1.5,59.827248137199625,-116.20006866685456,1960.1866060883794,100.0,1
4458,3.9583641671825196e-07,-0.21609016066138528,0.43913697994090584,-1.5,124.03583607751472,-64.8424398277287,1959.5468495628959,100.0,1
4459,6.030557170832613e-08,-0.2051515196905776,0.17034674239112962,-1.5,76.91680509329349,-2.444308521255082,1963.0311043679935,100.0,1
4460,3.8135613370609526e-07,-0.3253078476670892,0.15670514258611265,-1.5,-12.246863852281273,-130.0643575665327,1960.190440616095,100.0,1
4461,1.477217170975102e-07,-0.15413568452895784,-0.2695681933089571,-1.5,-51.67762693778677,48.78301328680055,1963.253148922693,100.0,1
4462,8.091708404039981e-07,-0.2479283246475312,-0.03283789462280066,-1.5,85.36313637538669,-105.48341459983726,1959.8468487253404,100.0,1
4463,5.019783132835597e-07,0.2815105552714094,-0.11258607180630133,-1.5,43.365875168147845,8.355617884765532,1964.042481920082,100.0,1
4464,6.262991212781228e-07,-0.2264732913547688,0.38094990147655555,-1.5,-144.03876361562678,-22.276523994282396,1959.1247732906,100.0,1
4465,7.24471064480778e-07,-0.17045569004132874,-0.16140806170515837,-1.5,-161.57677234256712,32.46717501065824,1957.613883137407,100.0,1
4466,7.466772169625669e-07,-0.27017030183721125,0.07711677368728831,-1.5,44.93372394110141,-148.5560361022641,1958.398670050738,100.0,1
4467,8.663625031024154e-07,0.22772975824915542,-0.08783661989379325,-1.5,-56.64350369331369,-37.86750773735064,1963.3570362043777,100.0,1
4468,3.9332873913495513e-07,-0.4364669531915619,0.08737805803594843,-1.5,115.18840517800078,67.48442646002007,1959.9976453465556,100.0,1
4469,3.900106333929243e-07,-0.47226690773913677,0.03672767187370907,-1.5,-56.68087300144985,-16.736182654189225,1963.6497816800454,100.0,1
4470,8.701963383416835e-07,-0.1346456070951408,0.2278842353352494,-1.5,-64.72896919193087,79.58098485767545,1961.858892393274,100.0,1
4471,1.4738093070809572e-07,-0.2363017249146818,0.2715899905021257,-1.5,10.505296814584652,-152.7898527166431,1958.5602329037,100.0,1
4472,7.663834446910575e-07,0.021305274553506386,-0.23698214774655663,-1.5,-71.34001489069021,-96.16612957417495,1960.8865250351053,100.0,1
4473,4.4181083563554245e-07,-0.3756780708373223,0.2576934038969573,-1.5,-103.34297433462406,-0.7173585292392648,1961.818799308067,100.0,1
4474,5.785013296314886e-07,0.41901811743379136,-0.22215936985609322,-1.5,-45.151599857046584,101.81458273670162,1961.3792111773366,100.0,1
4475,3.437022353279358e-07,-0.22681568114581527,0.42437972504858074,-1.5,82.75356851582774,45.77734461782191,1962.2613403631456,100.0,1
4476,7.016548190244639e-07,0.04554264007323965,0.27590709836150457,-1.5,-3.742020834432118,42.329333492192184,1964.0793036617215,100.0,1
4477,6.629414899265504e-07,0.10224858869192541,0.3879344881295899,-1.5,85.75205684477838,85.27785331221553,1960.8129841337447,100.0,1
4478,6.396184054853457e-07,-0.022663674636504275,0.09748865903573697,-1.5,-79.8402580021328,102.8212504486839,1960.2210614939463,100.0,1
4479,3.377926606637545e-07,0.16335825053493513,-0.3009114670353137,-1.5,121.52076029488838,8.114392587541913,1960.7600943808548,100.0,1
4480,9.299893954495244e-08,-0.047510041945321685,0.18409214739967059,-1.5,165.70765460662244,-37.036300289334534,1957.1874135942583,100.0,1
4481,3.9640411075353847e-07,0.08088847783853702,-0.10888150816317752,-1.5,-138.00290710381375,25.83192241238981,1959.5155512731985,100.0,1
4482,4.5915930151005227e-07,-0.45621957291014664,0.03598662387863512,-1.5,133.04877950295275,22.209085288961766,1959.9025651979573,100.0,1
4483,2.0132141879133147e-07,0.2383635745831767,-0.1010335458857705,-1.5,-13.245209620929932,-31.835186825420383,1964.2363329212753,100.0,1
4484,7.82727194131804e-07,0.05832223978455459,-0.07007449565870713,-1.5,-121.1721618576403,-88.65775981008274,1958.7930965475487,100.0,1
4485,8.577686850077756e-07,0.3228231782946129,0.34793216244824343,-1.5,70.57662858699297,-12.613665152040019,1963.2302771745492,100.0,1
4486,2.0782397145605863e-07,-0.4045523230040701,0.13219831414803057,-1.5,-58.84163126973705,125.88494694925204,1959.6183120258984,100.0,1
4487,2.4813528670388268e-08,0.1036270955596069,-0.44308747909573826,-1.5,-11.888610343273355,-64.84289892382384,1963.4325416650788,100.0,1
4488,3.8672376241544737e-07,-0.17263792650060233,0.43429666907852077,-1.5,64.34944928903148,-5.3614450154908155,1963.4774481897355,100.0,1
4489,6.285134020772442e-07,0.0642119022285803,-0.4781086027611664,-1.5,18.927745296190174,-143.4557155423838,1959.2027675568338,100.0,1
4490,2.741772777988534e-07,0.2599748589989784,-0.10112957002855512,-1.5,89.91811036934831,38.98489328266117,1962.0928106971587,100.0,1
4491,8.02148286509202e-07,0.14151609609681762,0.30994755904302046,-1.5,-19.89423734887119,114.01705526339161,1961.1266192409664,100.0,1
4492,1.7455318027294478e-07,0.056957571893744875,0.13626491045860206,-1.5,-69.77411140303019,-23.810586031225036,1963.1550920996788,100.0,1
4493,8.530053086754628e-07,0.3276011304967453,0.03571449143215166,-1.5,65.65778886042695,-5.422350020194569,1963.4339660778892,100.0,1
4494,7.279281918233972e-07,-0.10629235950232388,-0.23986867624903016,-1.5,-2.5174358972332587,-137.16198971370434,1959.7432325078742,100.0,1
4495,5.004051196562857e-07,0.20936425996055985,-0.2528663532939135,-1.5,115.48400329926741,74.69095242285239,1959.7188555694088,100.0,1
4496,2.3576768359183956e-07,0.2679771954459818,-0.10907450422335778,-1.5,104.54011570083324,-120.32533281584041,1958.0619154557255,100.0,1
4497,4.884986535374278e-07,0.08502086984712952,-0.4126281848835281,-1.5,104.78285852744008,-48.14745171041125,1961.1516161986924,100.0,1
4498,1.5445873649623678e-07,0.3166304725190144,0.31218096820506874,-1.5,25.816585438858873,-91.7898593330545,1962.2235886631338,100.0,1
4499,2.573353639991094e-07,-0.1758437213157403,0.2548516177451899,-1.5,24.82062918381416,36.641199065482134,1964.040387864795,100.0,1
4500,6.116536728528653e-07,0.1857846944909874,0.14528169820314385,-1.5,33.38731193860215,35.0560470270634,1963.9423737051152,100.0,1
4501,8.015068776776116e-07,0.46505469577661224,0.16190352218658627,-1.5,119.86424532227511,95.98542498352316,1958.5281839049917,100.0,1
4502,3.0358570919826726e-07,0.050681137919173114,-0.3994481413907445,-1.5,-13.203503955150165,50.366530597504884,1963.8488145335955,100.0,1
4503,9.64815870551913e-08,0.4666830824113875,-0.12174206068805468,-1.5,-41.84305162528383,-62.888642691065996,1963.0862089875957,100.0,1
4504,4.958773133609592e-07,-0.10437662439186388,0.16337699947129972,-1.5,87.34052902650356,-134.29951109229714,1957.9960570889493,100.0,1
4505,1.7969285457723632e-07,0.23697770693769626,-0.19630335127531598,-1.5,-102.417846632436,27.3417101537966,1961.6769106667825,100.0,1
4506,5.739376619450343e-07,-0.31544033204999655,-0.29505550950957454,-1.5,63.997384488728414,48.1378230989234,1962.9061034680262,100.0,1
4507,2.6420974898962698e-08,-0.22850233482721746,-0.12379668789395698,-1.5,-78.44047103298469,-36.69558455858295,1962.6293111140878,100.0,1
4508,7.073714502224473e-07,0.3006467260116776,-0.19185558395272562,-1.5,-106.4606207664679,25.17804547934325,1961.49062922003,100.0,1
4509,2.2677029467837883e-07,0.0808284917196769,-0.17854811266161544,-1.5,78.99190857273524,-13.824935053351988,1962.9015349265328,100.0,1
4510,4.7307052208634434e-07,-0.42013091695755833,-0.17689529417455682,-1.5,-20.51768420990886,169.98133015936077,1957.0637849334519,100.0,1
4511,8.097464116991572e-07,-0.41568816762981,0.16895285895631296,-1.5,-104.96097350305457,-29.86933161092359,1961.5056215408965,100.0,1
4512,2.0854225894994012e-07,0.24748280377623544,0.22853341955067033,-1.5,121.33110026184274,-27.861829940285258,1960.5906683465982,100.0,1
4513,8.735457569005035e-07,0.25663462307226254,-0.40086734101318466,-1.5,-95.38268963058204,47.8113745275723,1961.639493192047,100.0,1
4514,6.724941193782448e-07,-0.43824899871383155,0.0899999292042221,-1.5,-5.5829098513450734,113.54806984481102,1961.2467853939852,100.0,1
4515,7.372686956577437e-07,-0.014519768743851172,-0.4975278695955848,-1.5,-92.63049782751422,-90.7767683082117,1960.253161067181,100.0,1
4516,1.0996042555868663e-07,-0.12457946205790316,-0.14741282120409607,-1.5,-48.62437127304422,82.6908918970585,1962.1954982064608,100.0,1
4517,1.5218789459936054e-07,-0.049924313935795196,-0.08775538525735972,-1.5,-28.715410648744907,71.4010297073568,1963.0309738804772,100.0,1
4518,5.113170195964681e-07,0.4903642562491368,0.04647397347280987,-1.5,-74.93416315343474,106.40222842103394,1960.2236411301808,100.0,1
4519,2.660252019518629e-07,-0.4279061551940284,-0.21304800770075,-1.5,-121.45617109126427,-14.723806749775427,1960.7256040264217,100.0,1
4520,6.172651304347545e-07,-0.3643260569775596,0.23031262433899022,-1.5,-3.1451513272365634,-115.32189628037187,1961.148707907577,100.0,1
4521,3.3322929796822316e-07,-0.44164337191740055,0.20036245151137205,-1.5,-47.264366729947774,64.9616501096925,1962.8956543634138,100.0,1
4522,6.71283483741102e-07,-0.41554329439544696,-0.26188788674860203,-1.5,-84.29284949903725,-28.88918473490529,1962.5171124845806,100.0,1
4523,4.762105320871594e-09,0.31215570161894873,-0.35103811356123654,-1.5,119.133428012554,114.36373230292384,1957.5856173689706,100.0,1
4524,6.317877658166698e-07,0.24188512871842355,-0.12017795613742806,-1.5,-87.89543123565679,-64.51940545116886,1961.5108783165738,100.0,1
4525,2.963706662284886e-07,0.2417658031804465,0.2734568861801601,-1.5,159.04731367896977,45.140441970650684,1957.5698145344213,100.0,1
4526,2.8094637602995375e-07,0.012276724474177391,-0.36639503440468296,-1.5,-163.44287336378414,11.123415757954678,1957.6966013748395,100.0,1
4527,1.8015136515996186e-07,-0.2493724382663337,-0.1447037118421932,-1.5,150.041480664655,48.73206848122111,1958.1945832443798,100.0,1
4528,5.049442711703288e-07,-0.31720671219412994,0.1628087793330037,-1.5,158.45687615347578,29.901930801344196,1957.909747460328,100.0,1
4529,7.803319492802122e-07,0.1787446022315288,0.18858673040437562,-1.5,-11.819576578426245,70.11406709937405,1963.2517926823402,100.0,1
4530,7.003410532668954e-07,-0.3560260600157233,-0.3267043931385373,-1.5,-128.75781025756552,-88.74291972233918,1958.3052384046166,100.0,1
4531,2.8326068174804036e-07,0.12722634907634175,-0.37425066810999247,-1.5,-76.05563037817602,103.36119211106629,1960.3431565211456,100.0,1
4532,2.627405697741176e-07,-0.2824094792277273,0.3724096507042845,-1.5,-104.82291191109839,125.29879697216207,1957.7348275192783,100.0,1
4533,3.9734626416126787e-07,0.052523748034688435,0.0955052190412944,-1.5,-31.90008841792981,-34.907750437168225,1963.969734895239,100.0,1
4534,7.053126558919792e-07,0.04280428996683007,-0.4080682659200879,-1.5,50.59186625819828,20.6023262174784,1963.779339307009,100.0,1
4535,1.2587132534872576e-07,-0.024753141496858515,0.23962312776213812,-1.5,-72.16774454007809,-64.49847159024628,1962.153166823796,100.0,1
4536,6.632250771103074e-07,0.015847469206299813,0.2541905834498646,-1.5,37.038858350089235,-124.6290727002472,1960.2318749260583,100.0,1
4537,2.775127964273043e-07,-0.31247972796717444,-0.05248687665344922,-1.5,-48.43863462653733,35.43221661712656,1963.622046873391,100.0,1
4538,8.016478890004125e-07,0.4676875263577363,0.06804088260338745,-1.5,47.46021340472742,-158.8325813553985,1957.5323817269766,100.0,1
4539,6.276062258442876e-07,0.02533101444374725,0.4475384443925423,-1.5,-109.20362551325191,130.54192908110747,1957.1526918441177,100.0,1
4540,2.0825593740275947e-07,-0.27692416643295353,0.3746030420135808,-1.5,71.50731932134923,-53.90578713376934,1962.4969186378598,100.0,1
4541,4.037587315905967e-07,-0.19689216281756555,0.2799089298034078,-1.5,167.83439768266675,17.715203265743533,1957.2764426094443,100.0,1
4542,7.295216301875199e-07,-0.21255110052783927,-0.4168627957655924,-1.5,-160.3447388603428,-27.878107641609986,1957.7859081371137,100.0,1
4543,8.68379129030893e-07,0.2678102991884862,0.369573550647495,-1.5,-92.04918941211291,100.98391213108717,1959.7812333230986,100.0,1
4544,8.340488988879935e-07,-0.06389701333253929,-0.15598742882132316,-1.5,122.80523454830903,21.612707172847063,1960.5777341187793,100.0,1
4545,1.0928845791527329e-07,-0.22412675894990433,-0.21807235352013532,-1.5,44.63887591034314,-43.29778692329729,1963.5544195848347,100.0,1
4546,2.5356558836140264e-07,0.40304277189927745,0.18031862878358548,-1.5,-135.68246398185988,-12.002625782609408,1959.8110858468642,100.0,1
4547,4.567601499779236e-07,0.18597016658751503,0.02254941541364872,-1.5,5.621292942741025,-115.28178382270553,1961.1455319915547,100.0,1
4548,6.960503159870334e-07,0.22009790298514825,-0.4001951294195421,-1.5,-37.296353411648795,48.51653604630549,1963.5856013982157,100.0,1
4549,6.280550888176602e-07,0.36563665882867624,0.08060698650834784,-1.5,-116.78559632041782,-45.37580625640699,1960.5395805657167,100.0,1
4550,8.323202418467223e-07,-0.011380332399831748,0.4104374917635117,-1.5,-51.52660847033834,145.83694925577385,1958.4406754143574,100.0,1
4551,4.856633538995011e-07,-0.42270476748545394,-0.17455787673100126,-1.5,27.743157763859415,54.32432300572304,1963.5917272675067,100.0,1
4552,1.5888271293158316e-07,0.3148402134891627,-0.2217964295893747,-1.5,-147.30793247906826,71.08099364379702,1957.7183535017195,100.0,1
4553,6.349835943723478e-07,0.20006247488028597,0.3201591694214425,-1.5,-99.01318971606703,-137.62589777764697,1957.2094386624233,100.0,1
4554,1.6579710146174602e-07,0.41125604736678745,0.21368098640385524,-1.5,-87.63174139151305,-75.79964673316431,1961.1191645899414,100.0,1
4555,6.881848728718461e-07,0.42977587842656695,0.1329066881534433,-1.5,-75.40954985495449,-17.209198026476287,1963.0156722655297,100.0,1
4556,1.6142966005785637e-07,0.13894054393115085,-0.37868616550619333,-1.5,115.50778383052443,95.09595442568755,1958.8333256284363,100.0,1
4557,5.650987949258255e-07,0.15685780268359373,-0.08981585422532117,-1.5,-109.35939124709361,73.42842985267978,1960.1178728590703,100.0,1
4558,2.743368034171209e-07,-0.30303481501478435,-0.10825191823088948,-1.5,-143.83965532046048,50.79814681801095,1958.607410407527,100.0,1
4559,4.6098219482904944e-07,0.12405646600336762,0.0770262510787276,-1.5,62.91003822222577,140.64225058668382,1958.4880318007872,100.0,1
4560,3.2388035280855623e-07,0.06276301501221707,-0.2485081412852361,-1.5,-100.00402524980142,16.0065783051684,1961.9266731075677,100.0,1
4561,4.2887695822616816e-07,-0.2835249144101914,-0.29561837163697496,-1.5,-0.9042740893072907,-76.08354079722318,1963.0648902607015,100.0,1
4562,1.7010423298191428e-07,-0.03483669192807598,0.37958746002955057,-1.5,-10.278104588999385,-157.52050433169236,1958.1866452274865,100.0,1
4563,4.6192214330181996e-07,-0.33627441189562585,-0.09955755202266853,-1.5,25.89268187539489,-89.42567118370972,1962.33175192799,100.0,1
4564,8.714847001560131e-07,0.044187107348403816,0.22935296250309634,-1.5,-41.210464812251665,81.76680779123235,1962.4039270750864,100.0,1
4565,4.3178866032719616e-07,-0.039025167319526745,-0.4971133089276892,-1.5,164.83583158818215,5.447914133683889,1957.6038299723352,100.0,1
4566,2.6490609323664843e-07,-0.26485734415634643,0.1897047322739934,-1.5,-125.3738635230618,-22.75966174685013,1960.4021726188228,100.0,1
4567,8.403071533652951e-07,-0.3085998143909057,-0.29807840192037477,-1.5,2.8999058945926897,-150.11606104156638,1958.7930071932815,100.0,1
4568,4.99068290555982e-07,-0.0965428533535292,-0.23574209930894974,-1.5,-57.39979567149506,46.10751231948642,1963.1588440650212,100.0,1
4569,5.020597759977205e-07,-0.028954083679895947,0.3328697958092846,-1.5,64.20267063648289,-107.62770459284634,1960.5375743793716,100.0,1
4570,4.064675925364544e-07,-0.20171981065693498,0.18853194239897716,-1.5,-117.56931287874687,-35.30980730612718,1960.699864957244,100.0,1
4571,8.455701486319652e-07,-0.1285282710048148,-0.2599134279075488,-1.5,31.15450470329,-101.29778464908952,1961.6782207915778,100.0,1
4572,2.1816457369089123e-08,-0.2573690493445582,-0.3845175295553567,-1.5,6.178371122881454,107.35746059950918,1961.5936097087042,100.0,1
4573,7.929743284787198e-08,0.24168736145180006,-0.13785086191801363,-1.5,89.1946343543434,-136.95649777945465,1957.7284084327205,100.0,1
4574,6.421042636089811e-08,0.1874157237210489,0.11728910700518581,-1.5,37.03261235889927,-4.748381895815923,1964.184137181995,100.0,1
4575,5.607764813871285e-07,0.15546186527718597,0.3022549794875856,-1.5,-70.49748582954348,-37.135149234568956,1962.9224058655936,100.0,1
4576,6.011348314210227e-07,-0.03456007476946666,-0.016878367081011075,-1.5,-127.76845187508675,68.01643030024583,1959.1993962281601,100.0,1
4577,3.3534782596372417e-07,0.054038387180612296,-0.23584292036721294,-1.5,-54.813788508042315,101.08882267191215,1961.1705139498538,100.0,1
4578,7.965874541921367e-07,0.01255219471698653,-0.4798547324854091,-1.5,78.79605333945895,43.833253423418185,1962.468627555247,100.0,1
4579,7.007759192947553e-07,-0.32191724019522167,-0.02928120984071952,-1.5,67.8284563479212,42.90905304417747,1962.8987238119141,100.0,1
4580,3.230709240487197e-07,0.1304365566916129,-0.4766898826860599,-1.5,-116.10733095012688,46.817623887484295,1960.5459658113857,100.0,1
4581,8.10111954922957e-07,-0.20875522072454106,-0.3795824922930339,-1.5,27.367760977534196,95.57263846207465,1962.0219577524115,100.0,1
4582,1.5828110507610612e-07,0.0005965472536396962,-0.20620182530165027,-1.5,5.718262425072527,84.9313907023727,1962.6938749112992,100.0,1
4583,7.903324515359686e-07,-0.3131194298470182,-0.03884080259088203,-1.5,-64.38628358311645,85.20591933063112,1961.6339220312,100.0,1
4584,3.6767462285468366e-07,-0.04901591936435909,-0.08820432538583307,-1.5,95.6641036136384,35.75136804255575,1961.8826430826632,100.0,1
4585,1.2372772715167477e-07,-0.061389816751847286,0.0019198574277270388,-1.5,-30.293424232157882,-0.5700036276438992,1964.305289360665,100.0,1
4586,4.4979616184007395e-07,0.08123121789837344,0.22274280081397513,-1.5,-149.16363231536806,12.580216190942535,1958.8275154339665,100.0,1
4587,8.39758953734997e-07,-0.4042363591304088,-0.2017166067185419,-1.5,-140.3605127419904,-56.260754346580036,1958.710529978662,100.0,1
4588,1.7557669233763795e-07,0.11119596902393412,-0.327064634695213,-1.5,-108.44274088132057,36.94049025949141,1961.1957725825503,100.0,1
4589,6.647762894028534e-07,-0.16741928513670626,0.017115066124645945,-1.5,15.361922951065104,-163.1104950371081,1957.6956515245486,100.0,1
4590,4.4109450611774475e-07,-0.3827260512277732,0.2853354489433275,-1.5,-144.5908828941339,76.95484191116331,1957.6988315766175,100.0,1
4591,5.168255352893324e-07,-0.22235814012583086,0.3941836895741302,-1.5,32.565273432963565,-114.38611143005221,1960.9356457426845,100.0,1
4592,5.906698708290045e-07,-0.060495785071109066,-0.3214926990588556,-1.5,81.02636511933932,23.12463013987609,1962.7310732503759,100.0,1
4593,2.054857312200204e-07,-0.28998395832384005,0.3606078741163074,-1.5,-90.78637147385444,23.51454931341025,1962.299209343807,100.0,1
4594,3.792068988605466e-07,0.19970433944878516,-0.20839992863806955,-1.5,24.28353440176152,-31.78846147206525,1964.1316376303114,100.0,1
4595,2.1107714376401707e-07,-0.18186887014808495,-0.31488917543685496,-1.5,-3.5788047907740945,-6.000161337148567,1964.5265273053274,100.0,1
4596,6.01047633962093e-07,0.20430592097882405,0.08348091770930825,-1.5,131.9905284473864,-96.09104211004234,1957.7431645372988,100.0,1
4597,1.7587325714829774e-07,0.4103830064965128,-0.22039138721626161,-1.5,54.15041738013417,-78.73339287590687,1962.213564169287,100.0,1
4598,8.184901978129046e-07,0.3915077112156197,-0.2049346592591682,-1.5,20.29239402064408,-170.00914762646914,1957.063717596942,100.0,1
4599,8.032857749700489e-08,0.1406622253195462,-0.15727078704694408,-1.5,32.45045702406443,-67.76923869842976,1963.1015216720953,100.0,1
4600,7.053079647405652e-07,-0.31811307058051064,0.0102480646316094,-1.5,70.00125835091954,-131.6000979541101,1958.8758317754312,100.0,1
4601,2.378988651359315e-07,0.4174795754580772,0.21677451063235834,-1.5,98.04134493271572,53.818211484987785,1961.3527936254795,100.0,1
4602,5.353122904158825e-07,0.33382984907736557,0.1351959844005573,-1.5,82.97502013361003,71.16708705649917,1961.4952658673053,100.0,1
4603,7.379710569107084e-08,-0.37296098052500065,0.3238610943350176,-1.5,-8.005560317295677,-26.64553002031723,1964.3419287384959,100.0,1
4604,5.18982408676328e-07,-0.12774778190248248,-0.45425987471013995,-1.5,-89.81596255101094,118.57231956836488,1958.8994318671248,100.0,1
4605,8.608111892477477e-07,0.3769428609166206,-0.23061882837195988,-1.5,99.81219251057678,-59.06457319095084,1961.11248751471,100.0,1
4606,7.667068548939529e-07,-0.4906702536726449,0.04878351890689153,-1.5,20.736319585325134,-31.72556741331003,1964.1733069381862,100.0,1
4607,6.146783490510991e-07,-0.39966940313172145,-0.06158955632611527,-1.5,153.82699122503507,68.52405790663165,1957.3080995399762,100.0,1
4608,4.125531960175596e-07,0.2677864285709212,0.37778757381211536,-1.5,25.220794601684613,-150.5394624491184,1958.600282863076,100.0,1
4609,8.273910494814163e-07,-0.25985516751784604,0.3791339484548409,-1.5,48.09436248584678,-130.0415338558272,1959.6401246238133,100.0,1
4610,5.153052298875782e-07,0.14704843168465898,0.10050188232270686,-1.5,113.13960331574079,-51.09725612448938,1960.6126049896334,100.0,1
4611,3.0619603116273947e-07,0.13555441628672407,-0.4443373617658354,-1.5,-119.79784282116441,-14.471855638877107,1960.8295001136366,100.0,1
4612,4.489903375128998e-07,0.017376190415215948,0.1243970912488989,-1.5,79.94543098255878,114.09085596012578,1959.5931442310748,100.0,1
4613,5.414250600555375e-07,-0.17273774507288014,-0.010697320309873245,-1.5,-141.91846937121923,-16.057772785474874,1959.3403436490128,100.0,1
4614,6.271343260198344e-07,-0.21012103068028917,0.1633121869186569,-1.5,-103.78948119600453,15.550024085271264,1961.7337297936594,100.0,1
4615,1.315587211891671e-07,0.455744635464308,-0.00790031343092607,-1.5,19.316157626403275,-107.67614836030911,1961.490764544909,100.0,1
4616,4.6486681803891624e-07,0.10247704558736295,0.3893890258395161,-1.5,42.411315857224295,-74.47020111495104,1962.668784002866,100.0,1
4617,3.270353263944149e-07,0.3670529538991449,0.2478680746917433,-1.5,-119.81562023399434,-101.25805664372965,1958.2656381039856,100.0,1
4618,1.9513819102358962e-08,-0.07490375031789481,0.2740982721368069,-1.5,-80.77704675573679,-9.192158474086646,1962.8560464807754,100.0,1
4619,3.924805040944582e-07,0.013600133960360875,-0.4887773938528552,-1.5,161.43934666180584,23.210500176731227,1957.7568532116256,100.0,1
4620,8.04315329262012e-07,-0.07444977563160199,-0.4010352833790375,-1.5,96.41160259821399,46.6146301463589,1961.6179968094943,100.0,1
4621,4.362150403184548e-07,-0.3643267093122624,-0.3290550541597218,-1.5,-89.95610193367882,135.64244644462218,1957.7850527352452,100.0,1
4622,7.791970505253089e-07,0.018981915715429933,-0.2887280954267424,-1.5,124.16023061322836,-9.773410684110935,1960.5871579309605,100.0,1
4623,8.980016107931254e-07,-0.03751981598102462,-0.13716767763641582,-1.5,144.93380814795685,43.810398266914994,1958.6955165429763,100.0,1
4624,8.499407714944471e-07,-0.305638873614863,-0.13702785777654392,-1.5,63.30239256613792,-23.06757022428807,1963.3832994516076,100.0,1
4625,1.255577129659623e-07,0.27533792565271525,-0.022575203937542775,-1.5,-139.05248169158602,-50.657427220265745,1958.9567424190268,100.0,1
4626,7.949214071593284e-07,-0.43061540892508976,0.25357904212105814,-1.5,-82.50702590614054,3.828067688468193,1962.8018806899556,100.0,1
4627,3.906790940273617e-07,0.06123516600924636,-0.32614885249185965,-1.5,122.87679731397111,-77.49072802420552,1959.1604747999259,100.0,1
4628,8.464644317041822e-07,0.22006361121015297,-0.060121358948254926,-1.5,56.956793968711736,-12.089207728497756,1963.6759052713953,100.0,1
4629,8.756622045636277e-07,-0.03518487756440941,0.26383232147669133,-1.5,78.97452975895949,-4.329020641783021,1962.946145337606,100.0,1
4630,8.989173345376321e-07,-0.16960234840008495,-0.44400112218932686,-1.5,-2.621215562920434,-98.48388076304943,1962.0671091287763,100.0,1
4631,3.8370041901211253e-07,0.009887279867865976,-0.0012152137041145789,-1.5,50.8833143884608,115.28038248674991,1960.4934603299969,100.0,1
4632,7.268539116952795e-07,0.3033107377408451,-0.048841114583101586,-1.5,-24.580019551275903,157.26426702805196,1958.0799419893765,100.0,1
4633,7.350005999201713e-07,0.4253837258647114,0.2297891520363117,-1.5,-75.69891625072724,33.791069286639036,1962.7891185710864,100.0,1
4634,7.972376488357277e-08,0.011131631434003702,-0.34026125411198815,-1.5,119.22316369699656,-1.1902961543407087,1960.9175675431325,100.0,1
4635,5.962089424764949e-08,-0.19696743412430615,-0.2403518009965941,-1.5,-99.2197578374386,-0.04673477641650992,1962.03178458879,100.0,1
4636,5.013618251855574e-07,0.09324868757156131,-0.3929250492361357,-1.5,-12.417723746252808,39.1530681690684,1964.109498896648,100.0,1
4637,2.4500983027966155e-07,0.24411628271456393,-0.3692329535378775,-1.5,-144.83701984513277,53.29638942231989,1958.467517939232,100.0,1
4638,2.784219196913976e-07,-0.15685004730721688,-0.28977913894162716,-1.5,-96.39225901073644,-123.03467155456057,1958.3115912092233,100.0,1
4639,1.5291113626367895e-07,-0.03883290793978885,0.4278807537725225,-1.5,-67.20647398930518,-138.4346556149909,1958.5025969461503,100.0,1
4640,4.972552972776368e-07,0.27445925217991424,-0.10741092871861274,-1.5,-4.703805242113312,-125.89537639555797,1960.4952217959105,100.0,1
4641,2.914715858242078e-07,0.3594035152956647,-0.28470445658586324,-1.5,32.89480578869964,125.82922063327895,1960.229125702676,100.0,1
4642,5.232686446052012e-07,0.4454926434626698,-0.01832944880379903,-1.5,56.859901951223996,82.06089909417257,1962.0005725422418,100.0,1
4643,1.1708451467622561e-07,-0.4206445023755234,0.020293621292582525,-1.5,-52.75168816071497,35.217690698911,1963.5147720157752,100.0,1
4644,7.678207407252897e-07,0.08082877808762541,-0.1609855351141509,-1.5,0.708997425041314,-136.5486405062752,1959.7875528650218,100.0,1
4645,7.122312897773694e-07,0.4191733388174577,-0.17840383113852307,-1.5,104.00926293601987,108.97114817205754,1958.7548719417905,100.0,1
4646,4.0332059241993105e-07,0.26802104360790274,0.12528823093928218,-1.5,73.28685519047755,-70.73977075359838,1961.8965844193087,100.0,1
4647,9.041549331229438e-07,0.22858617744870918,-0.25192475844718776,-1.5,-12.501696139469312,-48.18437701105194,1963.9081596836,100.0,1
4648,4.5269102200243425e-08,-0.07569024981047297,-0.031934142988095736,-1.5,39.86493117581778,14.423890639258179,1964.0814710462764,100.0,1
4649,6.375651654678238e-07,-0.4491867174088307,-0.12532944026659637,-1.5,-144.75325626395332,9.587748343527661,1959.1753000047786,100.0,1
4650,8.359746567451925e-08,0.2050160792798383,0.1425125915947046,-1.5,89.51580194755505,-66.56237028663932,1961.369332463838,100.0,1
4651,7.161627292796727e-07,0.046300154925553734,0.23399034889104536,-1.5,21.880637802872776,44.092058685910324,1963.9222016964698,100.0,1
4652,3.9210562123347545e-07,-0.26428367093402044,0.013060655949259014,-1.5,-44.63811204253036,-137.27016365531082,1959.2288348708666,100.0,1
4653,7.860169827889799e-08,-0.07317782634104165,-0.30001797228742544,-1.5,-98.57699059785894,-14.738992112670022,1962.0088239613765,100.0,1
4654,8.305271128820552e-07,-0.17568831695341652,0.26641751647940026,-1.5,72.91041072328537,78.7919003746989,1961.603730295606,100.0,1
4655,4.46338301012299e-07,-0.06434685823464506,0.46728442937982745,-1.5,-14.031151743053227,-98.50804777698504,1962.0174763671353,100.0,1
4656,8.717587793782571e-07,-0.365167388651851,0.3119427406990929,-1.5,93.55930487123518,-27.40595064623026,1962.11846141035,100.0,1
4657,2.4843664598357294e-07,0.06626488253472568,0.3069444376335844,-1.5,-121.33962184539108,-111.08840157976358,1957.6387178105674,100.0,1
4658,6.246145393299183e-07,0.38479554283935496,0.04020720651001172,-1.5,-133.63446693548266,-31.915934970616537,1959.7286772938626,100.0,1
4659,8.46337473940823e-07,0.37927372982083424,-0.23464665400180135,-1.5,37.48586248771734,-90.65507119028592,1962.088110775652,100.0,1
4660,1.263606638241822e-07,0.060196943750900886,-0.16047357292415182,-1.5,48.12866480920575,-105.11377145870182,1961.1343689149762,100.0,1
4661,7.717894064244078e-07,-0.36476943297904063,0.17963889598072255,-1.5,84.94774971437947,73.34597378949597,1961.3305520012339,100.0,1
4662,3.1948144228402803e-07,-0.05362010817667105,-0.47585009682400903,-1.5,86.0382554087128,122.89749153041907,1958.8024176643971,100.0,1
4663,1.0495111639754938e-07,-0.3768583992759724,0.27079555529358385,-1.5,142.32229561093106,-72.44877322094314,1958.036982719414,100.0,1
4664,4.702955079974798e-07,0.013950746025059305,-0.3268536336239586,-1.5,-45.949382976510044,69.46879176108494,1962.77253583839,100.0,1
4665,8.124951831443965e-07,0.10742866053502902,-0.23960167833637358,-1.5,-53.47762921138576,53.05318535243934,1963.0941874917821,100.0,1
4666,7.256914005640405e-08,-0.20351798650215902,0.35343139324187645,-1.5,71.68031240862413,-1.8108726911148836,1963.229976293972,100.0,1
4667,6.497810275639117e-07,-0.2533564900925486,-0.07348501453761189,-1.5,32.51734590432789,-98.92478895160873,1961.7772031024188,100.0,1
4668,3.190172605408694e-07,-0.1872042525270629,-0.0009949528088306825,-1.5,-103.60900552450259,56.95982603960467,1960.977827120412,100.0,1
4669,9.061919881423914e-07,-0.13893169090819618,-0.06784464131704421,-1.5,121.42869519121598,82.92488443653941,1959.0282850922486,100.0,1
4670,5.46001002518184e-07,0.23314480839058124,-0.3065124104782143,-1.5,136.67009296367297,-86.31677808163239,1957.8774184756917,100.0,1
4671,8.816269383240069e-07,-0.03765748959311241,0.05318017527871967,-1.5,-101.22125610200715,38.81111957017955,1961.5456254130243,100.0,1
4672,3.6179743276033873e-07,-0.2995076945798676,-0.22698851290013347,-1.5,139.29131672051759,14.331797665618671,1959.5422462728552,100.0,1
4673,3.5422048912834733e-07,-0.2468944834164768,-0.2902598911071078,-1.5,-102.35970569720264,-99.86483502097356,1959.3271272663856,100.0,1
4674,9.021839202116204e-07,0.34894985239882576,0.3127878404335578,-1.5,-73.8470817618846,94.49048814143273,1960.875172577841,100.0,1
4675,6.855091241612523e-07,0.27984645766664307,-0.34439339715588824,-1.5,56.76816009588389,-53.29879448774499,1962.9951351879638,100.0,1
4676,8.701257273013272e-07,0.04234716874224531,-0.24284684213400765,-1.5,60.6890851416511,113.54676939204973,1960.3156001959046,100.0,1
4677,6.026725651475458e-07,0.2401106213193939,-0.28227805339012946,-1.5,139.6462142505531,-78.14211468498466,1958.010733122824,100.0,1
4678,5.909035248503204e-07,0.09397007516095512,0.46364667894789835,-1.5,-106.00437386748835,-18.779171839725315,1961.5870364814575,100.0,1
4679,1.815394860962206e-07,0.06209733312507166,-0.20638873642776404,-1.5,72.93709334321308,-48.792595126734795,1962.578087450681,100.0,1
4680,2.70486168843348e-07,-0.20738330763874477,0.18868237408569738,-1.5,-51.559699562887786,148.26177710876905,1958.2577279550476,100.0,1
4681,7.607246194072761e-07,-0.23869604419437182,0.13880656571776853,-1.5,149.72033594000314,82.81423371121346,1957.0740685949954,100.0,1
4682,7.011592482975337e-07,-0.29992715642921647,0.1702566519684523,-1.5,17.02182950867613,-136.21543309880644,1959.7369464731773,100.0,1
4683,1.7646620800433342e-07,-0.08124033042989512,0.11051431444554524,-1.5,6.956297074159299,-29.573296211666822,1964.304028491599,100.0,1
4684,1.8738832417054812e-07,0.31674147026788263,0.2565149978171659,-1.5,120.97888012966588,-117.52577192963062,1957.2851324630878,100.0,1
4685,6.012354986126552e-08,-0.13350945077473403,0.452369563938281,-1.5,-22.669919678188393,95.33660724971737,1962.0933444477173,100.0,1
4686,6.257251263564546e-07,0.1636724206059163,-0.3398841257504932,-1.5,97.89336687617471,-130.27771503263196,1957.7686002062794,100.0,1
4687,1.0094698226060592e-08,0.1314083894603948,0.3753834675488178,-1.5,-8.260524175593405,113.98677165128404,1961.2118870471375,100.0,1
4688,6.313508368384066e-07,0.2192356449448022,-0.22872770478768967,-1.5,87.47358673540016,-105.45176024600572,1959.7554909097194,100.0,1
4689,5.229476220808507e-07,0.36329188414729774,-0.25010928586508663,-1.5,90.86909216268701,132.58227941576686,1957.9525105427301,100.0,1
4690,2.197024744826459e-07,-0.3010435718654853,-0.007797654358438933,-1.5,32.735391354667016,-156.01745543240034,1958.0603244076487,100.0,1
4691,6.789425386030083e-07,-0.463391171728497,0.12991906578017162,-1.5,-130.97520580699702,-90.873710221962,1958.0604562986407,100.0,1
4692,2.2174909560008418e-07,-0.23610764807731408,-0.1982504382476721,-1.5,25.40264666271698,-144.4692791491366,1959.0550322006754,100.0,1
4693,8.769057389342512e-07,0.03718010389736108,-0.45131646945463716,-1.5,33.619139505810615,145.20412152445107,1958.8769238564562,100.0,1
4694,5.933318425678759e-07,0.02040297790620658,0.468690474869164,-1.5,133.3203019277732,65.62943240635695,1958.9108609025675,100.0,1
4695,5.523858218005878e-07,0.35794600463587745,0.005838546944361442,-1.5,-45.41924493535792,-117.96046618636069,1960.4682366395864,100.0,1
4696,5.954140948528677e-07,-0.01806537444116535,0.3560457431171812,-1.5,148.4936677405749,-19.96098802870242,1958.8171113873805,100.0,1
4697,4.143306660877096e-07,-0.30880030626001775,-0.35141808081198905,-1.5,-139.50826445611995,-27.517860085451016,1959.3860002028416,100.0,1
4698,8.401468022744604e-07,-0.11756223169946219,0.41128285831801925,-1.5,126.03493100703001,6.569231965345685,1960.480891930235,100.0,1
4699,8.764234288405916e-07,-0.0844877491608587,-0.3338612802169236,-1.5,-38.52297713049811,58.90275171654277,1963.2778031494558,100.0,1
4700,6.242959797277211e-07,0.19636845536738534,0.4118503854759279,-1.5,-60.71157690058312,-38.912438748452125,1963.2150195042375,100.0,1
4701,1.809488278143652e-07,-0.22289434794323207,-0.04910182323071806,-1.5,138.74730711156283,57.54077193510053,1958.7882812087003,100.0,1
4702,4.076507489763399e-07,0.383233948077623,0.07903008412476302,-1.5,-34.180257610543414,117.09315750517231,1960.7483746573084,100.0,1
4703,2.0927990486279176e-07,-0.09907266803522449,0.3182594561608019,-1.5,-36.609978918527275,-47.598037871136015,1963.6209976725484,100.0,1
4704,2.0251945895982985e-07,-0.4194249952100566,0.18933916575496906,-1.5,-0.974333946034192,92.04586391376614,1962.3811800656522,100.0,1
4705,8.247088301706389e-07,0.21980690190111513,0.008156463714069459,-1.5,-106.1500073292952,-15.841068131277712,1961.6050883831285,100.0,1
4706,6.640608486825948e-07,0.10575486155823652,0.4484812327467491,-1.5,78.62652549294648,-37.67897575374099,1962.6032330914945,100.0,1
4707,2.561250652863688e-07,0.12156422771072355,0.4391881818588047,-1.5,81.26299862999032,-13.418676765003209,1962.811644155819,100.0,1
4708,6.876152715482526e-08,-0.3409341206046936,-0.3513336092150048,-1.5,-2.317990587656572,-87.6308291269063,1962.582164132829,100.0,1
4709,2.795214164230213e-07,0.139306598092863,0.08907833687478554,-1.5,-59.82773189540392,-91.00955982198977,1961.5175728969116,100.0,1
4710,8.934052612044718e-08,0.012755911072334342,0.23015349239660943,-1.5,129.3577968006472,109.5748413663272,1957.2105662939177,100.0,1
4711,4.6318582129230317e-07,0.4576847625640138,-0.03329245640828609,-1.5,105.73466914708301,77.340313911885,1960.1663046411393,100.0,1
4712,6.446343362376848e-07,0.18346324686075074,0.12613196237627547,-1.5,-37.14098069530562,-13.622346467008057,1964.1405920900506,100.0,1
4713,2.8562740619778946e-07,-0.23290713351489606,0.41436204390997283,-1.5,-95.22160202262975,87.45782471547109,1960.2798937066138,100.0,1
4714,8.31082693049472e-07,0.13995321587555937,0.38939419581983026,-1.5,-95.2958610225476,21.72258355844182,1962.106040585383,100.0,1
4715,8.935941221579336e-07,-0.33542380410467065,0.10927943908726472,-1.5,-138.4470049133987,59.48919099713058,1958.7513239947402,100.0,1
4716,1.9249842305094269e-07,-0.10562977142942769,-0.4759395858368331,-1.5,-12.231174277908838,16.344432384541015,1964.432881055482,100.0,1
4717,5.0446888409636e-07,0.4583265666139963,0.16485749534006539,-1.5,-130.94414629254376,-25.621653207038722,1960.0026652290007,100.0,1
4718,9.363871657425612e-08,-0.15093110093354845,-0.4542181192189607,-1.5,62.67460837321563,-35.32028172858679,1963.2212451555247,100.0,1
4719,6.118389449754674e-07,0.06466572866805921,-0.32648236397736985,-1.5,42.334351029264994,59.21581430817655,1963.1898981822624,100.0,1
4720,8.332734693780521e-07,0.2097122515386408,0.22017842663555814,-1.5,-103.09997294408846,92.02053208574713,1959.6723969887712,100.0,1
4721,2.342167727488632e-07,-0.14947804832259276,-0.34984287654449736,-1.5,-7.802680235896168,-35.48801935665373,1964.2028930152326,100.0,1
4722,4.511297163529742e-07,-0.0085027564797399,-0.08336012488476982,-1.5,-45.78826114246279,-57.01150455271936,1963.1776307192165,100.0,1
4723,2.0149330875831484e-07,-0.32217113114235246,-0.1931739820633783,-1.5,-49.676626396968295,13.677222280986602,1963.863145090977,100.0,1
4724,4.954579935426333e-07,-0.25552404737291007,-0.26817075251752326,-1.5,-6.183248757276886,-152.17671971876956,1958.6263808283018,100.0,1
4725,1.6971360720187205e-07,-0.2674390736514223,0.16126489074792488,-1.5,19.574784609968884,-62.4357765288553,1963.4489776622268,100.0,1
4726,4.4117165141525183e-08,-0.14855135983700446,-0.25938606532739383,-1.5,63.59900725416978,-110.1185841565505,1960.418922058694,100.0,1
4727,4.629074276040679e-07,0.4444322086474408,0.06972307601201432,-1.5,104.88620562788674,87.86938196424826,1959.7681347160274,100.0,1
4728,1.5567333275644442e-07,0.46190655506939265,-0.15665829525599853,-1.5,-170.07301237281092,-1.5473702403901026,1957.1627582738,100.0,1
4729,9.062123671885894e-07,-0.27021938019042874,0.1058731556836271,-1.5,95.52598009208508,121.0455538740819,1958.4779925444386,100.0,1
4730,1.4417959037138001e-07,-0.01466380302920481,0.13288161722746059,-1.5,-92.2103896189589,-20.854821277105362,1962.2628791122638,100.0,1
4731,2.9571225810710237e-07,-0.22209393573835737,-0.18116713963534556,-1.5,36.579072744405565,32.96899056524579,1963.921664263725,100.0,1
4732,7.28168738180489e-07,-0.19782884490675606,-0.1193253066765147,-1.5,159.93126012722263,-51.148669313353864,1957.3500177351323,100.0,1
4733,6.439872316424559e-07,-0.35977101501645015,0.1816682394552743,-1.5,97.11263184151761,-95.99105013512217,1959.7877796580174,100.0,1
4734,3.0176118696201396e-08,0.23412532434293395,0.1581180104490908,-1.5,-76.25804495750178,-150.8216349853676,1957.2559442407453,100.0,1
4735,5.936709998815206e-07,-0.27258703879482504,-0.12743816658072485,-1.5,-164.69826304528868,29.628668891767553,1957.3987612123642,100.0,1
4736,1.3480376240012435e-08,0.4096628021443109,-0.026991985439424427,-1.5,-149.90163759614083,11.421168979350414,1958.7782779608497,100.0,1
4737,8.982078317795241e-07,-0.05601598889053886,-0.1528731996904488,-1.5,124.56419042099662,-17.412998668032035,1960.5085657064292,100.0,1
4738,3.6262562291994354e-07,-0.045622037402452124,-0.39960830176481,-1.5,15.633705915463409,43.56748043331983,1963.9935713118239,100.0,1
4739,7.111412725730234e-07,0.11680928836293142,0.2430597299440945,-1.5,42.03158597202343,-43.117957492739926,1963.6159180930629,100.0,1
4740,2.0757766955903722e-07,0.2753132671072413,-0.017442463835250124,-1.5,-69.11245852004593,-3.745511996501733,1963.319313174332,100.0,1
4741,4.089968276830754e-07,0.1609531507758846,0.15584775689955974,-1.5,71.36383096748486,49.356922097857264,1962.621813833934,100.0,1
4742,6.444919829506772e-07,0.035165306797175146,-0.05611624641050934,-1.5,-67.29717699273155,-138.6236665259651,1958.4861131276468,100.0,1
4743,6.628100592828859e-07,0.034634649174411315,0.4808579696618429,-1.5,-152.87966509202084,-6.524130023233311,1958.5705323002599,100.0,1
4744,9.010400978482763e-07,-0.06612392674906482,0.26195793486104674,-1.5,167.14063893508876,32.7023987382899,1957.1427761405819,100.0,1
4745,3.390186306114008e-07,0.38049008783805505,0.20029650117667874,-1.5,-4.80892994360472,122.42150987801499,1960.7149549024498,100.0,1
4746,8.334524385288963e-07,-0.008100747725426884,-0.2663214156063079,-1.5,-120.72323500461505,-37.24291867934765,1960.4724307687663,100.0,1
4747,1.3143632087488377e-07,-0.3894376244041965,0.26968518974488853,-1.5,20.817000935765602,122.35447817412887,1960.614526215928,100.0,1
4748,3.7458046768415517e-08,0.032996328487660834,0.415541916585336,-1.5,-62.05371212996105,139.5806271014356,1958.5912977482037,100.0,1
4749,9.015230244182362e-08,0.14422863649129963,-0.05853425962631459,-1.5,22.84637243176492,74.80147200644949,1962.9814235795784,100.0,1
4750,7.824226170495689e-07,-0.41367293565753355,-0.10892807227408619,-1.5,99.96288630961084,-96.02367686627868,1959.6428657048364,100.0,1
4751,2.738678072374448e-07,0.26960858619805694,0.08213868838573919,-1.5,108.2138074630487,94.81305438228725,1959.263520524787,100.0,1
4752,4.1240659613185694e-07,-0.04078824205833696,0.08121806266559019,-1.5,146.2840545875051,-71.50268522098844,1957.7797699551804,100.0,1
4753,3.3335399919432726e-07,-0.3144262351224046,-0.3887326611591822,-1.5,19.395676231976452,150.412582170481,1958.6763768255448,100.0,1
4754,3.5437037611121966e-07,-0.14310742099683696,-0.33766800956929455,-1.5,62.52096038104418,91.60716215076587,1961.405757007419,100.0,1
4755,2.9180616584898216e-07,-0.2825898923223115,0.139108116555034,-1.5,30.93066393284079,-159.94243334307671,1957.7729690418907,100.0,1
4756,3.2227489189003606e-07,0.04102439459466347,-0.22091112195337398,-1.5,155.6241303753102,3.3876756092036113,1958.3623106986681,100.0,1
4757,5.362641049387437e-07,-0.0001156606562478758,-0.19212013569103245,-1.5,25.22924060626384,90.4269494515822,1962.2945086040077,100.0,1
4758,3.9382015505249544e-07,-0.2508107290128712,-0.0637487015486754,-1.5,-0.19478856599895317,-8.925589456964142,1964.5186642474007,100.0,1
4759,3.1644319889980225e-08,-0.126951175348617,-0.45029923743936745,-1.5,-124.92001948489428,-39.11916829916753,1960.1729427960192,100.0,1
4760,6.353785641242571e-07,-0.21211844716970996,-0.34984659643045957,-1.5,4.1515328658575985,-33.11383556391502,1964.2554632570686,100.0,1
4761,3.5952195613270654e-07,-0.047195299044783555,-0.021721429207753138,-1.5,98.47440725632748,-52.88905705157626,1961.3563737948903,100.0,1
4762,5.982720644240434e-07,-0.45158193521691936,-0.025125012367646058,-1.5,-81.0618253790154,-70.00453879194536,1961.617095990163,100.0,1
4763,4.967947425468191e-07,-0.3815362772955331,0.23169282076421785,-1.5,122.88809086269906,-0.28481841937311014,1960.6916438514038,100.0,1
4764,4.733724266396216e-07,0.19999581291618712,0.3306942392359635,-1.5,-102.67002881014696,-69.6329102267019,1960.6181191817072,100.0,1
4765,1.7307655785451208e-07,-0.3534169157401122,-0.3196567286249916,-1.5,-56.20782508399858,-34.79372734154791,1963.4264343751563,100.0,1
4766,5.302956329290309e-07,0.4728174513780635,-0.12595204341087252,-1.5,-23.512460386095697,23.886655661393497,1964.2530076734101,100.0,1
4767,7.926966515125052e-07,0.1350269943021806,-0.3222368189278127,-1.5,73.72688446971122,62.204037601246775,1962.1692818099625,100.0,1
4768,9.957087827439981e-08,0.12534200221071612,0.2476857467034631,-1.5,-46.9968718658292,-7.099091721478349,1963.9638955942362,100.0,1
4769,5.185716064744578e-07,-0.020967117316441724,-0.3252559607159745,-1.5,30.03455950357098,65.81450024827753,1963.206474892192,100.0,1
4770,6.465728973243863e-07,0.2819291560008396,-0.21540910311130693,-1.5,132.18598742570427,103.94327488275637,1957.3287783612313,100.0,1
4771,2.2203165228608879e-07,-0.20336591200760895,-0.09031515834566235,-1.5,82.968888697272,-0.36004423565693106,1962.786111664391,100.0,1
4772,3.888427416169447e-07,0.2762727848173138,-0.37815783569897365,-1.5,-67.66645275776723,31.23485424362322,1963.1247849583306,100.0,1
4773,2.5617840305033275e-07,0.35486906428453113,-0.1268846241584498,-1.5,-89.64174095194926,86.7565217348124,1960.5741379712504,100.0,1
4774,3.843458215778552e-07,-0.07040378651535588,-0.46766324870925435,-1.5,-130.8652039626611,56.89594606674082,1959.3494930662862,100.0,1
4775,1.0398898438432426e-07,0.4200100081483017,0.24302853207905903,-1.5,136.36821403048643,60.144378560446214,1958.8771401483668,100.0,1
4776,3.997805019459201e-07,0.07985256871519333,-0.1263368991873546,-1.5,4.756469088712889,83.20655721012007,1962.770320517706,100.0,1
4777,8.435749842304717e-07,-0.07149155451265311,-0.08834175366093451,-1.5,85.6938570277117,88.43278119376146,1960.6757744064116,100.0,1
4778,8.239041370171954e-07,0.27769100409852276,-0.034145312262505965,-1.5,48.653751291088845,-71.65768798609668,1962.628664445703,100.0,1
4779,2.678688009553611e-07,0.16794325230579113,-0.12573140223464527,-1.5,9.772447527151757,89.2436967440681,1962.4865217694905,100.0,1
4780,7.288862552510986e-07,-0.01323290196913657,-0.23028024607755482,-1.5,-90.26634765761784,-27.5485045695174,1962.2707133937122,100.0,1
4781,4.3108766536167293e-07,-0.04137244855670265,0.15503000511911713,-1.5,59.476376848666575,-152.59618269170426,1957.700245668628,100.0,1
4782,1.672690119926384e-08,0.015417032384040005,0.14750872538178839,-1.5,-77.40516560584689,-5.635081661585936,1963.0053419332128,100.0,1
4783,2.7342824992253803e-08,-0.35732541377422006,-0.20770304285767494,-1.5,-122.056667360235,55.12006257019584,1959.9686821276766,100.0,1
4784,1.6736498828568132e-07,0.26427554672048625,-0.3101363855308865,-1.5,-84.78188110832244,-64.72238099440604,1961.6412343495128,100.0,1
4785,7.256380311053282e-07,0.2523495329426515,0.19907025883408647,-1.5,-63.57635286053144,-30.36285758873449,1963.2751795156305,100.0,1
4786,8.231347450681547e-08,0.27008824446850066,0.049683979009184545,-1.5,108.98432730743441,99.51955637288569,1958.9873814210293,100.0,1
4787,7.133931725075352e-07,-0.04468942912204187,-0.397633164188557,-1.5,148.9059828746762,-75.66046268371605,1957.425806746387,100.0,1
4788,4.2405975186272386e-07,0.02156835813938487,0.04310727157984552,-1.5,69.82165184620365,149.04267188249494,1957.6323723206372,100.0,1
4789,6.07901083091499e-08,-0.23423741863169112,0.04855918189344003,-1.5,74.38754024099457,71.0447397518563,1961.844138833821,100.0,1
4790,2.1189958381488618e-07,-0.0903652238192233,-0.08414503293686902,-1.5,-165.77346629360048,18.0402303081525,1957.44910386696,100.0,1
4791,1.8139137990722532e-07,0.21489590447556897,0.40351073865342135,-1.5,-97.54612226358167,-98.01534793265446,1959.6660511084817,100.0,1
4792,3.9109056002079763e-07,0.3454106211947021,-0.32042067884439257,-1.5,17.237275525413178,15.423404093907394,1964.4027797793271,100.0,1
4793,2.808716049680929e-07,-0.26301956390671266,0.19608362495041845,-1.5,-36.70385755930197,99.43853058537843,1961.6773668831015,100.0,1
4794,1.9342866778143847e-07,0.2291946868897056,0.17017642233138228,-1.5,120.25110560177293,42.120015182538864,1960.4027295912197,100.0,1
4795,6.002249167677982e-07,0.032064239176529216,0.4224991617195657,-1.5,95.62036290755248,137.07033018534523,1957.4171137104222,100.0,1
4796,8.448741891677255e-08,-0.015958487239325258,-0.1344784379136212,-1.5,-9.158102377894293,-169.19504334423124,1957.2180391399195,100.0,1
4797,7.595853445232351e-07,0.15218285606259901,-0.07033565681197153,-1.5,143.92414649698011,-2.8803062607027248,1959.2577242815942,100.0,1
4798,8.626552450104489e-07,-0.26669946854526516,-0.31942026299539833,-1.5,-78.00114497366195,-107.77201065071836,1960.0291582956695,100.0,1
4799,5.303751499692527e-07,0.23960637350966635,-0.1643015936060687,-1.5,-26.361563232958293,57.29117298513292,1963.5264387698053,100.0,1
4800,5.59789555101798e-07,0.1093880081211073,-0.08075477795790799,-1.5,1.4311290188253136,131.77595045483395,1960.1138581770163,100.0,1
4801,7.232167656750147e-07,-0.4104085682681381,0.27735337551335276,-1.5,-22.52552655855583,78.27069670671347,1962.8498630706417,100.0,1
4802,3.212032002212822e-07,0.13631423836215478,0.07285010855217916,-1.5,-144.05061201110638,9.077513840695252,1959.2295185066575,100.0,1
4803,5.479803426905774e-07,-0.08233558295929759,0.323276078129938,-1.5,-2.3582110701561088,107.0629999864762,1961.6180156035923,100.0,1
4804,7.897908581183774e-07,0.3412541778265983,-0.30104466998835583,-1.5,97.06662099354574,88.42336053522476,1960.1460829914397,100.0,1
4805,6.002320581752254e-07,0.2936274472410593,-0.11532035033617533,-1.5,3.526556121787675,-78.4059085493578,1962.9705456711777,100.0,1
4806,2.0436616395195037e-07,0.4129560607064153,0.053232758887897885,-1.5,76.00054729932702,135.90634735416057,1958.3581561668398,100.0,1
4807,7.59278636922522e-07,0.10440270009420557,-0.04758867896296471,-1.5,-49.05355797622816,155.0006112762952,1957.8002567218084,100.0,1
4808,8.956271450956198e-07,-0.4220084918504373,0.235514860745276,-1.5,-44.55431575909085,114.86151347749447,1960.6720867944823,100.0,1
4809,6.585055898596726e-07,0.05816653193081422,0.3494899963241488,-1.5,57.96127243054681,-29.599566091327993,1963.460629310292,100.0,1
4810,4.926646870886062e-07,-0.3876524500418462,0.004349967134155916,-1.5,-12.661562337312905,-105.24891800097858,1961.6767410470393,100.0,1
4811,8.456411446567881e-07,0.3310015460141174,0.3008404653722896,-1.5,115.16334425337023,40.90621495304413,1960.7338860703985,100.0,1
4812,5.735833403369711e-07,0.3473906811592425,-0.1348169098251243,-1.5,-130.18877243011187,-68.53213065562652,1959.0220817711759,100.0,1
4813,2.658865669537667e-07,-0.2027983503134786,0.413408657117022,-1.5,74.63545896753561,13.6373284785168,1963.0733195178436,100.0,1
4814,6.702129064572994e-07,0.3427920617100922,-0.23252592723950777,-1.5,19.816654950043542,-78.61512082909488,1962.865316120734,100.0,1
4815,6.400445162968943e-07,-0.04377130138870253,-0.17638623416063248,-1.5,-67.54191355474173,-97.15988257179369,1960.9720378929758,100.0,1
4816,1.9980500518553166e-07,-0.3686060098117073,0.32038160821113165,-1.5,-4.45805339856997,82.87857110897171,1962.7848976586715,100.0,1
4817,8.610030696865993e-07,0.2265822925496795,0.2384130216411299,-1.5,160.34514432467734,20.989180634313726,1957.8718485268462,100.0,1
4818,5.198645064980835e-07,-0.23476471987021202,-0.3048138392937729,-1.5,-74.473136086627,32.9504111853564,1962.850302155075,100.0,1
4819,6.059685868246722e-07,-0.0030886773082659962,-0.4064982313072716,-1.5,56.97839581154996,123.88789346287791,1959.8006374450958,100.0,1
4820,4.739013077255202e-07,0.08662386716075313,0.3372184877590593,-1.5,-75.11433733824018,-51.63715881455516,1962.4231772025953,100.0,1
4821,7.137375113464799e-07,0.2028452648548923,0.15035907965951853,-1.5,-107.22581157276085,-24.33358704053841,1961.459606553353,100.0,1
4822,7.416526887846573e-07,-0.3662578209827252,-0.07418554918581201,-1.5,-73.69119731747872,124.87799775637403,1959.1805377198925,100.0,1
4823,2.899551058233554e-07,0.257727936378202,-0.1987806590406892,-1.5,74.50699452394392,-8.263258964795634,1963.1081764855498,100.0,1
4824,8.037174125692484e-07,-0.24538249584790392,-0.2889693776606402,-1.5,-35.31732442591998,83.98040311812677,1962.4253526576858,100.0,1
4825,7.125187373515977e-07,-0.07630673682507685,-0.1858191225050086,-1.5,91.77998720163217,5.462331339345709,1962.3862726669636,100.0,1
4826,3.804609048479036e-07,-0.4919712307677284,-0.06646163313513183,-1.5,16.247784738833197,-156.87636110287806,1958.197922347057,100.0,1
4827,1.8158994205625895e-07,0.35431855062703127,0.3483066691910967,-1.5,142.0949587149946,42.60290147822365,1958.9301421335963,100.0,1
4828,2.174449666435558e-07,0.12962931809325878,0.20153733032651466,-1.5,-21.2572668172216,97.02698153577579,1962.026294351747,100.0,1
4829,8.861409302130368e-08,-0.10629989817244445,-0.18934081198234548,-1.5,-64.7560465580477,148.13295704636994,1957.8755240660735,100.0,1
4830,3.474005095157363e-07,-0.47153356430680315,-0.07214897810094593,-1.5,-81.10217581333681,-19.208401787731855,1962.7701751976044,100.0,1
4831,6.687330615966765e-07,0.4223667481557639,-0.13855958106591695,-1.5,35.61580864090789,11.484904320205798,1964.1825010455982,100.0,1
4832,5.866036290396346e-07,-0.2440342691296523,0.21534477355016546,-1.5,32.20418223591491,-41.2013115429445,1963.842821826581,100.0,1
4833,3.117086381615057e-07,0.33315165243104045,0.31558314023147715,-1.5,-165.0715136062923,28.302269010089937,1957.3869477522167,100.0,1
4834,4.2339526738163295e-07,-0.28633000512172563,0.3634356386549966,-1.5,113.51816315964416,-1.6519907938432046,1961.2557670598214,100.0,1
4835,3.4952227238356425e-08,-0.3196242015259895,0.33917150560305503,-1.5,-49.11237459827267,85.58034006037934,1962.0594451551665,100.0,1
4836,7.307475647979959e-07,-0.14516037313469807,0.14751908541503994,-1.5,-54.88863049063569,-35.018896313961676,1963.4597529386606,100.0,1
4837,6.875503084028377e-07,-0.16718682311300265,-0.4200817495216584,-1.5,-130.7953587166662,9.243065697533877,1960.1582655849045,100.0,1
4838,3.9005261393114605e-07,-0.12557403630795316,-0.03870174579897636,-1.5,-32.26366682690002,-34.07249327778261,1963.9784640547487,100.0,1
4839,7.163827765789522e-07,-0.21595912622013125,-0.159118976466285,-1.5,-157.52900256215005,-65.20738566636639,1957.1269495033946,100.0,1
4840,8.957116131098629e-07,-0.4381426500012035,-0.03433094924225271,-1.5,-86.78849462620398,60.16140539652742,1961.6986641090837,100.0,1
4841,4.878881976602751e-07,-0.18197729754488048,0.31385574136354477,-1.5,101.65970782229056,60.515932664668746,1960.9733328032137,100.0,1
4842,5.405154864764861e-07,0.31163141497649305,-0.003243849245199097,-1.5,141.36682116878717,-0.2685520053383107,1959.446002322744,100.0,1
4843,5.07336403830695e-07,-0.1717210171794379,0.12664365024178878,-1.5,-9.04380135624835,-118.49331804499985,1960.941312100351,100.0,1
4844,5.348701623058225e-07,-0.4144472823625961,-0.2281373505644747,-1.5,32.326251513142125,-1.4379780394005581,1964.2724434121653,100.0,1
4845,8.803925125094576e-08,0.059434698287852264,-0.31906613843604614,-1.5,-14.689263717905176,-68.02327941285155,1963.3059734171538,100.0,1
4846,5.258102518129147e-07,-0.15792885051390954,-0.02505859926752949,-1.5,-19.88060738445133,106.28191413655861,1961.5611645940653,100.0,1
4847,6.00594425420973e-07,0.2859485034038582,-0.20822665593248277,-1.5,-62.65881564281096,91.20523736658518,1961.4200885494358,100.0,1
4848,1.5995486102575073e-07,-0.33181091275273167,0.010637578654105181,-1.5,101.27823681831313,-117.20462943630804,1958.4225999134617,100.0,1
4849,2.1232133113512788e-07,0.347434160163719,0.13256147252124426,-1.5,138.68033578575347,-29.974849051823934,1959.4087269267743,100.0,1
4850,6.385837272776317e-08,0.11112091647490735,-0.24332207646643386,-1.5,95.57801350199354,139.60197206486734,1957.2402558185706,100.0,1
4851,8.842139681931954e-07,0.25312663682166503,-0.2769001255441688,-1.5,0.04108600982583421,-25.511664956941846,1964.373294343312,100.0,1
4852,3.6547640700460135e-07,-0.1343391433343425,-0.3292448730945185,-1.5,-60.01200935344084,69.4119411790729,1962.3949213706314,100.0,1
4853,8.330118441168609e-08,-0.019807999899728448,0.061907876253592904,-1.5,1.1183375521829584,-28.91692950006625,1964.325799549438,100.0,1
4854,6.130964917026113e-07,0.29849427468295464,-0.34437269869194764,-1.5,137.28081771504696,80.52786528602574,1958.0813380107822,100.0,1
4855,1.2749646503623778e-07,-0.020871619038824268,0.3966806810743467,-1.5,-30.554503064063844,112.72242724864256,1961.0643444323323,100.0,1
4856,2.701820451282995e-07,0.0764834536731117,0.19253764343279586,-1.5,8.104915696734423,-160.83244540636193,1957.9276087517358,100.0,1
4857,3.600702189318331e-07,-0.26554399738335993,0.06921087023232615,-1.5,-14.300175536965881,-110.93342778050504,1961.3522289090786,100.0,1
4858,1.771315847684074e-07,0.13329098948785267,-0.4109196924836808,-1.5,4.015918580995525,-95.94743640369934,1962.190420961136,100.0,1
4859,2.3522424044887548e-08,0.37188098945553827,-0.04556984010138101,-1.5,72.3587691524625,44.788697141287614,1962.6949501645074,100.0,1
4860,4.455845350477254e-07,0.22039819362380914,-0.2316801051356384,-1.5,-11.938988080641911,-117.30395829353995,1960.9973299824783,100.0,1
4861,2.6338687890814202e-08,-0.22697093881311672,-0.3437751368036356,-1.5,28.8242158180765,23.85323343941525,1964.1826478469586,100.0,1
4862,7.375060663348824e-07,-0.07790037723182064,0.31141073523281276,-1.5,-56.6431066508313,-52.38415246139168,1963.023368507358,100.0,1
4863,6.378374073637069e-07,-0.12653403659319595,-0.05330688789063032,-1.5,83.06017025546899,-64.63584872950027,1961.7177425517364,100.0,1
4864,7.967210412275822e-07,0.08071822391791517,-0.39019355752146045,-1.5,56.14499801699283,102.75205740697909,1961.0464145864667,100.0,1
4865,7.302246393870436e-07,-0.0920877521726847,0.02495919679243699,-1.5,101.39279914760459,-14.911920087950767,1961.8640169967018,100.0,1
4866,6.971300800321135e-07,-0.28835757086057506,0.03241424099089752,-1.5,-80.55614748455301,10.9841861163953,1962.8559144837755,100.0,1
4867,1.1594781635207966e-07,0.19746612483489864,-0.30686110091232205,-1.5,-26.261590026799887,-106.53057028930233,1961.4726235023602,100.0,1
4868,3.42262536364764e-07,0.20013113306980088,-0.26709407278500497,-1.5,-113.77322527415953,119.22945826645942,1957.6141794946043,100.0,1
4869,3.074305597657204e-07,0.3176275728294898,0.2165471784056946,-1.5,-156.0334373858521,-66.38504835139399,1957.2071627804426,100.0,1
4870,1.5317533980693698e-07,0.1480013229210277,-0.3827127296810991,-1.5,144.25559393327816,-24.043715341126838,1959.0879280005997,100.0,1
4871,1.6573658952545084e-07,-0.22170634283420484,-0.35517513802079625,-1.5,31.760641808755732,-25.69846403045248,1964.114084477911,100.0,1
4872,2.587139136956558e-07,0.22114494400451928,-0.4209103201805366,-1.5,-151.3819094262574,58.36396192750672,1957.827993392861,100.0,1
4873,3.1366676733152007e-07,0.17146169823426408,-0.1619814696101306,-1.5,-118.57237358931685,24.29596113484059,1960.8068708468106,100.0,1
4874,9.740037775691849e-08,-0.03858359434485883,-0.18193510912465632,-1.5,38.973899576349446,-52.9198797571363,1963.4392803813503,100.0,1
4875,2.3549572176962155e-08,0.4138044036867903,0.1942285907455763,-1.5,24.835880195127462,-98.35710456714168,1961.9180271617447,100.0,1
4876,2.309926342560412e-08,0.24798476891778493,-0.28593808403878274,-1.5,81.24733531450603,-28.854200622892925,1962.6460689275684,100.0,1
4877,1.8693808081273693e-07,-0.3688343264458345,-0.333985249225527,-1.5,37.18710068347859,-98.11456032265619,1961.734930835861,100.0,1
4878,4.715431208604617e-07,0.0497641706608879,-0.40747640947058267,-1.5,162.4507399676597,-23.573786212748086,1957.6688483892485,100.0,1
4879,2.6857606147340766e-07,0.26167817219140765,-0.06182444426160338,-1.5,-87.21921814745117,-29.831266518471573,1962.3751399235016,100.0,1
4880,3.299888367799839e-08,0.37249204144469955,-0.10763898313899245,-1.5,-161.75831669685945,16.995855988623138,1957.7943390777143,100.0,1
4881,3.5260358479869987e-07,-0.3190870995895909,-0.18191830229143716,-1.5,103.16653636959524,87.67000704990362,1959.868343002535,100.0,1
4882,8.74460887753387e-08,0.08962954748264185,0.12923581077867147,-1.5,34.80429918763915,-25.028909500539136,1964.0711546971515,100.0,1
4883,8.268873884164146e-08,0.23676652685009356,-0.04099927025401011,-1.5,-30.59820692000384,-14.295435941531673,1964.2486289954877,100.0,1
4884,4.856075793974502e-07,0.2970660550472692,-0.1141094726051363,-1.5,-161.13088234445988,-27.907232240750254,1957.7209482992432,100.0,1
4885,3.0043405728224133e-07,0.05768627045233837,-0.010390082082880623,-1.5,73.05531002025845,-17.098152450807692,1963.1056673360056,100.0,1
4886,3.9235007467136265e-07,0.22420171512185616,-0.20443231689842473,-1.5,79.21377080839746,-64.84363513994414,1961.8699670881053,100.0,1
4887,4.2532677630587415e-07,-0.03672706879348236,0.14720042420649448,-1.5,133.6635674220215,-11.939487239936154,1959.9501997894226,100.0,1
4888,4.407430611386631e-07,0.15684134915165082,-0.09064588925316298,-1.5,-61.33707162240492,21.35454850196712,1963.4650577917594,100.0,1
4889,4.646850917260864e-07,0.09203677881424144,0.41342088811926253,-1.5,-100.05725806644257,-81.27013486726304,1960.3053324808902,100.0,1
4890,4.4928208684815124e-08,-0.41341343278751425,0.26305973364864293,-1.5,125.2697050595061,-8.08164943622407,1960.5242855427284,100.0,1
4891,2.730252264504647e-07,-0.17281527995576512,0.3263787169627291,-1.5,-88.76581288862167,103.42760108374738,1959.8052576882262,100.0,1
4892,2.8380350364499324e-07,0.09369681086385899,0.2360697174641134,-1.5,113.56068070879559,-82.70133309760492,1959.509568123352,100.0,1
4893,1.7949341942349076e-07,0.21664292098650303,0.17691804016187537,-1.5,-69.3150651974288,56.3446361523311,1962.5070674980177,100.0,1
4894,8.654399375341646e-09,0.32833305656206774,-0.2642215213682093,-1.5,51.87742657972926,-108.68137733107861,1960.8443021053497,100.0,1
4895,4.87014356423439e-08,0.04540148533888826,0.451256231018349,-1.5,20.621618139574533,129.43325921184632,1960.1620000758192,100.0,1
4896,4.1701186298889284e-07,-0.32119871926793486,-0.22643269872349914,-1.5,-14.013918439584703,116.39268236126394,1961.03789862635,100.0,1
4897,2.357318254651928e-09,0.23566033797917374,-0.18899996730087654,-1.5,-152.98655823516114,42.8905619036814,1958.103367793712,100.0,1
4898,1.4247965283620903e-07,-0.20511547058982124,0.12075728675604619,-1.5,-128.38087138086314,19.653042235494464,1960.2411576284464,100.0,1
4899,8.252571883865505e-07,0.10811244518356293,-0.4839967785531472,-1.5,10.846367238762536,-106.87945077508442,1961.5994559506457,100.0,1
4900,6.762621625063038e-07,0.2958248890080577,-0.31694327618462304,-1.5,-18.465268376320697,93.99960756667667,1962.2019248556537,100.0,1
4901,2.9100494361337275e-07,0.34826949754140285,-0.055542259874895944,-1.5,-53.680064443619585,-112.63782105192277,1960.572482265355,100.0,1
4902,2.0374268426646942e-08,-0.22893837124485708,-0.14960154878329346,-1.5,-16.267394581830672,-25.913750843331737,1964.3006734349199,100.0,1
4903,3.1858772011172104e-07,0.26907403080646775,0.09976415125369209,-1.5,49.600348792665756,38.888320885277984,1963.5276392667613,100.0,1
4904,6.762612466151484e-07,-0.3946558536863596,-0.22747783196884466,-1.5,156.21709431813147,-35.50155538193962,1957.996206654751,100.0,1
4905,3.29257556524969e-07,0.30697439389717046,-0.3459155144631882,-1.5,-49.672443029031285,-58.38075649170452,1963.0429495915557,100.0,1
4906,7.929382494013247e-07,-0.27719721643891054,-0.21989276680102507,-1.5,137.1680756632837,86.92462823800221,1957.8156997763217,100.0,1
4907,1.488596278154404e-07,0.33103546138898177,0.103763959095176,-1.5,-102.19546579727258,92.76667441289929,1959.6845963457947,100.0,1
4908,7.391007852967311e-07,0.46888328149849445,-0.13834750214879024,-1.5,115.5038247859026,-111.72583898474704,1957.955436068225,100.0,1
4909,8.730581862782871e-07,-0.3537237589239811,-0.12055847248152422,-1.5,42.9500647364415,66.36833414640653,1962.9477380786013,100.0,1
4910,3.19355584136766e-07,-0.04087667011685093,-0.2042281326582855,-1.5,-18.983849781111882,57.39288238379099,1963.608656724985,100.0,1
4911,3.073346302942887e-07,0.11543665169820208,0.05638338834531426,-1.5,-38.73081354551351,113.58674284207626,1960.8700268500106,100.0,1
4912,1.944330134859097e-07,0.3301405757929004,-0.13439468621802933,-1.5,88.76967454680808,-3.397238020275395,1962.5294112244073,100.0,1
4913,4.56043644940448e-07,-0.11877725073372739,0.24200475967483176,-1.5,31.65808310714155,127.96242034903224,1960.1113925026125,100.0,1
4914,7.421931125336906e-07,0.28760486350852354,0.11844576285908082,-1.5,-81.57111840802989,-46.7590761875599,1962.2877025813214,100.0,1
4915,4.477803075935086e-07,0.09816523693749832,0.3843091499506646,-1.5,-48.6874887149018,-109.8586370678319,1960.860498498138,100.0,1
4916,2.6053844767760667e-07,0.21437771290301735,-0.44552901908026304,-1.5,107.46037110761083,115.81883966806825,1958.1755670229081,100.0,1
4917,4.508225747550656e-07,-0.11754390872141454,0.1519494436474893,-1.5,68.78993417222297,130.38154651972658,1959.00022551041,100.0,1
4918,8.344363812043556e-07,0.12420436331116551,0.041697266229625614,-1.5,-115.71822971431432,-26.688156785820777,1960.946281738817,100.0,1
4919,8.807702341001785e-07,-0.050221381432759726,-0.09499538584531843,-1.5,-47.30846064974667,19.959295451346698,1963.8678220140398,100.0,1
4920,2.3836201707856083e-07,-0.10794103765719261,-0.14710372993553608,-1.5,59.05699049738966,-82.9409992809421,1961.8986591508242,100.0,1
4921,7.581691738811603e-07,0.43537035599395046,-0.022340891980999752,-1.5,-107.45916509816344,-32.902145841363804,1961.3218152311392,100.0,1
4922,1.490518554539366e-07,0.3339447117704806,0.13926434967234633,-1.5,-4.232955656876009,-17.309732936189324,1964.458129230098,100.0,1
4923,7.661114928597511e-07,-0.3715524616296879,-0.17684639760388687,-1.5,107.88482004831395,62.72151689020144,1960.5713869146073,100.0,1
4924,5.302208510184122e-07,0.04271039770058762,0.16314334632494334,-1.5,-92.79350440649812,-112.51429509907574,1959.1179610233914,100.0,1
4925,1.8023810007469423e-08,-0.00592159521682558,-0.3516786870706858,-1.5,34.47076669446217,-29.947496013010824,1964.008197536909,100.0,1
4926,3.6508179283522285e-07,-0.413014686667738,-0.21328412841288258,-1.5,7.733206992741665,152.41362550819963,1958.602453418045,100.0,1
4927,3.3640850030933394e-07,-0.3668582087347026,-0.17455301102460047,-1.5,140.68596846100476,51.80896751731178,1958.80998961847,100.0,1
4928,4.301093595674919e-07,-0.4816710643459404,0.09429392784023494,-1.5,-11.880546185231443,17.387232992956907,1964.4260798048167,100.0,1
4929,8.53527436180096e-07,-0.38274080307236663,-0.24255413131126746,-1.5,10.508197379581514,83.11669204580596,1962.7517620823387,100.0,1
4930,4.0645726482307597e-07,0.22442330368637642,0.162378846693674,-1.5,-53.39980654294636,-93.11447766220786,1961.6043028544266,100.0,1
4931,1.1936169265641753e-07,-0.19061142009137771,-0.3572529148447964,-1.5,15.417898492205234,-0.04890585822758247,1964.478447904286,100.0,1
4932,2.2951315509606918e-07,-0.04051493701842022,-0.46967496813126014,-1.5,1.571086396116988,74.29073104801218,1963.1331348724211,100.0,1
4933,6.036525404207444e-07,-0.14920143090916232,0.12453056523708,-1.5,-39.708889872371095,-46.55550258367786,1963.5857698380319,100.0,1
4934,6.258152464609665e-07,0.1276093680546863,-0.44127630262625167,-1.5,149.0012546128589,-68.5962910343805,1957.6788452772973,100.0,1
4935,2.622062842113403e-07,0.1815902255052645,-0.255118442453233,-1.5,137.59379672538205,70.80352627072865,1958.4351135629834,100.0,1
4936,3.1318847517983964e-07,0.09957376358670014,-0.09208208978496368,-1.5,-101.20001950822903,87.30432531072464,1959.9871930958386,100.0,1
4937,2.238687904472973e-08,-0.12505197315416414,0.21216997231943202,-1.5,46.43756532351731,-81.48793466571777,1962.2987935828914,100.0,1
4938,5.032281261935486e-07,-0.35725885398461754,0.14949825860475036,-1.5,-59.78922417665315,41.161515493928945,1963.1974593964633,100.0,1
4939,3.6856415508689615e-07,-0.02598799138051497,0.11797103461198576,-1.5,53.16858917497713,-148.5871984988159,1958.1900397646668,100.0,1
4940,2.273743086313025e-07,0.35747899876250294,-0.20617642940342082,-1.5,132.1523158080626,95.99384419446062,1957.7370184908561,100.0,1
4941,7.655659664608966e-07,0.30293346042682917,0.07882959617787194,-1.5,-147.89055559306047,-23.089780248519933,1958.828356921704,100.0,1
4942,8.07780189190751e-07,0.4537525976754971,-0.09849907983002336,-1.5,-69.3429830010126,-53.256544195115026,1962.5923105614793,100.0,1
4943,6.463166999563042e-07,0.2945418212495009,0.1327045175498449,-1.5,-33.08559573323177,-20.603694343927422,1964.1522643116266,100.0,1
4944,5.742657792394825e-07,0.29191553550579896,-0.23905062609873043,-1.5,91.84082605264054,-25.502039136009135,1962.2253170663162,100.0,1
4945,8.077265446184247e-07,-0.2810957453782975,-0.04337888319297666,-1.5,25.70054356872578,119.73474573750214,1960.7183272947643,100.0,1
4946,4.2175604230862114e-07,-0.312166508138922,0.25687283179227555,-1.5,129.76955793938836,-56.52713781643234,1959.4330380976608,100.0,1
4947,8.726753284188341e-07,-0.023922999057700633,0.31628126377190446,-1.5,68.38606677712485,-22.313369066856815,1963.221522319316,100.0,1
4948,6.432958472534463e-07,-0.014173844765584262,-0.38951093883512083,-1.5,25.72897839996599,-66.73883349893468,1963.2364182746373,100.0,1
4949,5.412103869918865e-07,-0.1442288693813413,-0.031135406376409724,-1.5,152.23660325868659,47.77924760012912,1958.0486322849986,100.0,1
4950,7.156167212687194e-07,0.12881110991722494,0.1389586141044414,-1.5,21.47261756066007,-137.17473307716077,1959.626317838795,100.0,1
4951,6.57516513162768e-07,-0.22693233902836152,0.4450953032653828,-1.5,-45.664479505033846,153.92386709095086,1957.9671817263518,100.0,1
4952,5.67350583187914e-07,-0.40825145963252973,-0.020991284915367253,-1.5,-115.08517264705604,-123.40827865005161,1957.2784896543362,100.0,1
4953,3.5804847022002326e-08,0.25517930170237113,-0.38369086347323506,-1.5,15.033069778033145,72.84416660518303,1963.1304135158155,100.0,1
4954,5.199970828426958e-07,0.1789745951866237,0.26861416049110753,-1.5,-3.5117893703279854,-42.128194551784276,1964.0840534013194,100.0,1
4955,1.7120454834678128e-07,0.45558875521778336,0.04328666391607911,-1.5,-27.470800453654544,143.5607511747822,1959.0939109983215,100.0,1
4956,7.638548471704074e-07,0.3897393542070896,-0.0014894999543437273,-1.5,-157.35478383845356,-19.660821098295497,1958.1282415569788,100.0,1
4957,7.550727546245682e-07,0.2615453714197988,0.3959289847938208,-1.5,-98.29927717972798,78.28316411764067,1960.5158210501145,100.0,1
4958,1.4607692202391807e-07,0.1608458722348835,0.036866956192091876,-1.5,-52.29667659003789,-69.97892447948776,1962.5955502885618,100.0,1
4959,5.477708377335489e-07,-0.35856481936508977,0.12738260349595337,-1.5,94.36363289751782,-76.6723049637081,1960.7728447487398,100.0,1
4960,5.009512902445013e-07,0.21139327600958163,-0.18772740081151498,-1.5,0.4598398054200271,37.532762327954224,1964.1803294416522,100.0,1
4961,6.95227015702256e-07,0.11372050902944728,0.13985198933750215,-1.5,37.08429616359131,-71.30494952514643,1962.8942012796815,100.0,1
4962,2.9846789320346656e-07,-0.0854482974847325,0.10391872997075538,-1.5,27.617265499640357,71.88295852512385,1963.0291422151963,100.0,1
4963,3.858263982545391e-07,-0.08573187591093179,0.20075285751702895,-1.5,-86.13111923202622,-68.92638469327999,1961.4392343529491,100.0,1
4964,1.461992962313772e-07,0.13664455336244413,-0.24854038053851582,-1.5,156.30731791590196,-34.243716088818594,1958.011408684969,100.0,1
4965,2.1579133720115945e-07,0.27757327835347506,0.06858237442862697,-1.5,-88.75365899724272,-115.12836426791056,1959.1532696605766,100.0,1
4966,3.5589961747513195e-07,0.1137079106204113,-0.025059353897340913,-1.5,-87.85275536689394,38.03922795460992,1962.2049324107797,100.0,1
4967,4.586258549524568e-07,0.12881125304391045,0.05640555258697091,-1.5,-18.800048429438164,76.14496436611455,1962.9726918240267,100.0,1
4968,8.879325056373396e-07,0.45611626466596616,0.11202610419408371,-1.5,-162.19166268135973,-10.16833291304473,1957.805852434954,100.0,1
4969,5.491222254650729e-07,0.136691629488156,-0.028169963746459914,-1.5,6.343343296036407,81.62497171959448,1962.8322425143049,100.0,1
4970,2.1980190129737942e-08,-0.2904043413959691,0.09470549994802543,-1.5,-38.38413754473947,-96.02935971686016,1961.8150540566885,100.0,1
4971,8.367034604998965e-07,-0.33120242079203355,0.22518358801208774,-1.5,-42.22087755173446,123.2806128538658,1960.2123798862376,100.0,1
4972,9.089252895056772e-07,-0.04979429582183969,-0.28617178912854097,-1.5,-123.05759328835526,60.564083370534235,1959.745418876058,100.0,1
4973,3.683432649120689e-07,0.04373338110564226,0.3285454625041997,-1.5,-93.62596440073818,-94.81800091733624,1960.0145437619087,100.0,1
4974,4.17197535856918e-07,0.17894848446808198,-0.20534837924124058,-1.5,-132.0572975705471,-10.183925800684815,1960.0689896225033,100.0,1
4975,3.511260586880517e-07,0.3737048449648112,-0.28924721461658753,-1.5,-33.90648866940365,128.17218146059543,1960.0600828015133,100.0,1
4976,7.26275404478473e-07,0.47467754785846655,0.08379693555809094,-1.5,-45.40551697166033,-163.4898376666705,1957.197664589449,100.0,1
4977,2.9598271957408284e-08,0.225776436396714,-0.3918416099159614,-1.5,44.850818676084586,-64.16770859991729,1962.9783991433153,100.0,1
4978,8.884869554517072e-07,-0.001586481414320053,-0.34893046245059595,-1.5,97.39846180194164,132.56670703527496,1957.6396231407277,100.0,1
4979,4.0056074866816987e-07,0.1176606628769131,-0.4298490531609491,-1.5,-128.1638945305102,4.6741183171123035,1960.3482994159128,100.0,1
4980,7.374209954009227e-07,-0.018092087136416867,-0.11159562959914435,-1.5,-108.03201275989353,-96.81032019291841,1959.1758809227215,100.0,1
4981,5.12088476770399e-07,-0.37021904990457316,-0.3054119094993619,-1.5,-132.0452977110935,7.1980509532698145,1960.0830374453512,100.0,1
4982,7.711408637684288e-07,-0.17620423393099072,0.20765042068052642,-1.5,84.84171491181803,-44.73620372790052,1962.19617820262,100.0,1
4983,5.091524882126073e-08,-0.3548405372024394,0.09082168227823054,-1.5,96.18430641792794,-120.18352662261724,1958.4988601971622,100.0,1
4984,3.057731155401408e-07,-0.2820538793556236,-0.1357957372569611,-1.5,40.52316026158344,-79.97219374369575,1962.4921930994697,100.0,1
4985,2.100916196730759e-07,0.22651627914643177,-0.08143592569772092,-1.5,-91.3560061422118,104.06996931268094,1959.6522160564953,100.0,1
4986,7.123369532145785e-07,0.3725304698753126,-0.07036793199818987,-1.5,143.02311065676116,14.020261730584288,1959.2756591008833,100.0,1
4987,1.7500254260617217e-07,-0.36858540672866485,-0.09884046268852599,-1.5,104.24136599507213,127.33557725631508,1957.6344588932873,100.0,1
4988,5.173738131937414e-08,0.16353068362307033,0.397227504515303,-1.5,152.3787751503461,-67.1587393674915,1957.4686967807124,100.0,1
4989,6.282724058818068e-07,-0.19859266043116344,-0.2375238469355177,-1.5,128.00558702923934,-58.845269316393676,1959.4808216041597,100.0,1
4990,5.720009125934584e-07,0.20441102376797537,-0.2529332770718049,-1.5,9.578964704094385,165.26110246340923,1957.5521187733182,100.0,1
4991,4.498976792319065e-07,0.13112053466120605,0.12587116246558014,-1.5,35.100508703876265,-31.29512498153654,1963.976032365785,100.0,1
4992,2.719216980625191e-08,-0.10522400313838737,-0.10264977405810805,-1.5,22.429306442260582,-79.24445200729969,1962.8118935101022,100.0,1
4993,7.776210633385781e-07,-0.48757469470787274,0.110290071795879,-1.5,-155.16960614518783,64.81378549749179,1957.3284989506394,100.0,1
4994,2.5946480065351434e-08,-0.08399105591974199,-0.10483716301129122,-1.5,-37.94694793862701,-100.31457319102367,1961.6091103514425,100.0,1
4995,4.255778140546553e-07,0.3056296133957662,0.3544575726280778,-1.5,-106.25258737997065,69.52931065444227,1960.430908984326,100.0,1
4996,8.167254997083452e-07,-0.021061887208368105,-0.05284387121327224,-1.5,-138.62514380864954,-7.8139877989975135,1959.6263157461524,100.0,1
4997,3.7802873349605e-07,0.25923252069779806,-0.3977040170906909,-1.5,-60.58227367396063,120.98365617901315,1959.8739830203835,100.0,1
4998,3.2427444030741413e-07,-0.02945977650781724,-0.2075724984740998,-1.5,-138.3616496031019,-95.06404846401502,1957.3533576937177,100.0,1
4999,7.498019905733358e-07,-0.2604322263611219,-0.10758064570044773,-1.5,-90.05743400475447,40.08808130085285,1962.0641912496712,100.0,1
5000,6.349239155549424e-08,0.3015373709952077,-0.2313575378793578,-1.5,24.47335967707373,-23.451979794651987,1964.2465083527472,100.0,1
