particle_id,birth_time_s,x_mm,y_mm,z_mm,vx_m_s,vy_m_s,vz_m_s,mass_amu,charge_state
1,5.722531887542946e-07,-0.08166000357342909,0.10747774816786154,-1.5,-105.35913222607861,-91.67991313892833,1959.568200662977,100.0,1
2,3.343268526311488e-07,0.09852131861023157,0.1616202557707239,-1.5,75.94034774780984,87.28215083829527,1961.1293113905351,100.0,1
3,4.918875645697645e-07,-0.34092646712166136,-0.31227641222467367,-1.5,74.04036310081604,4.2440544770881266,1963.1386346612474,100.0,1
4,4.481250025010411e-07,-0.3107462223693592,-0.32474944973916303,-1.5,-113.3403402642059,37.52215713033933,1960.9077849963296,100.0,1
5,1.2900393988718955e-08,-0.25950511517689867,-0.15007545744800085,-1.5,-43.00890876859418,44.82849236214867,1963.5564484641645,100.0,1
6,1.82564558414695e-07,-0.051287029470635986,-0.21598462767449766,-1.5,-18.254728030234887,34.97593828718131,1964.1427480994362,100.0,1
7,3.0183241843670825e-07,0.21863362520945706,0.27509928115359933,-1.5,-23.918899333351703,-48.21634901635847,1963.8015063158357,100.0,1
8,3.610100788858849e-07,-0.015541044708874295,-0.48869721695147844,-1.5,114.5485915995719,64.60067630260858,1960.1323065165604,100.0,1
9,6.14690969586913e-07,-0.26734483556599037,0.07953231322213802,-1.5,-43.021869481974264,-101.58174952393516,1961.4391535747582,100.0,1
10,5.630408020203555e-07,-0.01792962950362997,-0.32163400180521384,-1.5,-94.71310753361682,66.90077142086304,1961.1137142732825,100.0,1
11,2.2314198203260313e-08,-0.2732298645896325,0.24109811199822134,-1.5,-80.87703567350938,90.3373585758371,1960.7935518591287,100.0,1
12,5.956609269739264e-07,0.23460836151508635,0.2222538256592695,-1.5,-147.21671729341082,-29.446275054117915,1958.7938741227777,100.0,1
13,7.025598511920493e-07,0.15798690743314378,0.34006588652240255,-1.5,-25.06352169369953,-50.93183777624967,1963.71867996594,100.0,1
14,1.1776505940598748e-07,-0.19403737258075712,0.18282843142136931,-1.5,-114.20853181351984,60.643591280548335,1960.2785649911416,100.0,1
15,4.1487521978509185e-07,-0.01664354634081741,0.002722272926102794,-1.5,163.1651244820757,-50.69798040069428,1957.0948222306886,100.0,1
16,5.213784255201342e-07,-0.23706117503858792,0.4207669827471946,-1.5,-1.7510644829712227,-13.455050308993657,1964.4920925421131,100.0,1
17,8.481200717237339e-07,0.18256211783063342,-0.4343616907087632,-1.5,-48.175528721571396,-96.75827660467814,1961.5632135128915,100.0,1
18,3.34934352144964e-07,0.23696955468717495,-0.033276920531939785,-1.5,46.76968143710652,-89.37786639683569,1961.947369366149,100.0,1
19,4.355619248074718e-07,-0.3024399476958564,-0.1766438524085808,-1.5,-136.10416093407295,51.21901794350893,1959.1491918288066,100.0,1
20,6.838760068787496e-07,-0.040150423335370604,0.008596532979396807,-1.5,45.42202900470533,9.80194904859446,1963.9893195590641,100.0,1
21,5.387918547591204e-07,-0.008232651479458458,-0.35791018649293777,-1.5,-110.028014995555,-84.0201525439531,1959.6550043690752,100.0,1
22,8.57524384789563e-07,-0.35542542832363494,0.22215646459984495,-1.5,30.322128906859547,-50.64673254633078,1963.6518946205988,100.0,1
23,3.388303632015577e-07,0.30520483674769194,-0.23133014985058956,-1.5,-30.123609003714712,-16.233481751965492,1964.2409038905923,100.0,1
24,6.616368052718904e-09,0.14765711717417626,-0.10704969599310442,-1.5,31.290863626764864,-80.97821398735734,1962.619855442984,100.0,1
25,3.897259573499713e-07,0.28884435428087857,-0.10536247389706005,-1.5,-105.21284034212972,9.036883454976826,1961.6987228498401,100.0,1
26,1.5231871643804725e-07,0.07461049926225326,0.18303521842911774,-1.5,48.44127042889771,10.059559248683707,1963.9158675597812,100.0,1
27,5.437742561337385e-07,0.3856590236622692,0.27502510944869996,-1.5,53.65482623066846,157.41250865603652,1957.4871003424012,100.0,1
28,8.532618806477044e-08,0.34440934787162203,0.3238465927752128,-1.5,-149.02019132285793,37.01482346178311,1958.5290836973352,100.0,1
29,3.0487947825696526e-07,0.050759254161995296,-0.33262145803811893,-1.5,-136.2098327885691,-92.11802512168771,1957.6451254416672,100.0,1
30,7.984629871140357e-07,0.30582401947465654,0.3797748235547503,-1.5,-46.47600167097643,116.66808194981347,1960.5208048345119,100.0,1
31,8.305995471582681e-07,-0.18644086735585713,-0.14665319929681767,-1.5,-91.85832814528995,62.523365463883835,1961.3939335553052,100.0,1
32,1.34611593731613e-07,0.36342082222017147,0.33609283256234945,-1.5,-7.929954135954743,-44.0362846818865,1964.029329649878,100.0,1
33,9.763295978947983e-08,0.3957215919133144,0.045784308894067795,-1.5,-64.14062023264461,114.92514096950482,1960.125373305351,100.0,1
34,9.324712241540562e-08,-0.11436972190905152,-0.21803124257295847,-1.5,-141.74466545051376,42.9385157156139,1958.9481922579253,100.0,1
35,4.6450424944556524e-07,-0.03386689131156131,-0.09761324486205096,-1.5,156.58771324042988,33.37763568944199,1958.0039600991738,100.0,1
36,6.620831851280369e-07,-0.1457801140278474,0.41900784539725866,-1.5,-121.22455979900138,5.604783214207498,1960.7872089476693,100.0,1
37,3.948705343982167e-07,0.2759360303225504,-0.39733526433909966,-1.5,93.31294378872225,-121.67117781159956,1958.5459160503622,100.0,1
38,8.424873442757492e-08,-0.3980334161079887,-0.14485794499225624,-1.5,-17.291117972992286,-160.85211215212837,1957.8664156478026,100.0,1
39,7.45542743998155e-07,0.07323896896906903,0.44661389835358956,-1.5,-54.08414530584017,-68.4337683889544,1962.601592488082,100.0,1
40,1.4590482294709575e-07,-0.3095803638867218,-0.032788777134624636,-1.5,-13.294209713311133,86.93013236003162,1962.5696681499226,100.0,1
41,1.793161077353707e-07,-0.16313665071892702,0.46201231174957047,-1.5,123.47080697478098,-72.50929451898017,1959.3138207799911,100.0,1
42,4.601388949667128e-07,-0.16110034946368929,-0.28820658687768663,-1.5,150.73230560341625,-13.018868453441618,1958.7045635771112,100.0,1
43,4.486416105439931e-07,0.08716912855749791,0.08099627383127699,-1.5,-106.80708093216832,-112.43640842034522,1958.4084323221277,100.0,1
44,4.979050684015624e-07,0.4050914868250743,-0.13310081822091913,-1.5,-44.89727523438154,162.17240161651125,1957.3189911449265,100.0,1
45,7.606997532289003e-07,-0.24140713166064237,-0.40818308869910913,-1.5,-52.98222774691207,67.36720378176604,1962.6685480905153,100.0,1
46,1.7523898983294468e-08,0.039390170021424135,-0.3860380622632684,-1.5,-63.962293076367445,-147.05153252065148,1957.9831352986348,100.0,1
47,2.0944984435873518e-07,0.2028432873840406,-0.1559732565425073,-1.5,-161.84221511410394,40.564770173449645,1957.4409015584267,100.0,1
48,3.660370950545419e-08,0.2405761919126728,0.23083085965219785,-1.5,-39.23409484568704,-122.74072013921892,1960.3083144463467,100.0,1
49,6.044540758118421e-07,-0.46577284049763934,0.15967639540275191,-1.5,-111.47214077981052,64.3910956344559,1960.3165649708446,100.0,1
50,7.017902715629172e-07,0.216660047386892,-0.015050675093580896,-1.5,-122.42048776362184,-63.00116963071429,1959.7084893082977,100.0,1
51,7.111927927229022e-07,0.07245218015619612,-0.41620746743157516,-1.5,-31.21751284765722,131.59270319408478,1959.8780864185942,100.0,1
52,6.644337299746535e-07,0.06863386966777223,-0.0792606329109693,-1.5,1.3390387994426551,-146.1094183565029,1959.0976318470575,100.0,1
53,9.525300284872175e-08,0.31256518495564317,0.2917527864975152,-1.5,-109.47852809276456,90.01284279721187,1959.4196656878632,100.0,1
54,3.511229459584654e-07,0.44813525310883184,0.07100630527367591,-1.5,-52.70239468718656,-37.326666398529234,1963.4771360614159,100.0,1
55,5.070934601360223e-07,-0.18458233068816765,0.27611320742696166,-1.5,157.28807374876183,-36.82248011272793,1957.8860674413318,100.0,1
56,4.263259527397686e-07,0.17430293017994905,0.4312107706189364,-1.5,159.00832850628697,2.5436043214224884,1958.0917158827938,100.0,1
57,3.8080318165706974e-07,0.02568648952693824,0.45280599511416025,-1.5,161.57615776630874,19.018349281512748,1957.7907788878297,100.0,1
58,2.8974477483688883e-07,0.06738410967265583,-0.37568018433540845,-1.5,-115.07475944235196,-71.24551955280198,1959.8712105516186,100.0,1
59,1.2952685344464647e-07,-0.4116754390876694,-0.13479935097575937,-1.5,-60.5889539734162,24.989040485595357,1963.4453933782186,100.0,1
60,5.641382690734411e-07,0.17321248067324935,0.43007182319332965,-1.5,-133.42771994041266,-27.55361476323013,1959.8089519468763,100.0,1
61,2.933820987935826e-07,0.04692186351062552,-0.24767658740388382,-1.5,-112.24201805187559,-65.78303378755923,1960.2264175639198,100.0,1
62,5.295415495467748e-07,0.08450893838983828,-0.45812042921525215,-1.5,152.5974502861018,-73.79110198260146,1957.21285957877,100.0,1
63,9.101990039424095e-08,0.21912757534737887,0.23785786834877354,-1.5,-37.766912977326776,152.76523305535164,1958.22616929706,100.0,1
64,8.102132174718941e-08,0.19718573072979004,0.36523875833021374,-1.5,73.16488285524636,111.56311686770925,1960.003534980912,100.0,1
65,8.758277768568913e-07,0.2115067565914622,0.2831642116891529,-1.5,-47.405205931158456,30.47128427589439,1963.7305144930995,100.0,1
66,1.593679391967797e-07,-0.152750474026527,-0.3527367067863945,-1.5,1.457644861393381,93.16107845203663,1962.3282536311917,100.0,1
67,5.654696569159263e-07,0.15169804839688567,0.1405737528286879,-1.5,127.05103688473127,108.05817642048095,1957.4459764706985,100.0,1
68,7.665211175877712e-07,-0.23969547631876953,-0.37958764644453313,-1.5,-125.62415002787785,11.28221702895787,1960.4857996871124,100.0,1
69,5.908776732709771e-08,0.14491904876544784,0.4095141368575065,-1.5,61.99094491799851,83.25221419010875,1961.7949632534867,100.0,1
70,9.057690094587386e-08,0.3331284559505426,0.04065100683304318,-1.5,-166.76906512994842,14.494398693806598,1957.394001622647,100.0,1
71,6.529720132275414e-07,-0.181666990637005,0.2566467166596083,-1.5,-153.01547838693705,-71.18551477120364,1957.2767234417586,100.0,1
72,5.32155429528064e-07,-0.3496961775018397,-0.1657615864999558,-1.5,90.68629927452172,47.45114547108876,1961.8709616545898,100.0,1
73,6.899828534362149e-07,0.44006359828534547,0.16036867461932378,-1.5,107.42324234641261,-94.70015376970741,1959.3124850686552,100.0,1
74,2.272551122702393e-07,-0.4927573076599943,0.040816012784014644,-1.5,117.75402345176879,98.61848696248465,1958.5253815706044,100.0,1
75,8.623877821821218e-07,-0.47282524927102587,0.0069143979436006075,-1.5,66.41367963772814,-125.65354422682589,1959.3911544779276,100.0,1
76,8.557364809376536e-07,-0.15188638875705213,-0.15670786619675417,-1.5,7.8366698305018705,-161.6450973197915,1957.8617763735454,100.0,1
77,2.1677202477705668e-07,-0.06469096346175965,-0.17517277440012763,-1.5,-19.262611445069773,149.64640290203732,1958.7363763827252,100.0,1
78,2.8259302686866967e-07,-0.3336896845047216,-0.18232100312320162,-1.5,149.04315844246386,75.75969088778666,1957.4115286327024,100.0,1
79,8.151785871794081e-07,0.16388183489064678,0.45328073850387257,-1.5,66.18339980118027,48.95760194150945,1962.8133372965003,100.0,1
80,2.1731148866551585e-07,0.0652314942615258,-0.36693368794966635,-1.5,-12.550901848710605,94.498694498095,1962.2246960700172,100.0,1
81,5.305350556656367e-07,0.15020387019287187,-0.18778677084032339,-1.5,79.14917782266456,91.46010725918586,1960.8120110546715,100.0,1
82,7.728519181950825e-07,-0.05939818575496673,-0.4528616668886215,-1.5,76.24208983005617,3.5560961764058954,1963.055726204547,100.0,1
83,8.241204791838167e-07,0.30670962663561463,0.3317434168715732,-1.5,106.98270022345058,-40.47352011920341,1961.2062314525188,100.0,1
84,5.901449951614438e-07,-0.292380985546301,-0.05408836131438605,-1.5,-76.44902380358866,53.272916988455464,1962.3279107583296,100.0,1
85,2.6921632156307486e-07,0.1856306914998445,0.07656390957005756,-1.5,128.6808340543044,36.77726996770735,1959.9749900513889,100.0,1
86,3.5166666369725237e-07,0.12999413048891242,-0.03631047911616385,-1.5,-49.98610819346521,-156.86670762708914,1957.6280319029047,100.0,1
87,4.878864481051518e-07,0.05492801285020587,0.2041118370528556,-1.5,-52.24505763306068,162.9321147742643,1957.0735464448533,100.0,1
88,1.5207943805037246e-07,-0.32506394667219285,0.055198618678765805,-1.5,-27.282693481009495,-43.45224763926302,1963.868845691496,100.0,1
89,4.87964480171372e-07,0.09191914915232477,0.15081241531863446,-1.5,113.96093599784656,90.30942585467251,1959.1504278473426,100.0,1
90,6.335886601712768e-07,-0.004567831438311619,0.27643368574584504,-1.5,107.75748590374303,34.482316128510774,1961.2783026312836,100.0,1
91,7.438720452984069e-07,0.03766633056736163,0.251608995867388,-1.5,-29.362672199213844,-63.03318175111046,1963.3079070145325,100.0,1
92,1.660772749457585e-07,-0.05208780848797035,0.3350391161598187,-1.5,-33.4843173864332,115.25669979967688,1960.8691899019125,100.0,1
93,4.728735986806052e-07,-0.06125915189924052,-0.19014190788958815,-1.5,-144.44045257205633,-50.87163242836184,1958.5612880226608,100.0,1
94,1.6325048838654034e-07,-0.37778985217002947,-0.053427285922274345,-1.5,-90.83303457324247,144.13329401230925,1957.1377671624214,100.0,1
95,5.197708605858084e-07,-0.26901916467351683,0.3508607127150514,-1.5,-83.04182055639103,-125.50027712477484,1958.766709627876,100.0,1
96,5.527800192254669e-07,-0.2577332067113592,0.21131182366804996,-1.5,-54.64970753758885,57.1237912720642,1962.9476733226725,100.0,1
97,1.5966722436343117e-07,0.14640347834394174,-0.21927338875106359,-1.5,-61.63166702487238,-99.4199262082879,1961.0534164470394,100.0,1
98,1.891167003759784e-07,0.10515484916693398,0.38929877181585615,-1.5,-28.779280880328013,-121.22712222000288,1960.5838477597429,100.0,1
99,7.664416896661184e-07,-0.07544614386378869,-0.04881061808459201,-1.5,132.36390235509006,73.6488897615415,1958.6906148384833,100.0,1
100,6.529741947352531e-07,-0.2700403103167011,-0.3972490301626126,-1.5,6.371607144547939,-26.59649479790226,1964.348572772407,100.0,1
101,4.584321642621978e-07,0.06749202447304276,-0.27197353505144023,-1.5,71.46089384517992,-21.456967789558384,1963.121551369211,100.0,1
102,4.172661386067131e-07,-0.06938825544708654,0.11441916827186058,-1.5,-20.422773017831133,72.93258635422713,1963.0784585584133,100.0,1
103,4.43158664466046e-07,0.3146497459957028,0.2072862370552641,-1.5,-56.24206894460189,-123.0687469431176,1959.8735161925151,100.0,1
104,1.7495045374876994e-07,-0.33101003948350344,-0.20477606207847984,-1.5,-34.99446048379209,-9.232032782672485,1964.2055502345672,100.0,1
105,2.7964405283383884e-07,0.42283755858004785,-0.1886981654915989,-1.5,-119.51781595796992,42.171622196913574,1960.4464624712527,100.0,1
106,8.646685357452884e-07,-0.24675238531057328,0.061197844134744335,-1.5,80.52477648765539,6.97203019915152,1962.875553221,100.0,1
107,4.790541401232738e-07,-0.07496217493283663,0.008384925076983202,-1.5,-33.454087637944745,-49.9310810165577,1963.6193616469975,100.0,1
108,4.951958213248797e-07,0.33456223960632137,0.3272443709033419,-1.5,143.05072514323717,93.59889048854824,1957.0868718586403,100.0,1
109,1.8912842708154247e-07,0.25095825662601845,-0.3608832874113936,-1.5,49.21800356575623,50.60499330069028,1963.2702333209684,100.0,1
110,1.75914092892501e-08,-0.16791410040277804,-0.19617907168345958,-1.5,-125.26898120938067,111.33054158902826,1957.3774493240667,100.0,1
111,5.056303549695256e-07,-0.2724670979731395,0.2736044696430551,-1.5,89.45725459314167,34.0025299162596,1962.2065420913475,100.0,1
112,8.2987441070501e-07,-0.2587301769574755,0.3695924315810615,-1.5,66.57156667055894,12.9854993358876,1963.3677418110333,100.0,1
113,5.379721426660647e-07,0.11591096100696505,-0.10768052876891443,-1.5,-118.44914008724106,25.356174349395353,1960.8008955274086,100.0,1
114,6.893840112614724e-07,0.2150163260356606,-0.1977433022755234,-1.5,144.35775889209387,86.91405132166034,1957.299177794912,100.0,1
115,4.3021090296596985e-07,-0.14846198512893724,0.44565284059123367,-1.5,-72.66811786430614,-19.388991479048837,1963.0987488971655,100.0,1
116,3.120649801185139e-07,0.06443825945627622,0.4949428551231756,-1.5,-90.00300123890428,136.08387662532724,1957.75226332566,100.0,1
117,8.156288956864116e-07,0.0022919638708456813,-0.23659124049165792,-1.5,-83.82754363283846,10.84630395062696,1962.7196913683897,100.0,1
118,5.277804223909963e-07,0.19688302860887424,0.2856076451931911,-1.5,38.86057315437657,-36.66370848229681,1963.812342002303,100.0,1
119,2.855107372875684e-07,-0.23850596829715828,0.19067749031439432,-1.5,-81.62360882569772,144.32433018237757,1957.5294021970165,100.0,1
120,7.730336527713951e-07,-0.27231491772226046,-0.18640353883115482,-1.5,40.58001192586003,136.13326990582377,1959.3964074997627,100.0,1
121,5.009178127149893e-07,-0.2830363160040314,0.0004818593464337997,-1.5,60.35313373087256,51.63255922375409,1962.9327202792765,100.0,1
122,2.023947114011813e-07,-0.20479490207311618,-0.10541836664343199,-1.5,-8.908990819360449,-36.19260837487113,1964.1853301681426,100.0,1
123,8.041450703528096e-07,-0.12584123049464396,0.3153563903595051,-1.5,108.89153842792786,-13.931451149224559,1961.4693048308982,100.0,1
124,4.813619144617123e-07,-0.16962141571085393,-0.44050139445363684,-1.5,36.09818497154422,-53.65319596440874,1963.4743547779524,100.0,1
125,7.420751826086415e-07,-0.018507681172399922,-0.30844572134237985,-1.5,-148.10551899222145,8.643366064486377,1958.929129328892,100.0,1
126,1.2067813281077887e-07,-0.28845773475594916,0.12369363070894819,-1.5,-23.915613655172063,81.12426823579258,1962.7175504368515,100.0,1
127,5.291564837058009e-07,-0.18666313997736986,0.3943931669745753,-1.5,133.17554625037462,26.98068695040366,1959.834075292786,100.0,1
128,8.278420696877934e-07,0.11205590753760349,0.12076954661984315,-1.5,3.2452413928431416,66.47425991872004,1963.4112985930105,100.0,1
129,7.113309821493274e-07,-0.22908243816798105,-0.11157298061715841,-1.5,61.730470870346316,92.29862391850433,1961.3983785185014,100.0,1
130,8.257773194101855e-08,-0.33832664212810626,0.134640743196666,-1.5,-156.8561689112255,-26.535938600589734,1958.0871462994721,100.0,1
131,5.735344111196069e-07,-0.2898881542967188,0.0010767925753896361,-1.5,-91.70954228831826,134.20556670474136,1957.8027255024592,100.0,1
132,8.16021404795083e-07,0.3386638189439414,-0.23968168068758014,-1.5,-9.681200227298861,-128.2760163078721,1960.322632698116,100.0,1
133,4.5439285851364335e-07,-0.2851168855207755,0.32463660879565215,-1.5,28.779380017176038,89.61468965655838,1962.282915623972,100.0,1
134,3.9770058002686694e-07,0.4000040265866472,-0.14414480090363607,-1.5,-83.56576192320425,-5.121533842596067,1962.7541414021841,100.0,1
135,6.762188987350794e-08,-0.2041619503631771,0.0942246848005565,-1.5,110.66547864941627,49.627817232580746,1960.7915539032078,100.0,1
136,7.770659982707691e-07,0.3042550538692651,0.22714903121401914,-1.5,116.41441355303766,64.34939467075556,1960.0306441453258,100.0,1
137,8.297933670919148e-07,-0.18637071861476942,0.11790013858544188,-1.5,-119.84256897531488,46.97459897217852,1960.3174314327084,100.0,1
138,3.6892710493376995e-07,-0.24774523308601223,-0.2732006239200885,-1.5,-81.3117251385989,-16.945423728371487,1962.7823471378028,100.0,1
139,2.9429820300482843e-07,0.39160065227679125,-0.009577497814079216,-1.5,154.2074772875129,-39.17758101783932,1958.0854060434501,100.0,1
140,8.266725553869032e-07,0.21293374785804398,0.21843481669519066,-1.5,-69.88313689826505,-33.63194297410823,1963.0075205803914,100.0,1
141,1.5706227136539533e-07,0.2854239264273136,0.3443004177899179,-1.5,-154.4705160798179,16.421575044187676,1958.3877240733598,100.0,1
142,2.894041159861101e-07,-0.15688192900487521,0.12178670672094315,-1.5,-82.24498213672837,117.75833855204428,1959.2809964068254,100.0,1
143,7.381716327567345e-07,0.08186846912428743,-0.3160831748416274,-1.5,-114.56626033510835,-112.74828472392099,1957.9519101731719,100.0,1
144,4.3639384314066895e-07,0.06215530687249223,-0.04287087141695456,-1.5,30.59849380285543,167.02932155771762,1957.1863028805144,100.0,1
145,3.1332729776143805e-07,0.2563266969789984,0.10132375747502527,-1.5,157.7300562054453,-39.883125634706026,1957.7905536408036,100.0,1
146,8.950641988276088e-07,-0.2822852342211548,0.25748816883876513,-1.5,159.91206809281945,21.247253023490607,1957.9044846425386,100.0,1
147,6.747820370701804e-07,-0.05560697650877384,-0.09446849780939634,-1.5,11.346234419114683,60.09131502476041,1963.5869176303943,100.0,1
148,4.467611860155358e-07,-0.39655322089969586,-0.08813955606612403,-1.5,-26.29618178870559,62.71299019497838,1963.3616268915594,100.0,1
149,7.44533726946185e-07,-0.08772527320023317,-0.18791733953496648,-1.5,-46.30261622168624,130.7113514538356,1959.6387158346995,100.0,1
150,8.105623808612538e-07,0.1564628308848981,0.06639554303750092,-1.5,40.76642977924695,28.687011729317412,1963.906423388657,100.0,1
151,8.589761597103311e-07,0.07840676354050165,-0.14927887145054364,-1.5,160.82232508293154,-14.074203200301243,1957.894630164077,100.0,1
152,6.964692013999874e-07,0.43334809263246155,-0.15229553403757262,-1.5,121.45785604456147,108.92396398191639,1957.7530093302514,100.0,1
153,5.037394249199652e-07,-0.02433955850760448,-0.4413314816898357,-1.5,-47.22967508756301,-122.56475586002931,1960.1429857737996,100.0,1
154,5.994944261325617e-07,0.3024823488381421,-0.20734323254302375,-1.5,-125.2326940548207,113.88602661272657,1957.2327484354712,100.0,1
155,7.334428682937665e-07,-0.4498752920902619,-0.062464208944868635,-1.5,-122.27152825717245,-117.28171173912743,1957.2194459833386,100.0,1
156,3.307626995219097e-07,0.44260016150733383,-0.11794588687288689,-1.5,33.72475886830109,-35.95502135799583,1963.92035565207,100.0,1
157,2.4600007163050755e-07,-0.2322743249525674,-0.10339133586135069,-1.5,-61.54396065331789,71.99732857966043,1962.254318851312,100.0,1
158,6.640603700555399e-07,0.23825280388746703,0.1744956130810233,-1.5,-78.31284614013514,-27.916417377840915,1962.7789121641665,100.0,1
159,7.962403804009271e-07,-0.1889645847153513,-0.1758895756731402,-1.5,-118.01976622864744,24.66588427477948,1960.8355910678513,100.0,1
160,3.462291252974948e-07,0.014468734568855775,-0.1003472394155048,-1.5,44.832378526493706,1.238499861243444,1964.026937243958,100.0,1
161,8.192110563617969e-07,-0.2843742129660888,-0.3075712091238964,-1.5,-133.41932072953222,-95.20887024124625,1957.6894141179766,100.0,1
162,4.590661563686089e-08,0.03499110957023884,-0.48530035021167045,-1.5,111.84383920855181,93.56900303740538,1959.119466384786,100.0,1
163,1.6033638932759451e-07,0.17158895197388294,-0.11678312549137558,-1.5,55.83625474760373,-118.89559782480586,1960.1427080036224,100.0,1
164,4.0445129592006755e-07,-0.3986112584404358,-0.25376859490511405,-1.5,-28.40376681023185,-106.31797541732972,1961.454307497445,100.0,1
165,9.080419509916527e-07,-0.25807209505777073,0.2593148667857437,-1.5,113.82734069320409,-13.58981311817352,1961.191459229888,100.0,1
166,1.590602824801451e-08,-0.0013587779505955877,0.36757611599485573,-1.5,-48.2338038660149,-58.51512965231537,1963.074824359102,100.0,1
167,8.897502150542845e-07,0.22390655414845262,0.18179813014971974,-1.5,-128.74842243421037,13.301639947696515,1960.2704395979488,100.0,1
168,3.2488166095248084e-07,-0.09299836543646485,-0.0614020319310957,-1.5,11.148359766750364,-59.17078326520463,1963.616005931003,100.0,1
169,2.0662667079062027e-07,-0.10185201887626406,-0.2970031931878724,-1.5,-100.58741905580554,106.13548165745233,1959.0892570087672,100.0,1
170,7.780168216565754e-07,0.24597758093116276,0.025686807851455568,-1.5,-36.16614246813918,-10.373481877728791,1964.178629167632,100.0,1
171,2.095474754274321e-07,-0.11037006597233136,-0.033681641065703864,-1.5,118.57309154488428,61.63470440444308,1959.988487578587,100.0,1
172,3.223882857077382e-07,-0.024095634330174327,-0.16269732263648273,-1.5,113.84210045861333,41.28488417525664,1960.8031060685155,100.0,1
173,4.315957200363468e-07,0.13796413392699655,-0.29006386584447214,-1.5,-101.65239579199724,-131.7489429628232,1957.4785548567465,100.0,1
174,7.973871833416891e-07,0.05164841514260523,0.03797191431517773,-1.5,67.26525649515999,50.20304232081888,1962.7450996185178,100.0,1
175,4.772198268054148e-07,-0.2116184709296265,-0.11932630039937381,-1.5,34.47946557170356,-55.83315179870168,1963.4426683456393,100.0,1
176,3.9502195444466667e-07,-0.19358704479906316,-0.07439994195408796,-1.5,-26.510230351704774,108.74406622120745,1961.347807507508,100.0,1
177,4.6835965333240443e-07,-0.2344782256171652,-0.13593719064883947,-1.5,-37.889810988013856,-29.79596939226523,1963.9475167879102,100.0,1
178,1.3376722223923063e-07,0.22671558328943509,-0.37423370444867227,-1.5,-24.117672721125256,141.29578385898046,1959.3027141287598,100.0,1
179,2.883102108704107e-07,-0.30494533664789497,-0.002982839089463697,-1.5,-8.179456680230363,2.7385498452572805,1964.5200134127656,100.0,1
180,4.890200279928367e-07,-0.4264000036754274,0.2259550619292026,-1.5,7.414956194670053,142.60218610000572,1959.342471649676,100.0,1
181,2.662656207583559e-07,0.003977838936407901,-0.42981853664121955,-1.5,-46.16741237677744,-114.24203823099516,1960.6709599015821,100.0,1
182,1.3949145064157222e-07,0.24779213597201025,0.25219475182228185,-1.5,80.04707646181969,106.47820851185625,1960.0173833229521,100.0,1
183,8.782833373971206e-07,0.4689412251778557,0.1485012578803766,-1.5,36.51353071256409,-162.2636754292733,1957.4857721008389,100.0,1
184,8.270186217914679e-07,-0.20928730331550544,0.06543238001492786,-1.5,-52.226432989626375,139.1156639679701,1958.9110541323878,100.0,1
185,3.8190694400937423e-08,0.15723178272543706,0.17333107093183484,-1.5,28.648869094193234,59.44896592456753,1963.4302506114789,100.0,1
186,3.253296586416972e-08,-0.36146896704877013,0.23261227348169364,-1.5,-169.37501536882263,-4.229610493559753,1957.2193287493396,100.0,1
187,6.080325190560464e-07,-0.3114707329521175,-0.12428234749893906,-1.5,-99.21358717577121,-19.560359224113665,1961.934591858982,100.0,1
188,4.077245590800227e-07,0.43751213232632147,-0.10524007491917788,-1.5,90.70254906191978,-16.24193894113493,1962.3767562013247,100.0,1
189,4.636020024477585e-07,0.20173187604852105,-0.04389243887728091,-1.5,128.91995426212674,-78.70488546127694,1958.7236846129445,100.0,1
190,5.132136540243238e-08,-0.354915997879771,-0.2671907033871927,-1.5,-2.426389404413359,156.29782715051908,1958.310084774272,100.0,1
191,3.7548249858202094e-07,0.11674362163874208,-0.40409268305881707,-1.5,6.976246076120941,19.159289047945446,1964.4331344945274,100.0,1
192,1.4520442014929474e-07,-0.21600489031141698,-0.1764063587260847,-1.5,80.13023386622167,-80.69773188597799,1961.2445813704967,100.0,1
193,7.520149997671092e-07,0.02271977645170153,-0.22362493625172514,-1.5,-116.19758040504585,-112.18748774060292,1957.8879886675327,100.0,1
194,9.008750769915443e-07,-0.028057983605635786,0.40035282915216414,-1.5,-78.55422088046946,37.35426711656822,1962.6123354794695,100.0,1
195,8.790373456399131e-07,-0.3490159785673813,-0.24446561817466358,-1.5,-96.66148266584051,-102.39060214774646,1959.4861593353485,100.0,1
196,4.3289266355843435e-08,-0.19441227650338025,-0.18249689050122467,-1.5,100.6340127620039,134.41125325911662,1957.3501722325675,100.0,1
197,2.9095106865273895e-08,-0.1632239300277015,-0.3826108891775424,-1.5,78.20590237116015,-60.47499618157283,1962.049922386605,100.0,1
198,5.972110275969412e-07,-0.43047702525636267,-0.16339971366461073,-1.5,-75.59757615056223,70.53707694548316,1961.8162027881913,100.0,1
199,3.109803062712336e-07,-0.33925743317949414,-0.36308524569254974,-1.5,-1.3318640485046769,-72.73385343032092,1963.1916103553071,100.0,1
200,3.227907897435253e-07,-0.2524901655352953,-0.04989014797214485,-1.5,-36.902480664999224,-88.97672499138494,1962.1759950617854,100.0,1
201,9.884535562340945e-09,-0.1853390066758659,0.23854555544834422,-1.5,63.55179761894259,91.87712301356191,1961.3599999878359,100.0,1
202,2.6990901234016497e-07,-0.003232132943838399,-0.26262688631332437,-1.5,-0.5739537953500026,-37.69745255382437,1964.1771455024427,100.0,1
203,8.035886172125024e-07,-0.2479503857282549,0.3486294768612923,-1.5,-61.0925409857175,-76.07867179153477,1962.1144266837434,100.0,1
204,5.596664909317224e-07,-0.1335024240131284,0.18313356178655912,-1.5,36.003955183633835,-65.13799473019867,1963.128636416828,100.0,1
205,1.5619576584818213e-07,0.413711113190814,0.1245680617036556,-1.5,25.967220453766576,-9.73683162051998,1964.3431940060857,100.0,1
206,5.115167670976941e-07,-0.16769312739164402,0.0885160745520092,-1.5,-151.02480587755747,-8.737140133870653,1958.7058116669941,100.0,1
207,1.6099175547282745e-07,0.4625034711427701,0.08396817868711803,-1.5,-84.33180669039189,-11.563389297237219,1962.693995679007,100.0,1
208,7.61193766092874e-07,0.08266834635471766,-0.10027302056448946,-1.5,-131.20281085808716,-5.3934752864476465,1960.1454076454131,100.0,1
209,1.32794586777779e-07,-0.01976511629281566,0.4744799169263741,-1.5,-89.98882231206477,93.62651879490888,1960.2421720551176,100.0,1
210,5.504523777302878e-07,0.33573900438969323,-0.13406617413206104,-1.5,14.173581663647058,-66.54562037152121,1963.3604040670486,100.0,1
211,4.571058362489115e-07,-0.06933495255162529,0.3713599883674484,-1.5,-38.801817387030646,-68.60592390931559,1962.9571906789367,100.0,1
212,1.8594651736147312e-07,-0.19280573708916612,0.04895928145704953,-1.5,83.38638983419807,32.07098623330937,1962.506419887225,100.0,1
213,6.984890083116209e-07,0.10283180962504133,-0.00720166156517918,-1.5,-87.85051445130297,-101.27274886299497,1959.9590311316472,100.0,1
214,7.191402383651434e-07,0.2041219726467388,0.1817171867792382,-1.5,100.69207521043269,-122.9947854026284,1958.0977184552637,100.0,1
215,7.018030003924959e-07,-0.3267447928496465,-0.3676982707603033,-1.5,-32.56936055150472,-144.74049677357294,1958.9289705380174,100.0,1
216,4.3254896490236203e-07,-0.24916357532834255,0.364213612727832,-1.5,-61.41125406821273,8.688594309267293,1963.5596381237901,100.0,1
217,2.7382543415833583e-07,0.4003326746071825,-0.0676218184474024,-1.5,117.64324922307222,21.31574886052218,1960.8974963084847,100.0,1
218,7.736341727922413e-07,-0.44301552348227446,-0.11002937727435863,-1.5,-106.5460884798109,-16.644660863892984,1961.5769606519418,100.0,1
219,8.445389806862753e-08,-0.05742843033066383,-0.4728953319131126,-1.5,0.561888945077447,-43.29249499360959,1964.0617939423832,100.0,1
220,4.021038056497426e-07,-0.35821508390830786,-0.1459361639659504,-1.5,84.38270199049828,28.240960098884425,1962.522686249412,100.0,1
221,7.967780747099903e-07,-0.01624557976393051,0.122030851893651,-1.5,-50.70553293731451,41.77706895992294,1963.440070820801,100.0,1
222,5.088753729493116e-07,-0.20320428753453446,0.32414428692222347,-1.5,-87.7572156955503,143.62758641926268,1957.31527194238,100.0,1
223,9.428917790581162e-08,0.16805064370154454,-0.06688421722357371,-1.5,108.63241766072335,-21.582896741746776,1961.4144036045907,100.0,1
224,7.380457226467426e-07,-0.16592707275402008,0.44062673411654857,-1.5,-7.072756811611034,-66.37601901168871,1963.4045651564975,100.0,1
225,8.279875865331945e-08,0.0693689240913656,-0.01292809874220844,-1.5,-72.22148240273812,47.81335611979926,1962.6286522728244,100.0,1
226,4.797545604610173e-07,-0.0387080641963446,0.24292299666528003,-1.5,47.93264945307561,24.547527028835994,1963.8006941386157,100.0,1
227,4.032780371143935e-07,-0.38360380161754715,0.049710069652637336,-1.5,157.8478360829433,18.874138128091626,1958.0962984031162,100.0,1
228,5.646275890638734e-07,-0.2183588250498912,-0.36384559142945505,-1.5,-127.52990873839681,20.277510175076817,1960.2903436033162,100.0,1
229,2.8412813549290573e-07,0.1605019605600118,-0.2436976465662489,-1.5,-46.80446089891405,56.75484953208981,1963.1611028544455,100.0,1
230,1.0738241737904194e-07,-0.3167282743111272,-0.15863471551911265,-1.5,66.78071261248009,137.16763293690028,1958.6063063218164,100.0,1
231,3.1465303141077e-08,0.3105203908005824,-0.12201788416025172,-1.5,-125.45507444268671,5.822660582346503,1960.520442940204,100.0,1
232,7.547470716028651e-08,0.39889972997549106,0.27442731456956043,-1.5,165.48740965480357,0.36447795776718833,1957.5564029339469,100.0,1
233,8.118126670923337e-07,0.010852938203109933,-0.08472702736161113,-1.5,-46.19655159626661,-57.8560563889327,1963.1433573801648,100.0,1
234,1.2022126332741416e-07,0.18753631015274488,0.1159586256360751,-1.5,60.43327511986887,-158.60396461022307,1957.1933700925763,100.0,1
235,4.583595556940169e-07,0.16615597880902755,-0.3915029261047441,-1.5,-65.62161400264819,-53.62385125429665,1962.710262014869,100.0,1
236,4.800526315376783e-07,-0.39577125725681284,0.03684468792427466,-1.5,-37.92542869251652,154.30900483628696,1958.1020604531968,100.0,1
237,7.715160554590611e-07,-0.1569032871094845,0.4554831139997471,-1.5,102.18442374070256,29.08473050234409,1961.6640151316733,100.0,1
238,8.854997335757984e-07,0.07529852342692647,0.19455763790304942,-1.5,8.18353308189787,-162.71430718346235,1957.771787080975,100.0,1
239,6.584982961630447e-07,-0.1618753129387504,0.3535983596619981,-1.5,-43.015074696438475,153.65324263947232,1958.0484341919039,100.0,1
240,2.667967901980055e-07,0.13218654175103509,-0.18317537382352836,-1.5,-164.75708696176886,38.99939230278268,1957.2295307301126,100.0,1
241,3.539829284241668e-07,-0.08822408831269875,0.2821883004986161,-1.5,50.0705368677221,1.9407151434176053,1963.8998093662115,100.0,1
242,4.951680642076256e-07,0.15530413087449324,-0.17540169613400844,-1.5,-102.84397656285492,123.52388013481453,1957.9525667868745,100.0,1
243,2.9918609243847654e-07,-0.46972753487954094,-0.08072449735999045,-1.5,-138.07333285044137,-87.2150356991376,1957.7391497770332,100.0,1
244,4.5101570515295023e-07,0.03334382696090375,0.12288407017980187,-1.5,114.16659787496714,-65.84286966069608,1960.113259664,100.0,1
245,1.0400805776859706e-07,0.24522651323937508,0.09165069369092749,-1.5,38.442372908546645,-60.72315550386854,1963.223922179267,100.0,1
246,4.967667774226449e-07,0.37680037086301166,0.1408556845797599,-1.5,-109.51927921653645,96.60044258723048,1959.10366449506,100.0,1
247,4.799541883223019e-07,0.2538669893096392,-0.018074515400210444,-1.5,-18.917920689769712,-24.03706360233616,1964.3007962418292,100.0,1
248,1.0077762771703761e-07,0.33950446732219247,-0.10761362043709644,-1.5,-101.23838193897906,-73.1760358161695,1960.5635271703745,100.0,1
249,8.787947930836786e-07,0.14276626516582663,0.40793249787844305,-1.5,-28.07777187239776,157.82023925015608,1957.9881759285056,100.0,1
250,7.898423554035739e-07,0.3560758266708977,-0.3172448125785465,-1.5,70.07698859585058,-151.21131532658868,1957.4569318512915,100.0,1
251,1.7910189926705717e-07,0.015763155498781035,-0.12358408210067263,-1.5,27.665243886284202,97.01845727807701,1961.9468238191946,100.0,1
252,7.282545293729578e-07,-0.25629222660857415,-0.0017033867025907663,-1.5,90.63506866828415,-26.045825433318143,1962.2742381153364,100.0,1
253,3.3335188436126475e-07,0.38405734045380807,0.1910993961351466,-1.5,-104.39386241154638,72.89202747872132,1960.4086206928828,100.0,1
254,8.659725046503986e-07,-0.07596465995854731,-0.29858021150908626,-1.5,-118.27432251476475,-56.35744489407285,1960.1653780497236,100.0,1
255,4.135660666917753e-07,0.4952528651953061,0.02065302570304089,-1.5,102.07177616190945,77.9840187455057,1960.3349539294516,100.0,1
256,1.9554940209704224e-07,-0.23958894656281793,-0.280509358764744,-1.5,-1.692887963909691,-93.89259352425616,1962.2931996207299,100.0,1
257,9.954863157696347e-08,-0.1950474616225748,0.20787343915176087,-1.5,-13.480248380855254,-51.79958882267682,1963.8096577233557,100.0,1
258,5.51322154710119e-08,0.2667528357419146,0.252405121788871,-1.5,-81.11143892943754,4.755241909482138,1962.8580204424643,100.0,1
259,8.094703476269727e-07,-0.23366096346910112,-0.06625151724735966,-1.5,45.99481025541147,24.48013505561005,1963.8478776838492,100.0,1
260,5.129443540873536e-07,-0.11213212790994355,-0.3432531750060478,-1.5,-88.90827403103654,-99.40412334387418,1960.0069962470004,100.0,1
261,6.210299561708514e-07,-0.32603861910647786,-0.021020646836435473,-1.5,-46.789512494801784,31.327936551868365,1963.7318014886941,100.0,1
262,2.439648354656536e-07,0.39971540792250815,-0.000654332038275882,-1.5,153.1624558415006,57.139179591257125,1957.7256351548267,100.0,1
263,6.810032148400602e-07,0.19792950646727242,0.1715428343820751,-1.5,-83.57394723822779,72.21914802496228,1961.4313845423453,100.0,1
264,4.911121437270431e-07,-0.09346845306960502,0.24128723101111565,-1.5,115.25692131513004,102.41002891901675,1958.4793372236265,100.0,1
265,7.517770138406275e-08,-0.17407006340852527,-0.45345934113792297,-1.5,54.95899511240897,49.035919448593674,1963.1577302209307,100.0,1
266,5.407093172698622e-07,0.4758972654805833,0.12827229561103973,-1.5,16.225317447542317,79.78264199661079,1962.8511801397217,100.0,1
267,3.371085698075549e-07,0.23678055984543242,-0.23816702850798918,-1.5,-126.32321122784171,-8.949586763353704,1960.4529164119149,100.0,1
268,3.088909924171872e-07,0.14157606677617357,-0.08227031561183926,-1.5,-122.55528188514181,-84.24263480627047,1958.9019035237784,100.0,1
269,6.422978103155833e-07,-0.07584349522480308,-0.3672357646588546,-1.5,79.18397228121967,-20.884511087864364,1962.8313789005206,100.0,1
270,1.2111262511996144e-07,-0.23471540679455344,0.30722136745195916,-1.5,164.0376315380566,-46.456772219022035,1957.1271573458139,100.0,1
271,1.238072731708516e-07,0.4033520303437879,0.23326158522084614,-1.5,40.088565845686674,-76.34948441192778,1962.6453957311292,100.0,1
272,6.760229631820436e-07,0.34456731260416645,-0.25662326218474524,-1.5,25.2051042393161,-12.166524569898035,1964.3395746831316,100.0,1
273,5.209634200140894e-07,0.08238647882338695,0.03511530058750107,-1.5,40.21112416036726,-107.87013820010375,1961.1630184777046,100.0,1
274,4.508327035499064e-07,0.17455033997867123,-0.1845198648609023,-1.5,-132.45277125319268,97.8744710039307,1957.623594458133,100.0,1
275,3.3826556073166527e-07,-0.31940992352510317,0.2799157662456439,-1.5,-95.57264713319245,-10.08171267148697,1962.1869213853442,100.0,1
276,2.93697402504263e-07,0.05752826950184668,-0.36773731484536326,-1.5,-134.82332301080044,-98.74605837092818,1957.417986479807,100.0,1
277,8.83004307269398e-07,0.023376935614732534,0.02336894259781758,-1.5,146.56993047835465,-34.55154394316973,1958.7589776582631,100.0,1
278,2.9553722893627244e-07,-0.27084566382574415,-0.15819884018497243,-1.5,141.96597002868305,26.726020960438095,1959.220423899151,100.0,1
279,1.93139077325988e-07,-0.41678890007739955,-0.12331519432805922,-1.5,89.25552402950491,-1.9069990319501964,1962.5093887803548,100.0,1
280,7.580929896050019e-07,0.27179656577577804,0.2762201977509703,-1.5,129.3424919757666,28.791284032371557,1960.0650162684394,100.0,1
281,5.57248856171328e-07,-0.11114183669588282,-0.08224431372339844,-1.5,36.27120273684217,64.7764372295818,1963.1356803079088,100.0,1
282,1.2862339475746422e-07,-0.24111432204931293,-0.1482683163916258,-1.5,38.62133500629686,7.405331420261946,1964.1453204422066,100.0,1
283,3.766118110599108e-07,-0.22363568052816493,0.21666609705011566,-1.5,114.6651071975634,122.31779981558728,1957.3715935677048,100.0,1
284,4.94205600742557e-07,0.37292580480547066,-0.004855352560369562,-1.5,-96.8443565784687,-104.72622684830671,1959.3536878968919,100.0,1
285,7.82502719921156e-09,-0.055740733829939826,-0.4148073998668375,-1.5,50.148106282108145,-137.43648216977587,1959.0838846438521,100.0,1
286,5.922617193507318e-07,0.3362033209727896,-0.23214906632397928,-1.5,-85.26086885326782,-71.0038044854124,1961.4031534228536,100.0,1
287,7.901115046610162e-07,-0.4335168185169685,0.08697728841588594,-1.5,64.52096771710472,151.32754219393806,1957.6389621083151,100.0,1
288,8.400620122679227e-07,-0.34305293991669983,-0.08125529275565394,-1.5,92.15266147447927,37.882827976848354,1962.0107197958368,100.0,1
289,1.0820032450951463e-07,-0.37543998266668527,0.023372401771485096,-1.5,69.84746580536779,-46.580610603619945,1962.7442177987668,100.0,1
290,1.5522624020559463e-07,0.2759099718393333,0.22467060608113695,-1.5,-59.00661564807821,-136.28739327776248,1958.9173673254938,100.0,1
291,8.130683067444347e-07,-0.20477281514340526,0.3229741637979668,-1.5,-23.52026299155596,-2.629935473503214,1964.3963874265155,100.0,1
292,6.605739881289435e-07,0.04979645595687508,-0.21416014317607565,-1.5,-98.11713502776821,-121.1116581484653,1958.345802033084,100.0,1
293,5.975454376991527e-07,0.4568698436306395,0.03769131074524776,-1.5,65.38974973546475,-142.44318795783786,1958.276641616315,100.0,1
294,9.054402916642192e-07,-0.4623064184101589,0.09842447927016977,-1.5,-85.32382884458163,-37.729569265814824,1962.3225041008034,100.0,1
295,9.427581409521592e-08,0.224899757192077,0.02131245949521802,-1.5,-24.191125247973687,108.84537166567335,1961.3721627453392,100.0,1
296,4.648177303496567e-07,-0.2912130037321634,-0.03182585454097034,-1.5,101.29182286083507,-62.57495208876321,1960.9277468225976,100.0,1
297,2.3674368358571405e-07,0.014291818306582743,0.20057861585439613,-1.5,-48.59794006764591,29.64675580726884,1963.7139802826218,100.0,1
298,6.825022631000241e-07,0.24435825234571829,-0.021629462298073922,-1.5,98.15794698745495,24.45234078928568,1961.932819119774,100.0,1
299,5.368502576713351e-07,0.11505229880221525,0.34690999597921296,-1.5,24.43916773011672,-157.7694877213682,1958.0410624118504,100.0,1
300,5.006270815492722e-07,-0.08472273987341636,0.2076832190459608,-1.5,44.75327373776433,-79.89809848545502,1962.4033032519826,100.0,1
301,1.385677966593887e-07,-0.4171205331337265,-0.13404357301853748,-1.5,-13.738047214000948,-109.70503972383545,1961.425338009089,100.0,1
302,2.1945409567556166e-07,0.2609762429128584,0.3001516032281558,-1.5,131.7131957670429,-15.033827496929387,1960.0609440417297,100.0,1
303,2.539297861349645e-07,-0.28522851499981783,0.2819840130205144,-1.5,89.91938053719122,90.61919206671747,1960.3866846362516,100.0,1
304,6.14710080989885e-07,-0.22819570659733374,-0.34320612448233995,-1.5,-106.30459301547023,25.873965298041544,1961.4900350727512,100.0,1
305,3.867340759644413e-07,0.289625331228837,0.146230006386237,-1.5,-2.2930132260051517,107.13320107673125,1961.614260139727,100.0,1
306,2.1240791658078753e-07,0.20356063567396374,-0.3066662059905407,-1.5,48.23072481845564,138.38738130085636,1959.0650872664514,100.0,1
307,2.8675514730480044e-07,-0.2895911411582758,-0.26220404324084023,-1.5,116.45347925148174,51.2292375150018,1960.415118963325,100.0,1
308,6.321313442621713e-07,0.3161193747650367,0.16964014840985733,-1.5,-48.232480281412634,-105.64653015931147,1961.1031907519125,100.0,1
309,1.5029107757269673e-07,-0.1643904521614908,0.12040375012411061,-1.5,-67.81172765524819,-58.01963494489783,1962.5107841281797,100.0,1
310,8.78558956532114e-07,0.2171438355314021,0.4385433928654339,-1.5,-47.90990722963874,61.483348975488546,1962.9920338234022,100.0,1
311,1.3807660184268347e-07,-0.06417437492673612,-0.29664811684409487,-1.5,-31.990613456028406,-5.63563373638808,1964.2703802046265,100.0,1
312,1.1281493060992232e-07,0.28327274913974526,-0.22163094833398395,-1.5,26.890652667221396,-83.70331443695221,1962.5707462961764,100.0,1
313,6.842450668780591e-07,-0.0909987605991796,-0.03062527147994987,-1.5,17.76943607495266,142.46249562494546,1959.2860870092509,100.0,1
314,7.428574612954051e-07,0.3030688005499665,0.050920649318640744,-1.5,-145.97156095244253,-72.10558838128377,1957.7809820772668,100.0,1
315,8.396846582499385e-07,-0.15807216654348533,0.2007270133386106,-1.5,58.81690685819945,-37.71094645666192,1963.2961422697056,100.0,1
316,5.425830535328504e-09,0.48897603347639734,0.06550506591237838,-1.5,-79.68887884923548,145.91748880682036,1957.4910102767253,100.0,1
317,7.047630595265825e-07,-0.330859132002008,0.1783769703540599,-1.5,-70.55210355660068,100.82675506625723,1960.680915501724,100.0,1
318,9.154341927004604e-08,0.1885262202966581,0.012581693325018623,-1.5,144.19995865760478,-83.75990216049573,1957.4483229396735,100.0,1
319,3.730660433272857e-07,-0.2474756358551625,0.21117334067384297,-1.5,-74.96017184700027,-71.41997446307107,1961.8087180330538,100.0,1
320,2.3540439269621762e-07,-0.13663122737526545,0.33367458989393506,-1.5,-63.56353626781677,-91.08216646137177,1961.3966967638046,100.0,1
321,8.499333653678729e-07,-0.18249019877488407,-0.40432877039215276,-1.5,-118.45166454918372,102.812234192674,1958.2676359302804,100.0,1
322,1.2158661636502345e-08,0.2053522661525092,-0.2886352348676411,-1.5,-31.53155531653321,102.89144482586453,1961.58925309737,100.0,1
323,2.1116430446450084e-07,-0.08941396987488319,0.03465913104685076,-1.5,117.1605827506693,33.37541566011368,1960.7582119540311,100.0,1
324,4.3297257274184644e-07,-0.0009073112126252062,0.37314962931136847,-1.5,-52.53005686115167,144.53264234138342,1958.5107083419568,100.0,1
325,3.2085336280534133e-07,-0.07218999742250634,0.21198719996115611,-1.5,-97.03308318097561,-125.83149863160487,1958.1022192384771,100.0,1
326,5.229981692537595e-07,0.05218731727636949,-0.3006767052547786,-1.5,-122.86372391954286,-21.49988459261141,1960.5753100998845,100.0,1
327,1.3077637364696886e-07,0.2669661713551187,0.12834602010468948,-1.5,13.567311925809634,90.88608822242125,1962.388578564619,100.0,1
328,3.468705945175521e-07,0.01826003125957134,0.23608344453931623,-1.5,-85.15915899370279,-18.660641840500467,1962.6036238506535,100.0,1
329,6.982040004282435e-09,0.13421101290051468,-0.3507141419079031,-1.5,-33.094188408553876,-58.14902176895058,1963.3992849716087,100.0,1
330,1.6624572604197826e-09,-0.11552438012903048,0.40022204006535494,-1.5,-147.98852436060898,-79.8650970679321,1957.3283447582396,100.0,1
331,5.076615250353293e-07,0.1250892709602655,0.0450241370115034,-1.5,103.66353213179737,0.5714880110709394,1961.8019348990215,100.0,1
332,1.7823137832599863e-07,-0.18565238715452131,0.0294989778772388,-1.5,110.35835355162838,79.5676938484624,1959.8222629011905,100.0,1
333,1.451835936455375e-07,0.07914791616463963,0.26924702500941905,-1.5,97.66475647174107,77.86470738891451,1960.5641965905338,100.0,1
334,4.1179504595152335e-07,0.30487709677601776,-0.3076420328073369,-1.5,-129.83269524179536,-100.42932230163949,1957.6697139033479,100.0,1
335,5.285195191367326e-07,0.42440058370568307,-0.23914925154245453,-1.5,-32.60391545461935,-154.88244933007203,1958.1526237381695,100.0,1
336,8.86363136620104e-07,0.004134292482625554,0.14343165909564268,-1.5,18.408549894772282,99.64745876828188,1961.9237486502695,100.0,1
337,5.746826520711288e-07,-0.48298069901893714,-0.06645511422597335,-1.5,16.596290949206498,-160.21436438932358,1957.9247193996468,100.0,1
338,2.4696925379197653e-07,-0.46549819801904624,0.05196612349701678,-1.5,29.235465248794934,-26.74193417805038,1964.139364402189,100.0,1
339,3.280603939838897e-07,0.053503658919476685,-0.03274680732909508,-1.5,-98.65571023778594,-130.56563019891072,1957.7111516550062,100.0,1
340,5.090174515830402e-07,0.28816266700009574,0.013644446478726651,-1.5,-88.4083121297758,-76.86326325976248,1961.042910130616,100.0,1
341,5.077852018229235e-07,0.428693994500096,0.19761294680074776,-1.5,-64.98418575586989,-40.184434131599616,1963.0526108898102,100.0,1
342,6.877204588329996e-09,-0.274107545741547,0.4029826958237758,-1.5,36.73082589331352,-4.320320551797944,1964.190792037692,100.0,1
343,8.480084264328904e-07,-0.3305840755087237,0.2801302919589261,-1.5,-74.19583953398416,90.53816644960668,1961.048470609006,100.0,1
344,6.120695199020577e-08,-0.15047418970748658,-0.2875425567547585,-1.5,139.96763537251917,-26.85461144761489,1959.3624414993656,100.0,1
345,1.5635416285632736e-07,-0.252493022051772,0.016312952804792596,-1.5,80.26069475143785,-6.372276988975641,1962.8884077374657,100.0,1
346,8.879393528664656e-07,0.024884928932909802,-0.1982690933393848,-1.5,89.37169965060146,45.533891806504904,1961.976720112817,100.0,1
347,7.431610165950429e-07,-0.18552267185425442,0.3209510639134585,-1.5,-106.09580428870717,29.572589870078573,1961.4490634494794,100.0,1
348,2.0741356696243835e-08,0.41658192287054646,0.09534065239913796,-1.5,-122.09655425374613,-49.50509428253725,1960.116058641827,100.0,1
349,5.220986004450037e-07,-0.03922983056552735,-0.1415931902703815,-1.5,-136.60480974944122,-77.45344988983939,1958.252633170606,100.0,1
350,5.123856333582995e-07,-0.11911225489029402,0.3886864870802845,-1.5,-33.08007109749365,108.6159479757651,1961.2551009513377,100.0,1
351,2.899072243715865e-07,-0.23139882808148812,-0.01509041883805539,-1.5,101.36674362522966,-48.82926499965807,1961.3142972080077,100.0,1
352,5.625386245213458e-07,-0.29275609782390993,0.098676621021991,-1.5,-63.759098878668176,79.66193951699238,1961.8873665347617,100.0,1
353,8.556558741949434e-07,-0.4800458358059782,-0.12871917144484876,-1.5,99.84661063604091,-51.3659199525876,1961.327479764165,100.0,1
354,5.47306388124555e-07,0.3324477475337283,0.3263534764886936,-1.5,-5.090139043557008,-69.77744111105893,1963.2927661107096,100.0,1
355,8.024789669379399e-07,-0.30794753505774375,0.36724496606571605,-1.5,-44.69397742407685,124.16334578051111,1960.1018336333286,100.0,1
356,5.112407327542239e-07,0.006512118175123393,0.2373783046330412,-1.5,-56.85227051599618,126.06147025928513,1959.6656886620674,100.0,1
357,6.035177547675236e-07,-0.15269737228560684,-0.2016686664069823,-1.5,51.01214916658754,91.66088068242914,1961.7363048728182,100.0,1
358,7.453457198137949e-07,0.4551222166143556,-0.20462788029464593,-1.5,-136.75895066963346,-34.414286247676486,1959.4708297343789,100.0,1
359,8.993802795991651e-08,0.1390350213979301,0.3039107944581497,-1.5,122.30791866011992,14.966762889440828,1960.6708176814823,100.0,1
360,7.189634244430326e-07,0.4717357239218911,0.023250306658517707,-1.5,-90.38301196840467,-80.78221639482766,1960.7953567182858,100.0,1
361,4.0738477389170274e-08,-0.03387601049423803,-0.388253988644147,-1.5,67.66337165993214,-109.21362412430445,1960.3334764032818,100.0,1
362,4.703635499659807e-07,0.20740572117367564,-0.05971482373955543,-1.5,-156.95889681838034,28.992591986530602,1958.044080347935,100.0,1
363,8.773088283129242e-07,0.015741889468865813,-0.37465205672449964,-1.5,67.95901465992587,-56.835599702074646,1962.540336706252,100.0,1
364,2.4794635714102613e-07,-0.26854875784438287,-0.2006244022091058,-1.5,51.624847050263476,98.65648007000358,1961.3809064976047,100.0,1
365,1.1356011146195979e-07,-0.4601469713569847,0.016867236359866953,-1.5,63.561948294428575,69.01168617049454,1962.297263965644,100.0,1
366,6.912996879717706e-07,-0.09387232414945429,-0.4083375143708387,-1.5,75.02502611141593,-7.830790816829758,1963.0902196379807,100.0,1
367,8.545977780589409e-07,0.17907644642676568,-0.25656905946792524,-1.5,-59.21601154114625,-60.54800961413411,1962.712584352344,100.0,1
368,8.688180656445038e-07,-0.0887696277319616,0.008759253973397921,-1.5,30.12254617874248,-22.165546197397134,1964.1829362459118,100.0,1
369,2.5306605422285728e-08,-0.2801240676478996,-0.3401698171723062,-1.5,154.75791379625855,-69.62801677892034,1957.195752515061,100.0,1
370,3.052000728539884e-07,-0.37174753921105036,-0.001166184807869811,-1.5,12.671818799701306,124.95631609424402,1960.5199897839843,100.0,1
371,7.042603604088505e-07,-0.204579617469552,-0.14048827554065615,-1.5,78.0854355559622,-37.24312241111098,1962.6331549357965,100.0,1
372,6.675426711731765e-07,0.38695923276219657,0.07901212643164955,-1.5,-127.7654805026558,4.050349164491638,1960.3756943325182,100.0,1
373,2.6806088763523376e-07,-0.33972211118673923,-0.23422685799954696,-1.5,-9.444738545909917,99.37385567380154,1962.0012538192868,100.0,1
374,3.3126310022740075e-07,0.16670360743304938,0.44700211782002885,-1.5,143.37108715864846,33.09088293201143,1959.020931766646,100.0,1
375,7.719725483131054e-07,-0.46840123163940445,0.06730911804297697,-1.5,-81.44760932976993,-93.89202769835028,1960.6029328589939,100.0,1
376,7.64518819231351e-07,0.002445833160888118,-0.268754705015522,-1.5,106.12593049247195,-52.60985682335028,1960.9647564676588,100.0,1
377,5.069232722344362e-07,-0.2468669169217718,0.37928682117852963,-1.5,22.635205149637542,156.14424431779284,1958.1930213133717,100.0,1
378,1.6594193449218227e-07,0.4445954342467745,-0.08034199635918832,-1.5,51.72253245429524,-88.74261479129783,1961.8518838644902,100.0,1
379,6.193629773683439e-07,-0.10911968290564963,-0.4087982083219014,-1.5,69.55843323729663,104.84023790248315,1960.5059130612829,100.0,1
380,3.66810420109153e-07,-0.19707237655081747,-0.20037707712762118,-1.5,-94.76906270429753,-51.468182351595544,1961.5766967482314,100.0,1
381,7.971644972055896e-07,0.39530891893508996,0.11733371424054434,-1.5,-40.52768559027485,114.61934785540102,1960.7736223399247,100.0,1
382,3.227937647640089e-07,-0.34257955766972586,0.321412313823505,-1.5,109.15949562448742,-131.31482873569905,1957.1034480924234,100.0,1
383,6.00416394785932e-07,-0.40201495880429083,0.2046855314594348,-1.5,-11.490102663822364,61.947703945664614,1963.5283918962737,100.0,1
384,8.460983659137473e-07,-0.4928674576460973,0.03150924815766889,-1.5,-107.7939117026186,56.42534783392537,1960.7676912341758,100.0,1
385,4.028868072004834e-07,-0.09623665152851833,-0.41630526066979184,-1.5,-40.520318890589806,156.94738738048105,1957.840368267438,100.0,1
386,3.6886280264593476e-07,0.02056460527846807,-0.01619340705914504,-1.5,31.047892186065223,62.6233872186059,1963.2950939759928,100.0,1
387,7.378089994369464e-07,0.267621973428163,-0.021755532174634815,-1.5,116.23710333024026,88.87660016219998,1959.0822269672947,100.0,1
388,7.647256939816793e-07,0.1406074400265008,0.013863796060853634,-1.5,93.32735708134645,-115.06041400702478,1958.9447138229486,100.0,1
389,4.4671936196952045e-08,-0.12275863881781349,-0.3200486378497588,-1.5,-80.1381245080196,45.38669599173895,1962.3789682661761,100.0,1
390,7.294565088873407e-07,-0.06534834130541427,-0.2384985522773554,-1.5,103.66110873066734,115.64988923925333,1958.3903502422106,100.0,1
391,1.5895880435085062e-07,0.06762702507012541,-0.34503964126403125,-1.5,-9.447391023251269,62.264999909075556,1963.5292467532302,100.0,1
392,9.36623194186362e-08,0.3228480483147801,0.20779427443929624,-1.5,107.29253236907407,-46.9894092241387,1961.044006182607,100.0,1
393,8.978422364092034e-07,0.0009027972589577104,0.38359381855209845,-1.5,130.70313594218769,103.47017967485516,1957.4534217802125,100.0,1
394,1.1422851841205536e-07,0.40485548417170647,0.22526995603336034,-1.5,23.742318866647764,13.147677534850372,1964.3514774949022,100.0,1
395,8.951264688359832e-07,-0.3322455433811752,-0.36855196663578055,-1.5,-9.099935228738083,-94.31273601286132,1962.2526813004313,100.0,1
396,2.5063937116919173e-07,-0.34289234122779444,-0.04171218694713641,-1.5,64.27881131868698,-33.75459847166166,1963.196920271526,100.0,1
397,4.106590750134617e-07,-0.18796343909335764,-0.32443324970690957,-1.5,-126.63893319997082,19.2860556605875,1960.3581088467386,100.0,1
398,3.87175574858438e-07,0.07630126357024615,0.1273127555074672,-1.5,-87.14889616128048,-114.32027641522049,1959.2726279322,100.0,1
399,3.1379851468192614e-07,-0.23219656703082384,0.29929183710230833,-1.5,-62.70314261277857,102.70559228016425,1960.850112447913,100.0,1
400,5.917761278100297e-08,-0.019931960721861288,0.32919933021262804,-1.5,29.91017172475908,147.05481021413618,1958.7990072200903,100.0,1
401,7.946080707656664e-07,-0.12477947439485015,-0.20812555065615018,-1.5,-122.21809730453225,11.506492776676534,1960.6997790537366,100.0,1
402,3.087165057589005e-07,0.2511487084302955,-0.18280508880036309,-1.5,-151.39319754216723,-21.163779859301663,1958.582518155964,100.0,1
403,2.5600294086941864e-07,0.013207807007009973,0.010288012540870382,-1.5,53.56617774539919,68.43802404611037,1962.6156495178936,100.0,1
404,7.661345470602322e-07,-0.1036364370783149,0.054167442368823766,-1.5,3.8993099310087382,107.25980916390664,1961.6048060163178,100.0,1
405,7.277867466306185e-07,0.08825856688038533,0.3835625979631291,-1.5,103.00270319750375,-96.05776825645044,1959.4837673626512,100.0,1
406,4.225755100332685e-07,-0.3759805048505762,0.11450990368390429,-1.5,41.70315312184435,-151.45525693288877,1958.2480533459545,100.0,1
407,6.631295269107261e-07,-0.22485207340364463,0.021177305880103033,-1.5,-110.62051226322775,-114.2417801393651,1958.0922358773964,100.0,1
408,4.490783966322714e-07,0.3209675140590924,-0.0266337131492226,-1.5,28.375581628846174,-114.21694712097162,1961.010607218564,100.0,1
409,5.931779685674882e-07,-0.15194362497221026,0.012723198433674117,-1.5,151.32033152487085,43.85835702957749,1958.2114002456426,100.0,1
410,1.1517783831924801e-07,-0.303278841998733,-0.1336257760694991,-1.5,-46.60822650170922,-63.02385756502275,1962.974516611492,100.0,1
411,1.4160856814032462e-07,0.04457749581504406,-0.3967791402342683,-1.5,6.036904956190225,-39.73248684420214,1964.1278399161945,100.0,1
412,7.378447898342804e-08,0.054651662669247404,0.2731707545522827,-1.5,-13.36260677888616,-152.22851201221002,1958.586532971355,100.0,1
413,4.520982926976122e-07,0.10095584474863369,-0.3534799537100503,-1.5,149.06487256465203,61.696594857057114,1957.9035931874837,100.0,1
414,1.8851134713300244e-07,-0.17803182131526182,0.29596129051502373,-1.5,-82.58322516753886,89.13523291644171,1960.7774497479286,100.0,1
415,2.720135973501734e-07,-0.2459417106237114,-0.018927810318009955,-1.5,-116.35610875428426,19.623596582499584,1960.9919573213092,100.0,1
416,8.853249749415069e-07,-0.1439666392314582,0.2470463454497661,-1.5,12.766884887234715,-141.0513409592606,1959.4271642829701,100.0,1
417,1.6075799631139224e-08,0.05705289199715186,0.28185302134797396,-1.5,-52.850818522005234,159.02739730905319,1957.3784417308764,100.0,1
418,1.950781435401284e-07,-0.11948812337582329,0.3378952097623883,-1.5,131.50665615328896,24.82975385127403,1959.975196010704,100.0,1
419,2.743730367530426e-07,-0.30597663110311696,-0.1307467431858226,-1.5,32.037531356691396,163.52307934245317,1957.4593445006876,100.0,1
420,6.622708282140571e-08,-0.32709747975337855,0.2703836104898501,-1.5,34.16867640435516,50.7714676772017,1963.5855076590906,100.0,1
421,3.090293097719009e-07,0.17959792851782788,0.3315688931541012,-1.5,-22.30249531566852,76.45286504821281,1962.9240546681233,100.0,1
422,5.986236250390938e-07,0.25456379017828495,-0.3722996116693758,-1.5,47.057169644031504,-117.19151430739515,1960.4757223759655,100.0,1
423,3.129358075970741e-08,-0.3900133345242974,-0.21200948463442035,-1.5,37.54232254487091,-1.8901739680379361,1964.179291084813,100.0,1
424,3.14547549033256e-07,0.29028825932104046,0.3141102578322657,-1.5,-36.198529945866476,43.667710912914394,1963.7199606154427,100.0,1
425,3.0504531363487903e-07,0.3295161892723393,0.2613125470554783,-1.5,-1.9943285095076895,136.16400526603041,1959.8134280052884,100.0,1
426,2.9547058194549494e-07,-0.2391136494579587,-0.034740965434696146,-1.5,-107.63283051476974,-95.72473213750125,1959.2511926036216,100.0,1
427,4.1689411495483056e-07,-0.08557760255416491,-0.1897298142500555,-1.5,35.98667207064717,86.48534934883753,1962.3043928115283,100.0,1
428,4.690946829157454e-07,0.39883986629098955,0.046590750995948935,-1.5,-1.2637977577980488,79.11685338590887,1962.9447808310022,100.0,1
429,7.149048081725675e-07,-0.14178388494238847,-0.20834041361313915,-1.5,38.48464759636602,14.796984644144331,1964.106226101571,100.0,1
430,6.920656305300129e-07,0.2086689967001972,-0.28067982066658775,-1.5,-68.40954659476505,-62.96267492967168,1962.3376676215871,100.0,1
431,6.290079217259562e-07,-0.2499862055429069,-0.41872107100828126,-1.5,-47.247228709309965,63.142595336044856,1962.9554244301244,100.0,1
432,3.394061587748401e-07,0.1418551007508387,0.05695985950003187,-1.5,112.08425045643719,-116.46879082842884,1957.8777867447993,100.0,1
433,4.472346694542841e-07,-0.045445030253442986,0.47337381246373494,-1.5,-78.65815313516697,94.44466605681313,1960.6902831056498,100.0,1
434,6.995256805870846e-07,-0.025096217970486324,-0.4769074213049171,-1.5,-39.79483132528642,-85.15834453807904,1962.2888966769028,100.0,1
435,8.379560367808887e-08,0.26944881664945963,0.02700372068963448,-1.5,100.5257088244643,-118.57364200846104,1958.3789621910055,100.0,1
436,4.17492993947721e-07,0.15160862672757713,0.044078736965223346,-1.5,-92.07929719124239,99.94208404528162,1959.8332248259248,100.0,1
437,3.137956018940498e-07,0.2277653763555984,0.05194521645593723,-1.5,-66.36795048148805,-60.78059307824087,1962.4765733429979,100.0,1
438,8.222177955031795e-07,-0.20226531297540576,0.3501025162487776,-1.5,-34.1095635537047,131.11890484580533,1959.8616422422128,100.0,1
439,8.450413493848301e-09,-0.2408139885625549,-0.19466076532264492,-1.5,25.40986046186205,-127.70151611210557,1960.2193622245725,100.0,1
440,1.6103234083436774e-07,0.26399212832394225,-0.3532540485663427,-1.5,-71.7686100819918,131.27510420700528,1958.833683570014,100.0,1
441,2.8282175695931125e-07,-0.168840421346462,-0.35440197478602514,-1.5,-135.6341464788684,-56.35147872299539,1959.0408815082988,100.0,1
442,8.544794806051014e-07,0.2563287038467333,0.4174405787774581,-1.5,-147.51318537028723,-44.28600325837862,1958.4922507693109,100.0,1
443,5.263127424648643e-07,0.2328474224271989,0.08139973423732551,-1.5,36.04515231851485,132.57564947986197,1959.7289941278766,100.0,1
444,3.36513692690082e-08,-0.015141570180714431,0.029111047346963653,-1.5,19.38170632477208,-166.74806066905091,1957.3534989850918,100.0,1
445,2.9341774776816684e-07,0.22078738377200152,0.1284007643501522,-1.5,-23.457633938735707,-161.88285530249874,1957.7172847056436,100.0,1
446,3.277195120141569e-07,-0.18812052810305377,-0.18554728572381943,-1.5,-50.822779341399674,16.220876113534835,1963.8144552233687,100.0,1
447,6.596415080057651e-07,0.44285193798803973,0.19020265424243626,-1.5,26.691080441360484,48.30917192937728,1963.7635031740715,100.0,1
448,1.1754264440547179e-07,0.057631170837865155,0.4734695271228796,-1.5,103.23975064995405,-94.72180784306256,1959.5363276221262,100.0,1
449,7.017098715609738e-07,-0.2665384746521356,0.12189383312670954,-1.5,8.10423818059071,142.92640434368263,1959.316118070545,100.0,1
450,4.611459633559132e-07,-0.45394538200529005,0.07966610482220098,-1.5,-72.9251838580303,-112.08097741613285,1959.982922968169,100.0,1
451,2.3233450142559167e-08,0.28578446008341746,-0.21079688180450956,-1.5,-114.76696316692657,80.85019902705442,1959.5165413307586,100.0,1
452,2.041815350190907e-07,0.26239220946050856,-0.38143978066498735,-1.5,27.303535905813572,-115.05651319766712,1960.9767469207702,100.0,1
453,2.8551906423251994e-07,-0.06018648403537415,0.18611853151737248,-1.5,101.65570170672738,-34.737174076034854,1961.599534388672,100.0,1
454,7.565449988954326e-07,0.15559563639275795,-0.31469420454469893,-1.5,21.787849500710664,13.682346379346155,1964.370476584756,100.0,1
455,4.4747845186100574e-07,-0.29134069308006344,-0.14053031423376505,-1.5,110.8282533471353,17.296705496622934,1961.3340379713798,100.0,1
456,4.982015370798202e-07,-0.14883059092526918,-0.4049483010096147,-1.5,65.97232334730604,-84.27928045242504,1961.621253378111,100.0,1
457,1.7799842321282833e-07,-0.047678346994491916,0.0520010246553065,-1.5,118.42657497799631,67.48129246399587,1959.8047626670625,100.0,1
458,7.887981170082711e-07,-0.13963187197554117,0.38476369990583037,-1.5,22.727815070430367,48.76231403835018,1963.8021716603434,100.0,1
459,1.656916904412752e-07,0.36812519187438203,-0.0051242253823473105,-1.5,-7.037483889838061,-93.96709220896054,1962.2777442728193,100.0,1
460,5.68959497727736e-07,0.30258875437958405,0.18075389142264328,-1.5,-117.28442759711467,-25.847117731147254,1960.8644970559135,100.0,1
461,4.829720426926896e-07,0.1883633602594267,-0.1332962089216991,-1.5,-30.267613473874142,-136.90984291880847,1959.5287323110817,100.0,1
462,1.104875995876548e-08,-0.13809968109052528,0.11444010332194991,-1.5,95.43975229361979,-22.880082454403897,1962.0858905193584,100.0,1
463,7.972671037121205e-07,-0.3730573549411516,-0.28604864811906494,-1.5,102.50847892556023,86.75635819288688,1959.9435278414546,100.0,1
464,4.213237621095106e-09,-0.07810400678810372,-0.15870070816854095,-1.5,-142.0392706435073,-36.223567995414996,1959.0625270733126,100.0,1
465,8.814865383801435e-07,-0.4778060707408126,-0.010630126717074116,-1.5,50.67290112343525,-63.50825990444158,1962.8581824171035,100.0,1
466,6.750885182110538e-07,-0.4012406650116982,0.02744447028400847,-1.5,-4.7048797488995575,80.2023909042145,1962.895495655825,100.0,1
467,6.952239128860665e-07,-0.11441235169426645,-0.13574009956691585,-1.5,102.57389606238009,71.82765698389878,1960.5439729332568,100.0,1
468,6.459321673593215e-07,-0.24203606416936352,-0.407625621568428,-1.5,79.51459457092098,84.8540779454174,1961.0942101215808,100.0,1
469,1.655979746889942e-07,0.13735716235797035,0.20871318913818107,-1.5,30.187811230592473,162.4133742761152,1957.5811293980855,100.0,1
470,5.649994488832897e-07,0.11159924993605197,-0.24062390841076942,-1.5,-88.64276753194235,-24.64470295812685,1962.3833429395274,100.0,1
471,3.8800428261011145e-08,0.2016699470396646,-0.118327747274713,-1.5,-30.630135601388094,98.85023976519766,1961.8113342412757,100.0,1
472,1.0445833709887962e-07,-0.26512015287247387,-0.09488713298427304,-1.5,-20.01154018573758,2.4615318581620995,1964.4354826225363,100.0,1
473,5.070137769508719e-08,0.17984118446368605,-0.06902843699350114,-1.5,71.40924356621059,2.790627225160165,1963.2387064743612,100.0,1
474,1.7670444611636128e-07,-0.25376128571888434,0.3178029005548548,-1.5,-94.3922370531446,134.55604351052395,1957.651159682191,100.0,1
475,6.307928875392567e-07,-0.06332103125986117,-0.021753920359967524,-1.5,38.50536935735551,77.08496989293087,1962.6483460399602,100.0,1
476,3.760483455003351e-07,0.38302669665518063,0.3167768638263632,-1.5,-39.64730858382744,29.492433414208737,1963.9174049739206,100.0,1
477,3.584900355570252e-08,0.11132680835129362,0.015483231921178515,-1.5,23.450314869466304,130.06384538060055,1960.0884584945306,100.0,1
478,8.712455696494909e-07,-0.30808912554588097,-0.30919051019316685,-1.5,51.29687454187367,-95.04547544470101,1961.5678103307714,100.0,1
479,6.621487716742318e-07,-0.4076237215297097,-0.062004339365230296,-1.5,-141.38458223989804,50.81171197487595,1958.7858116948782,100.0,1
480,3.102606170031839e-07,0.45525792490449274,0.07142541023573452,-1.5,107.13823162368008,-73.7922869925377,1960.2268705359318,100.0,1
481,6.571480278724743e-08,0.011086511508637542,0.2819851771733303,-1.5,127.95683797443611,37.659743286656266,1960.0056320371373,100.0,1
482,7.36895486450439e-07,-0.10066688151339521,0.4101642742296504,-1.5,45.695952531652964,-139.8765854334334,1959.020088471744,100.0,1
483,6.053530610077348e-07,-0.27656032651197765,-0.04831000978128943,-1.5,42.7881594449915,-106.50389208050096,1961.1831583636308,100.0,1
484,7.080757293558867e-08,-0.319638304198311,0.08102965675116121,-1.5,154.98013063128795,15.581319344891769,1958.3543264340885,100.0,1
485,2.5868937384701013e-07,-0.2769531708203839,0.37881322121976235,-1.5,-122.71845591647423,91.76296417096557,1958.5538096386745,100.0,1
486,3.807813318610833e-07,-0.24184559931372085,0.07518843267119643,-1.5,7.1835014747566195,-2.0779599921076044,1964.5247174965666,100.0,1
487,2.0986318937519454e-07,0.3110926021963905,-0.22859593085189092,-1.5,-2.7398487944923233,-169.97460591824367,1957.1700010059556,100.0,1
488,8.147486262557536e-07,-0.09034023294303685,-0.3235985498050147,-1.5,-38.083598530860655,-133.80521318453535,1959.6068714703244,100.0,1
489,3.088538534930295e-07,0.30812488922004144,0.09460814863328697,-1.5,-98.01310148393117,42.398632509362265,1961.6342865490926,100.0,1
490,1.148999608705473e-07,0.3398410436795899,-0.2789917149682632,-1.5,10.97058888735093,152.99330898284146,1958.5417993630049,100.0,1
491,4.0687285129676727e-07,0.2520799261065817,-0.14925617263391716,-1.5,-91.50737182914516,41.09710689808276,1961.976226912972,100.0,1
492,3.3119066803010475e-07,-0.27831569094203884,-0.3437114182068629,-1.5,-29.017394669081025,31.89626350276947,1964.0656571121322,100.0,1
493,1.0466893705058862e-07,-0.37526300970717424,0.13532602355055098,-1.5,93.79028680787759,11.379670313921764,1962.2658258936717,100.0,1
494,4.5077782612399315e-07,-0.3612512788275014,0.03591929960624809,-1.5,83.10408978894299,-25.894639215336476,1962.60960564917,100.0,1
495,3.126711825129988e-07,0.4327681402900267,0.2218621796752343,-1.5,-62.62898170809999,135.22560814786095,1958.8784882726593,100.0,1
496,8.717898877213841e-07,0.3303203048390464,0.0852601715481157,-1.5,-122.3935717639847,98.63914421655976,1958.2398778201843,100.0,1
497,3.117375954453857e-07,-0.22386467608252264,-0.05847629079806432,-1.5,162.7835741272416,5.7162191089369365,1957.774787635082,100.0,1
498,2.9669321147742053e-07,0.1843838522839793,0.0972455976960987,-1.5,116.18802705559533,37.332308412132335,1960.744737946192,100.0,1
499,4.007823046605922e-07,-0.36260236718446176,0.033729540325182064,-1.5,-49.035270098350296,146.07108312201566,1958.4871884258202,100.0,1
500,4.7617634004008645e-07,0.09183962229195809,-0.09667693134465034,-1.5,66.76441832348405,-33.6648921875466,1963.1155018862387,100.0,1
501,9.337578418567355e-08,-0.20556045123244296,-0.139896172948334,-1.5,162.58013757398737,16.22187893689948,1957.7328305405492,100.0,1
502,7.498463607165403e-07,0.06199379110716557,0.2543891981747715,-1.5,-15.416713548222692,-33.07389384474153,1964.200022593282,100.0,1
503,8.889553878701982e-07,0.16446884520676489,0.43366540489997574,-1.5,-127.359703189468,106.28111871261788,1957.523209587773,100.0,1
504,6.301273088332911e-07,-0.04378663392593487,-0.28781581809157675,-1.5,39.210903315590166,26.193833381647906,1963.9729311831366,100.0,1
505,3.7888946270353994e-07,0.07612667634827362,0.4495085053501843,-1.5,-52.645485648645646,-3.79973599148397,1963.8297535971249,100.0,1
506,5.986109946525938e-07,0.03050069177482442,0.472983327345224,-1.5,-31.221124976376245,58.6001938973496,1963.4165490024102,100.0,1
507,1.8997999889206858e-07,-0.4334081932456791,-0.06511172247894798,-1.5,117.84828338823569,46.68967949498234,1960.445138787932,100.0,1
508,4.3502276287417347e-07,0.22647049510862535,-0.035782206786282314,-1.5,110.48125563791643,10.287770758401109,1961.4029010357926,100.0,1
509,3.357909144820474e-07,0.18079449511248383,0.40254019178261147,-1.5,108.73686099433834,-29.89870972683971,1961.2994795502036,100.0,1
510,7.573310547623776e-07,-0.16749798034192953,-0.054140459577484513,-1.5,-93.06750117921425,110.81097465685012,1959.2020453199787,100.0,1
511,7.462465380878963e-07,-0.07918189765036386,0.29978843214220696,-1.5,-63.44351846654766,-133.07616634036725,1958.9994742681447,100.0,1
512,8.494486773909113e-07,0.10443878054051153,-0.39140577653462255,-1.5,-156.96165436535583,38.464382821563326,1957.8806951852755,100.0,1
513,5.025633390382829e-07,0.19529584716573425,0.2573480542591831,-1.5,-106.18850815861963,-106.20638711516953,1958.789802489568,100.0,1
514,3.3631617089009543e-07,0.20361509253122034,-0.4073244391796301,-1.5,-109.70170293490999,62.684088354993385,1960.4717615172158,100.0,1
515,8.741752392449887e-07,0.24579553514110059,0.41910721024245645,-1.5,17.243663637962946,88.09211393155744,1962.4871265293798,100.0,1
516,7.578179403605588e-07,-0.12423059165135808,-0.4526843896687865,-1.5,-51.77455222693472,-100.08011991603261,1961.3048339321003,100.0,1
517,7.297949149327976e-07,0.4630775593984434,-0.13697780004059912,-1.5,162.2313681095658,-3.920593773318301,1957.8250428503295,100.0,1
518,7.175406047969165e-07,-0.3184203599860265,0.21877013644039048,-1.5,-14.177374746045633,118.61122521111197,1960.9037879420193,100.0,1
519,2.2684542509140396e-07,0.05285425327428378,0.08517651347790249,-1.5,166.3203358359631,-19.801471260844256,1957.3856885880846,100.0,1
520,8.658529346520577e-07,0.28668616157360705,0.043264152057736614,-1.5,40.298125614346866,-70.2282719233637,1962.869668918637,100.0,1
521,5.711188872567367e-07,-0.186465450805488,-0.24361181526331965,-1.5,80.82818218361743,-67.71691935631699,1961.7070398160663,100.0,1
522,6.534380064947985e-07,-0.0028505202627402654,-0.009285680821529427,-1.5,19.908161061581847,-42.08643093600039,1963.9871903147298,100.0,1
523,8.380339736364294e-07,-0.4391270949838735,0.20331115814594605,-1.5,37.16825217252174,17.659562952657627,1964.1079265490714,100.0,1
524,3.559791361571559e-07,0.2354409636158092,0.236058424111748,-1.5,31.088904655238995,91.16251561149221,1962.1763840238352,100.0,1
525,6.159159889668396e-07,-0.07673760728415055,-0.21301263893105823,-1.5,42.25233638558795,156.5916564987454,1957.8322398640464,100.0,1
526,3.4389148930981076e-07,-0.004053929315713323,-0.0440505665746263,-1.5,96.85495777187148,124.26524225002015,1958.2110593574137,100.0,1
527,6.469923699293458e-07,0.02620101700908203,-0.3941146296177206,-1.5,-8.995011977698397,56.29905574266027,1963.7114839884541,100.0,1
528,6.741583803044523e-07,0.1267353292000113,-0.07637719712503156,-1.5,23.91706751179597,-102.40426035153345,1961.7223625196361,100.0,1
529,7.553983999230329e-07,0.10208323564593666,-0.04389930153935588,-1.5,-101.64498071659092,-98.29864103681045,1959.4435335909968,100.0,1
530,9.070511576640838e-07,0.4582781053123145,0.06171559967259946,-1.5,-44.42961559250155,11.12025828751919,1964.0049988174808,100.0,1
531,4.6987997906921953e-07,0.31336757737136894,-0.16774714971616028,-1.5,28.793001239101756,-157.03902810686006,1958.0406004465356,100.0,1
532,3.288682122506053e-07,0.10223733510420302,0.2775936380028459,-1.5,11.89019805221048,99.89637846005587,1961.9614224104855,100.0,1
533,1.6614218076521343e-07,0.09937118875818315,-0.007439414669044224,-1.5,9.223441404284808,45.960227456311635,1963.9796006799452,100.0,1
534,7.076170387506947e-07,-0.33458650606210577,-0.08714448172362783,-1.5,-32.5986312308988,-7.0733269335180164,1964.2557327278173,100.0,1
535,8.068349885384016e-07,0.2069100193343695,-0.22062617768801124,-1.5,-43.84648621673829,-145.06075926655365,1958.6853111292758,100.0,1
536,7.040335915825176e-07,0.16107875025216142,-0.24813581819232297,-1.5,132.6849739241021,0.5473608074581701,1960.0529799872854,100.0,1
537,4.3108329957408745e-07,-0.21148932870992268,0.05434023462633703,-1.5,-64.82640469399409,-140.20950521870282,1958.45656530006,100.0,1
538,7.671422020534193e-07,-0.4174488364060195,-0.16628735647408302,-1.5,-61.03789645116539,-124.4994301855213,1959.639648850377,100.0,1
539,5.974445349192192e-07,-0.4359194043448958,-0.24205580485975497,-1.5,-111.54564069336111,-109.72998377756403,1958.2977779103499,100.0,1
540,4.906144265204614e-07,0.3230986104009671,0.3636242760155571,-1.5,-8.287397682925207,-63.94298374283176,1963.4805576159495,100.0,1
541,3.6510211492728667e-07,-0.16584569069018498,0.23986950059055176,-1.5,-137.36875420226795,55.6321000992741,1958.940576197653,100.0,1
542,4.7026472962091293e-07,-0.2920507086923793,-0.2333994095630886,-1.5,42.294245072515224,-17.598061266505226,1964.0047839400843,100.0,1
543,1.3201244199961835e-07,-0.3947282944586909,0.0064095060145017224,-1.5,-34.66692371213576,58.75369673344205,1963.3541437516114,100.0,1
544,7.824126720379782e-07,0.44661011907886056,-0.14535675945426563,-1.5,-10.156786949437693,-78.80979569837497,1962.9312626903102,100.0,1
545,7.946737829284322e-07,0.20940027964635177,0.3485615835219363,-1.5,146.96935538175853,69.04231177570473,1957.8167570100804,100.0,1
546,2.2672935631030376e-07,-0.051544178782079515,-0.12970718233765716,-1.5,103.88960973790067,-51.518844733842464,1961.1134704274325,100.0,1
547,4.35391022433076e-07,0.43544807540426234,-0.07154652531939917,-1.5,111.08948770781184,-82.91847476917343,1959.642043468373,100.0,1
548,5.415360629432113e-07,-0.135435751689243,0.43557381686023267,-1.5,-25.181415306030072,-115.48706878953334,1960.979836594889,100.0,1
549,5.241837628125848e-07,0.01730811187600733,0.039703327075485656,-1.5,-53.17998352979531,63.51756992929344,1962.7915564135126,100.0,1
550,4.346785091065675e-08,0.16002727357891186,0.16619758354162997,-1.5,57.69547604912959,124.92867071307192,1959.713587630463,100.0,1
551,5.456323396927604e-07,-0.019317177367582487,-0.48177030056866127,-1.5,-149.8307668431062,51.949534099936436,1958.1280023226616,100.0,1
552,8.561842088219088e-07,0.3448230162787444,-0.26208552236904514,-1.5,50.0052966816568,105.47192961330263,1961.0681856155734,100.0,1
553,3.9915191047426155e-07,-0.22620772249350166,-0.21560647382713863,-1.5,58.219068728698126,-116.54823428294293,1960.2143595505117,100.0,1
554,1.591828658950136e-07,0.018429957669802453,0.3200090432475694,-1.5,-89.23791438756035,-72.7611390749187,1961.1618233951042,100.0,1
555,1.5243315135874968e-07,0.14502714119067833,0.23487142204902678,-1.5,-48.139896014924915,-67.02785235569638,1962.8049071892974,100.0,1
556,3.237052952935916e-07,-0.3094976304458724,-0.11791628562128331,-1.5,-71.8505932740323,47.56111934887517,1962.6483939917978,100.0,1
557,6.997705767047908e-07,0.3015591500170666,-0.1128967630768413,-1.5,-144.32920655055182,-56.30822796748401,1958.4207285120788,100.0,1
558,1.319987028426646e-07,-0.13303289643342775,-0.2835822358156622,-1.5,63.67221415128632,-42.9125046560303,1963.0378631996252,100.0,1
559,3.5684515488945386e-07,0.26880562395221314,-0.25502377918902425,-1.5,92.77527026016715,119.0394905854332,1958.733170999931,100.0,1
560,6.924417429688856e-08,-0.2453755245308087,-0.13709284120663598,-1.5,-52.24132858024917,58.29711461899846,1962.9787508481595,100.0,1
561,1.3495703753805064e-07,-0.3671769079391446,-0.1427943117325287,-1.5,134.5905938312067,-90.8875597038268,1957.8146260076253,100.0,1
562,8.170235427082237e-07,-0.005578599629586804,0.36642606858435733,-1.5,44.62536190479495,74.01405659274518,1962.6369462454545,100.0,1
563,2.4654292290729865e-07,-0.002714718854106428,-0.3192392230936482,-1.5,41.72853570048147,37.744452785977735,1963.733019495856,100.0,1
564,2.429339612626879e-07,0.3675024967518604,0.014545312689975354,-1.5,19.67920770024781,-97.4137049155689,1962.0235944414746,100.0,1
565,6.372159839916347e-07,-0.43068872401201774,-0.0781704458864447,-1.5,17.881234655272223,16.74013499471855,1964.3862439942131,100.0,1
566,8.243059612850001e-07,0.06113095296576975,0.28422661199516075,-1.5,-18.4078218978207,-52.77214601621885,1963.7437559325178,100.0,1
567,3.727533385042409e-07,-0.2665085472867674,-0.338597884288386,-1.5,-59.518355488585065,-141.98118616975856,1958.4974328295389,100.0,1
568,6.86316207270003e-07,0.02475829014096055,-0.3386876672743548,-1.5,-73.20728599227114,13.64604192742331,1963.1270374286764,100.0,1
569,5.125118219554293e-07,-0.12328152180695488,0.36777530192734426,-1.5,-87.71273487732813,-19.309869073682734,1962.4848767220674,100.0,1
570,6.970731651517385e-07,-0.2708588613760132,-0.323264908337567,-1.5,30.273610525247594,-15.247635554598236,1964.2464978667751,100.0,1
571,8.441775386884773e-07,-0.2700113387578342,-0.14042623566158444,-1.5,11.607647931896441,-157.28055087714773,1958.1985029846696,100.0,1
572,1.0640993744274065e-07,0.11413562918501026,0.4516721885381045,-1.5,121.98530642325498,-15.87436087254123,1960.6837776525424,100.0,1
573,4.7539171288605235e-07,-0.2003337782893212,-0.3103150091837329,-1.5,28.61628592814516,16.302960554369772,1964.2628662994605,100.0,1
574,6.394088751750745e-07,0.08605473897401898,-0.3789999362828961,-1.5,-62.85654469545538,63.67920510266961,1962.500267488535,100.0,1
575,3.4750271168299104e-07,-0.02326562571820011,-0.39605947402187375,-1.5,98.719598913201,-73.79608435102558,1960.6687290286966,100.0,1
576,8.88814475813597e-07,-0.026407652060751456,0.21758628797040783,-1.5,-20.413369425556976,153.07804591468337,1958.4595202540615,100.0,1
577,2.628089966179165e-07,0.2801836970620687,-0.33398662045756805,-1.5,65.32050599421802,-52.48054044567641,1962.7512095620575,100.0,1
578,6.418112264318548e-07,-0.00034216203525419303,-0.4328608434052787,-1.5,-15.249537502187035,-82.35626414272896,1962.7527056734768,100.0,1
579,4.521149722695316e-07,-0.23625674121893894,0.13609506047729059,-1.5,-30.753889027221188,79.98066321263083,1962.6692482657133,100.0,1
580,7.418309812840504e-07,-0.21719449855912445,0.44291381722141465,-1.5,133.5887681302141,-13.86150487754979,1959.9426486451364,100.0,1
581,5.71689862604398e-07,0.035495827643436687,-0.47295176319205595,-1.5,-166.48191259345197,5.999447179454746,1957.4629155309426,100.0,1
582,5.472417399524436e-07,0.26485817478099855,0.3804593471699865,-1.5,36.22617748243751,-156.34711731745557,1957.972555792768,100.0,1
583,4.7011167347927035e-07,0.1617894499937785,-0.3558277947282876,-1.5,-46.754803841096056,66.90660067354598,1962.8425258716559,100.0,1
584,5.955601200184342e-07,0.26331953422154275,0.24943655365197315,-1.5,-124.75464805558461,34.192166132540265,1960.2756081300975,100.0,1
585,5.387214820482725e-07,-0.287493624033092,-0.23060969332801617,-1.5,94.91905725903034,141.69504964797315,1957.1219102908349,100.0,1
586,4.772422070318806e-07,0.06287152239876381,0.05547764483407852,-1.5,5.63403630691025,-36.892521679821314,1964.18443272141,100.0,1
587,6.241656269964799e-07,0.19014105445454096,0.3198818456519103,-1.5,146.60227260223286,-4.415848404889438,1959.0562932741002,100.0,1
588,5.683667371462231e-07,-0.277442888977496,0.05676863581794654,-1.5,-65.09828316437196,-135.51527027628651,1958.7779637613671,100.0,1
589,2.8967176593704584e-07,0.18130066528713473,-0.3314810469478225,-1.5,30.30642199144607,152.80174872451687,1958.35298979498,100.0,1
590,4.209856932551051e-07,-0.40498811862269063,0.15377194142007697,-1.5,-29.903660124261894,-41.83134853224247,1963.8658802620096,100.0,1
591,7.515683653397866e-07,0.40657798870176337,0.21740161111834774,-1.5,-9.139723011642838,-34.359978910774416,1964.2171834037733,100.0,1
592,3.8279058493887324e-07,-0.3105013900929819,0.29867239486790925,-1.5,110.83941070131719,-24.971062189583577,1961.2507125185807,100.0,1
593,3.0989844441956444e-07,0.12430504839816822,-0.3683809372032794,-1.5,-52.47490375733343,-127.81800608001187,1959.674010661855,100.0,1
594,4.490577045194469e-07,0.2629560655536186,0.04768356058868929,-1.5,-27.37199428222236,-122.79102085490923,1960.5066756817114,100.0,1
595,5.15136101774096e-07,-0.08224725404488273,-0.24940146842526678,-1.5,-138.47170385768302,-87.4783088578561,1957.6992667353816,100.0,1
596,3.091416660730047e-07,-0.30801078181446345,-0.20121058761092073,-1.5,-41.53134504094253,5.035069335030745,1964.0934503536264,100.0,1
597,2.1309620162914508e-07,0.05897984259379074,-0.19457067375674664,-1.5,44.83359848179642,33.70930851371902,1963.737996076063,100.0,1
598,3.8469412287830033e-07,-0.1414073434230551,0.18255942520790744,-1.5,18.996966183001614,-62.66847705193631,1963.4472398121534,100.0,1
599,3.7921389650844827e-07,0.1800593699469254,0.05675530367026056,-1.5,-89.29432480119739,-141.3498861142398,1957.4115610979518,100.0,1
600,1.8429702808780748e-07,-0.4455862549880134,0.047095356126096034,-1.5,-65.28267606951256,-9.209249995675695,1963.432364046659,100.0,1
601,5.179479101015964e-07,-0.19877419769875032,-0.23056780656359832,-1.5,-51.719342978958366,113.70568479014126,1960.5635447682794,100.0,1
602,8.240338490824019e-07,0.45403660495799664,0.024434739555727957,-1.5,-119.22163894981168,117.63281009571082,1957.3865252068224,100.0,1
603,7.761996718508211e-08,0.1103876695828298,-0.43695510012056904,-1.5,77.72633532716554,12.517851460509993,1962.9608265213938,100.0,1
604,3.0415290222771573e-07,0.31021007325278027,-0.007082370480358835,-1.5,132.99245586200473,-22.114140322389346,1959.9074615266215,100.0,1
605,1.3788665843840692e-07,0.15520166904201863,0.3993221605155364,-1.5,-146.89692290697474,31.042362490001725,1958.7932387155192,100.0,1
606,6.329410418745162e-07,0.44842906912295843,0.02955770178526779,-1.5,-126.59247763226197,-20.344021289713663,1960.3504155305552,100.0,1
607,9.617120400090713e-08,0.21668620416795828,0.3520596091620567,-1.5,71.47604735180502,116.00480218427894,1959.8079872250955,100.0,1
608,8.54208246640704e-07,-0.3401943111731806,-0.13839707938772686,-1.5,87.10324247158132,-124.75131281409308,1958.6381547820997,100.0,1
609,2.6863204792357355e-07,0.390399901986927,0.15992914541415656,-1.5,138.16639653027323,37.214341776151215,1959.3209093719533,100.0,1
610,4.800635087447635e-07,0.32661302987725677,-0.3332292762764824,-1.5,103.13954468171052,-78.64820728057738,1960.252529670739,100.0,1
611,4.741684296019211e-07,0.11665084888522681,0.44127440957271935,-1.5,-63.72351952211572,-147.9607472147471,1957.922423542235,100.0,1
612,8.557550412639884e-07,0.3593284769341246,-0.07970512789344573,-1.5,-55.6386234849466,-138.07470530576202,1958.8907589749763,100.0,1
613,3.494857654070879e-07,0.20744411543239125,0.3015005947078739,-1.5,166.67265566785156,-22.723996621574223,1957.3239721865923,100.0,1
614,2.765896292201859e-07,-0.12254124018414239,0.12502699922563057,-1.5,142.7083463948741,32.64942552403976,1959.076728754727,100.0,1
615,8.654497753488144e-08,-0.025197566104885317,0.09929070935221722,-1.5,-90.51253652918197,79.07792473827827,1960.858854894016,100.0,1
616,5.450987150154215e-07,0.13806600821074708,-0.17980498409349227,-1.5,-99.32675620270577,35.03914029846726,1961.7134705189553,100.0,1
617,8.495072888344753e-07,0.09365418808528117,-0.11515634379437242,-1.5,-71.20008837536184,-112.44730398739522,1960.0253665469327,100.0,1
618,5.213841912557417e-07,-0.024979907379346245,-0.3719692412231958,-1.5,-139.1400796554784,79.67934261109777,1957.9848127247212,100.0,1
619,1.6876045432846325e-07,-0.03079225175492995,0.0016065702892566164,-1.5,39.226387614531205,-50.87500644342908,1963.4883015949515,100.0,1
620,8.977395391520661e-07,0.20968737516625321,0.060361118540542616,-1.5,49.14589892571958,-56.16845082386481,1963.1207482009254,100.0,1
621,8.322485230538456e-07,-0.4805308624158105,-0.046338774267238245,-1.5,-67.46293249550578,-50.45016385788542,1962.7319786389455,100.0,1
622,4.577725199849721e-07,-0.3223763597736105,0.3530060670614006,-1.5,80.4478596165857,-126.19337344561217,1958.8304318260061,100.0,1
623,3.194225505389588e-07,-0.00747247432249876,-0.14523493124318326,-1.5,-26.72861795372859,5.072092743963792,1964.3505647219927,100.0,1
624,8.267568439012202e-07,0.4434230919740365,-0.17726926701225543,-1.5,-57.371443166083566,-122.2225653938739,1959.8937339263352,100.0,1
625,9.005578925797726e-07,-0.12207778336358513,0.40149456094021246,-1.5,17.1681241095713,15.242300853888327,1964.4047989264761,100.0,1
626,4.91870375398972e-07,0.13820929912661598,0.01901909591389235,-1.5,158.0935008513973,-63.09271805614183,1957.1507453905967,100.0,1
627,2.2271049790553065e-07,-0.09779006722080273,0.1366310738395149,-1.5,-98.46092042296345,-113.34379335643727,1958.793485266675,100.0,1
628,1.0422625949642929e-07,0.18464478560992817,-0.3909905782559901,-1.5,-2.1589873827841983,74.31473628099631,1963.1316677724644,100.0,1
629,2.7611986482009094e-07,0.030932225163919372,0.48869128245700516,-1.5,-46.435873600097594,-66.68484017945642,1962.857643335188,100.0,1
630,1.2881121312889775e-08,0.05410224579062842,-0.46316804901792674,-1.5,-111.96304499214304,86.5742227525438,1959.4342210896011,100.0,1
631,2.580365138463185e-07,0.13418157020197813,0.05706165953844518,-1.5,-55.37543747971968,146.36013133988845,1958.2965963163576,100.0,1
632,6.095163813982982e-07,0.16582406891314258,-0.4568735589837283,-1.5,40.428165694441795,139.99977275826464,1959.1270794188795,100.0,1
633,1.6823421009220943e-07,0.3726236735393585,0.2088056222584085,-1.5,89.8913257518148,-70.90744006474317,1961.1998803702231,100.0,1
634,6.960342613806414e-08,0.001317317044789996,-0.398543533989082,-1.5,26.060963418561744,-78.1713330820695,1962.8100659860086,100.0,1
635,1.6207098820010145e-07,-0.3049115179646726,-0.37390051938951346,-1.5,-52.60970743819968,70.5533827316796,1962.5666167380193,100.0,1
636,6.231962677224954e-07,0.1096665577094604,-0.45552864157030065,-1.5,57.47631558010198,125.72407385164543,1959.6691600031913,100.0,1
637,4.30166015454587e-07,-0.019988534530216397,0.2701210272777865,-1.5,22.619013409555087,77.57882078039087,1962.8762551584432,100.0,1
638,5.151260523613535e-07,-0.4212210475648859,0.027840985198733664,-1.5,-4.852705373492801,-165.97956469874958,1957.5087539061233,100.0,1
639,6.878402205182687e-07,0.3274759220038907,-0.13376013247000249,-1.5,20.103859108368017,-125.46840839503355,1960.4251578700726,100.0,1
640,7.790754198316897e-07,0.18240158038152077,0.0399225420726416,-1.5,103.8069424489542,-40.47808827453336,1961.3767943297305,100.0,1
641,4.83612116208097e-07,-0.24512473898092038,0.433928273773241,-1.5,-154.7820297625391,-8.579109537466879,1958.4131863343505,100.0,1
642,6.105861284743025e-07,0.2353028023555548,-0.2412863549340369,-1.5,-79.97702866820704,-108.84729886059029,1959.8901057667213,100.0,1
643,5.968516844762558e-07,-0.010599329533906467,-0.14958206469081617,-1.5,32.48452982481111,-128.25750538101806,1960.0785836036346,100.0,1
644,4.7625575597571453e-08,-0.36450220226944857,-0.324058929375372,-1.5,-125.01109317222456,55.41943094150379,1959.774017463273,100.0,1
645,4.9396043044738115e-08,0.16900799363387084,0.40008290449308487,-1.5,-49.49517157715245,-139.1044343998488,1958.9827642393839,100.0,1
646,6.007196745925542e-07,0.05547669501989146,-0.42601030667762846,-1.5,17.860751782460692,28.770670369234722,1964.2470639760165,100.0,1
647,1.9725964891122216e-07,-0.3254510499334978,0.12459706799375804,-1.5,-134.3869724435824,3.835619883623872,1959.933344765502,100.0,1
648,1.6912629243211484e-07,-0.08491414479044505,0.0702813572397512,-1.5,-76.6752539523938,-132.7627482998138,1958.547483305255,100.0,1
649,6.919229689374779e-07,-0.3940841421978509,0.20832161294143214,-1.5,-62.76019782476231,-6.284624515314994,1963.5261514249892,100.0,1
650,2.744687848520464e-08,0.4648011550612654,-0.1549421125325435,-1.5,-65.63480097163716,-137.39902353425936,1958.6288233096584,100.0,1
651,3.0490760521406607e-07,-0.11801407122633839,0.037709275516654164,-1.5,-62.248188606724035,135.37422991041532,1958.880360603341,100.0,1
652,9.043204101284526e-07,-0.17448925072228857,-0.40285260196071454,-1.5,-97.51263692393944,-21.99596283912547,1961.9940747935634,100.0,1
653,4.7257354485315143e-07,0.09116889690523347,0.375750435921336,-1.5,-129.18617959759854,-67.7361092734592,1959.1161366206961,100.0,1
654,4.606060282632301e-07,-0.0653974256449267,-0.2629389055958352,-1.5,3.6459329877084,-23.5798565243677,1964.3940500330045,100.0,1
655,2.929362064804458e-07,-0.2968945107600454,0.38752130493712517,-1.5,8.751351432473072,-26.25745691458156,1964.3439734605076,100.0,1
656,6.219240043025408e-07,0.11005351313617971,0.2853230589433107,-1.5,72.3819831941111,-17.504926434286357,1963.1270239914556,100.0,1
657,1.5833030539603095e-07,-0.2178131931882989,0.4035839132067699,-1.5,-117.10386164693617,16.201165526162487,1960.9787082192147,100.0,1
658,5.79659572569137e-07,0.3514462816917846,-0.03783314857328255,-1.5,-94.30404499845329,141.7082566224519,1957.1506848906872,100.0,1
659,4.4129987564537927e-07,-0.44146184017678447,-0.025630469776537792,-1.5,-73.36260835884973,140.92896119531633,1958.1037362349641,100.0,1
660,6.919673414340784e-08,0.33963740115501273,-0.16678131941143454,-1.5,101.49975421235625,-6.451027749376979,1961.9045518072328,100.0,1
661,2.933285001069885e-07,-0.047192398723258894,-0.0951020304251749,-1.5,12.827394409395367,-16.697022278701642,1964.4261130584223,100.0,1
662,1.7307516025841332e-07,0.4439598795512281,-0.0824256945405792,-1.5,44.902957831799334,72.85652192889373,1962.673925504823,100.0,1
663,4.706999452608949e-07,0.2906297023471598,0.17556256232934647,-1.5,141.17027106553672,19.727333851526392,1959.3608838426178,100.0,1
664,7.236247779927792e-07,0.4366320000480834,0.23087880465947366,-1.5,70.77636852512252,-51.3779762867484,1962.5912196576253,100.0,1
665,7.291529330311502e-07,0.2751731018625112,0.06321946633895413,-1.5,-22.42479900432821,-60.06148488020488,1963.4925598763373,100.0,1
666,1.3262493038435488e-07,-0.14815796613143126,0.2605006391031635,-1.5,30.092920928890237,8.58754958203528,1964.2896823962283,100.0,1
667,4.36998062418532e-07,-0.18730820413942784,0.24542312807350825,-1.5,-64.62571477253917,64.98441694558626,1962.400017532234,100.0,1
668,6.622282671948595e-07,-0.2925313048702126,0.33782873356047294,-1.5,-115.92371801744089,112.3638381311401,1957.8941099425124,100.0,1
669,8.76448737836259e-07,-0.4160555529046035,0.16537985127598875,-1.5,-137.2593304216186,50.77929805576602,1959.0800456763639,100.0,1
670,1.447658789864052e-07,0.10667958765907902,0.4693976476373113,-1.5,-3.0577899240873476,93.4476950041962,1962.3127845696042,100.0,1
671,6.577173047307589e-07,-0.00011007961122995242,0.16757957987829142,-1.5,44.398991408378265,23.663825158069077,1963.894610005063,100.0,1
672,3.406828177561448e-08,-0.46544774176306297,-0.0471118527422006,-1.5,140.74285959570932,31.33182488376319,1959.2404269227416,100.0,1
673,3.3194720305595793e-07,-0.29189886027142564,0.058008228161339916,-1.5,-39.6633478266836,120.9511787768007,1960.4109052588474,100.0,1
674,6.316908141126671e-08,0.014915307929526047,-0.4915023049817391,-1.5,37.0831302925672,-163.37425343513607,1957.3826864025204,100.0,1
675,4.4122727897362057e-08,0.13919160433454178,-0.2881157285349239,-1.5,-62.74095994416759,104.48056872199018,1960.7551272331139,100.0,1
676,2.5226869443701267e-07,0.03931902805346518,-0.4242240592490483,-1.5,99.3659753193203,-69.46781917240875,1960.7942042229727,100.0,1
677,2.2119873995220953e-07,-0.40668693871698985,-0.18240425877897365,-1.5,97.28790310353922,65.27676869677593,1961.0423997569137,100.0,1
678,7.319490716795332e-07,-0.2553698501129122,0.4115058948782673,-1.5,117.84751265622239,-3.480100936973956,1960.9979956451616,100.0,1
679,2.1258398498194604e-07,-0.1874142329010721,-0.16719670354792945,-1.5,-116.63651040604012,76.03635704566156,1959.598857703703,100.0,1
680,7.738233941788772e-07,0.41403333521749786,0.19176171418120772,-1.5,-62.95634754678054,-68.18846441046009,1962.3455653607607,100.0,1
681,5.9192389754435524e-08,0.47897462570902444,-0.06770258296139826,-1.5,-134.44454116963783,84.13563869899737,1958.1264376736576,100.0,1
682,5.218097704695713e-09,0.25731418589953015,0.06063384663990576,-1.5,73.01296610846705,-37.80031294254772,1962.817752463947,100.0,1
683,8.68963642777904e-07,-0.04742185979405956,-0.0563065157366788,-1.5,95.79925573305644,-104.27798768689459,1959.4289704276334,100.0,1
684,7.128437493408395e-07,0.1318511847887003,-0.24789825336407437,-1.5,88.31570535894501,13.10011301807117,1962.5091106774503,100.0,1
685,8.307539812937682e-07,-0.26437545348718433,-0.30455382428393696,-1.5,-43.815831342914635,74.79744132583134,1962.6254869335028,100.0,1
686,7.759755671643324e-07,-0.39513641666266325,0.18121940194768418,-1.5,141.86073680719747,-62.77830236233583,1958.4043766217317,100.0,1
687,3.775993471585532e-07,0.19593706980694078,0.1321665577887079,-1.5,-79.65630905645055,-112.8999289512082,1959.6738924465078,100.0,1
688,1.2471059567812198e-07,-0.26735596971041437,0.04331114709824328,-1.5,32.337557824323596,111.66323261317588,1961.0963492654982,100.0,1
689,1.5401974510093994e-07,0.1806002327257781,-0.11501515683407423,-1.5,-60.24390057842858,-149.40441513009262,1957.9229503350898,100.0,1
690,4.2362461458391803e-07,-0.25887615727021857,0.2168878130793224,-1.5,135.811506469639,-86.7265246290462,1957.9190562692693,100.0,1
691,3.8742787411681345e-07,-0.282449762051044,0.28814677630974644,-1.5,-70.16912649675949,28.161243902628453,1963.0834226529114,100.0,1
692,5.052956663730455e-07,-0.0677743376931685,0.2112298226380933,-1.5,-125.05705324564899,21.733181639540017,1960.4340561506956,100.0,1
693,1.552977008794141e-07,-0.2891293854849074,0.3617821667047835,-1.5,-29.263135639054184,161.24586876045203,1957.6916828158587,100.0,1
694,5.295326163742353e-07,-0.09387642186326406,-0.25631849129808004,-1.5,5.118844889733608,-43.372565481683715,1964.053437220246,100.0,1
695,2.784755782496575e-07,0.07921513108997039,-0.15689497540305028,-1.5,63.55204534098354,90.95985431506513,1961.4027451551328,100.0,1
696,1.7600557030863344e-07,0.09249096205888103,0.29444860801831074,-1.5,-21.84763278032022,35.40470997447182,1964.098386975472,100.0,1
697,4.123251288525935e-07,-0.3469628128703921,-0.0856141366774376,-1.5,-98.37187176319246,-111.3556270366512,1958.9119902229431,100.0,1
698,4.4449771871080344e-07,0.35463450169486727,-0.22414275524197302,-1.5,-5.468152428294074,86.9595305073732,1962.6057743798394,100.0,1
699,7.966627848935608e-08,0.161624153081256,-0.14503667305733559,-1.5,42.52135455234695,-78.23876322353102,1962.519787569648,100.0,1
700,5.772059945220458e-07,0.10460212181269798,-0.2693900236724609,-1.5,-57.41009436580497,131.28868821520513,1959.306164864943,100.0,1
701,8.555480738813348e-07,-0.27693148092302194,0.03234462521968292,-1.5,-32.4958884449789,60.783245129852865,1963.3294936438424,100.0,1
702,8.05162227482706e-07,-0.351774754532047,-0.27338152358223955,-1.5,-55.02963437251197,132.24208935821403,1959.3103519884573,100.0,1
703,2.859226928724486e-07,0.3307019086918624,-0.15533722948156842,-1.5,-37.29837270995043,-48.311990144473015,1963.590606330047,100.0,1
704,8.208558665967693e-07,-0.1591736261625348,-0.24152674224712922,-1.5,115.6856602392791,-28.062129246798943,1960.92902247462,100.0,1
705,9.050373368820406e-07,0.10263412035557336,0.35047854525949007,-1.5,111.60208931528364,111.790627810221,1958.1780091351222,100.0,1
706,1.3913148980380096e-08,-0.419959435011802,0.2245438491175379,-1.5,55.95706416090328,-16.38985573687434,1963.6734621279445,100.0,1
707,6.376356734977735e-07,0.11952810298090083,-0.4160913563558464,-1.5,-109.30407566217983,17.422881545435583,1961.4184531885137,100.0,1
708,7.23538349776102e-07,0.25871807646500256,0.15621949895160883,-1.5,-97.5836588211564,60.23209714152568,1961.1891316931014,100.0,1
709,8.811327538772464e-07,-0.35712021019551693,0.06220159589974837,-1.5,27.231016092202136,-12.447423863024108,1964.3107747166414,100.0,1
710,4.489481019871193e-07,-0.03616534430244917,-0.03700338305755203,-1.5,129.99818443438303,-11.611014287277149,1960.1986997896709,100.0,1
711,1.5955153256709911e-07,-0.1547135995488007,-0.3127126590821047,-1.5,69.19160951229482,-73.05715763626772,1961.9603612604762,100.0,1
712,1.5047588328237403e-07,0.3027450316641127,0.30282508900634275,-1.5,-7.169708397234026,-2.6731958406570135,1964.5240481021422,100.0,1
713,6.700070446935496e-07,-0.17104949276660805,-0.402972624768941,-1.5,-37.4710491948794,109.21224569947168,1961.1430065468567,100.0,1
714,3.0827527669972817e-07,0.444611200690804,0.048857518490259176,-1.5,-68.58219277402557,146.4748873739287,1957.8699845672165,100.0,1
715,4.970199136995998e-07,0.3971287508160149,-0.08730600858611866,-1.5,3.6357412480570934,-114.24455872683464,1961.2109138114185,100.0,1
716,7.610332315375895e-07,-0.2720686457549054,0.17077681090584299,-1.5,21.976513891413724,-41.210462861148294,1963.9837109441823,100.0,1
717,5.217426089275217e-07,-0.35674468325066383,-0.07834074241196887,-1.5,-150.24591056286155,56.02177309457365,1957.9839155530894,100.0,1
718,8.113500134157419e-07,0.3360944808844076,0.0016195790547203813,-1.5,-39.92955054711906,5.286434419985594,1964.1260068718502,100.0,1
719,5.49980172981003e-07,0.08625288143994692,0.07179527299763876,-1.5,54.76577651597107,-116.80155348747506,1960.2988019920958,100.0,1
720,1.0042729287909987e-07,0.013550397016496733,0.44659898023545413,-1.5,-15.504064972701197,-110.04720695735215,1961.3930056152283,100.0,1
721,8.287534591706414e-07,0.3590713179574026,0.32221491698862326,-1.5,30.309655042936203,-25.73396374705089,1964.1365467266207,100.0,1
722,7.887077639165377e-08,-0.3587993256440254,0.20550152556698972,-1.5,24.538763608103512,25.6137156182535,1964.2186927424716,100.0,1
723,7.200961479333779e-07,-0.12142771323991251,-0.23568540011972933,-1.5,-58.47645799244559,78.78402988854849,1962.0873749049274,100.0,1
724,6.871073932196642e-07,-0.15984249808020423,0.35890133816067593,-1.5,117.57338281054446,-117.99138324326202,1957.4646406515133,100.0,1
725,6.084801767201203e-07,-0.28126452798750756,0.03813075176030024,-1.5,-10.652755437907075,55.298835077957676,1963.73161198437,100.0,1
726,4.787397097894752e-07,0.2382526351201415,0.0986224365185644,-1.5,-3.2355860038743924,-158.40197905912376,1958.1398393065535,100.0,1
727,5.802356358832666e-07,0.1566491470445733,0.3412087023861092,-1.5,-102.28635374076433,69.86926262702262,1960.6297647043173,100.0,1
728,6.742716361579789e-07,0.1118264663629804,0.4170819121250455,-1.5,-49.35693171194529,44.69746213235104,1963.4101243594118,100.0,1
729,3.392217340308075e-07,-0.18778124603648125,-0.32508158111858926,-1.5,10.223228513552884,161.01887782157607,1957.9023706124806,100.0,1
730,5.126842075542433e-07,-0.38374900772129367,-0.10253304554409902,-1.5,47.25582827254829,147.1343433019041,1958.4513417446767,100.0,1
731,1.525177825974124e-07,0.12197932443959252,0.36124027369648004,-1.5,95.20572368966769,-75.00566170918397,1960.7966001486298,100.0,1
732,8.459257276929217e-07,-0.237645504491451,-0.3475480642429194,-1.5,-97.34682981159501,34.51501229290577,1961.8220089799645,100.0,1
733,6.94162157606652e-07,0.12917555668856565,0.027445376826902176,-1.5,-2.9584087318147665,-109.39964554509463,1961.488274662511,100.0,1
734,1.41779828677413e-07,-0.26771790778349525,0.2391431689615448,-1.5,73.76489120658789,68.56472888819759,1961.9558876396532,100.0,1
735,6.260470083062935e-07,-0.09486356178946029,0.09600127776179371,-1.5,26.669671483873504,90.70499989777218,1962.26262714312,100.0,1
736,2.679086957268171e-07,0.20480803805862188,0.08843595130864836,-1.5,0.06339268739781644,-161.08866075308575,1957.923319648723,100.0,1
737,8.881662204549646e-07,-0.0850236012026606,-0.3366206088417844,-1.5,-65.01800583825187,-44.45944401790015,1962.9593228135338,100.0,1
738,7.321608921650412e-07,-0.0658389109506114,0.03130079937463378,-1.5,-62.58843142891604,145.7567999147406,1958.1243397179896,100.0,1
739,3.1128615034982793e-07,0.16346015962102312,-0.36620565088552465,-1.5,77.07445285304756,-50.65030025224848,1962.3728906779902,100.0,1
740,8.769353420096801e-08,-0.13893133783996534,-0.21004866539285436,-1.5,41.05870045418614,5.960327972762389,1964.1007977885456,100.0,1
741,6.215315104773469e-07,0.10942352985173372,-0.3539626544252613,-1.5,-33.55258412643697,23.80476663980631,1964.1081547231033,100.0,1
742,8.850818916525815e-07,0.027226398670707388,-0.2588786246280147,-1.5,142.26431120578548,-76.11953942307674,1957.9019300622012,100.0,1
743,3.7976956358085774e-07,0.12118674680041756,-0.4091135154410407,-1.5,-13.219410327515645,160.1020560583321,1957.9596178426712,100.0,1
744,5.653135061659447e-07,-0.12074112177995376,-0.3944594714466219,-1.5,-93.1277304926577,94.46112003849476,1960.0555116834041,100.0,1
745,2.724447626891292e-07,0.05226460414748586,-0.13688928885204446,-1.5,-10.707295666282981,161.44917641294646,1957.8643475790725,100.0,1
746,5.146941553004749e-07,-0.16015082881463408,0.2758230992188426,-1.5,-22.06475486373368,-68.25991833351591,1963.2287223876988,100.0,1
747,1.1608925385928423e-07,0.30723423507623454,-0.3142272497333867,-1.5,-51.71305393470345,78.06935354524484,1962.3058432252362,100.0,1
748,7.728310350619803e-07,-0.16020130307705346,-0.33892876841023667,-1.5,121.58164784041142,2.14667594208915,1960.7719349676904,100.0,1
749,5.482395870880962e-08,0.08994169483357203,-0.4063115714602835,-1.5,-75.98544752462152,94.61258609513592,1960.787585788681,100.0,1
750,2.847231210681173e-07,-0.33311516281577197,-0.02994108247354229,-1.5,-13.603084188131511,-142.57159885138074,1959.3115070268084,100.0,1
751,1.3692340260089212e-07,-0.04684115096959762,0.08859695648049823,-1.5,-128.56551368409995,19.950326036586894,1960.226053150072,100.0,1
752,8.04581263191362e-07,0.2275087410345749,0.07062407191259197,-1.5,155.01097554545925,-30.074348441113564,1958.1829376471492,100.0,1
753,3.3818651407123753e-07,-0.3638787206396193,-0.1474738882261026,-1.5,11.9285123494873,43.006624421068494,1964.0319312870563,100.0,1
754,5.359158298692748e-07,-0.13616853936138784,0.3702899004569871,-1.5,138.40254482814808,-72.46994687334796,1958.317167532215,100.0,1
755,1.3931910778434051e-07,-0.06808114298723864,0.13409649673356416,-1.5,117.53897476274585,84.64098870553366,1959.1921239911117,100.0,1
756,8.204527109965714e-09,-0.2706012044444822,0.033159539630151696,-1.5,143.27004685840978,81.42907582745738,1957.614948234,100.0,1
757,4.911040120262435e-07,-0.2306025379058177,0.13622349158075697,-1.5,108.66469952197231,88.14401484159224,1959.5499233220714,100.0,1
758,3.83479966268913e-07,0.3440591237209676,0.2928172890922927,-1.5,96.43449802458339,-31.094006852900872,1961.9242688225022,100.0,1
759,2.036608386023333e-07,-0.1595243733399411,0.2223511265839233,-1.5,-132.36158752938397,-56.95045376077953,1959.2473917883044,100.0,1
760,7.577010913264475e-07,0.3382187129565556,0.3487968690665062,-1.5,-135.07019334806253,14.446573112883197,1959.8368875139436,100.0,1
761,2.5197756625585665e-07,-0.015752459823755567,0.30426692948561834,-1.5,-24.68193655965067,55.37369038669072,1963.6032803717649,100.0,1
762,1.1300573198255756e-07,-0.040233049777902825,-0.06442441669652478,-1.5,-83.91880045458483,-26.231784479675134,1962.5704610737946,100.0,1
763,3.55154688781286e-07,0.057007785512125805,0.31483884659805544,-1.5,-72.29427451368555,59.058615600757335,1962.3197761990764,100.0,1
764,2.5307419224498934e-07,-5.090383129793152e-05,0.12635337851208583,-1.5,-6.48936839269032,148.09017053832264,1958.938609490845,100.0,1
765,1.6315896853003155e-08,0.31145031659715056,0.13157334600218984,-1.5,-53.26008331539767,-24.602251890744053,1963.662745736465,100.0,1
766,9.048894616584548e-07,-0.4123438358757552,-0.10743452293788106,-1.5,-76.52576971906961,-56.64032362180454,1962.2306099373368,100.0,1
767,7.347050720197052e-07,-0.22968349561306267,0.10527413806565766,-1.5,97.35192307505783,68.73205156569645,1960.921159666367,100.0,1
768,4.1855718771277343e-07,0.22693800803058856,0.2435690955374986,-1.5,-60.14591196457929,32.35027004707212,1963.3515262346582,100.0,1
769,3.401353425274566e-07,0.14921016454148894,0.4535668733164171,-1.5,110.10907054704313,64.0471825753285,1960.4048656472876,100.0,1
770,3.5998385819812163e-07,0.0743083971261115,0.20299545126107446,-1.5,141.59531125270993,63.47174916184717,1958.4012334441875,100.0,1
771,8.694371073360548e-07,-0.09214082136196264,-0.47823118197947534,-1.5,-145.5054603511247,59.42798129749171,1958.241497444338,100.0,1
772,7.392157232727876e-07,0.010480737700815545,-0.1192721579360886,-1.5,5.281766286115268,-119.82010186609061,1960.8744305538357,100.0,1
773,4.825791422783832e-08,-0.25179205284757017,0.29647665508785337,-1.5,-83.96385034566899,-144.1076918527689,1957.4463801724248,100.0,1
774,9.071834031689359e-08,-0.20242190169135738,0.3335992501346383,-1.5,-140.2632004563929,4.817977225939385,1959.5194073954235,100.0,1
775,5.456288410995419e-07,-0.3830310594754509,-0.2761742047435543,-1.5,16.672945225465593,22.26850369286967,1964.3419796224182,100.0,1
776,3.757610035692334e-07,0.1684946452992746,-0.11454349846371241,-1.5,-60.1276819080228,-126.51317446435264,1959.5388143186783,100.0,1
777,4.669250020238148e-07,0.06950091303467994,-0.2980618619147554,-1.5,-10.278351831259684,-25.868548226465506,1964.3417370616598,100.0,1
778,2.6987381272970383e-07,-0.23244830594900398,0.05296779690584002,-1.5,51.66177338863446,101.97671664897302,1961.210110288535,100.0,1
779,4.5617205667177784e-07,-0.09226808208863081,0.22056833274655127,-1.5,42.90900080574407,123.00023613227965,1960.2150509133908,100.0,1
780,7.064482465158923e-07,0.3694386003968228,-0.218479022821684,-1.5,143.44650402671516,2.169603378614666,1959.2936685371656,100.0,1
781,8.721084174476524e-07,0.40684211235609147,-0.17278411810591035,-1.5,-126.60580587519725,105.28712303920338,1957.6258268389674,100.0,1
782,5.128099000738398e-07,-0.04798357295782876,0.23235274219159596,-1.5,-60.48271943836508,-38.17297490886023,1963.236600846184,100.0,1
783,7.327595216800025e-07,-0.35301788687199814,-0.23818867514054123,-1.5,85.36525127692235,146.87192348823996,1957.1802927250783,100.0,1
784,1.6888230584213454e-07,0.2489898623614269,-0.092332845740941,-1.5,161.78320659332564,22.909882878356733,1957.7320086255454,100.0,1
785,8.710233101717564e-07,-0.27239020216707976,-0.35723378421474056,-1.5,-79.32108393582533,145.0671010362729,1957.5691528286577,100.0,1
786,2.7191207314906674e-07,-0.1530873931119727,0.3926316484110852,-1.5,82.27150113232818,-131.50381373124057,1958.4053291751695,100.0,1
787,5.090667066052359e-07,0.048841927373253644,-0.2261313212027898,-1.5,136.368748204681,-93.11966389683613,1957.5866721488885,100.0,1
788,4.27346428833775e-07,0.03547365158788288,-0.06684635462610115,-1.5,-133.93729209223304,38.916794335172035,1959.5814785743933,100.0,1
789,5.736288519106359e-07,0.4236278767376675,0.1698939648207255,-1.5,87.52278827597391,-104.28468116264246,1959.8157446743141,100.0,1
790,8.870102485447777e-07,0.14999530761906002,-0.24566663393168148,-1.5,-142.09427473267283,-33.67817111651211,1959.103949295334,100.0,1
791,7.621325954792401e-07,-0.09605620165086548,-0.43354228970452796,-1.5,-136.72443772558083,4.152901666812975,1959.7710243297558,100.0,1
792,7.34435880694591e-07,0.2762219301375228,-0.09321057735341677,-1.5,-107.50427856145852,68.423906730285,1960.4015622685258,100.0,1
793,3.086406745794096e-07,0.2976795009715079,-0.14757697936048064,-1.5,-80.16380770959674,76.39561719215756,1961.4154990397774,100.0,1
794,1.940130442961235e-07,-0.10602803909834337,0.3378650127268337,-1.5,-46.73303365032088,-104.33495685535729,1961.2097100029766,100.0,1
795,7.869396335384074e-07,-0.1323996299858084,-0.3291661377675141,-1.5,-24.986227319118548,-71.95235073792847,1963.0618517850564,100.0,1
796,6.251139249058422e-07,-0.0651368239808671,0.45348647944316833,-1.5,77.13475081816183,-131.18153341586375,1958.635985009214,100.0,1
797,7.684124355922408e-07,-0.21748789477269403,-0.41415313496543815,-1.5,82.31616777494862,-47.60596458987274,1962.236226075863,100.0,1
798,4.028209002129353e-07,-0.3641664994986292,-0.15504337445179828,-1.5,60.08827677201376,-1.0625661816610092,1963.6195039298757,100.0,1
799,5.339256527958228e-07,-0.22891340967108414,-0.24800172752851485,-1.5,-112.42874638550508,-29.29389998797958,1961.1004387016512,100.0,1
800,6.433288165431956e-07,0.01648055543768216,-0.14989861000466873,-1.5,-18.951572009022083,52.30326928500357,1963.7511278689615,100.0,1
801,5.361404918537026e-07,-0.04687977466722648,-0.03623124731398461,-1.5,-3.3661587233007317,1.624272550824346,1964.535394687574,100.0,1
802,3.1643032145309553e-07,-0.040302866740108814,-0.2333516833182137,-1.5,67.2775463054532,150.0105907547032,1957.6475271842667,100.0,1
803,6.313729719812937e-07,-0.3656897360060332,0.2913496848917986,-1.5,6.552577041757837,124.82182434258968,1960.5585587194357,100.0,1
804,7.801023129267189e-07,0.26969445059101216,0.25402421612161563,-1.5,164.58089230779566,28.791211082970715,1957.4211305484766,100.0,1
805,7.933607477616731e-07,-0.43755616255419094,0.043736726946095136,-1.5,40.102463223102966,-49.42039412985643,1963.5077548493716,100.0,1
806,1.5423756165006777e-07,0.42380116860013745,0.10332468560483936,-1.5,-117.71239101592154,49.10094207548004,1960.3943931655044,100.0,1
807,2.8180148359114543e-07,0.2622810174831442,-0.2680420298084711,-1.5,17.715996265807266,-89.10265939894201,1962.4372972990698,100.0,1
808,7.102801499119186e-07,0.4291767373799178,0.15888327569499905,-1.5,-66.80027011132951,63.982963424245426,1962.3601072613142,100.0,1
809,5.547138095105061e-07,-0.22107614475087622,0.17338667407741717,-1.5,36.32368107590032,66.59414564686472,1963.0738896497992,100.0,1
810,4.754474336221619e-07,0.4750298733143995,-0.12900830313542108,-1.5,-78.14848037692806,64.45600576047966,1961.9254635694786,100.0,1
811,1.980715409170253e-07,0.07472637185557542,0.08280930029729863,-1.5,79.23073280797605,117.03709271290373,1959.4484163085676,100.0,1
812,5.249442133585903e-08,0.3868357004481315,0.14074852739616053,-1.5,39.01350756311217,-78.61964107787264,1962.577434021532,100.0,1
813,9.041100644903416e-07,-0.19972682536606276,-0.21156339460254256,-1.5,-70.99813019815946,-24.406506232758595,1963.103887782816,100.0,1
814,6.142327706104851e-07,0.097239531944526,0.42903155964238865,-1.5,125.87586214491304,84.76846177876273,1958.6686451472767,100.0,1
815,5.066756236416669e-07,-0.03253054556330767,-0.1417440511443161,-1.5,-19.676000530651905,50.710981846057074,1963.7857667244302,100.0,1
816,5.16460632151591e-07,-0.28480279979236245,-0.36742496547221276,-1.5,-104.36064274805409,115.00521853929405,1958.391161698825,100.0,1
817,3.390566446344942e-07,-0.2036092954273125,0.20697507153166583,-1.5,82.43953767420005,-76.31820957781217,1961.3241801856807,100.0,1
818,2.765118716269816e-07,0.44950796158043155,0.0017058649125365397,-1.5,23.295573639360267,-129.90607377851177,1960.1007664174808,100.0,1
819,2.493481254168739e-07,-0.3294696368621408,-0.011704769354060557,-1.5,11.554483436121192,-97.06918700778763,1962.1053369053107,100.0,1
820,7.716138327328567e-07,-0.30971013082678583,-0.20444601540148435,-1.5,19.13012434391615,-133.18420710723575,1959.9258382872385,100.0,1
821,2.278819550726679e-09,-0.4110565393084566,-0.20413303317013895,-1.5,-38.7282453686784,-0.6399521914618304,1964.1570710454873,100.0,1
822,4.245778594699156e-07,-0.49600504778701127,-0.015403613275460462,-1.5,113.49493801935022,97.48383548171456,1958.8336037371548,100.0,1
823,1.5847996670194876e-07,0.2342217581246017,-0.03794241880542112,-1.5,146.42361782696207,50.66195683169701,1958.419458782663,100.0,1
824,1.9108151674497914e-08,0.08861858412459793,-0.18611069641521724,-1.5,108.68508485427974,-24.623011460749016,1961.3756768918474,100.0,1
825,6.83063448379604e-07,0.14484099067066278,-0.44466438710140793,-1.5,-84.23937866736983,-88.61312592727975,1960.7306615803361,100.0,1
826,5.422649856847273e-07,0.09876800260435503,-0.10605075246979431,-1.5,-77.25138862707642,-122.18191483950552,1959.213385240993,100.0,1
827,3.9855610137807606e-08,0.14053724797046904,-0.09561875783171418,-1.5,-131.83201510203142,56.41906495690541,1959.2984701595767,100.0,1
828,4.5575182551945957e-07,0.16686560203367956,-0.3369634547688591,-1.5,-142.56806399754106,-32.96621965276215,1959.081637338253,100.0,1
829,8.909300727868751e-07,-0.05380959033757146,-0.4810812689728271,-1.5,-42.098583242763425,110.32846773767969,1960.9866457377366,100.0,1
830,3.317683027118846e-07,-0.16778215664697155,0.4257948652552945,-1.5,-23.52722118607818,93.05090094601674,1962.1929787771965,100.0,1
831,3.8117948677582566e-07,-0.0968048407249657,0.4436899361765562,-1.5,-2.0081717194555657,-57.97932920470896,1963.6821664662152,100.0,1
832,4.4341597132629975e-08,-0.32344465747478446,-0.0949049793152667,-1.5,-27.83175351155273,104.2367031302561,1961.574212076397,100.0,1
833,3.772463993722422e-07,0.16115493298318873,-0.3860181413781987,-1.5,88.28543610822788,88.97834347799117,1960.5361058723768,100.0,1
834,5.111919584570164e-07,0.3123259251741544,0.2566703298515664,-1.5,70.8938067446579,16.696765477609617,1963.1883690705708,100.0,1
835,8.94231078572186e-07,0.43450464104417186,0.1612726037800616,-1.5,81.63385014822892,-116.83470272691224,1959.3618484125952,100.0,1
836,3.35256499886673e-07,0.033030316858920744,-0.3604179334191054,-1.5,-88.25448060732599,-6.591503986068701,1962.5445179648955,100.0,1
837,8.10482830483057e-07,0.3460760513766461,-0.11412654690800807,-1.5,-73.89240826700633,-124.22192648400883,1959.2146669640963,100.0,1
838,5.802314869428255e-07,-0.31949008770026704,-0.05584349443846373,-1.5,150.5564377567961,-72.35604603759275,1957.4244935419401,100.0,1
839,5.705320806408778e-07,0.07649615529813676,-0.023431650162785447,-1.5,-70.63623083788369,-104.37222667138644,1960.4923482275583,100.0,1
840,7.867857612079006e-07,0.40109063563653335,-0.199307045851209,-1.5,-53.84117754460094,104.86017356549844,1960.9994283187732,100.0,1
841,8.494601964773959e-07,0.00024403713048067014,0.28774537557549495,-1.5,133.6077839413565,43.54182160356725,1959.5066614094105,100.0,1
842,2.1630460586796133e-08,-0.27532465926840977,-0.03855919345513954,-1.5,-38.39002876655198,87.31447646566969,1962.2221266097679,100.0,1
843,7.709388757567732e-07,0.36459091651055725,-0.2847260056408518,-1.5,-54.52407736623838,120.65828105029591,1960.0719350236816,100.0,1
844,3.1821293620565123e-07,-0.32458917862188075,0.025522136780420705,-1.5,-19.52728716117262,92.84380382152368,1962.2466713984272,100.0,1
845,4.0460585747040115e-07,0.29581089405393785,-0.2784295531246795,-1.5,-8.234788446708079,-101.77693374828021,1961.8835159820696,100.0,1
846,6.697585858715725e-07,0.22689806661892994,-0.1268225007159328,-1.5,-24.563202291308667,-168.69273276408288,1957.128686947262,100.0,1
847,3.600976759510636e-07,0.2665485500610681,-0.05416673012340591,-1.5,108.57250063735198,109.60017003048252,1958.4721343692315,100.0,1
848,5.370477451136394e-07,-0.2999403135012861,0.09467300465816902,-1.5,-38.46940016450298,45.03460920393036,1963.6459139801564,100.0,1
849,4.967670351679077e-07,-0.11430611456388505,-0.26967489658662613,-1.5,131.1012927043689,74.74750816644465,1958.73391437946,100.0,1
850,3.362957831716238e-07,-0.2074781194823658,-0.439237875520481,-1.5,2.379249306716047,128.46341069457236,1960.3328231582477,100.0,1
851,1.7476360126867618e-07,-0.49232747128703136,-0.028915600761460283,-1.5,-102.98106377093598,-87.0168003063214,1959.9072078124484,100.0,1
852,4.634497830187961e-07,-0.20429573873960813,0.2646610515828357,-1.5,60.91825222872166,-72.05521613659994,1962.2717188603206,100.0,1
853,6.026299430132646e-07,0.2358901370096598,0.10387249221188731,-1.5,133.49360056341314,-46.80046631075424,1959.439323180956,100.0,1
854,9.057353812995539e-07,0.2030844549259224,0.3390300253148121,-1.5,79.41166450762944,-81.68118614699286,1961.233096201438,100.0,1
855,6.893709103921426e-07,-0.1291678254448974,-0.10089647884636192,-1.5,99.59052153190315,49.35808448853264,1961.392055093208,100.0,1
856,3.8885399188692827e-07,-0.03918199845709374,0.42735528227865943,-1.5,-63.38222074383486,11.066588898440525,1963.4850422068064,100.0,1
857,6.110284049971937e-08,0.048647829456631965,-0.4627980169137414,-1.5,9.88074249496201,-122.94791992454847,1960.6630169868831,100.0,1
858,6.648989091186075e-07,0.09091481695858103,0.3430750903092396,-1.5,-75.6364783607425,-7.457355128726443,1963.0682100380009,100.0,1
859,8.411947940111952e-07,-0.07304963936597814,-0.06993868220107052,-1.5,-65.24938162710279,-48.052228287728475,1962.8669816928493,100.0,1
860,2.9686558746655217e-07,-0.030514315541278255,-0.46383118778454685,-1.5,-60.56308212816258,-148.68153627633092,1957.9681305168833,100.0,1
861,1.994451677034375e-07,0.21783658838821734,-0.4093354180241711,-1.5,-51.123950161818506,160.97544132628306,1957.265065154894,100.0,1
862,5.249760317846461e-07,0.3728520575389968,0.16310864109198198,-1.5,169.1801234528235,-3.564218314807358,1957.2375094613385,100.0,1
863,1.5140190951427289e-07,0.2332478527783259,-0.2072362966465936,-1.5,130.10176923656678,-49.41555982316724,1959.603255344053,100.0,1
864,5.773685474244046e-07,0.2855806425458715,-0.1449271088357548,-1.5,157.97925736039926,-17.384113118416746,1958.0994952047442,100.0,1
865,6.378457995020409e-09,-0.16486456166135985,-0.23846900318805525,-1.5,-72.92568004771148,45.28632168881734,1962.6625488156662,100.0,1
866,6.155148888483265e-07,0.23395910919500817,0.17060368057378297,-1.5,-77.07202656969667,38.020827287584666,1962.6583007948527,100.0,1
867,7.914259683057456e-07,-0.13750453009712527,-0.4714894727369732,-1.5,21.884076570665187,-155.35830877088827,1958.2640703834174,100.0,1
868,3.1131089608628827e-07,-0.3468454889060806,-0.05550069082551538,-1.5,67.1459953067155,69.90897159398703,1962.1461304579414,100.0,1
869,5.705110924483457e-08,-0.37990466702515363,-0.2921618733471905,-1.5,107.64090466868915,-69.34095480709337,1960.3618425930142,100.0,1
870,3.010332687121753e-07,0.2072351748761814,0.13276908046165992,-1.5,-12.78931145590179,-155.19668874896007,1958.3574003689862,100.0,1
871,6.687866839437916e-07,-0.3215928185287928,-0.1855192720575814,-1.5,21.612878928686584,85.09607379514556,1962.5760693423315,100.0,1
872,7.656312252084414e-07,-0.30025000665119966,0.05793068152443706,-1.5,51.81756926378391,104.21861807187949,1961.0881432074673,100.0,1
873,4.0050236450231475e-07,-0.07435991908616632,-0.14561751738986975,-1.5,-28.11246562744664,105.64740110958633,1961.4947367202562,100.0,1
874,8.806324955599776e-07,-0.4228712517944418,0.17221806826131963,-1.5,-46.56254717673447,-138.81386162247813,1959.0752735124806,100.0,1
875,3.761567125274774e-07,-0.21414747001843865,-0.02133032673660824,-1.5,-137.04906492960498,38.431837337332375,1959.3758786784451,100.0,1
876,4.189101958208211e-07,0.18032731011023773,0.2679731958396259,-1.5,-3.5337409646005735,75.54440294539715,1963.0827395004394,100.0,1
877,4.5915054039678536e-07,-0.2175851321356383,0.2468388864664605,-1.5,-27.88369849528567,156.33307559544082,1958.110251007135,100.0,1
878,8.781212980838404e-07,0.3768895662801873,0.06746027119323257,-1.5,6.46787395752539,51.675110449857556,1963.8485521629707,100.0,1
879,3.076418060613938e-07,0.15141473909080136,0.41836471306870704,-1.5,-137.8816822816237,1.6464273686071784,1959.6936539250823,100.0,1
880,8.80373984197917e-07,-0.38541935596893695,0.17979562456179227,-1.5,-145.3667996225625,-63.44528654236028,1958.1257557800477,100.0,1
881,8.46552792020275e-08,0.23243010941285744,-0.43591838861238635,-1.5,-107.56940685859807,59.07288251827119,1960.702043535734,100.0,1
882,2.780876617304454e-07,0.009943355835584073,-0.42507967419283016,-1.5,51.56211667239525,-61.28328128739104,1962.9057526598276,100.0,1
883,6.301938207897221e-07,0.05690534180128356,-0.3357327355104584,-1.5,68.96540520910943,-130.4968998107865,1958.986375218125,100.0,1
884,4.657397655782151e-07,-0.02438607389220053,0.3597010050958371,-1.5,-9.362219123350869,31.103433093771446,1964.2704018461916,100.0,1
885,5.756854168883243e-07,0.043016337430788885,0.15815568929901974,-1.5,-8.973964424977622,-112.21457495251832,1961.310950205718,100.0,1
886,6.87782609548851e-07,0.4147637733132088,0.12381323500676565,-1.5,-132.60408064821382,-2.5979280102850133,1960.0568090827437,100.0,1
887,3.5940452425233927e-07,-0.4535458431973328,-0.024598552932165636,-1.5,31.674211874328446,15.939714984957247,1964.2189175482629,100.0,1
888,4.805762022479525e-07,0.10837378800538011,0.1351369851332624,-1.5,6.0335559087058535,59.73234329493778,1963.6213814362798,100.0,1
889,6.038105713865164e-08,0.37353854168960043,-0.16843569861730937,-1.5,21.778117642834324,17.189038828594256,1964.3430293108725,100.0,1
890,4.555931506893244e-07,-0.13711843947534896,-0.4084546907396446,-1.5,-106.28903518160766,131.24575142968553,1957.2660728674452,100.0,1
891,6.478979170648326e-07,-0.05796182558299161,-0.02104560179934679,-1.5,-19.493303661310794,-84.95439420856945,1962.6044044287567,100.0,1
892,8.576997053574678e-07,-0.09360082611377629,0.09362567341965289,-1.5,-29.740240785914594,-53.49579382032896,1963.5852424551524,100.0,1
893,3.4358519544940525e-07,0.448920644615212,-0.11190269354491071,-1.5,85.67119299247918,146.2831056797778,1957.2110223351124,100.0,1
894,1.7349260586648813e-07,-0.31764256195374563,0.2300746420297452,-1.5,-162.16235006067052,-20.718390152092446,1957.725059041345,100.0,1
895,1.7014033249462288e-07,-0.30191509754617113,-0.2471511715466331,-1.5,-77.9907526849924,-42.732671467158276,1962.5250692796358,100.0,1
896,4.7254355106304137e-07,-0.12225938462257115,-0.29184638080132785,-1.5,-141.76969906489083,46.26509352663842,1958.8706388667304,100.0,1
897,8.442453631865062e-07,0.2678862158895311,-0.274665282410397,-1.5,-137.2928930139671,-42.769468459157615,1959.2689249721968,100.0,1
898,3.451880229767044e-07,-0.12341113734893856,0.1343175425961582,-1.5,-105.94418198964355,110.82667178075005,1958.5470546787174,100.0,1
899,2.3650825469754297e-07,0.14641657328322433,0.2244477244381986,-1.5,-72.43263460207751,-2.7161946043840435,1963.2013197829724,100.0,1
900,3.720959687325075e-07,0.24775469888686183,0.3940823844170417,-1.5,-44.0440088162939,-67.98252149341683,1962.8682554682366,100.0,1
901,8.057066935812154e-07,0.41399598397638965,0.1873027678643009,-1.5,115.0510305369402,123.77120446325578,1957.2575802852916,100.0,1
902,6.75791728675014e-07,-0.0993637625741764,0.3513186790597833,-1.5,-75.3001178839208,126.68994862613762,1959.00302078121,100.0,1
903,5.600140430541872e-07,0.4030746056581731,-0.05544093467525919,-1.5,-43.219576820517226,164.35519651467766,1957.1746789247527,100.0,1
904,8.104640198187477e-07,-0.28090569600417864,0.4100456547606666,-1.5,-20.91174933932265,-28.173378268156302,1964.2256096901547,100.0,1
905,3.9922678187611236e-08,0.1601602841192739,-0.024697054191499455,-1.5,-3.5613745551418403,126.66517788002712,1960.4480446035875,100.0,1
906,4.090944579923319e-07,-0.01000616361340442,0.07834642626953442,-1.5,12.31826959595779,118.8301686150066,1960.9030923345554,100.0,1
907,3.7952754260419844e-07,-0.13241663065881024,-0.10013933095861313,-1.5,127.44164834771686,-35.891440366222824,1960.0723754598926,100.0,1
908,3.8497053404935064e-07,-0.019430235875411525,0.03167029600950648,-1.5,-151.71075180574974,67.86908518534364,1957.496084626677,100.0,1
909,6.384542464583337e-07,-0.037036889583861234,0.25742140074518205,-1.5,42.89435285569899,150.11353249537626,1958.3256338313558,100.0,1
910,5.870387605737458e-07,0.0480118797514021,0.33461991270911,-1.5,99.41509886222758,-113.2517268737124,1958.7506147400354,100.0,1
911,2.807829679257624e-08,-0.14291712824726432,-0.21303340012025362,-1.5,12.577370235125867,85.718764484912,1962.6276746849567,100.0,1
912,3.7102413457401014e-08,-0.03348223241414727,0.34144613623355263,-1.5,-123.7795500932111,-98.63781876583056,1958.1528259954514,100.0,1
913,8.387838744621043e-07,0.03684612650996622,0.2608166972348208,-1.5,130.72678882974614,110.07378703663802,1957.0916060204763,100.0,1
914,7.619771187261688e-07,0.307519562825836,0.22821952952858632,-1.5,-102.75913716258128,67.77126575458965,1960.6786839086496,100.0,1
915,7.88952177060124e-07,-0.3201785786014713,0.31954620369822917,-1.5,58.940235943723955,-19.13251123580123,1963.561377158056,100.0,1
916,2.2345490365279178e-07,-0.3468098018602176,-0.2865081594042642,-1.5,-5.139196318934894,-25.938905069326857,1964.3609770434587,100.0,1
917,5.353835523274225e-07,0.18451057496989157,0.12085828143608142,-1.5,15.796705596533458,20.870983626678218,1964.3645670803785,100.0,1
918,4.453398904225338e-07,-0.39146886075899556,-0.1967826032770886,-1.5,91.72532746558043,61.131206119404716,1961.4440410589975,100.0,1
919,6.794678433532706e-07,0.11188629186795107,0.28253708998396154,-1.5,-18.3358838130634,-20.58207785883065,1964.3455550645713,100.0,1
920,3.048835765089562e-07,0.1397972727136435,0.24148610277813956,-1.5,62.48820379463865,-9.330438890040844,1963.522715316217,100.0,1
921,4.84613444775359e-07,-0.10835377440443755,0.34099278045964776,-1.5,47.470002730019296,-127.9989122511323,1959.7898263766629,100.0,1
922,8.226613768652127e-07,0.21981605243479133,0.31985435606499807,-1.5,109.14701766929309,23.350972126990136,1961.3655821648229,100.0,1
923,6.275203994063747e-07,-0.48827138064226683,0.0343048215860337,-1.5,64.06250986292146,-115.13818494435428,1960.115425035963,100.0,1
924,7.986171105923065e-08,-0.16760120538758969,-0.12962689951053977,-1.5,-149.40202350311858,-2.1837830845173887,1958.8485272554242,100.0,1
925,4.345358760439054e-07,0.06178530402997035,0.20396415099021772,-1.5,-122.73845739218338,67.5883592809621,1959.535753956234,100.0,1
926,9.390778955805e-08,0.07626807252246565,-0.03728721943814954,-1.5,42.04538555330374,-27.40754561921784,1963.8977311110004,100.0,1
927,2.4836410601810866e-07,0.002312541692552612,0.12487140483869058,-1.5,68.76382334588497,-142.4144684768665,1958.1631551107887,100.0,1
928,1.0524466819049193e-07,-0.04809125546633343,0.35069944604249537,-1.5,21.59454336033204,1.1254477703595456,1964.4199386410498,100.0,1
929,5.988802528121772e-07,-0.008810218116651102,0.2565186029100921,-1.5,-116.45022296745137,-99.08012344580077,1958.580036908098,100.0,1
930,3.608676448160047e-07,-0.2090344108229153,0.12429680979172048,-1.5,90.16804923047991,-108.1252555286792,1959.4876723983132,100.0,1
931,7.760778352150665e-07,-0.2676499845124275,-0.3314391931811809,-1.5,93.49155816526255,-118.63981393394675,1958.7233621335304,100.0,1
932,1.5875485942518985e-07,-0.37682677230160716,-0.07901647053215831,-1.5,81.8801625309067,141.60125333024388,1957.7175512073613,100.0,1
933,5.788512664943391e-07,0.38815988034529963,0.21426402237508058,-1.5,53.77696461942724,63.71934084545385,1962.768751010845,100.0,1
934,1.3365752498407253e-08,0.4678038543873131,-0.16311797180561155,-1.5,9.596045685533307,-63.65151807465966,1963.484068287829,100.0,1
935,3.948628561714548e-08,0.35582308735896573,-0.019591713239458634,-1.5,105.0098309390874,11.41320142644754,1961.6972142778495,100.0,1
936,1.2301373696436074e-07,0.3853649679106579,0.07200543834418481,-1.5,127.4876243067811,-28.788836055161525,1960.1865714348044,100.0,1
937,2.774666903593464e-07,0.2766632159060866,0.3175894725076763,-1.5,-51.35524993208981,86.65242275359276,1961.9549643662763,100.0,1
938,5.971761139018796e-07,-0.14846915463523785,0.012386006645476112,-1.5,-66.5465972209798,144.9807754074131,1958.0514322730915,100.0,1
939,7.006831531606367e-08,0.1538516537729358,-0.2777447898154954,-1.5,80.81762211328298,72.40005109786799,1961.540219017472,100.0,1
940,4.967484306620726e-07,0.015392090890805706,-0.17493962136787605,-1.5,13.398808607241781,-149.56372821667122,1958.7915788556902,100.0,1
941,5.667978629069435e-07,0.15105295198441562,0.006007448371767856,-1.5,65.94050503454753,94.38498150194468,1961.1620563657655,100.0,1
942,4.51491261788427e-07,-0.3133593715296411,0.3165426228674401,-1.5,-123.7925201449279,-91.76542872664818,1958.48610010715,100.0,1
943,3.7735725089803504e-07,-0.02392785103587622,0.012214790986045967,-1.5,134.7770913040269,-34.48559333966524,1959.6068906231599,100.0,1
944,5.367861660963507e-07,0.0996665744264857,0.24888965842684246,-1.5,-46.50729296629036,-150.79341194030022,1958.1909265652525,100.0,1
945,8.779167113122745e-07,-0.1277356801094047,-0.4384444935077548,-1.5,57.69129576584118,146.7331968037342,1958.2018204502685,100.0,1
946,5.82840523322492e-08,0.1213264400451228,0.1913087262741031,-1.5,-62.49840268689014,-151.56933908455545,1957.6858714761133,100.0,1
947,2.975731940130424e-07,-0.4367099150408755,0.23325862810165082,-1.5,-117.08400557241568,-58.7303340643855,1960.167179034976,100.0,1
948,1.2022722168000386e-07,0.3938472532500529,0.0319580016748279,-1.5,98.00631993348449,-21.24790620349051,1961.977720057288,100.0,1
949,8.579272975102661e-07,0.051074170733583286,0.4018487067267293,-1.5,-136.6687921022081,86.11291681203384,1957.8864862625662,100.0,1
950,7.239469714367166e-07,-0.15468069169364773,0.4623928242297326,-1.5,-53.874491689000074,11.75262763448808,1963.764930218245,100.0,1
951,8.450757676241032e-07,0.17032707466426125,-0.008542117739456484,-1.5,94.4669794413471,40.657657211827335,1961.8451088124682,100.0,1
952,2.692308995130588e-07,0.038481048775216437,-0.010932516625987477,-1.5,117.8371000006565,-123.695616684423,1957.0965991852897,100.0,1
953,5.401602155442126e-07,0.3752931616044698,0.17462852226262723,-1.5,117.2687260526985,84.76176243847685,1959.203097125061,100.0,1
954,4.073364699820119e-07,-0.04402647376042878,-0.3838749725557605,-1.5,-20.683761587341458,-57.20065280740487,1963.5970955344012,100.0,1
955,4.741222667993289e-07,0.43682138536199433,0.14398420003627924,-1.5,-38.41966652963909,14.376342400247873,1964.1106222076885,100.0,1
956,3.924712930143605e-09,0.31018875228299153,-0.23032924127911764,-1.5,-15.977473278055319,17.173380026622137,1964.3989110239909,100.0,1
957,2.6146264715992817e-07,0.4649637762168823,0.15970460276426487,-1.5,63.504903339029525,35.580794330007315,1963.1898585192614,100.0,1
958,6.657469459437846e-07,0.3300534970537854,-0.3226568663358316,-1.5,10.19889793615759,155.5051835380641,1958.348132135809,100.0,1
959,4.273536311844471e-08,-0.016268468801451403,0.25294296990632936,-1.5,116.53124553145715,-86.9888199706397,1959.1494839039553,100.0,1
960,7.607989441559847e-07,0.1441277255259291,0.12678705801405382,-1.5,-48.25532909878955,-140.60996065312557,1958.9062122635746,100.0,1
961,6.640849099306702e-07,-0.12881519647608694,-0.19295613696236594,-1.5,-57.047973367797695,-14.912375997967928,1963.6538483253237,100.0,1
962,5.199919761472781e-07,0.39618630642185554,-0.09047804609025688,-1.5,-44.28026370087942,88.24575870466893,1962.0563780338598,100.0,1
963,8.995112828229629e-07,0.37091750311577915,-0.19148830363151467,-1.5,-19.841530149572943,13.055386786573864,1964.3953667282224,100.0,1
964,6.689742797855969e-07,-0.2707771010612995,-0.20222804882767012,-1.5,21.303629935758703,88.9932489698936,1962.4065947849529,100.0,1
965,2.531865813852922e-07,0.177094859334351,0.4248927124807148,-1.5,6.807297565553243,145.5886972136133,1959.1250287333955,100.0,1
966,1.1805276418036092e-07,0.42841842068583097,0.10965290900343669,-1.5,8.38835114297997,94.59810976950544,1962.242115402498,100.0,1
967,2.5919654357541166e-07,-0.39119813097463135,-0.01083904185354146,-1.5,-92.01890973260825,-1.033217278561051,1962.3824140518097,100.0,1
968,1.7146217088097603e-07,0.35711989471876115,-0.1820887395008505,-1.5,-107.88518665507402,-51.20552644287786,1960.9059301323557,100.0,1
969,8.594356165599622e-07,-0.22765443448100214,0.27210337153698533,-1.5,108.94993406435105,-46.515031255481944,1960.9639338857833,100.0,1
970,2.370604598204222e-07,-0.17500043277442093,-0.33837257963928874,-1.5,-36.74656288514844,-41.38290489048932,1963.7592600838536,100.0,1
971,2.4983060905110165e-07,-0.25207016977547925,-0.24804756381984452,-1.5,127.98761093895897,39.65170975714569,1959.9643363147209,100.0,1
972,1.9579069931558608e-07,0.25337423014108856,-0.3190627812387446,-1.5,-96.28620064530983,132.2290384952711,1957.7174809481676,100.0,1
973,2.743896214828382e-07,-0.375479691891125,0.20626909887837094,-1.5,127.62392209119895,-18.312429751340673,1960.303567229523,100.0,1
974,6.679626001878355e-08,0.03012772270464409,-0.3182733613891768,-1.5,41.55973105209511,41.109308804353944,1963.669040279099,100.0,1
975,1.8917054800152428e-07,0.42424580520442123,0.022674385950622107,-1.5,-39.31577053810232,108.11770108852319,1961.1675397998151,100.0,1
976,1.0638725276723998e-07,-0.27758654825107426,0.08260962904542217,-1.5,-107.89203502219705,9.34505409109958,1961.5517492559136,100.0,1
977,6.49565907212958e-07,-0.1895933674299506,0.40385156724442534,-1.5,12.226677315920732,92.86439884280124,1962.304766863575,100.0,1
978,7.803280237989105e-07,0.09623825913669634,0.2396801978854091,-1.5,-17.937796564466286,-48.30829425925624,1963.8629866735369,100.0,1
979,4.802331980111559e-07,-0.17713748837545815,0.18954263468589658,-1.5,84.40151603978474,126.31333433491864,1958.6563281815195,100.0,1
980,7.22787580970042e-07,-0.07094110491865402,0.11333392255641288,-1.5,-32.09903145583093,-101.69744137067013,1961.6423142011358,100.0,1
981,5.621318692081847e-07,-0.37110947121297244,0.0019633901802499024,-1.5,1.2777568718280754,-81.81912334900215,1962.8339931481491,100.0,1
982,8.446667909648061e-07,-0.15957775467928845,-0.29509415315892956,-1.5,-46.1435152459939,107.42607418263918,1961.056781649267,100.0,1
983,1.2152859223407364e-07,0.03616865918878019,-0.15207342205128455,-1.5,-43.047307860772044,13.751785206352256,1964.0191200585878,100.0,1
984,8.694404151060529e-07,0.41769990535041973,-0.269512695521179,-1.5,105.1592465137792,3.8486246191617983,1961.7186361013462,100.0,1
985,1.0208070255798729e-07,0.07081019945517851,0.10995867438888247,-1.5,101.88374274825588,105.53259688394316,1959.0548384934684,100.0,1
986,3.5193311795249243e-08,0.20639599687674567,0.2048999189921857,-1.5,37.94600697544958,164.4096095881935,1957.2794555443043,100.0,1
987,8.305454713495843e-08,0.1911741324320858,-0.26352433324911567,-1.5,67.1456040102942,-157.3184931773036,1957.078344326728,100.0,1
988,6.635013791371008e-07,-0.024859914978034865,0.4012319003745765,-1.5,-71.33859718389938,-41.420065385195244,1962.8062739357267,100.0,1
989,3.953356700571885e-07,-0.22179164791684636,-0.3040357617279907,-1.5,-67.59187829015363,103.27109997586258,1960.6579773548256,100.0,1
990,1.5257289600837852e-07,0.07781375348965815,0.10920737029683805,-1.5,-27.761367466468087,-153.00809584532365,1958.3746105759008,100.0,1
991,1.859513809096895e-07,0.019132724281147567,0.16982136827281163,-1.5,62.022363310889915,-25.092044255876093,1963.3993231206239,100.0,1
992,3.8161392619978933e-07,0.14684405336629897,0.2934494900408867,-1.5,122.20924742019288,26.228693266594636,1960.5586555266966,100.0,1
993,7.108908928542029e-07,0.14063500714774518,0.4263514553275919,-1.5,-35.08825199087229,-50.35841715706593,1963.5799272399865,100.0,1
994,6.296940532389024e-07,-0.008304914693454771,-0.259745951496489,-1.5,25.0744795763804,128.28333980179104,1960.1856905582704,100.0,1
995,2.6268290765297805e-07,-0.043741325801335204,0.06595952635095015,-1.5,86.9328373168351,53.03951084733084,1961.8977492089775,100.0,1
996,8.448454889228078e-07,-0.1969542517146609,0.13783059374091608,-1.5,-108.54489691784501,3.04271499940042,1961.5356314644548,100.0,1
997,6.170113842686551e-07,-0.15737764648956115,0.1842714318008915,-1.5,64.92044447796701,61.58395211956402,1962.499946241082,100.0,1
998,1.469393238065496e-07,-0.38324838689377294,-0.04781461487785135,-1.5,69.96245576260834,-111.33590073134316,1960.1333776705444,100.0,1
999,2.89040360155428e-07,-0.2425975789948222,0.08931290621919931,-1.5,58.893753074209386,133.1428117516752,1959.137004855409,100.0,1
1000,6.321099490727497e-07,-0.013385360775363002,-0.34269311322993423,-1.5,11.5911658778725,68.23622130779675,1963.3193192248061,100.0,1
