particle_id,birth_time_s,x_mm,y_mm,z_mm,vx_m_s,vy_m_s,vz_m_s,mass_amu,charge_state
1,5.504505312287704e-07,0.07867142589551628,0.39795304146922866,-1.5,-7.095207662897429,-62.51718082808902,1963.5311422016355,100.0,1
2,6.602817347490555e-08,0.17312625738025142,0.0875932389586996,-1.5,-60.96759936945488,-48.26915892023867,1962.9993189989623,100.0,1
3,7.683382894923248e-08,-0.33862870163087566,-0.2765998636679787,-1.5,31.655415575681467,-17.75952106081002,1964.203609695938,100.0,1
4,5.441136216547928e-07,-0.28508441315535427,-0.18490244130321,-1.5,-56.5756821623838,-140.54117323860362,1958.6885043514983,100.0,1
5,1.839295612679447e-07,0.21532686225031833,0.10442689548289523,-1.5,103.51411589833789,109.56464874682663,1958.7479934440014,100.0,1
6,4.38634350086509e-07,-0.411760775405459,-0.19999273937328854,-1.5,85.35090918922735,24.896298063180843,1962.5260973830266,100.0,1
7,6.806657896979205e-07,-0.19347476346737344,0.04259511684975648,-1.5,59.71868110745751,42.03148544376428,1963.1811734081773,100.0,1
8,5.579707493599855e-07,0.4300170648283039,-0.06814235790462424,-1.5,145.19942509907045,75.27253528517612,1957.7191981100796,100.0,1
9,4.3515200328111567e-07,-0.3128716111267249,0.2930177395873592,-1.5,67.01436075767133,-45.26921548058808,1962.8736739403644,100.0,1
10,2.1912458429513494e-07,0.3534033575532751,-0.22593563247805584,-1.5,-41.30589221918481,-17.46249641579495,1964.0270290281233,100.0,1
11,3.076856699586248e-07,0.3111077269170125,0.09409790075286363,-1.5,-43.32049606655004,-10.461434594297478,1964.033395661313,100.0,1
12,5.834694044558778e-07,0.05194522718571982,0.2088618806685388,-1.5,-55.190736861945176,-157.77047472677756,1957.4155782907355,100.0,1
13,2.582325513899794e-07,-0.17826128501973898,0.30894273487733387,-1.5,-49.602812454777165,-79.27894325645143,1962.3118244608445,100.0,1
14,7.041993468585737e-07,-0.060914261198948376,-0.16093431610744,-1.5,-109.3187300131355,99.38158149072115,1958.9757534984576,100.0,1
15,5.6804972785548575e-08,0.21747632559959024,-0.19604186370536664,-1.5,118.37291616433195,-37.40733436601771,1960.6126160770548,100.0,1
16,5.775153229410677e-07,-0.05775336305098371,0.020776777667939245,-1.5,-22.961760524984797,-137.72543931893114,1959.5708068819897,100.0,1
17,4.570956762130738e-07,-0.23964071003402054,0.24161860949969863,-1.5,34.60384313292606,7.667779575662903,1964.21919995273,100.0,1
18,5.214251188361277e-07,-0.17477366092992327,0.043429751710652914,-1.5,-1.3395497938640704,-103.2152500032615,1961.8251971160032,100.0,1
19,1.525529340720543e-07,-0.29964687723888894,0.17767096978563776,-1.5,-22.93436603580595,-99.51747821427638,1961.882660265526,100.0,1
20,6.103122495562816e-07,0.017929377730354468,-0.48340226446963075,-1.5,-151.25393711634217,25.835577283413283,1958.5372234704578,100.0,1
21,6.574487262837305e-07,0.054469390659745286,-0.18426617464381762,-1.5,-40.979078144758915,17.31642766458467,1964.0351684105542,100.0,1
22,6.649352178951548e-07,0.2366344234075028,-0.30827572361707495,-1.5,78.0694112889991,108.73748111454698,1959.9731155013285,100.0,1
23,5.536299068985075e-07,0.1578449559725491,-0.13410120984914883,-1.5,0.8341624724187054,-94.46662812670928,1962.266201770155,100.0,1
24,7.165686225827997e-07,0.4432033712444098,0.13039134669763916,-1.5,-94.14497089013308,-115.84682031185821,1958.8592407178876,100.0,1
25,2.2551613231857705e-07,0.1906533793061134,0.1072717226904189,-1.5,-158.6739246906667,17.59220498928325,1958.0414669288818,100.0,1
26,4.3298408945090715e-08,0.20886015307046404,-0.18002262926062543,-1.5,124.62146082907248,-70.46311067457125,1959.3156274069327,100.0,1
27,3.2651122325233405e-07,0.011982492900917747,-0.2308938524868481,-1.5,47.589102223948366,9.828280915890616,1963.9378728742638,100.0,1
28,5.5000434843737e-07,0.0506263183214807,-0.10500559391769158,-1.5,-51.831402991260475,123.74462076220954,1959.9525659470705,100.0,1
29,5.540825721571933e-07,-0.0021778972558075043,0.21232500560060397,-1.5,85.4131421153041,27.835282802309095,1962.4839052719483,100.0,1
30,9.721573985484657e-08,0.049542595147439916,0.20812895876699264,-1.5,-94.54439982158686,-60.54371065042564,1961.3284023409199,100.0,1
31,2.4241124818600334e-07,-0.14744391813500077,-0.144711464749174,-1.5,120.78496497819081,-32.92197105258051,1960.5459500668078,100.0,1
32,3.341062397666773e-07,-0.2530127151032486,-0.3151286838293713,-1.5,4.432264905145304,148.6582057876313,1958.901319399715,100.0,1
33,6.696216335855561e-07,-0.05623491983817665,0.09374894683855242,-1.5,99.95666859813122,-45.301309568065804,1961.471320723378,100.0,1
34,6.256087521527524e-07,0.22568475154588144,0.30687094409756793,-1.5,-109.60902244100885,63.87373053096171,1960.4385466047427,100.0,1
35,5.713681159958437e-07,0.26321371728297255,0.3983744682046763,-1.5,-124.73876530101182,95.18669775600331,1958.262755420635,100.0,1
36,1.0546480953793382e-07,-0.11334270388021571,0.40337927788067246,-1.5,67.58230413330527,99.38111206798705,1960.8593302423035,100.0,1
37,4.790773890661079e-07,0.33652766614909974,0.24854897639073834,-1.5,132.82611368884858,105.21176278727273,1957.2176666788093,100.0,1
38,4.498670078253344e-07,0.07793699642762258,-0.3718216079812855,-1.5,-47.61581907523565,93.24757959220616,1961.7469023653691,100.0,1
39,4.69528754432509e-07,-0.150982980746618,-0.3332300321658623,-1.5,-53.36065423391969,-40.41656699738123,1963.3981837513259,100.0,1
40,7.559981093217993e-09,0.374956878683643,-0.045989129959663,-1.5,28.6722465450598,156.7247714006235,1958.0675510751955,100.0,1
41,5.692659507090691e-07,-0.14348732472500617,-0.20035110208280313,-1.5,93.15534189822577,108.04911020491704,1959.3521271904858,100.0,1
42,2.9882526188278933e-07,-0.3627048300765159,-0.28213027131466867,-1.5,49.82545836750283,50.83337078126579,1963.2490107929798,100.0,1
43,5.912730497623194e-07,-0.4536834699998645,0.16430024434139986,-1.5,-79.79429896012208,41.94603092124587,1962.4695377532737,100.0,1
44,3.019335931403362e-07,0.3000690877736686,0.25417962408746786,-1.5,-142.564744666794,-92.70746408492904,1957.1647620849822,100.0,1
45,2.0858247245887928e-07,-0.27981334009176645,-0.1759735737300423,-1.5,-43.31846700517856,134.89434256554435,1959.4234644471985,100.0,1
46,6.258737000995145e-07,-0.39752771882247806,0.21063887034237558,-1.5,1.0423927509500257,14.108858514558104,1964.4880095828787,100.0,1
47,2.1937660441212633e-07,-0.21485974541841785,-0.40935160051785907,-1.5,60.136800584191334,-130.33990823708174,1959.2877174632565,100.0,1
48,2.71027302052854e-07,-0.31817648070140314,0.15620791233621098,-1.5,-133.44590847729475,-48.56063703769033,1959.3997397946378,100.0,1
49,1.6710561296034715e-07,-0.01142736095831566,0.09835745438478073,-1.5,13.914652824503955,76.59923607166024,1962.995727386115,100.0,1
50,4.948278457602468e-07,0.2540340249547161,0.23034236318781517,-1.5,-11.853953555600516,-17.656957263171495,1964.4238345915678,100.0,1
51,6.178634426525923e-07,-0.24115797961360577,0.2902320487110427,-1.5,-63.189758917046724,-155.0128345684987,1957.394023121859,100.0,1
52,3.718789679522346e-07,-0.2818848578291497,0.0016892602227598279,-1.5,-89.90881780963784,-8.680441084866883,1962.4612966091272,100.0,1
53,5.525884685696303e-07,0.1937310210345759,0.4585473342029024,-1.5,58.595944295206024,76.52452756710507,1962.173233498744,100.0,1
54,7.410460041358729e-07,-0.326237795520298,0.21989950314325124,-1.5,-42.39368541238929,-91.31693522885479,1961.9575120383458,100.0,1
55,4.15301192173493e-07,-0.41880992072357814,0.1613930319784581,-1.5,4.668773397862397,120.01333457964617,1960.864168764416,100.0,1
56,6.744045975506673e-07,0.14599898064366632,-0.4524032478390336,-1.5,-2.4191958061665475,-154.84368938786739,1958.425608904902,100.0,1
57,8.076761845947825e-08,-0.4046781446893549,-0.13623713711730995,-1.5,-62.116972536774504,-95.11363212324662,1961.2516832302072,100.0,1
58,7.146611905574286e-07,-0.14966653774295632,-0.15993121232655166,-1.5,-84.07639524503304,85.26099742637473,1960.8862813397905,100.0,1
59,3.3621972150804615e-07,-0.25475736675459176,0.2936922854366571,-1.5,-8.43348862397157,-87.81923795058331,1962.5569912696903,100.0,1
60,2.1968467988869463e-08,-0.05858061405111216,0.2166204612202523,-1.5,13.717567145734169,-95.75662940588988,1962.1559016914423,100.0,1
61,5.196585608917642e-07,-0.13345554404393786,-0.06773146154061978,-1.5,-44.774585035792704,-64.44294802541977,1962.9711228774602,100.0,1
62,7.614119931000182e-07,-0.2136731036443429,0.15578697564167596,-1.5,135.82711356506977,68.18312877481901,1958.651409117301,100.0,1
63,2.3811650780358084e-07,-0.04654475468702626,0.33883657189190103,-1.5,-89.79696020679056,-27.260416990803677,1962.2962727043127,100.0,1
64,2.2468754895949643e-07,-0.3664723870503531,-0.33108087290860555,-1.5,4.3145852204925905,-126.37148614600163,1960.465485059545,100.0,1
65,1.2684032653440334e-07,0.18086956104542765,-0.10030585653638031,-1.5,128.39370914295782,83.19416944864905,1958.5727129438912,100.0,1
66,6.619504815254449e-08,0.11315085833446323,-0.0004348049523362417,-1.5,-89.52918014946214,-48.37872973023841,1961.9014528455768,100.0,1
67,2.00130248855324e-07,0.16198181226417802,-0.29188766421489515,-1.5,5.143808256006548,-130.97291631849714,1960.1614532210822,100.0,1
68,3.801284777410375e-07,-0.3978397373925587,-0.025301359263066377,-1.5,-1.5742307047326718,36.793050011686006,1964.1937479624196,100.0,1
69,1.8263341343562304e-07,-0.1256140464051016,0.4306962480397456,-1.5,-113.34453308191846,13.434743431715207,1961.2204900916922,100.0,1
70,7.09859273588421e-07,-0.40508694977023024,0.1095572431078152,-1.5,-16.343828045156084,143.50515142535178,1959.222406227876,100.0,1
71,1.7412041637922547e-07,-0.07866083461012678,-0.23884203500470516,-1.5,9.030265252726933,46.49276492788883,1963.9679639405927,100.0,1
72,7.959879190610727e-09,-0.09766270560786917,-0.07641779331075021,-1.5,51.81942714893766,131.08629230821123,1959.475546467721,100.0,1
73,2.3149570491070945e-07,0.004435295604813365,0.15433546572560497,-1.5,25.483177003309027,-13.182236742611355,1964.3294333157082,100.0,1
74,4.622433401686205e-07,-0.2384499729893759,0.28359193516487524,-1.5,-5.800306592231574,-140.6741793928348,1959.4872844603303,100.0,1
75,2.698444110337579e-07,0.0579431613853845,0.09981607419788058,-1.5,-146.50610047603246,-6.183390309774854,1959.0587062346333,100.0,1
76,5.519499664920211e-07,0.09785279452240046,0.39673255720010453,-1.5,-115.99039038347709,-50.657670169099546,1960.457425209193,100.0,1
77,4.861264569434227e-07,-0.4235990570053478,-0.2604752410443229,-1.5,-24.715408225929455,163.05643301788118,1957.6044121614157,100.0,1
78,6.422710307123013e-07,-0.25097947760909617,0.12331571224863203,-1.5,69.55434692211652,-143.52697339993367,1958.0540051278012,100.0,1
79,5.573850708861989e-07,-0.09700774215457388,-0.26246811919905516,-1.5,-15.442026890264138,-78.89061986738992,1962.8935529387707,100.0,1
80,1.6307452061223285e-07,0.18807150398512204,-0.15009951950379197,-1.5,-0.5678495290125818,-30.293357799581713,1964.305291009081,100.0,1
81,6.97607093586328e-07,-0.36100071952332113,-0.2837009150017831,-1.5,1.0353314671169633,66.516627433984,1963.4122727103681,100.0,1
82,7.630378402037124e-08,0.1811623664499734,-0.10725708212233553,-1.5,78.35934784605647,-49.436904301744946,1962.352947704447,100.0,1
83,4.467705318533728e-07,0.04767260248950741,-0.3640271836714244,-1.5,-65.03917221578864,129.68355130097393,1959.174665226555,100.0,1
84,7.382488990331969e-07,0.17465134326769852,0.13569988717892228,-1.5,162.29961997239397,13.935823934014476,1957.7737132861469,100.0,1
85,6.129104417926978e-07,0.17513391508681578,0.4598883879588558,-1.5,-97.39275586601457,74.31527063670184,1960.7154760242872,100.0,1
86,5.694830517413956e-07,0.0057614786358589215,-0.390487202005113,-1.5,102.80707435897435,43.393629705558716,1961.3671213286043,100.0,1
87,6.462212037504205e-07,0.2302890207273014,-0.42003833269917024,-1.5,-67.63987591599556,97.94724992762791,1960.9294912576063,100.0,1
88,7.657725115220113e-07,-0.2084673285451215,0.27840069300723863,-1.5,118.61832806156812,-76.02598705957661,1959.4802953348692,100.0,1
89,1.6441760613406913e-07,-0.28989225286847337,0.013985624940513175,-1.5,-98.28456854569836,28.50078933019691,1961.871844657411,100.0,1
90,7.180765174071603e-07,-0.12047187086580931,0.47594591882278076,-1.5,-104.6764079360485,-114.71263446937532,1958.3914693903344,100.0,1
91,5.526229994060334e-07,-0.01852449996162836,0.4878922497489802,-1.5,57.91361969926898,33.676977922512506,1963.3963329082253,100.0,1
92,3.531766890768526e-07,0.4181272650421036,0.24626873929490178,-1.5,-8.903189322236738,130.43075055216477,1960.1841339007983,100.0,1
93,2.377562301698266e-07,-0.0033662595908118126,-0.2158206128415327,-1.5,52.66301162707237,-54.272226330908794,1963.082886411469,100.0,1
94,3.4055195201145374e-07,0.38270413239461065,0.1831018256776656,-1.5,22.95042868930582,-81.227270055349,1962.7248137954705,100.0,1
95,7.168428015978249e-08,-0.4136731607016849,-0.07600197625397884,-1.5,5.313575995192528,129.49991819461175,1960.2588664163372,100.0,1
96,5.780440528693298e-07,-0.43042838124185917,-0.08607512324031323,-1.5,128.7260359463504,-77.25325564864076,1958.7942281994185,100.0,1
97,6.092029778555118e-07,0.2558648043004197,0.35275125581607086,-1.5,-131.38827813792784,88.65872691820017,1958.134325518892,100.0,1
98,5.864904552544889e-07,-0.15832713279612037,0.2032658996793478,-1.5,37.7735102636978,41.392202942128414,1963.7395788963686,100.0,1
99,7.022497692844576e-09,0.1360221332597875,-0.049360629376840076,-1.5,109.90803634089616,128.51565565058323,1957.247362002698,100.0,1
100,4.919702145056453e-07,-0.2453136773081755,-0.20857823927614635,-1.5,-87.6415229172951,-86.83810948968285,1960.6609580616243,100.0,1
101,2.620496291228019e-08,0.2652078172176252,-0.18455184766272417,-1.5,-98.14837476203104,57.580853830625955,1961.2405839340158,100.0,1
102,3.6483573323192954e-07,-0.2858162038875149,0.36844291406266366,-1.5,-116.00577103262292,-65.79713684150649,1960.0068071659134,100.0,1
103,1.9481507881379427e-07,0.0868433392890494,-0.08523573612303385,-1.5,-155.95904588017663,-39.029201580782484,1957.9496376817874,100.0,1
104,5.087983152589647e-07,-0.25791860497972824,-0.17078016819374517,-1.5,-83.12614874605958,115.40129895225327,1959.3840536915961,100.0,1
105,3.944505342888524e-07,-0.38083755749549253,-0.2582751312025447,-1.5,56.89207611779249,-29.433513454701238,1963.4943967902864,100.0,1
106,5.100053405213748e-07,0.3338297361677104,-0.3120089194781851,-1.5,72.85622758535457,0.8042916432995825,1963.187359750239,100.0,1
107,4.135619302815549e-07,0.24447198291325725,-0.42239499578392803,-1.5,-125.4738510143008,28.523940598865586,1960.3203778440106,100.0,1
108,1.0979106245274378e-07,-0.3905186729594774,-0.17135541550802816,-1.5,-40.722553985183936,24.377878328844233,1963.9655493188366,100.0,1
109,4.350032745558428e-07,0.4207065776476543,-0.0368652059042463,-1.5,-61.614968094088134,-77.78474334327879,1962.0311964074158,100.0,1
110,6.535411138141854e-07,0.0937737893154479,-0.16834646147660787,-1.5,44.9286472347275,141.05108295216272,1958.9536224530204,100.0,1
111,4.770919497028808e-07,0.06979720728957362,-0.12257404222856458,-1.5,-136.59172433150002,-46.91231422594777,1959.223116922686,100.0,1
112,4.479405604594094e-07,-0.030694088554345966,-0.26160187153329406,-1.5,-21.772298023878072,-109.4926421515032,1961.364477760208,100.0,1
113,1.1003429599256306e-07,-0.3037850871466597,0.22587340926402627,-1.5,94.406395475603,-50.5037520984047,1961.6192519914302,100.0,1
114,5.681437241679374e-07,-0.009160266660168179,0.04496064334939169,-1.5,9.600266542024645,-51.039334027224214,1963.8523639852642,100.0,1
115,5.26489753499612e-07,-0.23752268840533247,-0.2766875556450619,-1.5,50.391151816275745,95.45540738415427,1961.5713811344938,100.0,1
116,6.637655439321327e-07,-0.03922095706830874,0.2534904006898744,-1.5,-119.58441320206575,-27.65985455151871,1960.7008407279877,100.0,1
117,4.2210517617013915e-07,0.3589355227697597,0.18877140726130834,-1.5,-138.61467492719578,80.44654175213563,1957.9907078638246,100.0,1
118,7.39270819911904e-07,0.3548472558496906,0.1453169962673612,-1.5,-64.45137838219958,137.92559902107976,1958.6311125950804,100.0,1
119,5.5126744931326105e-08,0.30690460985182333,0.19722004413064545,-1.5,104.00369809753111,115.7461771411764,1958.3664977540268,100.0,1
120,6.315339255396533e-08,-0.12507651226134453,-0.1518134867077162,-1.5,-80.48905605080571,-135.06997446710687,1958.2366813333972,100.0,1
121,7.943051215813856e-08,0.04958123857046544,0.35424699696458856,-1.5,-10.309966071279051,0.48155243944719983,1964.5118373206583,100.0,1
122,3.118011250256755e-07,0.06819581107383822,0.2559495931889756,-1.5,117.37859369835378,-68.69002451717913,1959.8258168876532,100.0,1
123,5.359236780304206e-07,-0.3311184007768301,0.12482559871083541,-1.5,-79.4458372509569,-79.16622465186428,1961.3348398690102,100.0,1
124,3.002429900713159e-08,0.17236459436462118,-0.1680693006599531,-1.5,12.123642229902027,-95.90341954631673,1962.1592284227434,100.0,1
125,1.3373119496548372e-09,0.1728621773446488,-0.16673112015882086,-1.5,-76.36545563394264,117.15260150368134,1959.5552738856006,100.0,1
126,7.041747229787058e-07,0.13647802456631958,-0.08281903191089375,-1.5,40.68837862390565,-140.7824871794054,1959.0656021212433,100.0,1
127,6.602626932753653e-07,0.021143906949876574,0.37885859338717615,-1.5,38.32533058680111,59.700760595078286,1963.2575670262709,100.0,1
128,5.028109131606982e-07,-0.29205567696677925,0.35449549812628967,-1.5,37.211602211600756,-110.94566673596535,1961.05064747433,100.0,1
129,1.8158560920128352e-07,0.07384765537203102,0.2809746507160509,-1.5,-40.6630858104731,-89.89014704069174,1962.0600299642986,100.0,1
130,4.900923412562953e-07,0.12706939260460587,0.22291741257467768,-1.5,-59.58711559123357,-113.35177691411242,1960.3606904322637,100.0,1
131,3.2769335341873633e-07,-0.02413838608376528,-0.3496413811414823,-1.5,-64.03759499795528,-127.47006586593284,1959.3529174197138,100.0,1
132,7.510669699261478e-07,0.1467766534719757,0.45072099531326426,-1.5,-69.21281115713907,-56.26047142198816,1962.5130910119385,100.0,1
133,2.0823939211527476e-07,-0.12148272821919517,-0.036986666467785256,-1.5,-49.31269656176546,39.91430693569788,1963.5142964403854,100.0,1
134,4.57319958645176e-07,-0.11241587092647155,0.287212470561054,-1.5,-100.79019983816379,-115.96149342880365,1958.5217777508822,100.0,1
135,4.319954451698769e-08,0.36911535863247374,0.19842447977608524,-1.5,-56.54958951062935,-7.279796089106272,1963.7113929397087,100.0,1
136,6.891767893665619e-07,-0.1808099054951073,-0.45791940247640944,-1.5,4.830458338001005,-45.65331279656191,1964.002476568977,100.0,1
137,5.829241089278615e-08,-0.24312174261901148,-0.03690192744194265,-1.5,18.11505789054792,-92.25743285580272,1962.287873128357,100.0,1
138,7.169139697537506e-07,0.11140411400254897,0.34778871833853325,-1.5,99.26472686899427,21.12672916259179,1961.9157631204878,100.0,1
139,1.903863411219756e-07,-0.15626629040794507,0.2921879136493004,-1.5,-97.12084811310876,-117.8965612342613,1958.5916440077697,100.0,1
140,2.174062595590078e-07,0.06037113425153347,-0.1247590319356845,-1.5,75.60533133387646,61.542307139256586,1962.1186673012423,100.0,1
141,7.03760590638077e-07,0.11204979063330472,0.06858057746928575,-1.5,2.21207997640826,-78.38561838016719,1962.9732774033039,100.0,1
142,3.6733954121550316e-07,0.22921316904099187,-0.05594827874655264,-1.5,83.26568967342261,0.8641576775534388,1962.773385905986,100.0,1
143,7.105370143612283e-07,-0.2379589869341379,-0.38995862306990225,-1.5,-26.82716652173748,151.9510044972818,1958.4699338092514,100.0,1
144,6.717666821026293e-07,0.11409964778727705,0.33481743624710386,-1.5,-77.45488570682933,-101.73322472022866,1960.3735302065004,100.0,1
145,2.484751490626035e-07,0.010994026888344763,0.2909094508551742,-1.5,-25.26337990428108,-145.65373677405034,1958.969126062404,100.0,1
146,2.8630386037493044e-07,-0.332996706803891,-0.27618315256755166,-1.5,141.48387229850965,86.15079037816248,1957.5427559731022,100.0,1
147,5.285888025651703e-07,0.4641865768168697,0.09753583789274349,-1.5,-5.0920002518618785,123.03679178697438,1960.6757268009248,100.0,1
148,5.504382654059425e-07,-0.48121738808150993,0.09876496251307997,-1.5,-23.047880520436326,87.7814031684928,1962.4414658092144,100.0,1
149,3.426384984740351e-07,-0.31701778270523256,0.3557744598949399,-1.5,-70.27814909253968,42.100435090223684,1962.830054128852,100.0,1
150,1.502122716215099e-07,-0.12619110255741275,-0.1531002923806675,-1.5,-161.2158923135048,-22.831703407358948,1957.7797209214345,100.0,1
151,1.8676905574555934e-07,-0.21435387232447187,0.06447766578272349,-1.5,-7.780872818261184,78.39310249550155,1962.958803889029,100.0,1
152,6.529180863711474e-07,-0.260743592557255,-0.3948108710344361,-1.5,-65.14292056907583,-118.09730809681517,1959.9037506944437,100.0,1
153,3.6009333568723316e-07,0.43475025671606193,-0.06708640536892543,-1.5,134.32916523138414,-88.5595388919885,1957.9392660921862,100.0,1
154,4.640304560591995e-07,-0.06811299472704824,-0.381658227907542,-1.5,-87.42300679615454,140.74455187642982,1957.5396484531173,100.0,1
155,1.4987993836950648e-07,-0.1384909151502245,0.06349792385374582,-1.5,17.09859982004069,-82.14316991397999,1962.7463982355969,100.0,1
156,2.789056831748018e-07,0.4684771149444549,-0.01403274259529969,-1.5,-36.50210937232145,-162.02291567197062,1957.5059277240148,100.0,1
157,6.074060763512672e-07,0.3321730513836037,0.16795534630771422,-1.5,54.80912144273559,1.418232485572488,1963.773722985778,100.0,1
158,6.612326795591985e-07,-0.25602512303389674,0.22890264780752048,-1.5,-69.67836896410526,107.21423722582327,1960.3732599943098,100.0,1
159,3.027657295238922e-07,-0.26748373232327644,0.01818494184200028,-1.5,-30.86503399654848,-167.36529938469675,1957.1534156791067,100.0,1
160,6.538421259580836e-07,0.34889821967068313,0.1886563867311853,-1.5,36.53576892107059,109.84819299710436,1961.1251358214622,100.0,1
161,5.676306921407587e-07,-0.21196570109949814,0.31019691694678,-1.5,-111.16542053405998,-50.56440090391538,1960.7393444578106,100.0,1
162,2.3902357219600826e-07,0.2693199215983037,-0.2660393233424556,-1.5,-74.85185934142976,94.92429848125343,1960.8161216639116,100.0,1
163,7.612795997143817e-08,-0.13334435662547747,-0.2820710826108154,-1.5,89.05997244513978,51.876603773171745,1961.8334347123264,100.0,1
164,6.57131764217905e-07,0.09627536985903626,0.10609096003034782,-1.5,80.94290396474035,-15.832677660841375,1962.8068827273796,100.0,1
165,7.519234686793741e-07,-0.3341307870957519,-0.13852780751066954,-1.5,53.483877628448646,71.86503694102883,1962.4953955526676,100.0,1
166,3.254273630993368e-08,-0.10807964491799191,-0.04218906164100692,-1.5,-0.2031774333839907,-70.58551546753189,1963.2704678650991,100.0,1
167,6.658565443297399e-07,0.18359593417771933,-0.34998427303678264,-1.5,41.89268323564083,130.65167635422347,1959.7419291384467,100.0,1
168,5.398157008187158e-07,-0.08090790409277156,-0.35239392313297535,-1.5,29.774823000031198,-128.1364565128963,1960.1295351822457,100.0,1
169,6.5469944504875135e-09,0.2251691752141414,0.058570953281195215,-1.5,25.935676731137303,-67.27565213890867,1963.2153762559813,100.0,1
170,2.076331226207378e-07,-0.12692090570456674,0.38631502637686393,-1.5,-115.97238502103836,-125.70176843039843,1957.0801612586372,100.0,1
171,2.2850789035203353e-09,-0.24956933948433668,0.3717300004054194,-1.5,1.728498401538426,-131.63811145387086,1960.1228803756833,100.0,1
172,4.922802157691274e-07,-0.04721542369291917,0.41810995874199963,-1.5,132.94613937262565,-53.63942421784117,1959.301258730169,100.0,1
173,6.353326821194672e-07,-0.011086940074123116,0.37560052087730844,-1.5,-124.11602968648667,45.91478358796061,1960.076613321292,100.0,1
174,5.8031177011437e-07,-0.03419931509315495,0.1268264273701714,-1.5,-57.26184332071799,-135.4373220046742,1959.0281007106169,100.0,1
175,3.506899408065054e-07,-0.13631293971594816,0.3246353810757626,-1.5,-47.20260852687197,69.2776852436601,1962.7495516090867,100.0,1
176,4.322849609162243e-07,-0.4751309118362568,0.05628207431345007,-1.5,-37.5780794928227,-41.19141721626793,1963.74755031177,100.0,1
177,7.802193825798629e-07,0.37188152891033166,0.12105037622622193,-1.5,-23.463581156633953,-114.4784927591195,1961.0602798794935,100.0,1
178,3.9017798791671546e-07,-0.1567742094267822,0.23039728940711393,-1.5,-130.37510748876701,-3.7194973053130744,1960.2045257965353,100.0,1
179,7.260750190338783e-09,-0.017588162375173227,-0.13339027774383733,-1.5,-5.716187667692198,-106.04993704051893,1961.6661342640293,100.0,1
180,7.414266777687157e-07,0.2774571523953511,-0.13029414032593545,-1.5,-68.75878276256398,-22.706546331600865,1963.2039957204734,100.0,1
181,4.826745704237204e-07,0.12615341079404496,-0.17592334529092232,-1.5,61.729236168865135,126.95436973322069,1959.4604807634628,100.0,1
182,3.057969795851115e-07,-0.08937470970906515,0.07184840345777553,-1.5,18.92429964266118,-161.199863431075,1957.8227093327343,100.0,1
183,4.504179214462235e-07,0.29781379710335687,0.06949029857304302,-1.5,-45.43225205811501,58.93894347215738,1963.128981417534,100.0,1
184,3.4600931220676493e-07,0.33589970998523183,-0.11566270864074164,-1.5,27.54292386296925,156.9571686780769,1958.0651472338125,100.0,1
185,4.572481205922146e-07,0.27980892611461783,0.07820559108496257,-1.5,-87.78038558372015,-111.50307806583479,1959.4067861867654,100.0,1
186,1.4871494102555574e-07,-0.21016131105086064,-0.011971280441560572,-1.5,-41.30303680216974,-47.00722034981872,1963.5421224542226,100.0,1
187,2.49347671902016e-07,0.23573873610169788,0.27645905321937186,-1.5,29.44901850807734,115.82212618136181,1960.9006289615675,100.0,1
188,6.683913980756629e-07,0.061831659633618745,0.3364905322695978,-1.5,24.46810992028319,-144.92630873072312,1959.0331704442237,100.0,1
189,4.650447510867868e-07,0.23921494166686771,-0.2505557039104198,-1.5,89.91415222211812,106.39866842221618,1959.593849463273,100.0,1
190,8.428084146523023e-08,0.43507288404375466,-0.19666233365183028,-1.5,-13.17475277824736,-13.165366453743045,1964.4506573802005,100.0,1
191,4.878377854555468e-07,0.3519807284538546,-0.30580091579590046,-1.5,-51.4428399300287,29.58286619078095,1963.6424762451038,100.0,1
192,1.4913274983642458e-07,0.15405282717126123,-0.3376232011654643,-1.5,59.88364930673948,-67.59370211470564,1962.4623120575507,100.0,1
193,3.7738998220365545e-08,-0.25927159475008776,0.16748505943714256,-1.5,18.55289284983739,102.06498662791849,1961.7981075884634,100.0,1
194,3.017250977511195e-07,-0.02925118044019319,0.34012125332382837,-1.5,-62.556817345039335,54.58944134881919,1962.783718029833,100.0,1
195,1.6259394632092342e-07,-0.1803827005810608,-0.2623796533126609,-1.5,-95.01337618114925,130.95440021669614,1957.865340026396,100.0,1
196,4.0686755051852837e-07,-0.41059084449995753,-0.18558828533913696,-1.5,-104.57920612587628,11.195545151344946,1961.7214725034175,100.0,1
197,9.601246588062112e-08,0.26871205497075773,0.3893432588668115,-1.5,-35.551992992655705,-53.564533806356096,1963.4867411771563,100.0,1
198,6.870522924951879e-07,0.1552716335977385,-0.20215306136029756,-1.5,28.367280537818772,-151.8587128817307,1958.4553900926423,100.0,1
199,5.317835402674682e-07,-0.4326046735932384,0.05951085401606195,-1.5,-16.057858635145397,154.0301634122276,1958.4254237017522,100.0,1
200,4.995092695160724e-07,0.2700626282338391,-0.15969374804540437,-1.5,-111.68315412183627,102.14855958982878,1958.7000360252339,100.0,1
201,1.9432088434219206e-07,-0.07068507862644653,-0.14330881967354542,-1.5,-43.6947049526717,147.0234969895444,1958.5423534757158,100.0,1
202,6.574941943453632e-07,-0.01781309324114088,-0.018495738833875452,-1.5,92.81210253495021,-126.64976423208248,1958.254078792926,100.0,1
203,4.501774731709741e-07,0.42238609550061396,0.16710700305639584,-1.5,-40.786458255405634,-56.19392015671366,1963.3114868574808,100.0,1
204,5.140064590559803e-08,0.30878477323324405,-0.021718312626110018,-1.5,17.227418530358904,153.87909108128548,1958.4273608293233,100.0,1
205,6.080729096072772e-07,-0.1682170132039129,-0.4433741773414261,-1.5,-103.1605938716848,42.204027529031904,1961.3745175765137,100.0,1
206,4.384132961973723e-07,0.11840981181011731,0.1517774464077607,-1.5,74.94761078265944,-124.36337532582579,1959.165611371757,100.0,1
207,8.753051302529195e-08,-0.4069318693375324,0.13408849674512682,-1.5,91.32948100689131,-102.50498021362475,1959.7359365987418,100.0,1
208,1.6565550476837166e-07,-0.44070276512819767,-0.09203275467569562,-1.5,-77.62482119895088,107.82074553517334,1960.0414179889672,100.0,1
209,4.090528305571749e-07,-0.1968136646801129,0.0810580752519393,-1.5,85.97378667643166,145.57312863917568,1957.2506887184504,100.0,1
210,6.378137507805768e-07,-0.282020642196336,-0.3013472078424934,-1.5,-84.19111592418007,30.502126035962643,1962.497073264788,100.0,1
211,9.531617333648712e-08,-0.1425054486546921,0.0743427615363922,-1.5,-100.43192321159212,79.8969154238653,1960.3426225973622,100.0,1
212,6.836809946484327e-07,-0.2347315304002013,0.0910188482146479,-1.5,55.58637473766402,-99.31901796052604,1961.239193438937,100.0,1
213,2.9111950436624744e-07,-0.021870114887967737,0.2846777243499271,-1.5,79.6180484572847,87.20316402262128,1960.986960897606,100.0,1
214,5.143931163062835e-07,0.33876598891946674,0.2987663806050499,-1.5,-14.85719098731211,-44.091899597345424,1963.9878957193182,100.0,1
215,4.528262938500539e-07,0.3454595541983055,-0.35775776776467766,-1.5,-124.50206832816215,47.71100012028581,1960.0092300077729,100.0,1
216,6.732364459728121e-07,-0.14295077829393085,0.4069845304848733,-1.5,-58.739509504626945,31.479582638113307,1963.4082591672618,100.0,1
217,3.099099506144685e-07,0.04118728503325532,-0.23835022848784168,-1.5,33.00953461640003,-73.56276908053331,1962.8836378898632,100.0,1
218,5.654944687847469e-07,-0.40649602074465546,0.0748513267445924,-1.5,14.502529532636906,-108.04680827822408,1961.5118786599726,100.0,1
219,2.0694948187931383e-07,-0.193501618670365,-0.11751833204062381,-1.5,-120.81588897413096,-119.71883881474116,1957.1622842448123,100.0,1
220,5.400636693847475e-07,-0.11325673506160597,-0.2390268065219567,-1.5,123.25053404699139,48.67498535216644,1960.0646259560497,100.0,1
221,4.874223731542974e-07,0.16108237813634602,-0.15754893082521731,-1.5,-80.3858087979738,27.33337028879681,1962.7033130044597,100.0,1
222,7.566753255234738e-07,-0.3303071270920199,0.044183376253652,-1.5,-10.13093398159202,-157.72561704648936,1958.1709016758716,100.0,1
223,1.48130125154343e-07,-0.44015139396841946,-0.08121987911735384,-1.5,-94.86544557943567,56.235039820527206,1961.4411675595907,100.0,1
224,1.9186918025540967e-08,0.041811118284115545,0.09774356791472606,-1.5,-54.11591900305316,-2.797527534391643,1963.7914673957316,100.0,1
225,7.825211978322366e-07,-0.0844173117156172,0.39445050450207464,-1.5,-12.149850148151558,63.5296714139215,1963.473872568094,100.0,1
226,3.4257974592927896e-07,-0.11925407989128527,0.33847772427235984,-1.5,-39.927037814323455,-163.97569297289976,1957.276447012931,100.0,1
227,6.543819287943218e-07,-0.10017513351820677,-0.15826361698167324,-1.5,-33.29681401446889,156.6411998861933,1958.001057951918,100.0,1
228,1.4427413851599896e-07,0.02156534897559322,-0.4249756805937508,-1.5,13.28225420913055,37.46729354738014,1964.1367238314876,100.0,1
229,6.630151163686104e-07,0.21118436471863394,-0.43059121945942785,-1.5,108.47898622158596,105.59669337727586,1958.6972543408167,100.0,1
230,1.620276172820841e-07,-0.45686064387339786,0.03719935211196549,-1.5,120.30518118376445,97.94317376836997,1958.4042188370233,100.0,1
231,7.0795008613768e-07,-0.16972409445102907,0.11441218934921324,-1.5,-140.95343598121545,-62.41304289594134,1958.4815616256615,100.0,1
232,1.9718839378663598e-07,-0.2995616744969799,-0.2552190759516647,-1.5,43.72990218449963,-155.59698231550234,1957.8790976501523,100.0,1
233,6.796527558623044e-08,-0.3806304944435181,0.08713059639110962,-1.5,-101.035820116725,-85.89014994556638,1960.0581449186145,100.0,1
234,5.075977669105169e-07,0.006950205210293255,-0.09534907885483783,-1.5,64.75475136554945,-66.49874614965886,1962.3450321496066,100.0,1
235,8.595037016154465e-08,0.0647835020207513,0.4031272950918043,-1.5,103.83646272260114,-84.528343363097,1959.970977959541,100.0,1
236,5.214065355550754e-07,0.10589831231640161,-0.29501926779952464,-1.5,-95.6970491769688,20.460807023618415,1962.1000780849315,100.0,1
237,7.637916543300766e-07,-0.3044545854907226,0.017122576371838682,-1.5,39.66920988749441,-102.75908841842814,1961.4484978710113,100.0,1
238,1.971456932693734e-07,-0.017616677235034954,0.3644253478543331,-1.5,-76.90911941898581,12.222087814713891,1962.9948787976439,100.0,1
239,1.900787325329033e-07,0.21423603984757464,0.054274911580756,-1.5,24.10627995923684,-88.05961289074659,1962.4162856311068,100.0,1
240,6.633381314850056e-07,-0.08446372997204424,-0.34225400848875787,-1.5,16.98939219439865,-130.02753300125974,1960.1575159870704,100.0,1
241,5.423831929763123e-07,0.3524414110047523,0.2395995675061729,-1.5,-111.54557108329469,-74.82552694843244,1959.9418390234753,100.0,1
242,5.720599455342532e-07,-0.37523660529359393,-0.003967951784755978,-1.5,127.22832375489541,48.43197278319472,1959.8164668950453,100.0,1
243,1.383958659041891e-07,-0.10413168146025262,0.1936059595753019,-1.5,65.91758966310636,41.73447401082299,1962.9891470199668,100.0,1
244,7.187908567018026e-07,0.31225284231109063,0.34232902221010786,-1.5,-168.6875379043847,-27.235704469664675,1957.093768122501,100.0,1
245,5.272635803291847e-07,-0.3391965086608702,0.21342329494700907,-1.5,123.64803568903581,-100.92431486565829,1958.044619564445,100.0,1
246,4.4928213062784476e-07,-0.04026513822810694,0.08539058496457537,-1.5,-46.42561540474322,106.16932421775533,1961.1185642626422,100.0,1
247,5.614919085322605e-07,-0.3058448364360517,-0.2681836702646027,-1.5,123.19868363299061,115.00903892999088,1957.2961685911587,100.0,1
248,5.402255994069653e-07,-0.2834332612406944,-0.13937865713312428,-1.5,61.26424229674129,21.22698251664766,1963.4687148246533,100.0,1
249,7.160895286205265e-07,-0.14497933067028426,0.08953597396463485,-1.5,-10.93429097829505,61.70552348502184,1963.5391913375124,100.0,1
250,1.2908660866616198e-07,0.26132692307369076,-0.1456881478520717,-1.5,-56.91357299151513,53.55039630577923,1962.9840769937398,100.0,1
251,1.2677124663386602e-07,0.18426152361100084,0.36332117023581834,-1.5,-11.39139441506858,136.4264566184285,1959.763083725671,100.0,1
252,4.0179539317813626e-08,-0.23137530178263346,0.34665405772647967,-1.5,27.76641604598203,-141.60998493126635,1959.2317179378908,100.0,1
253,3.0984227699321296e-07,-0.44625148106558543,-0.10635126038382893,-1.5,65.80789803863794,144.97458613455402,1958.0768565602787,100.0,1
254,2.0393937936939574e-07,0.11325114978654743,-0.16158804257825013,-1.5,43.10690549024671,-41.186086736017685,1963.6340767119925,100.0,1
255,7.383060765196363e-07,-0.09623182581454647,0.1842167225963063,-1.5,-131.85841700000265,52.384360076871694,1959.408717687997,100.0,1
256,2.1562615096904946e-08,-0.20260819480101855,0.13885937207045007,-1.5,19.728045485556972,-46.64709427889087,1963.88597914512,100.0,1
257,1.9349704648261074e-07,-0.03438908623676558,-0.3243699928855336,-1.5,-30.75292387595934,-87.14507408343772,1962.3642067674907,100.0,1
258,7.317282302934276e-07,0.42608840186127483,0.22511933984955565,-1.5,-129.65413063477428,-26.590902005879357,1960.0755129856568,100.0,1
259,2.820824698928549e-07,0.1807532141346818,-0.40805865716310685,-1.5,43.104052821476294,142.47049964788178,1958.8919019758537,100.0,1
260,2.4183732517355153e-07,0.04698712739475788,0.21185473876231248,-1.5,-58.2893472475228,76.27973330623267,1962.1918969739731,100.0,1
261,2.352830428141426e-07,0.4511538436743479,-0.046625931917423445,-1.5,32.07447499852014,3.2807960813314123,1964.274357287386,100.0,1
262,3.460897255544839e-07,0.014162483396972252,-0.44290301171338603,-1.5,98.51747793781533,130.0109495666017,1957.7550270142824,100.0,1
263,2.373082802944323e-07,-0.36958743368264896,0.15308089954146178,-1.5,40.88754138395225,-135.70324783774967,1959.419843665975,100.0,1
264,3.3361212520632146e-07,0.30864270197501487,0.36806933169818873,-1.5,-34.162888519192535,118.34298184488087,1960.6736398396902,100.0,1
265,6.844140811592907e-07,-0.4415600241217878,0.014354777305422433,-1.5,43.071851656799346,-128.00929993416798,1959.8907421056283,100.0,1
266,4.7260386717814345e-07,0.24173506177808957,0.24564180511678435,-1.5,9.135757549434754,30.749673335844545,1964.2770379429344,100.0,1
267,4.024551747412071e-07,-0.21613215797654098,0.21335769649383793,-1.5,-22.139728955865454,-142.6909436231579,1959.224952187937,100.0,1
268,6.509811466187438e-07,0.33136839655606026,-0.3368422616505771,-1.5,85.18596440966942,96.65990500758461,1960.3095420105599,100.0,1
269,2.901517377385555e-07,0.3799582409549332,-0.26242627804179464,-1.5,-146.82855031816666,44.20244950044929,1958.5455844926757,100.0,1
270,3.4671976912536096e-07,-0.09521680256137062,0.4253384825324669,-1.5,115.7712527158076,-98.26390081511448,1958.6614074687186,100.0,1
271,1.9527955446904008e-07,0.1185234715238233,0.19909971782436398,-1.5,-55.651755227368184,-76.55012370858384,1962.2579460831455,100.0,1
272,4.330103082082653e-08,0.45417824968624293,0.16108200745641782,-1.5,-49.78233893758757,-42.48576826173719,1963.4484878629346,100.0,1
273,1.4220916505202256e-07,0.052886883890637844,-0.3134119841683566,-1.5,36.66270745943123,-50.263057550721406,1963.5536043595878,100.0,1
274,7.757839500856637e-07,0.4321462558936235,-0.17077195316926144,-1.5,-7.061039689598726,21.75050932861242,1964.4058499527482,100.0,1
275,7.657624936614282e-07,-0.30097501949187144,-0.353466347158206,-1.5,-75.6166832563312,-74.9861982912013,1961.6504463194444,100.0,1
276,2.3008098392408047e-07,0.17823554133098202,0.429850081149377,-1.5,-98.7714437980743,-105.5956103663797,1959.2108245994168,100.0,1
277,4.33030909000528e-07,0.29180762502708235,0.1068382182081105,-1.5,130.28954786199245,75.93477097803569,1958.7424104615088,100.0,1
278,3.056905169619514e-07,0.25390829107636664,-0.11943525583869016,-1.5,95.91749735784539,90.76639876717448,1960.0955540028087,100.0,1
279,3.5283498091788453e-07,-0.19748778216749158,-0.07386614124561096,-1.5,27.189719540801548,-117.50729507005799,1960.8329967191858,100.0,1
280,5.087457359295622e-07,-0.039866268558867386,-0.40228863892513017,-1.5,65.31085544623195,-30.74819875807041,1963.2122469820085,100.0,1
281,5.457274820339339e-07,0.37012821855031103,0.03333601555516712,-1.5,95.18963987684349,-62.66201394782975,1961.2306571982424,100.0,1
282,1.2853608441543233e-07,-0.2441641883868306,0.19087945930626954,-1.5,-87.45433971674781,56.77327649235557,1961.7700731245652,100.0,1
283,1.9429716486408737e-07,-0.4167679833239708,-0.047874566552631004,-1.5,83.20310843154182,106.88975568622664,1959.863543500618,100.0,1
284,2.0799580157933242e-07,0.14066386452881297,0.21603589069518445,-1.5,-79.52166701440592,81.24478639062019,1961.246765561571,100.0,1
285,6.74293193404284e-07,0.12541832498083264,-0.0007862511399501091,-1.5,42.49365592391191,89.98548742585123,1962.0168672886284,100.0,1
286,5.924133526589624e-07,0.2453898242093154,-0.1345366211459247,-1.5,116.14959002140021,51.76887721389897,1960.4189711273466,100.0,1
287,3.531900514931443e-08,0.22483924474608735,0.314664580365813,-1.5,8.969836932451868,-80.6318484936801,1962.86304496774,100.0,1
288,4.248462340536582e-07,-0.3131699470478406,0.15746145387003843,-1.5,-24.75250255645462,-149.51344850195684,1958.6848466765593,100.0,1
289,6.627273413370401e-07,0.01910991076262358,-0.47221649711502917,-1.5,88.86762738240813,128.04094558782572,1958.3465850871567,100.0,1
290,6.323842685319392e-07,-0.17016815758734932,-0.30337358828615174,-1.5,77.63849796512346,-10.59335846733907,1962.9756317020936,100.0,1
291,3.309530120102219e-07,-0.15714161477265887,-0.38307338418086073,-1.5,-10.778833329430647,-51.08981537557781,1963.8449362877602,100.0,1
292,2.0432463683400934e-07,-0.24217426937790815,0.27084162902934295,-1.5,87.68165779045451,-61.66283220228469,1961.6123236455367,100.0,1
293,4.659957029504702e-07,-0.44559758445770975,0.19566944984081486,-1.5,-85.04153705660102,17.3098563796319,1962.6211025343885,100.0,1
294,4.6744753464411183e-07,-0.1983373433971828,0.41573117542251026,-1.5,26.95944044439489,-118.41736394784141,1960.7814265625582,100.0,1
295,2.6740882240738944e-07,-0.15507659985001868,0.4636761740994403,-1.5,-44.44225853434569,-2.9852429181150235,1964.0339254318437,100.0,1
296,6.382947187178669e-08,-0.45930978656469634,0.18470143451703566,-1.5,128.90498342147018,87.88045595723274,1958.3344497240482,100.0,1
297,5.168281099000625e-07,-0.17859913177153955,0.06077398927424313,-1.5,95.09321882549646,-48.77679849181033,1961.629779017546,100.0,1
298,4.770166615699899e-07,-0.21209772666133825,0.3345840290056921,-1.5,-152.9433435385327,11.417902714217497,1958.5431451543247,100.0,1
299,9.057745602676572e-08,0.21473793828442292,-0.28376495253165535,-1.5,86.162485670174,-108.03872513603145,1959.6726630231512,100.0,1
300,3.013184589663085e-07,-0.414390152179283,-0.08664228213396274,-1.5,66.24384058169835,-52.53917233975153,1962.7186948773306,100.0,1
301,7.006186576454569e-07,0.3578628115735784,0.31127566650714206,-1.5,90.54225631457732,-68.47723839667026,1961.2562948042162,100.0,1
302,2.4822350863091027e-07,0.2942328488349839,0.009091170096438471,-1.5,-1.0034129422715499,-95.05381849246514,1962.2377661788594,100.0,1
303,5.481934363175188e-07,-0.16501435981043763,-0.05902136411909614,-1.5,36.396864225290585,27.59065959174552,1964.0079709726203,100.0,1
304,4.524580814994294e-08,0.09695392214390584,-0.370500108631639,-1.5,100.75838906345301,92.7355877691738,1959.7604812988181,100.0,1
305,1.7507226058963164e-07,0.417343932454443,-0.05939015095653424,-1.5,-19.098782103011256,-31.197785267048022,1964.1983659963532,100.0,1
306,7.335358867152141e-07,0.18817135349881087,-0.23981152424752605,-1.5,-78.9890522108471,148.48571157558206,1957.326239888194,100.0,1
307,7.119197960238117e-07,-0.2571300259623453,0.08994206052272467,-1.5,-120.23588996749807,-36.718782187819066,1960.5122667467547,100.0,1
308,2.2018542226810432e-08,0.33524759719138086,-0.1904471108665398,-1.5,42.322431128771036,-161.668688471439,1957.4180272127378,100.0,1
309,5.968248382733801e-07,0.16458483027170406,0.05283226703809158,-1.5,-13.88700449901697,-122.22890648162169,1960.6836898879133,100.0,1
310,5.398512569298484e-08,0.011857091131485423,-0.06666219799073816,-1.5,-88.44516790720154,109.23404837176173,1959.5046979316774,100.0,1
311,5.20772501050636e-07,-0.03632802236790584,0.2755990339155936,-1.5,19.595040944150913,144.26677749826948,1959.1366510651555,100.0,1
312,7.330150037464736e-07,-0.17387468302832862,-0.02278031061044375,-1.5,148.26848720188943,-84.16811321474957,1957.1268407251646,100.0,1
313,2.680584938192792e-07,-0.31603682782742826,0.10160183496221412,-1.5,-55.67065992417125,-145.9183987616047,1958.3211904058508,100.0,1
314,3.2810600124550646e-07,-0.21279807007355114,0.16838524369416175,-1.5,100.63369950661902,-10.543250305423848,1961.9314423961762,100.0,1
315,2.3021848107608887e-07,0.10338932555459229,0.378806664446964,-1.5,-12.055924625762488,-42.020373343378054,1964.0525016332003,100.0,1
316,2.875704447185512e-07,0.2792658901689144,-0.16539468721929004,-1.5,-0.5187603648719505,86.06048162501058,1962.652952168642,100.0,1
317,4.4316458340887164e-08,-0.2266639253483547,-0.19711865873910925,-1.5,-9.979152914797353,-142.13346203972037,1959.365147628649,100.0,1
318,6.799334382854541e-07,-0.36695280464955193,0.032308608888566875,-1.5,-16.220320779356275,59.03451676558797,1963.584760913111,100.0,1
319,4.824944266839637e-07,0.06295503939149415,-0.32698122854211986,-1.5,-98.29406208925747,102.086231164223,1959.4208238739348,100.0,1
320,3.521354749530285e-07,0.05259854866733758,-0.1346377653472289,-1.5,151.96765634406057,12.30195682849312,1958.6137392425323,100.0,1
321,5.061777599300552e-07,0.15748792085896995,0.09825516055761851,-1.5,25.444973555123003,148.54571361608868,1958.749603842512,100.0,1
322,1.9334034901456879e-07,0.41276912920072056,0.0531323407571525,-1.5,-20.703236334326924,-124.74557499357954,1960.4650478371036,100.0,1
323,4.751715841042395e-07,0.23253968840902903,-0.21826543453593966,-1.5,87.22849629603864,5.987086196632728,1962.5923240701154,100.0,1
324,3.861347531127916e-07,0.36733909206096743,-0.23606270763711137,-1.5,-87.85220722577438,50.504564303920546,1961.9236898860675,100.0,1
325,2.454570455887005e-07,0.14290065776500227,0.3474942112293826,-1.5,-26.033809430612674,12.427018227094099,1964.3271357517426,100.0,1
326,7.149859187244172e-07,-0.16977538327252226,0.344979182325814,-1.5,71.09107887585878,-59.303446774033645,1962.3563504040535,100.0,1
327,1.2264696314178723e-07,-0.14599023939776096,-0.13583492736430972,-1.5,-44.84056609347958,-7.571217116868513,1964.0125474573517,100.0,1
328,2.282780115530196e-07,0.24433618166890192,0.37876559877754684,-1.5,66.83800547142535,42.57274035028621,1962.940021770864,100.0,1
329,1.1728024752784934e-07,0.07320962339727823,0.40262343070666035,-1.5,3.848060855018272,75.05239436403217,1963.1010205269654,100.0,1
330,6.175533766331518e-07,0.1671229999742675,0.09097691797629358,-1.5,43.14179532420264,93.53541514870669,1961.836689909559,100.0,1
331,2.310677805006452e-07,0.027388924691691584,-0.1649317662205055,-1.5,45.8696811052696,6.7530791229623235,1963.9917653961259,100.0,1
332,5.498778412530482e-07,0.2021732505391394,-0.3237477302993548,-1.5,-149.71773428516678,-2.1670285985270086,1958.824440906765,100.0,1
333,7.286832144017655e-07,0.20600736912634918,0.11351024872494825,-1.5,138.39942109335365,-28.855240401645,1959.4453964345419,100.0,1
334,2.8034581779514576e-08,0.3445387876074319,-0.22969370396735853,-1.5,-42.802480772773485,-54.652134401473404,1963.3120939145642,100.0,1
335,6.182354241886503e-07,0.09651367393415973,0.24256480749660905,-1.5,147.35257639843692,-16.51488471426616,1958.935364701385,100.0,1
336,4.055392744170721e-08,-0.07177088773111626,0.3504538741103766,-1.5,-25.346758218129423,159.8716345837606,1957.8590063049687,100.0,1
337,1.0498808258057521e-07,-0.11061331501867702,-0.4358405021479704,-1.5,115.90899638848835,93.76642882617934,1958.8737191681168,100.0,1
338,5.650321375387287e-07,0.3485685941986853,0.16141078044370485,-1.5,-110.13394384104622,-64.3957794881409,1960.392048612793,100.0,1
339,4.7471873003833587e-07,-0.18969404338308093,-0.32616353185727703,-1.5,3.3654628954936374,101.97341570418881,1961.88770892099,100.0,1
340,1.2691049516780208e-07,-0.1739777287992126,-0.17277302615394582,-1.5,-127.79521928785282,60.883537380833644,1959.432280807198,100.0,1
341,6.288838544420716e-07,0.19589809490102789,0.07547938242196102,-1.5,126.40279294278122,30.586972845135712,1960.2295930055147,100.0,1
342,3.4558554173517217e-07,0.30432651067473987,0.27172871246619545,-1.5,52.83888851954621,-150.35804860156088,1958.0637873539465,100.0,1
343,5.903392505427633e-07,0.3410541767373345,-0.10495270294049033,-1.5,-126.47720967330329,75.4555287100043,1959.0107873328518,100.0,1
344,1.7515796972073182e-07,0.046616563940979835,-0.30744534345786656,-1.5,24.699510373561406,94.63748337505797,1962.102690277416,100.0,1
345,5.311343573984349e-07,-0.3370841486936891,-0.0910781246363631,-1.5,34.223667451144905,129.69331575179703,1959.9545073040929,100.0,1
346,3.8622211328022054e-07,0.20166379322805078,-0.17997344392856268,-1.5,-102.71421850406807,20.36841627038471,1961.7462127405436,100.0,1
347,2.4025858043995696e-08,-0.1496290190452596,-0.4024104260822922,-1.5,127.92871294211804,24.500188441629607,1960.216128756579,100.0,1
348,5.356758326337833e-08,-0.4358647155874996,0.023839166155611543,-1.5,36.50773266903751,-13.590731704778001,1964.1526834065692,100.0,1
349,6.10777688398567e-07,0.35553935895537025,-0.3440524693469355,-1.5,-117.68884134289884,-45.920635290406274,1960.4728812569742,100.0,1
350,4.039221590381151e-07,0.3806087972104281,-0.30483324873678785,-1.5,-38.825499364930934,-115.46380225829098,1960.7585208875807,100.0,1
351,5.972541708525905e-07,-0.041142530208867066,-0.16753193719481788,-1.5,140.1078963721158,-29.630648113564828,1959.3124019238694,100.0,1
352,4.3749305343469434e-07,0.33895685903126976,-0.046978933897516735,-1.5,-24.331762292196544,94.44809433102637,1962.1164106869717,100.0,1
353,4.217756842718102e-07,0.016502832714177504,-0.3598573251488244,-1.5,-89.44846617905547,-23.860980625408654,1962.3564690870871,100.0,1
354,4.442921041536249e-07,0.4020509392611151,0.2784554585685632,-1.5,-156.74090362268373,8.956797508134086,1958.2556909597056,100.0,1
355,4.158437695195468e-07,0.49581049193953236,-0.028638305507269833,-1.5,-29.877584907989174,-90.64027474769952,1962.2193956792546,100.0,1
356,3.01373985796761e-07,0.14178695494558216,0.09961775967668147,-1.5,96.63438991464557,-49.872524579323915,1961.5269083660412,100.0,1
357,2.4604288846659693e-07,0.08436603165431054,0.22771745204408103,-1.5,-37.245399266650665,-154.74238299935791,1958.080912884674,100.0,1
358,3.301111797417555e-07,-0.07313663371186777,0.20330826966247056,-1.5,-10.32284668471305,48.44719496075946,1963.9143551598397,100.0,1
359,6.780181121767078e-08,0.15799259097545432,-0.10049227626386859,-1.5,79.30599265807172,131.7131165821722,1958.5135947230135,100.0,1
360,1.9313407264207534e-07,-0.19909318635147968,0.32250234568010505,-1.5,-81.71682107102863,150.42756655614272,1957.0659658376806,100.0,1
361,1.7151900284324965e-09,-0.43138688766717925,0.14782325227968707,-1.5,-126.71303472217848,90.4461977786596,1958.3606864939388,100.0,1
362,6.764229003706907e-07,0.12396166257190712,0.41460587636363355,-1.5,-92.9404675699877,111.79440542841873,1959.1522061006158,100.0,1
363,1.2235977193134426e-07,-0.4794068913411101,0.10453849692586263,-1.5,-38.509410937824406,94.16519786842693,1961.9029606598165,100.0,1
364,1.709359016069105e-07,-0.23046099838778203,-0.3353246298060598,-1.5,137.72765104871056,66.76091343608735,1958.5676809443976,100.0,1
365,5.044554776846663e-07,0.258367506583205,0.2550566546109561,-1.5,-78.74286719354221,63.91980795690319,1961.9192402550682,100.0,1
366,6.992100462476822e-07,0.2595179156647467,0.2893354254258417,-1.5,6.698886297180599,167.8085270243985,1957.347365555335,100.0,1
367,1.3116808931037212e-07,0.3001805871113816,0.34929489288554866,-1.5,31.79769207415282,-21.53688048140835,1964.163525734051,100.0,1
368,1.6029038658507243e-07,0.25644782830817714,0.030565025056596144,-1.5,31.01021891613367,-96.3448201989429,1961.9300008434905,100.0,1
369,1.9177988300300335e-07,0.08989965425694871,-0.4452595448167342,-1.5,-95.38335348649686,-133.82206190848927,1957.6534315068031,100.0,1
370,7.390653800884509e-07,-0.33266563109332015,-0.12869920520944894,-1.5,76.23000994969365,-105.99460441132271,1960.1957595314016,100.0,1
371,3.719611092301707e-07,0.10402475625505103,0.47222115406641746,-1.5,-34.23417642932562,-36.6426833565479,1963.898831708693,100.0,1
372,5.268495834730431e-07,0.47853378442305794,0.02658724154184968,-1.5,-7.007835279982159,-140.94493502877094,1959.4638812186754,100.0,1
373,2.3049360193008477e-07,0.23290309447198485,-0.43365386613892115,-1.5,-153.02139171469562,5.71763712509308,1958.561984867861,100.0,1
374,7.181967269189036e-07,0.1937433982585708,-0.3032386159894658,-1.5,40.05229541897347,145.8858109174883,1958.7052943387755,100.0,1
375,1.3041948566195681e-07,0.036978086221767355,-0.27850280180829,-1.5,-68.29687471323999,-26.901689117581153,1963.1671152230408,100.0,1
376,5.982211318176666e-07,-0.12549772324830524,0.1073569097109192,-1.5,-36.70693318832846,-132.796979846132,1959.7017246167297,100.0,1
377,6.058756819517989e-07,-0.3117918947042585,-0.2552652816806407,-1.5,-59.06100638385434,141.5981604541245,1958.539007716483,100.0,1
378,7.045463196526951e-08,0.039620614050117006,-0.10037653530622231,-1.5,86.35100403714992,59.09597051700122,1961.7503553297909,100.0,1
379,2.3245323524143547e-07,0.39066308282991224,0.008160794594313016,-1.5,110.80339468794935,-75.71491122030163,1959.949781553257,100.0,1
380,2.4168874018673664e-07,-0.10924511302496394,-0.4774637520797244,-1.5,73.46348029544436,-40.82771656444842,1962.7403039855133,100.0,1
381,6.093757497525915e-07,-0.004394515913907507,-0.3290404765439641,-1.5,-35.200767848397064,6.646942376881856,1964.2123129555148,100.0,1
382,6.314923292740113e-07,0.026358616585601822,-0.42403038421119604,-1.5,-8.682478830667165,38.61294343639358,1964.1402550293255,100.0,1
383,5.454645615269248e-07,0.3069808184197274,0.32527910978115254,-1.5,28.828159680765737,-158.22570174386897,1957.9445474229376,100.0,1
384,3.9892465611554565e-07,-0.4344777398939564,-0.03837492473878044,-1.5,-18.968565020347764,75.49105854822042,1962.996327018079,100.0,1
385,6.614007883379015e-07,0.21652478210848553,-0.0567680343866461,-1.5,-64.70563684702378,98.88360853064889,1960.9815141378333,100.0,1
386,7.599192643920363e-07,0.18207682735329372,0.2747583233682849,-1.5,58.876335445854934,1.3380243932431772,1963.656047550416,100.0,1
387,3.388011169024605e-07,0.23233051398823096,0.060562326636980524,-1.5,-118.49479777806246,-23.441904057809573,1960.8219568078616,100.0,1
388,1.6668685349781962e-07,-0.22169994881614535,0.08731133689294379,-1.5,-93.92975106203205,-32.81913212874431,1962.0176840940735,100.0,1
389,3.689157328008334e-07,-0.03130485454142338,0.13713914795341822,-1.5,125.64352986994531,-89.04050856857386,1958.494007522566,100.0,1
390,1.8185850655172925e-07,-0.13736394533237573,-0.2694070638887348,-1.5,-16.230821038768326,-4.86263907056126,1964.4658819780525,100.0,1
391,1.394823173555743e-07,0.18761543027331562,0.4047406888901667,-1.5,19.36778667060513,-79.1779956922513,1962.847171866361,100.0,1
392,7.655900985919192e-07,0.317821954817351,0.28634900993108464,-1.5,99.0044594555415,-68.82073074008227,1960.835309324689,100.0,1
393,7.018250108304217e-09,-0.05126922264401833,-0.4329153995797355,-1.5,78.55811576806653,-97.86410861225386,1960.526593790207,100.0,1
394,3.9384050747201337e-07,-0.47133103351108163,-0.016736866751223954,-1.5,101.71547958305854,-99.171621378538,1959.395885724085,100.0,1
395,7.65823258000548e-08,0.14106237370436728,0.3763386215155491,-1.5,-41.9412409048333,125.14047102745961,1960.1005283118823,100.0,1
396,5.002371787265682e-07,0.18517069775247058,0.2144929345847448,-1.5,30.74569697587901,16.84340094783476,1964.226129606291,100.0,1
397,5.066854034811179e-08,-0.31447413303269556,0.1267516366412189,-1.5,107.81201147029627,-5.189158890228173,1961.5715457456229,100.0,1
398,4.012858433949771e-07,0.38299755548139885,0.10672511359301128,-1.5,-149.71834886210516,3.547994942220545,1958.8223793932991,100.0,1
399,2.463771888098018e-07,-0.3092345691359298,-0.3408536330861821,-1.5,-42.916729486174795,-80.20752482326196,1962.431704176751,100.0,1
400,4.3715742035182905e-07,0.011328614331407652,-0.011956387907834105,-1.5,-102.63142726660938,-82.81775486455459,1960.1074704930197,100.0,1
401,6.536890459722653e-07,0.03534058366034373,-0.3687897807342242,-1.5,55.19522743894776,28.02988558451746,1963.5633676172035,100.0,1
402,5.172760373610876e-07,0.28045081625678697,0.40912340460939045,-1.5,-57.128722743314356,-151.43327556140875,1957.860454260362,100.0,1
403,5.498905266344707e-07,0.2166138684591338,0.06269618276482745,-1.5,42.400323999302444,-59.90200369866819,1963.167656809721,100.0,1
404,2.633390055352777e-07,-0.4770859414430144,-0.1245251691048315,-1.5,143.81936330376007,24.389430349997063,1959.11572723314,100.0,1
405,6.12362734317493e-07,-0.14931439778299405,-0.42566178237178376,-1.5,-52.074964845440874,-62.73425952423656,1962.8463763077393,100.0,1
406,4.1154216153111596e-07,-0.40963641903481646,0.22680338345107096,-1.5,30.35938740749853,11.73922076185223,1964.2692749616274,100.0,1
407,6.389247325167064e-07,-0.16202043624362222,0.10151096249763777,-1.5,71.4103869394385,-9.808766525385517,1963.2161447488509,100.0,1
408,3.4857480604639747e-07,-0.025850158223427764,0.4900350845194738,-1.5,83.22743208932052,94.66688311234155,1960.4909237371498,100.0,1
409,1.0412528397444736e-07,-0.07197921307719236,0.1128709219086156,-1.5,-102.3017455423884,90.20946322257602,1959.7984314388575,100.0,1
410,4.276057341643066e-07,0.4804757086781538,0.10710304365949899,-1.5,-58.26586909987168,-4.691266926082774,1963.6691082712475,100.0,1
411,6.859783688534406e-07,0.4257320803353051,-0.1495370991104683,-1.5,148.53837092363972,31.808219415821764,1958.657161375384,100.0,1
412,7.013505214914795e-07,-0.4657376240437052,-0.06563056478200999,-1.5,84.91118423158814,130.16689175382936,1958.381974322085,100.0,1
413,1.8664517970398142e-07,-0.3724231330095627,-0.16971898122973358,-1.5,27.083018061908472,18.176426914318842,1964.2681624216734,100.0,1
414,1.0621954392345316e-07,0.24139763632722927,0.2522623866148644,-1.5,-63.14747883786327,111.42940912322801,1960.359448918744,100.0,1
415,5.466769377035126e-07,-0.043971304407707086,0.21178274728135035,-1.5,97.13398897667217,-102.99435154815697,1959.431151635797,100.0,1
416,1.2806447665983388e-07,-0.0690262976877324,-0.35974813706628916,-1.5,64.06461660818476,115.19747006437495,1960.1118728418908,100.0,1
417,1.9200250103075244e-08,-0.014154629970469108,-0.4292332367924528,-1.5,0.835225227090084,153.82647920866563,1958.5070852461108,100.0,1
418,7.17414904000505e-07,0.1744394439196203,-0.0445951392069977,-1.5,-82.62539018318384,58.520672569349216,1961.9280471121358,100.0,1
419,6.395617202676056e-07,-0.04013552748373605,-0.4724855689682829,-1.5,3.860805770903508,-135.14355922664438,1959.8812716194022,100.0,1
420,4.057039631147233e-07,0.10576609974876434,-0.32062703138014526,-1.5,-21.188167704354893,-60.25753402479428,1963.5002870915794,100.0,1
421,7.481479956355208e-07,-0.1226939556547912,-0.1931408671550122,-1.5,-140.65487982726407,-15.620470085265922,1959.4349930429498,100.0,1
422,6.862067539776473e-07,-0.1159258289440141,-0.14664939915537822,-1.5,-88.74835063364307,-78.77704772134803,1960.951604012258,100.0,1
423,6.735610305433366e-07,0.1671090832219577,-0.19192756766839678,-1.5,17.836547702818013,-39.70506478064453,1964.0566823956333,100.0,1
424,5.948840268401475e-07,0.2342718127486303,0.3073392399763629,-1.5,-36.62151801214704,56.74665885850315,1963.3776935151866,100.0,1
425,5.413442667141626e-07,0.020942456355704697,-0.4170116745152281,-1.5,41.141413689248225,149.5211680560225,1958.4085607066122,100.0,1
426,7.1601348451102e-07,-0.14651030683888172,-0.43550694225044795,-1.5,63.75851230097773,151.50337101323692,1957.6503433828327,100.0,1
427,7.61202945544598e-07,-0.16044186384635858,-0.17665316485433386,-1.5,18.097846444454788,-131.8935526667167,1960.0229195050645,100.0,1
428,4.224404662871684e-07,-0.1924771538792702,-0.025138238743785717,-1.5,7.457507891712524,59.8785847090913,1963.6120357482566,100.0,1
429,4.0016207571494347e-07,-0.1016324773842988,-0.21682377433496774,-1.5,168.32151792862362,28.884387036012853,1957.1016440271796,100.0,1
430,6.017541451207944e-07,0.17803228557358955,0.21775237409920445,-1.5,-1.759077746006241,-85.63121037922308,1962.6710085290922,100.0,1
431,5.940262966801108e-08,0.13993666645308334,-0.4373715406853506,-1.5,105.15988403154785,-76.98505510851349,1960.2112096267947,100.0,1
432,5.356732772515284e-07,-0.46190949907443074,0.021902557057432506,-1.5,-76.45571260135398,7.14736936424256,1963.037627094275,100.0,1
433,7.053002739771535e-07,-0.27918018897479935,0.09412682004638362,-1.5,-112.23599271007434,68.07126339317075,1960.1486350036246,100.0,1
434,2.4487949744152914e-07,-0.2024867391374737,0.4069145627925651,-1.5,60.46934943530311,1.7726165497914732,1963.6072931916835,100.0,1
435,1.3088621179361574e-07,-0.08183668825840855,0.43708588865336745,-1.5,43.21919504074566,165.18946902237732,1957.1044496322281,100.0,1
436,6.965635371884457e-07,0.04626187675578174,-0.08146648172186399,-1.5,-53.87650266664206,143.1970489156952,1958.5722386239368,100.0,1
437,2.1523992821243297e-07,-0.2652908159425732,0.3070753738014577,-1.5,-61.41498314829066,-67.66396293524197,1962.4125647352864,100.0,1
438,1.9186506206847678e-07,0.3816513573801877,0.16894311005251178,-1.5,65.7030495487587,155.28989454839558,1957.2893102955609,100.0,1
439,4.2575235845173833e-07,0.4500823237212467,0.14513169763101139,-1.5,69.34220958321424,-34.1262685728425,1963.0181715994233,100.0,1
440,5.134067886356882e-07,-0.39414174067899926,-0.30096154465526403,-1.5,-50.042119049361744,-42.7938404788974,1963.4351936858643,100.0,1
441,2.434945907245108e-07,-0.09179665188791157,-0.05830673780126875,-1.5,66.19165549836491,115.08469949733087,1960.0478215977605,100.0,1
442,7.545541701600695e-07,-0.36433552055273694,-0.07668464667700192,-1.5,-48.06647765555236,-52.89846562992753,1963.2383075739733,100.0,1
443,6.879998500611759e-07,0.029195426169169928,0.2546677287738018,-1.5,14.608605199904316,62.27143754348292,1963.4974262744815,100.0,1
444,3.3111869808143603e-07,0.1180990675897077,-0.3232424970779108,-1.5,-16.941852704348904,-90.75623669123188,1962.36835619481,100.0,1
445,3.9948873121920386e-07,0.4682368887073358,0.05374365159748355,-1.5,122.16785744227339,16.137733929257145,1960.670261522249,100.0,1
446,1.001960972084234e-07,0.020231106984145233,-0.05698394693193718,-1.5,-68.11751576230328,123.99950125224191,1959.4380352544192,100.0,1
447,2.386846869461062e-07,0.3506092037418788,-0.037833977303920324,-1.5,131.8390981457307,-29.459953573314387,1959.8887339850978,100.0,1
448,2.472473076921985e-07,0.3508855640063461,0.20707300229480766,-1.5,123.0926983907589,-70.86323665723609,1959.3978349379365,100.0,1
449,2.3956144220012225e-08,-0.1284143611248061,0.1434389019342164,-1.5,-70.0796952593998,108.40240370266604,1960.2936110312571,100.0,1
450,1.6973732150660377e-07,0.4030037284175034,-0.1226365519270868,-1.5,-42.182749458908724,34.216832995678935,1963.7879494115357,100.0,1
451,7.490285461822723e-07,-0.15639088280161573,-0.42047597941979387,-1.5,-4.627822337152857,-15.854712423478153,1964.4695206646795,100.0,1
452,3.817148462587456e-07,0.3769742765865269,-0.21512174257535968,-1.5,-14.294839523732568,-140.71688380468487,1959.4406606073635,100.0,1
453,1.482283264900308e-07,-0.3439234100035759,0.15234814828498866,-1.5,-94.62234474223959,-113.00969582067299,1959.0019670209958,100.0,1
454,3.099946472186437e-07,-0.4312573294529986,0.1900189909029912,-1.5,93.18621437217519,63.82356554465951,1961.2894146959243,100.0,1
455,7.361890034978534e-07,0.027473018143003767,0.015250004354248746,-1.5,-101.8039337959095,-135.86737830317196,1957.1891326192347,100.0,1
456,3.14366063916188e-07,0.14046142481542118,0.16076209829932672,-1.5,-108.64227453630149,-8.513361715426765,1961.51412564937,100.0,1
457,1.4974893787782898e-07,0.29751421611434514,0.2928893395470687,-1.5,-93.88953635795447,-114.16506443820025,1958.9702344064447,100.0,1
458,4.3485108515391465e-07,-0.21016874234848018,-0.12211524982142387,-1.5,-88.23086965399021,-98.4164810289554,1960.0874460513514,100.0,1
459,1.1787870501489045e-07,-0.2527586649996657,0.12873972816097892,-1.5,-25.0835329535078,-152.82443597664846,1958.425080111343,100.0,1
460,3.4407846425486605e-07,0.44635269749067785,-0.022907412326636064,-1.5,22.03977027905207,164.79703016307516,1957.4906062716134,100.0,1
461,7.078914800248518e-07,0.053705057727167896,0.02503714196700328,-1.5,48.22379148219745,-137.04331910248757,1959.159738482441,100.0,1
462,1.8560253498652161e-09,0.4137865701769903,-0.023439424052964314,-1.5,145.19603827924445,-11.036762731355234,1959.1349077086436,100.0,1
463,2.965348925910245e-07,-0.18226877592460575,0.41831498731097366,-1.5,161.6544510316634,-45.27937476047245,1957.3530348276684,100.0,1
464,3.2585086352588075e-07,-0.3747958909882878,0.30653235343877877,-1.5,86.9560834100589,-3.7390964552153627,1962.6099829007833,100.0,1
465,6.984612249488155e-07,0.3645845219526448,-0.24491279733659582,-1.5,35.27021300630127,-113.53178282223404,1960.9385081204935,100.0,1
466,2.184267707256369e-07,0.48529002601841,-0.020852735857986485,-1.5,-35.13190720500049,133.57582937962334,1959.6776605268062,100.0,1
467,3.8996904699905336e-07,0.1514874820996471,0.22031139084661003,-1.5,133.56718138958252,-106.2822239877224,1957.109394792738,100.0,1
468,5.160224542699849e-07,-0.06938575539765343,-0.03930339264957285,-1.5,-48.91342997011223,9.503105576805693,1963.9069360891535,100.0,1
469,1.4580318977290194e-07,0.17297736641297035,0.23655682292370003,-1.5,-90.63948011419242,-97.98288028529392,1959.9992668574541,100.0,1
470,1.4730722883028003e-07,0.0550551127690932,-0.002556409102255865,-1.5,-77.073007690746,-36.86139696748646,1962.6803802874372,100.0,1
471,4.77541276741525e-07,0.05304480153468157,-0.3879728466138193,-1.5,-41.33911690224781,-56.11816517161259,1963.3020947418267,100.0,1
472,3.0135337100653574e-07,-0.37635027241623925,0.17961457134335432,-1.5,76.21339460098584,10.179214488758287,1963.0336696913575,100.0,1
473,4.5438194533380736e-07,0.011964781178954035,-0.4812422432991908,-1.5,-158.0300258559311,-3.656223103447981,1958.1691523529632,100.0,1
474,6.026381070451477e-07,0.27709547186553174,0.41331475523886185,-1.5,-96.07579316772708,47.10125513190827,1961.622848561446,100.0,1
475,4.081714536686354e-07,-0.06345278166883128,-0.2940013829235289,-1.5,21.641820234561745,-117.4298582329862,1960.9067153432993,100.0,1
476,6.92163326219686e-07,-0.16419704427894052,0.18186017394964382,-1.5,88.70000421272451,-144.66570650996798,1957.1963184307203,100.0,1
477,3.1470980530639265e-07,0.3969445624156705,0.11341581636521997,-1.5,-81.43371027724409,105.88737280996433,1959.9922707439478,100.0,1
478,3.276706883139512e-07,0.3774330602893818,-0.2117229453687587,-1.5,59.50029545268478,153.29726965270913,1957.644745152756,100.0,1
479,7.803846600509431e-07,-0.26536924379345617,0.08944054246314456,-1.5,7.387581370248924,-70.20594114783336,1963.2701891831334,100.0,1
480,6.819985218484675e-07,-0.23679856199918803,-0.1103584521313892,-1.5,145.18165766770983,-23.438015259628497,1959.0268584130429,100.0,1
481,7.096991522716204e-07,0.11511908217640311,-0.17103539082778188,-1.5,44.97359327340917,-127.5182869480397,1959.8800342541497,100.0,1
482,1.749113047577425e-07,-0.41395494724805243,0.2781992727571921,-1.5,-120.57509645321079,82.14622301874387,1959.1138125247305,100.0,1
483,4.6650304403831324e-07,-0.019260794464816936,-0.46135937029286966,-1.5,-108.51167863721084,89.03748364061897,1959.5180091982857,100.0,1
484,7.546372305347596e-07,-0.2848130762546367,-0.2129484899598201,-1.5,119.76194139226224,70.51820127930704,1959.6166836778102,100.0,1
485,2.6367636163610234e-07,-0.15663399234848654,-0.47110676775857097,-1.5,126.57918784751988,-46.18557654369401,1959.912724584776,100.0,1
486,4.4391186003436945e-07,-0.008696556716752998,0.31443279358817283,-1.5,19.5781711966714,104.35773670205315,1961.6675162394747,100.0,1
487,1.9950831856733801e-07,0.4245638622380728,0.2224269587460749,-1.5,32.62100170268595,123.8967656197089,1960.3567909906144,100.0,1
488,6.378925739161476e-07,-0.014787047508367776,0.007531249154407151,-1.5,-128.0830734225887,109.6825359561205,1957.288367582812,100.0,1
489,2.2570313278616854e-07,0.33908601923792836,-0.34422832090009103,-1.5,78.42484495142604,-24.673861414472377,1962.817880121173,100.0,1
490,9.57261733290706e-08,-0.09111755103033461,-0.406658341194386,-1.5,-32.10031088036121,162.13828259735996,1957.5735065697772,100.0,1
491,1.6011074134950306e-07,0.23292647394793556,0.42642654363067595,-1.5,146.81590913978243,-78.23056891092176,1957.4826571843398,100.0,1
492,2.4868094680074e-07,0.05308531437509996,0.18900603529149435,-1.5,-125.5322531073823,38.306372397859086,1960.1498824145137,100.0,1
493,6.524770596565668e-07,-0.41623985849221395,-0.12908863157755884,-1.5,21.12310547315724,-52.23609048718506,1963.73075841163,100.0,1
494,2.4733633767379125e-07,-0.44366649359604743,-0.06045463635024328,-1.5,158.55503107119353,-57.17092988940993,1957.2953464318368,100.0,1
495,5.240342089908665e-08,0.13687945597585752,0.14943171214640982,-1.5,-106.9637412610858,26.547028986209362,1961.4452068751673,100.0,1
496,2.785787668563386e-07,-0.4361569348341854,-0.17094419389064858,-1.5,51.26028958678332,113.28703809728833,1960.5998357586268,100.0,1
497,3.034469362687044e-07,0.22245215179413252,-0.4423868818480088,-1.5,158.17768633963394,17.222773473327884,1958.0849016026496,100.0,1
498,7.244825073314587e-07,0.3438904210389814,0.12077935719962378,-1.5,43.63186288470756,-46.06216768206024,1963.5141515954936,100.0,1
499,2.3520715822315023e-07,-0.3088876108506288,0.3680526919442795,-1.5,134.1872835369336,49.27417308619141,1959.3312928317614,100.0,1
500,1.1489920778486056e-07,-0.30073895358700686,0.28213453625649815,-1.5,-70.16052275623728,-104.93961432365667,1960.4791416024566,100.0,1
501,6.601772272837839e-07,-0.3778834644434703,0.0035603273780922557,-1.5,-131.18150498530895,-55.90141927309849,1959.3569685841255,100.0,1
502,7.063797643020781e-07,-0.30469117796597656,-0.04216668901229662,-1.5,-140.63482455429505,29.540300887092965,1959.2760150147844,100.0,1
503,1.4836175372489653e-07,-0.1059214065911856,0.4068899704107396,-1.5,-101.74637379548088,-127.07515256271915,1957.7826404600596,100.0,1
504,1.8121544474918669e-07,0.2643310365703037,0.0481261114739575,-1.5,23.940059329812804,-32.12903058916859,1964.1303126877342,100.0,1
505,2.7753497075947584e-07,-0.48217865689967393,0.10740015090380983,-1.5,67.7581476287053,-150.49907499055033,1957.5934583368035,100.0,1
506,2.998435679976308e-07,-0.04854818266235121,-0.25088116180475556,-1.5,-92.92517489018697,10.87641790362875,1962.309838346469,100.0,1
507,3.981862499983332e-07,0.33466294455752216,0.3250876403598411,-1.5,2.106308163249015,-35.252921632073466,1964.2214949563238,100.0,1
508,5.794039383954122e-07,0.1606960422802438,-0.23878205014511625,-1.5,27.475693089765418,-144.51995249260375,1959.0233168308396,100.0,1
509,7.18042485192394e-07,0.15902958744464624,0.29855260688416924,-1.5,-91.8454924057568,65.7493732197679,1961.2890433875582,100.0,1
510,5.355487433567205e-07,0.36960553538500474,0.26651008950490973,-1.5,48.709413127795536,115.19229436187467,1960.5538540571958,100.0,1
511,4.1669811420475805e-07,-0.24859356374763136,-0.42261735271171524,-1.5,-58.06615221870058,17.981068204971553,1963.5983014402038,100.0,1
512,5.067941576320635e-07,0.13187639458837577,-0.25551188256591617,-1.5,143.38190996653978,35.24044249488822,1958.9826506054724,100.0,1
513,7.254734466123269e-07,-0.08864232446171388,-0.4548131737700819,-1.5,-125.3547777448935,-83.48390079999616,1958.7572346439147,100.0,1
514,6.348207976129543e-07,0.2953315196438144,0.16267679222687184,-1.5,27.528631438082186,20.483002819349963,1964.239269364295,100.0,1
515,4.4055624509953453e-07,0.4671814725063887,0.1162482800364951,-1.5,-117.43209507969989,6.380769202185136,1961.0156233685932,100.0,1
516,1.9109134395695816e-07,-0.27431962025732587,0.23261280688169197,-1.5,-125.80887174316447,106.1184511185185,1957.6323169556254,100.0,1
517,7.520600150231631e-07,-0.15361203379972016,-0.3802493102642687,-1.5,-143.0234780750193,42.325871338619784,1958.8685743563508,100.0,1
518,3.516573786374216e-07,0.010183010781168636,-0.039171308769234595,-1.5,59.85387836970772,-56.207913923227196,1962.8223225556192,100.0,1
519,6.411903541268376e-08,0.275200818753011,0.2695529782778765,-1.5,-20.823715574554143,-122.72890820700914,1960.591052266157,100.0,1
520,1.4511016200005983e-07,-0.18160162793206736,-0.08060311393788702,-1.5,-69.86873685735222,135.12049953244903,1958.6408799170385,100.0,1
521,3.513010826214145e-07,-0.4179324083411824,-0.09049101263269385,-1.5,47.670821446953944,105.6206745936343,1961.118316712964,100.0,1
522,5.387323508690209e-07,0.06073498977823683,-0.1576209735060214,-1.5,37.196580082778766,-114.80955034513168,1960.8285156652087,100.0,1
523,7.080848925368957e-07,0.40894849487547325,0.011158314651937269,-1.5,103.89981282323956,93.11984530330199,1959.5782223662611,100.0,1
524,7.280449405326651e-07,-0.28009449252932284,0.18110863576367034,-1.5,-133.20461295775857,-18.69387220635041,1959.928661072856,100.0,1
525,7.184398614564798e-08,-0.4760336961777342,-0.03542105955206409,-1.5,86.13399870601947,-142.83836080210955,1957.4451264892227,100.0,1
526,2.307132378810192e-07,-0.20873199231814077,-0.09065620239157729,-1.5,-41.810003073297395,-14.475236052674122,1964.040650661376,100.0,1
527,7.19874953758221e-07,-0.20460726848528324,-0.02789952010295275,-1.5,119.42350469873136,-45.33415053112299,1960.38162804777,100.0,1
528,3.8447492014400816e-07,-0.059398445559898705,0.010750262839071795,-1.5,-115.59020497336476,-99.85364626470688,1958.5916981617147,100.0,1
529,2.8747861827485223e-07,-0.1992551260239447,0.2311761279629036,-1.5,45.10230694602496,106.51306594090825,1961.1308051627116,100.0,1
530,2.998975361214591e-07,-0.2977651826353746,-0.19084360766025385,-1.5,-69.13592590459301,16.64232595578376,1963.2515231121629,100.0,1
531,4.672851132502448e-07,0.3393589924793376,-0.2340785640574182,-1.5,-114.96084278282565,-82.36286545971454,1959.4421780920352,100.0,1
532,6.190750381865061e-07,-0.0697467255398919,0.4877039863111051,-1.5,-7.77166845729211,-166.47485271096483,1957.457281998865,100.0,1
533,7.084053789706934e-07,-0.21433148211402173,-0.3901088131723874,-1.5,55.9568223571706,-158.6201516731594,1957.3251563756603,100.0,1
534,5.361311467124604e-07,0.40676931143254696,-0.28228470373772163,-1.5,-27.817635783147388,82.41765650067893,1962.6122376319026,100.0,1
535,7.28436661182996e-07,0.2121503497918645,-0.39154006340581315,-1.5,104.416449320955,-61.2092760383162,1960.806955287593,100.0,1
536,3.621122972891986e-07,0.1678381991949894,-0.299835344514467,-1.5,14.838477430758845,93.57793233611127,1962.2528574150087,100.0,1
537,1.0059524082792062e-07,-0.3132636706858736,0.30137826617914976,-1.5,-95.34745079607498,-71.72114435588975,1960.9126006390757,100.0,1
538,1.4550536642811452e-07,0.2077386474566393,-0.44833660466624886,-1.5,-63.70311076813172,34.914735674044,1963.195395567493,100.0,1
539,6.052477437298415e-07,-0.040939776854078284,0.33325034801268266,-1.5,-95.75210759066164,-14.909095282833016,1962.1474305046308,100.0,1
540,5.783962025544204e-07,0.028192339598462977,-0.29322572615352693,-1.5,67.408389494595,93.69392204052593,1961.145288922914,100.0,1
541,1.818037038287616e-07,-0.03746468273481638,0.031563299742510945,-1.5,12.866925243025365,-108.1310828804,1961.5186456967554,100.0,1
542,6.476564135184291e-08,-0.3152517201497501,-0.16612728443539893,-1.5,-66.2811146155202,-131.6383127568262,1959.0026683815395,100.0,1
543,4.604834864857217e-07,0.18640811920597872,-0.19668958573853682,-1.5,-24.310630062737545,-50.10841387335729,1963.749328807315,100.0,1
544,4.0983153347047356e-07,0.027287484723324658,-0.4224132360614693,-1.5,-124.0417813251441,-82.79241382187432,1958.870168991647,100.0,1
545,3.0632280213390845e-07,-0.134573810834744,0.2729859457304564,-1.5,152.38019691831227,-40.03851013435309,1958.2110406081079,100.0,1
546,3.9589231071133636e-07,-0.3064520150438051,-0.13384486821636113,-1.5,85.5704880513255,136.94936908594917,1957.890662970675,100.0,1
547,5.117587826802312e-07,-0.10738063836720436,-0.2622435186172975,-1.5,119.79255501466719,-90.98613289709942,1958.771184607743,100.0,1
548,6.833374003597404e-07,-0.04594705694504731,0.07086901893966951,-1.5,13.704679404632918,162.73900876829475,1957.7388699858977,100.0,1
549,3.573150908725546e-07,0.11333741107431493,0.16363187998606032,-1.5,-153.45697557294235,-60.69054204485913,1957.5956939624784,100.0,1
550,6.161061295529831e-07,-0.21701929015307403,-0.01777916598283017,-1.5,-26.695590159788203,77.73220687216846,1962.8189768154714,100.0,1
551,3.186760767565971e-07,0.27027392069864425,-0.3177208920463184,-1.5,-37.686390262972544,2.707378136870018,1964.1755757464,100.0,1
552,3.9383621586371835e-07,-0.02386652838869327,-0.26966077618156903,-1.5,-107.93229764484238,31.191891458475748,1961.323780332681,100.0,1
553,3.1776920492912345e-07,0.08771886759878728,-0.1603381558699053,-1.5,-38.31789444599885,32.61179553176447,1963.8944717126608,100.0,1
554,7.292876279261674e-07,0.0739426922190054,-0.07002897386003043,-1.5,-108.30235732794974,117.92845831478235,1958.0032595434664,100.0,1
555,3.351516339968189e-07,-0.42817356449982663,-0.1804741355440806,-1.5,-163.77336072027276,-4.696308293162407,1957.694950004452,100.0,1
556,3.0458850171558187e-07,0.10963163777793053,0.11133160531327983,-1.5,121.90762893077242,69.804961895389,1959.5099090255685,100.0,1
557,5.120407238330451e-07,0.3476519193920383,-0.3448589042968116,-1.5,-34.373059295069766,120.6353219353456,1960.5302594355396,100.0,1
558,1.950247500813643e-07,-0.4467212128455126,0.0944994923806104,-1.5,27.78007651790096,-148.99737452299456,1958.683572198441,100.0,1
559,5.971524453698154e-07,-0.12614339995680493,0.21545396694210348,-1.5,-37.46367342697358,47.6866497357683,1963.6027456887675,100.0,1
560,6.415141647373748e-08,0.11807204150032216,0.45442067520641455,-1.5,55.12109013997818,-118.7438022911206,1960.172150885059,100.0,1
561,3.2665293365222924e-08,0.09542254346247739,-0.15965365166762702,-1.5,-21.46829240213037,-93.11643706146666,1962.2134766218599,100.0,1
562,7.678032089639258e-07,-0.1499871906376381,-0.3684838111559663,-1.5,71.97222594253523,149.72096486342008,1957.5027248102042,100.0,1
563,1.9068544444666404e-07,-0.06401141325091668,-0.0241680954667843,-1.5,107.84122832224587,67.61919209132658,1960.4109774741103,100.0,1
564,6.346906268456914e-07,-0.26901134202961846,0.07069023749839456,-1.5,63.40951454072733,-42.41382988215048,1963.0572041503447,100.0,1
565,2.9619863823509754e-07,-0.04852820960717859,0.2924207729278364,-1.5,92.90636373675314,-91.17907138838652,1960.22143412016,100.0,1
566,1.1342321344559451e-07,0.062400824834667676,-0.3353815380736464,-1.5,139.65416803529538,44.896195148531625,1959.054448267757,100.0,1
567,3.7176217614539616e-07,-0.1536610914319413,0.09430662796470299,-1.5,32.91697277177263,-5.48678402950082,1964.2554962047802,100.0,1
568,4.5416928682020376e-07,-0.28160431519074736,-0.21271570921307661,-1.5,-54.255348945922194,35.23309095082513,1963.4735222760041,100.0,1
569,4.4161702355714525e-07,0.003744294126619692,0.05196150957415605,-1.5,-104.10361599864783,-89.89897839285693,1959.7178105753028,100.0,1
570,2.3144105046008298e-07,0.2855419985774243,-0.30793259805115886,-1.5,-48.073593749035176,-41.24812464581984,1963.517458049046,100.0,1
571,8.19705479430152e-08,-0.22502674062799682,-0.1338970655765338,-1.5,-71.49797178660143,127.64079945500146,1959.0837533426236,100.0,1
572,5.812068514383741e-07,-0.1745466886523308,0.1522199730227733,-1.5,-42.984949085537956,117.9610828826658,1960.5230841138784,100.0,1
573,6.675706756041823e-07,-0.2175149537124263,0.37858827179154103,-1.5,131.48035887648376,-89.1260798997011,1958.10692848413,100.0,1
574,4.454787094430261e-07,0.3756976910364541,-0.05154662733593729,-1.5,81.4620805689387,34.497770769707245,1962.546080862162,100.0,1
575,5.304745987320439e-07,-0.38212055915867177,-0.004092701611272482,-1.5,7.591359345878758,-12.482155279958656,1964.4846279187273,100.0,1
576,4.867416581729213e-07,-0.18462394601704757,0.2539643943307243,-1.5,-138.261935818849,-61.81568076250701,1958.692355879714,100.0,1
577,5.079216701592501e-07,0.020842893848451918,0.4017587480891665,-1.5,33.476925398978274,12.529274496499317,1964.2137355727236,100.0,1
578,3.172435583121038e-07,0.1663851701197908,-0.47046295706334257,-1.5,-93.25353574104321,-94.36110176364461,1960.054347923005,100.0,1
579,2.881129723451989e-07,-0.11293451472729145,-0.24779913396854145,-1.5,-103.49642204906212,61.1308776768992,1960.858177605822,100.0,1
580,3.8615496056817297e-07,-0.15103308176457925,0.021408765027981863,-1.5,-68.53205637422026,115.77319616563297,1959.926838064331,100.0,1
581,1.4611559896658946e-07,0.004282015317186338,-0.07379024727536335,-1.5,156.1939014017191,68.64268909414716,1957.1164841840573,100.0,1
582,7.02969617779437e-07,-0.12703928809182638,-0.2326465350442777,-1.5,127.172791119895,102.78201374028153,1957.7222032546904,100.0,1
583,7.294655112543528e-07,-0.1359773604374493,0.18506590368993836,-1.5,139.07911747558683,18.861460984995965,1959.5189538858394,100.0,1
584,2.7439116210171224e-07,0.11513795957308776,0.2651409514654048,-1.5,130.85872741294676,-79.70399202316946,1958.55471033657,100.0,1
585,6.821350109248311e-07,0.17163137395152936,0.3539289979361782,-1.5,-25.046907452099095,106.65105642468365,1961.4819629190365,100.0,1
586,2.7667608688216634e-07,-0.12601996138175922,0.22070553236397578,-1.5,-48.19840843100102,1.9276463645255655,1963.946660138799,100.0,1
587,5.19066671382874e-07,-0.04696667232092908,0.44484383954317114,-1.5,-76.23420816358393,49.37666049724845,1962.438171553423,100.0,1
588,2.5342196800562853e-07,-0.041563011700406466,-0.18081705634739823,-1.5,-129.4174314691624,50.84202743854282,1959.6120797096537,100.0,1
589,7.063690419267798e-07,0.04583333592700572,0.3198976687924875,-1.5,-61.25012603826036,133.72721847876844,1959.0249460801565,100.0,1
590,2.2125098973217593e-07,-0.025086195504670287,-0.46819492973424864,-1.5,144.16579889487656,-71.43698497956656,1957.9392906502903,100.0,1
591,1.5876449928595503e-07,0.10424984497069566,-0.34663148639805186,-1.5,5.979625187366605,91.32425373312643,1962.4060260376386,100.0,1
592,5.276871479175944e-07,-0.368304896717608,0.07191097333167044,-1.5,-118.27293641162554,4.5351483528146925,1960.97022700706,100.0,1
593,2.407587003982992e-07,-0.26019815536096014,-0.2996255725659192,-1.5,94.15297942644072,-115.35856089175013,1958.8876703783296,100.0,1
594,1.9967644064420784e-07,-0.09712385229786923,0.2787861710296714,-1.5,4.793636735199709,158.72149516238414,1958.1107717099153,100.0,1
595,1.4034644890908382e-07,-0.20530193688736037,-0.16851827452074694,-1.5,-106.13922794556733,-13.768239852146673,1961.621315679615,100.0,1
596,6.12480089169619e-07,-0.32220819251663296,-0.1207479760867722,-1.5,14.454059276974304,39.07044256746728,1964.0972142320581,100.0,1
597,6.050340703360685e-07,-0.30588971925584435,-0.24674592795887398,-1.5,131.4777990368835,97.55614008491109,1957.7052061427128,100.0,1
598,2.837300389746704e-07,0.39743594374765834,-0.22046105308504846,-1.5,-13.581983684338917,-41.18225233061918,1964.0602939009552,100.0,1
599,5.699406026956681e-07,-0.032873613605963935,0.242791758482977,-1.5,-73.17546667311758,-142.63764440518725,1957.987012148406,100.0,1
600,5.66031429238451e-07,-0.45539961549029073,0.12958962812115765,-1.5,37.38145753353639,82.62843616366028,1962.4445098998208,100.0,1
601,3.601394668035184e-07,0.3263725037054308,0.17027513192240115,-1.5,18.33195687437523,-9.919598419637746,1964.42837161106,100.0,1
602,4.985438159374332e-07,0.059272531992515955,0.32991104209867056,-1.5,-48.5932276788219,98.88890101354859,1961.4466522814782,100.0,1
603,4.2529516209179794e-07,-0.2590610962492834,-0.017964111048478917,-1.5,-11.831585122432571,55.555222197141426,1963.717626632263,100.0,1
604,4.3090360374928357e-07,-0.131905533670089,0.2001538046450728,-1.5,-146.18659321082671,80.38097008222692,1957.4426341224369,100.0,1
605,4.3838033849850705e-07,-0.4454733605139126,-0.010938745101155677,-1.5,13.2636917235001,137.83735103586105,1959.652577730913,100.0,1
606,1.7734750070844522e-07,-0.32086913922243926,0.09062471676402466,-1.5,-44.88517330643714,148.1429098350305,1958.4310776100833,100.0,1
607,2.4366423415701096e-07,-0.43662818884255306,0.24330912640682179,-1.5,143.928716356855,-47.4073512421284,1958.6858742335905,100.0,1
608,5.526070491431479e-07,0.21652243701014984,-0.44823468724805693,-1.5,8.037543682930961,-68.41138012313861,1963.3309876908997,100.0,1
609,3.49100812085682e-07,0.31738959409463696,-0.16505286149536236,-1.5,-14.701015006481988,152.94929678478286,1958.5207885128386,100.0,1
610,3.956354815885269e-07,0.31517174613002946,-0.21848254087882268,-1.5,-39.45125343488281,107.73327023246475,1961.1859746983625,100.0,1
611,7.057490360825716e-07,0.2662369331219783,-0.01615859601724634,-1.5,92.6420691232398,-21.731204446113814,1962.233036121861,100.0,1
612,1.4801159211587907e-07,-0.28674808120697587,0.2936614517205796,-1.5,6.517168114852277,-93.33467096437566,1962.3097237647949,100.0,1
613,4.424111623223548e-07,-0.46170013104613006,-0.08543154559854106,-1.5,-56.29622775349142,111.74655699453791,1960.5501085171795,100.0,1
614,7.66228402404322e-07,-0.4652211238811079,0.05474724716677273,-1.5,97.45178113378421,-112.61254727387487,1958.8861250252587,100.0,1
615,3.380590052046426e-07,0.3255484420025383,0.3406183039535312,-1.5,-31.614420973550033,125.10582527711573,1960.2964947003222,100.0,1
616,4.986162738949663e-07,0.01961216596275456,0.14473821568148437,-1.5,84.27860368875976,13.859215325454539,1962.6814120934062,100.0,1
617,1.1514610243880472e-07,-0.2832797054363527,0.015813981877236344,-1.5,-124.64012301530452,25.29735873654768,1960.4178558771127,100.0,1
618,5.64754045940458e-07,0.07840158388987593,-0.29405159130160924,-1.5,60.47956415741293,75.23368326371246,1962.165997434477,100.0,1
619,4.4933682893229166e-08,0.217830797682791,-0.4312157176931751,-1.5,-47.60714932105047,40.389233806395524,1963.5466776708383,100.0,1
620,7.402828971423595e-08,0.11172512093309356,0.4267099351109416,-1.5,47.76182780697338,-57.514389630646704,1963.1159387708312,100.0,1
621,5.41176001414366e-07,-0.10913659551776007,0.21242218750216754,-1.5,38.059919412996344,-69.96198050406451,1962.923852339758,100.0,1
622,4.610009003090007e-07,-0.1668903374049028,-0.22446185515524048,-1.5,89.77744492606254,-40.60661607466703,1962.0663595759556,100.0,1
623,7.343414864269002e-07,-0.052895796278536356,-0.4557844583960343,-1.5,-33.12592010039128,-49.74000716487911,1963.6297745173024,100.0,1
624,1.7100005085749532e-07,-0.12363916417324514,-0.4311865813542228,-1.5,-11.823388533717264,34.26750522578159,1964.20447811202,100.0,1
625,2.0525618124878076e-08,0.05419023296459317,0.3556464939363714,-1.5,42.09727477286549,-165.72509664734582,1957.0836206110503,100.0,1
626,4.0968566805142704e-07,-0.18901173699331575,-0.17913961431316855,-1.5,138.3050941422595,-82.35329694377963,1957.9333292231688,100.0,1
627,2.8610920436456873e-07,0.4148435794422804,0.016716512499658744,-1.5,14.409839783188922,-149.91163437837315,1958.7578065349373,100.0,1
628,1.6135827831524643e-07,-0.10617533333185591,-0.12752922996473795,-1.5,-31.402307150267383,-145.5375707999447,1958.8889700178065,100.0,1
629,1.339802164226921e-08,-0.004248539690525022,-0.44336989791581566,-1.5,111.56154544960843,72.18427977283127,1960.0399836729616,100.0,1
630,2.1388321763708437e-07,0.3615013010617595,-0.10135486559610485,-1.5,122.77186162569828,115.87945453036313,1957.271649076039,100.0,1
631,4.91930657280426e-07,-0.36432621675292404,-0.1174367237838406,-1.5,1.9865141201027492,-56.31748042054059,1963.7305521447854,100.0,1
632,2.6781329241699775e-07,0.4004732077360789,-0.1685895406163676,-1.5,59.690830173449704,-20.483729040559297,1963.5250718806542,100.0,1
633,4.856913869665707e-07,-0.34145363306702026,0.2149279572923393,-1.5,-21.873052754689134,-41.893354036742494,1963.9704179841594,100.0,1
634,1.9522524156802808e-07,-0.16689940472140924,0.020465785508049984,-1.5,-96.18556793134067,138.9693683719681,1957.2555115370483,100.0,1
635,2.3933839075120923e-07,-0.40993583790480426,-0.06513846201266622,-1.5,-86.48576158283748,-143.98900005307914,1957.3453111736014,100.0,1
636,7.253095187859851e-07,0.32152289157316916,0.31099587332516077,-1.5,49.08744775221205,-108.41361177970764,1960.930951747201,100.0,1
637,6.698308789775015e-07,0.079541824791418,0.26925501536171015,-1.5,-77.2605863798044,-29.41004401243107,1962.7988020603555,100.0,1
638,3.489526545039634e-07,-0.30736045101716253,0.218818880854214,-1.5,20.128386488474415,140.5307379739687,1959.4027778912618,100.0,1
639,4.332958986088355e-07,-0.19357808374502639,-0.15965772890825095,-1.5,-76.81648244128186,-126.69774573160342,1958.9436427620906,100.0,1
640,3.626051892625291e-07,-0.04586497873725669,0.43840517722525707,-1.5,50.57420228486148,151.49244121695693,1958.0361530328055,100.0,1
641,5.08184002540132e-07,0.11385765259660018,0.20561787104741866,-1.5,44.91431261733422,-25.48455093011361,1963.860109186022,100.0,1
642,2.1252081098583878e-07,0.23337767274287685,-0.21715854681219993,-1.5,102.5880180516054,96.98729666257226,1959.4597339839522,100.0,1
643,2.169994301466764e-10,-0.17642009395692182,-0.21835976261378898,-1.5,7.141121554789187,28.725501051142835,1964.3159461345397,100.0,1
644,7.025193228690332e-07,0.2026872530783736,0.2897059216037222,-1.5,-81.37773167069139,-102.95779642101034,1960.1506684972953,100.0,1
645,2.8951529086204796e-07,-0.38632146306989673,0.06727245474445084,-1.5,-94.37630279505666,111.47998094935073,1959.101481185801,100.0,1
646,6.479077064747718e-07,0.21793622105539484,-0.31604124478884266,-1.5,3.8227949960085126,148.780828271596,1958.8932940932152,100.0,1
647,7.564202395839051e-07,0.4254927879646717,0.15813122602680493,-1.5,14.663516169299994,132.6013777511792,1960.0038627967479,100.0,1
648,6.240977637891512e-07,0.17421010041947965,0.44198309308368605,-1.5,154.98339993102235,11.115861239089952,1958.384505055344,100.0,1
649,1.8398399486831904e-07,0.4932771582779917,0.012012137662809019,-1.5,18.478675547990385,-22.4569751187996,1964.3236772702805,100.0,1
650,4.009299208518525e-07,0.09106200709968797,-0.0649714791090014,-1.5,-72.99172838358346,74.62912395427107,1961.7634892390893,100.0,1
651,2.2160659011593152e-07,0.17459625706925594,-0.06967350576900778,-1.5,-52.83436332477877,-19.766073212341794,1963.7288811513572,100.0,1
652,3.5122881269367285e-07,0.28549469560933977,-0.03773781648053242,-1.5,3.230724846962915,69.9492467350817,1963.2905927458341,100.0,1
653,4.244942059653096e-07,-0.2555783669649053,-0.26948070263956775,-1.5,-72.16143374382611,34.32314943786542,1962.9131247100145,100.0,1
654,6.854651800661446e-07,0.044535236185825104,0.33918158234195217,-1.5,-34.753142722692154,-135.93586612714677,1959.522121752467,100.0,1
655,1.6966043486534854e-07,0.04745299863491792,0.1523658077144122,-1.5,2.831411440889148,-165.5170559122327,1957.5518827294286,100.0,1
656,3.435461432943175e-08,0.1794795774710253,0.2523644593461726,-1.5,67.21926568592974,129.26576543410494,1959.1286885943737,100.0,1
657,4.344099359529769e-07,-0.46105167257704815,-0.1901156803417004,-1.5,-55.829352979601836,-160.03195048492796,1957.2138729418407,100.0,1
658,5.578041535967657e-07,0.017507714383359466,0.4639572443073548,-1.5,-37.759998428395946,-13.174178393811342,1964.131846340379,100.0,1
659,3.447277716570712e-07,0.1420253173557654,-0.1938014534244496,-1.5,-130.56522142284672,-9.302299513005662,1960.1733281637887,100.0,1
660,2.0267261761170238e-07,0.17252803307946463,-0.1741388570300147,-1.5,87.07582021623777,-11.525307036674718,1962.574394793102,100.0,1
661,6.458920527176413e-07,-0.3613008700630079,-0.12085765119317754,-1.5,90.73961020586077,72.63132704037555,1961.0977282476704,100.0,1
662,1.5809402670981025e-07,-0.3177046079579722,0.3428558884266304,-1.5,-60.57121449152146,-1.4161576596097516,1963.6044430431084,100.0,1
663,7.137680911324292e-07,0.4028149193725363,0.06557638458423837,-1.5,169.44584828471628,-4.450681555857498,1957.2127074487566,100.0,1
664,2.0041392794028178e-07,-0.29260171701669635,-0.012082510778840335,-1.5,115.68714498612896,-31.26970115614915,1960.8804085258985,100.0,1
665,5.995024958674928e-07,0.2733408511393295,0.24803142113241958,-1.5,51.581849822711575,56.458087217246856,1963.0499441997822,100.0,1
666,5.391628724248648e-07,0.3452700203322755,-0.0403605619303331,-1.5,48.21185600010802,-15.904950913859262,1963.8828722058715,100.0,1
667,4.2770460638031793e-07,-0.4591303541901608,-0.10041322079273902,-1.5,46.89871259652411,-156.06998701836204,1957.768105822293,100.0,1
668,4.962868832459874e-07,-0.03586433254705604,0.33248164913499173,-1.5,-27.8843178528707,111.14575982269655,1961.1941186831677,100.0,1
669,2.9341036831832323e-07,-0.16286578463166487,0.1089175311496119,-1.5,74.89664111864755,104.83554336243651,1960.3094878776612,100.0,1
670,1.459982830053963e-07,-0.2894753694952549,0.16991532715080532,-1.5,73.41838809807324,68.03042187790008,1961.9874842246898,100.0,1
671,3.6022096306898404e-07,0.36253850652043734,-0.0864973757825202,-1.5,-128.91858591255732,-20.824700079636653,1960.1937701000456,100.0,1
672,1.4185290969543796e-07,0.39508751955598775,-0.04679511899380572,-1.5,-48.70397418408966,-152.58431344542728,1957.9987835683644,100.0,1
673,2.517551326030734e-07,-0.3404869356921754,-0.2942886564994029,-1.5,-68.72646908709083,-79.77599099457687,1961.715002229882,100.0,1
674,2.0674553366675513e-07,-0.41992707344840247,-0.027731893499723364,-1.5,-85.17875559879481,74.3136147414063,1961.2841080590129,100.0,1
675,3.644212927706848e-07,-0.24655625239445306,-0.1592279208347788,-1.5,41.762194669764824,-44.62394613330134,1963.5880191104213,100.0,1
676,1.3058140182417628e-08,-0.22696160148781422,0.20504536658199668,-1.5,-101.2383634121589,-66.48057877072253,1960.8019820180896,100.0,1
677,3.850441407508397e-07,0.09827224463914225,-0.10590756260106972,-1.5,4.094229904953517,127.86475722991048,1960.3691303951286,100.0,1
678,2.751356778553144e-07,-0.29731898101436105,-0.08422049485196136,-1.5,129.33019958546922,-48.70148336859004,1959.6722050534402,100.0,1
679,5.177168141095892e-08,0.06466919571422215,-0.12919755578031894,-1.5,3.0177344493102867,52.18990099819091,1963.8432711850312,100.0,1
680,5.34861338632928e-07,-0.37549993607409937,0.08390669541875925,-1.5,-19.127890080748738,133.41123915179298,1959.9104192169532,100.0,1
681,2.4668234144811937e-08,0.3703294806967402,0.19774772401221583,-1.5,72.92878130638724,34.16056019555476,1962.887601277878,100.0,1
682,1.6899098274616977e-07,0.2386278668524255,-0.2811480201404129,-1.5,39.802124443731586,-94.42274909612664,1961.86478168324,100.0,1
683,2.1161005879689317e-07,0.3394837589245856,-0.18040507515673282,-1.5,71.59464724672272,-62.88152641996181,1962.2266450099091,100.0,1
684,7.49149678989264e-07,0.33404036263944237,-0.33998975939416937,-1.5,102.15350628101604,-22.73591467659169,1961.7494808472472,100.0,1
685,1.6890827654320958e-07,0.2270786261386994,-0.33047925889845875,-1.5,-32.02844691461267,-6.456155077863575,1964.2672381618493,100.0,1
686,6.022373896697077e-07,0.04251072416165206,-0.22654396579387703,-1.5,19.60318258495869,35.73936668353616,1964.1160096001793,100.0,1
687,4.5624733715126876e-07,0.13866289833361017,-0.24660990909892933,-1.5,-74.02095650310447,-69.44165084161808,1961.915401181429,100.0,1
688,5.70363713778235e-07,0.444235294084529,0.06940510027726417,-1.5,24.018297689075162,126.21789231415966,1960.3329950041707,100.0,1
689,5.641079309302787e-07,-0.21451711311543847,0.06534639878365667,-1.5,10.424176635316618,-142.65528297051495,1959.3249074740538,100.0,1
690,6.756871699211206e-07,-0.20979078749857788,-0.026317751312831556,-1.5,-121.65133036870266,-101.44201823443866,1958.1429357996774,100.0,1
691,4.973903698209148e-07,0.040932548265829094,0.11202009747200015,-1.5,-17.728310374955818,-160.16157872658945,1957.9191152795836,100.0,1
692,2.2160905066907175e-07,0.10649726390546473,-0.26896248649855214,-1.5,19.008264965237874,46.26955684842979,1963.9020088176987,100.0,1
693,1.0788460113055393e-08,0.4252565958998888,0.04884091420236096,-1.5,107.5838146617718,-79.46106115975157,1959.98085420453,100.0,1
694,1.4556217745768753e-07,0.109763138823237,0.048264205794256755,-1.5,-26.165075187769048,-93.92983850463455,1962.117697933802,100.0,1
695,2.0913187066412764e-07,-0.36819714807942966,-0.07850072372593726,-1.5,44.17533129134272,-57.43270030861606,1963.202310335512,100.0,1
696,4.430569694958004e-07,-0.24855385467587496,0.15693264754449543,-1.5,-83.69951378965752,-79.56915846055963,1961.141613111961,100.0,1
697,6.850079259305993e-07,-0.4369561599297029,0.12694922722487595,-1.5,80.78887550075744,-50.09300340121669,1962.2377875455613,100.0,1
698,4.8147976060974e-07,-0.26002456971711424,0.12753644983377543,-1.5,-123.24045742849768,-68.1100944066411,1959.486180343935,100.0,1
699,4.235766460912262e-08,-0.13493127420577286,0.17145947028287012,-1.5,142.19633064079977,-74.44603930631413,1957.9712145611402,100.0,1
700,5.019189134484013e-07,-0.37025633072750624,-0.2793849488301084,-1.5,-40.96372866365008,4.8626529430166405,1964.105805145552,100.0,1
701,1.6927883281422584e-07,-0.4839690230892092,-0.07177062319047735,-1.5,-23.26502239942762,95.21381005196473,1962.0923411945407,100.0,1
702,5.581564162333173e-07,0.07593871371705117,-0.2772317960168881,-1.5,-95.35388486653024,1.506025527185509,1962.2228861151586,100.0,1
703,1.0314098908851973e-08,0.2275522861371788,-0.33826346672618945,-1.5,38.33683160554572,105.45876941892357,1961.3316959558945,100.0,1
704,4.4230577200457473e-07,-0.19043447319354967,0.3037271784071072,-1.5,99.83976552327985,38.42590683953545,1961.6240101431129,100.0,1
705,3.1854320472460156e-07,0.445086712768918,-0.0034682903988978724,-1.5,-171.01535649458054,-7.190731925508843,1957.068043651916,100.0,1
706,3.9347776703391583e-07,-0.28189302041691405,0.2763411321791627,-1.5,-47.62017580005118,101.23837741486994,1961.3506560687479,100.0,1
707,5.892012363053572e-07,-0.14483246499146088,-0.20626844344549666,-1.5,25.55445763841718,136.90577480075112,1959.5961483905667,100.0,1
708,5.979063830728184e-07,-0.3869007518990933,-0.21231569519454913,-1.5,-48.81949543122334,-103.32532617833628,1961.2123342723787,100.0,1
709,4.907098319418951e-07,-0.1573857788274701,0.090556935517306,-1.5,118.80505004736891,119.74974456853917,1957.2834861167003,100.0,1
710,3.239877573567882e-07,0.15642501038382556,0.4204523534808217,-1.5,-23.17485347083066,-102.64565825257236,1961.7186549744163,100.0,1
711,1.2639586063751647e-07,-0.3952209893089567,0.1467469667982199,-1.5,-150.0049179099037,40.468188310180345,1958.3855944639365,100.0,1
712,2.0262335285152665e-07,-0.13826762635055015,0.32717886225424286,-1.5,54.74335492306036,-49.05656249397248,1963.1632395280262,100.0,1
713,1.3858447116791296e-07,0.2973731439521662,0.3381114528254118,-1.5,6.403088339270466,52.82462246405536,1963.8181804809174,100.0,1
714,7.563341711444117e-07,-0.3854675203142206,-0.08636280528984612,-1.5,-94.1199624805978,12.378109266604287,1962.2439963826532,100.0,1
715,3.2808468144484984e-07,0.1755273642438519,-0.17524483669932897,-1.5,95.26162914933842,28.034495289746282,1962.0276693644753,100.0,1
716,5.705468856280053e-09,0.03565746793453076,-0.12727512415394854,-1.5,-147.9835595069316,-30.720721041256354,1958.7165159053761,100.0,1
717,3.6848671843755286e-07,0.1260440984893342,-0.13652524465530497,-1.5,-10.175313417552013,-103.93902695039216,1961.7610527124834,100.0,1
718,1.3179341490047796e-07,-0.29772666706257145,-0.01986789061289635,-1.5,-65.10986227633946,-128.0147171725761,1959.2820685872957,100.0,1
719,4.7292311249465516e-07,0.43610816634748045,0.0845518770256056,-1.5,66.95127339268063,26.990220988631503,1963.2122506820842,100.0,1
720,2.3769917393224164e-08,0.37337614319647916,0.10104926706714094,-1.5,-17.964638900671712,-20.020957027395756,1964.3547844763193,100.0,1
721,5.045261539523155e-07,0.4485420760294036,0.02026926162164038,-1.5,-73.57098795333283,-111.50596660511002,1959.9915855454997,100.0,1
722,4.678994022737677e-07,0.02571522280768974,0.01098142320283248,-1.5,-2.264878314198096,131.30498684531068,1960.1446775740574,100.0,1
723,4.964063609277466e-07,-0.2621135993460655,-0.4015136034196664,-1.5,62.0392150489051,-15.818651496460616,1963.4954016567192,100.0,1
724,3.214494858648523e-07,0.2617993240531377,0.32864002131469466,-1.5,75.53054865747919,-1.9645110595970028,1963.0854701672895,100.0,1
725,1.3596194800825855e-07,0.004751196129347059,-0.30305505867993693,-1.5,-33.676988764946806,24.34429198156618,1964.0994124895444,100.0,1
726,2.448083579690231e-07,-0.04359040639913451,0.3452622485634831,-1.5,-70.54069547603115,-69.64892842096653,1962.0362696233983,100.0,1
727,3.434768113464104e-07,0.3754182765217964,0.08021299658415103,-1.5,105.42221836628276,-72.29030033851953,1960.3758707497473,100.0,1
728,2.3647533199552543e-07,0.02400031585640661,-0.042915059390367466,-1.5,125.88753920440993,40.54636408577265,1960.082040655088,100.0,1
729,2.587636446544398e-07,0.06448115368099487,0.2536267064039004,-1.5,-39.83671625738049,55.04381260461173,1963.3635682160113,100.0,1
730,7.365177778443467e-07,-0.046799183945289285,0.0129821809262049,-1.5,-67.31068859236221,-149.3948818633761,1957.6934710879486,100.0,1
731,4.148528349947563e-07,-0.03792787268354045,-0.3581740291566639,-1.5,-80.02578152170342,126.36022932553469,1958.836964375231,100.0,1
732,2.158001648000826e-07,0.23765947592490722,-0.3768070769262583,-1.5,127.46546983118131,67.55477358900704,1959.2351040220226,100.0,1
733,1.4541520009862086e-07,0.3177195242482364,0.18428173267068476,-1.5,-36.19503206550046,-133.98192856825392,1959.6305898656103,100.0,1
734,1.3160350259213057e-07,0.06888655594663586,-0.08842750915035762,-1.5,-15.990260408284913,101.25501676402119,1961.8626403034245,100.0,1
735,4.5099748297869477e-07,-0.06889165114343493,-0.4500635448618436,-1.5,-123.79195788091958,-64.98657625333345,1959.5574965631934,100.0,1
736,1.811321274779265e-07,-0.4931436689264757,0.004594753649609827,-1.5,-94.59371941645749,-93.3697806008563,1960.0376013188215,100.0,1
737,5.54260674930541e-07,-0.134158996038715,0.2673163064701844,-1.5,28.02894131407811,95.10819944034466,1962.0351921191827,100.0,1
738,7.221593108001943e-07,0.15592443154466115,-0.47135707223228246,-1.5,11.942208547560659,-85.13646721888145,1962.6569878281396,100.0,1
739,5.486340416331108e-07,-0.17685663473235316,0.21648843748096555,-1.5,-124.83310169616652,-102.50559895339967,1957.8872759099925,100.0,1
740,2.736184877861087e-07,-0.3037018371436986,-0.20462611434492564,-1.5,-87.5662973819001,-137.6351337096194,1957.7543257001607,100.0,1
741,7.472547581111376e-07,0.24818169757888803,0.2343873795845862,-1.5,48.266003973824546,108.40501342264577,1960.9518179168417,100.0,1
742,7.532160750662849e-07,-0.14814039575152996,0.3918468385368553,-1.5,107.67292115637365,46.46767168399419,1961.0355896321853,100.0,1
743,3.6457351792961155e-07,0.40771273507592365,-0.07349478005747517,-1.5,70.4862763184196,-75.16147876413838,1961.834784895732,100.0,1
744,6.067386169804404e-07,-0.15228503453103312,0.33524931614663145,-1.5,-8.953362260777407,106.30638737444487,1961.6401493581213,100.0,1
745,4.346699695378466e-07,0.07089147994740168,0.31427441718581917,-1.5,-1.3261358292092678,144.03279500821463,1959.2514084700858,100.0,1
746,4.145132619582756e-07,0.09586484275151588,-0.20095510081407622,-1.5,-45.665432532286225,158.52140289879145,1957.6002961178692,100.0,1
747,1.3345723464086841e-07,0.263419493797006,0.18049624684677154,-1.5,28.84615921143779,112.4587244173844,1961.1053568503896,100.0,1
748,1.5572486637566405e-07,-0.21909637429786266,0.011391292425359583,-1.5,-66.11706323440261,-78.71538034443266,1961.8475244301276,100.0,1
749,7.489363572193315e-07,-0.32340931098137554,0.3266825148226498,-1.5,140.66572048720786,-9.120469603913712,1959.4752507699989,100.0,1
750,5.746612399072358e-07,-0.12153999384734665,0.17845471490741682,-1.5,0.2805922199824009,166.3402919998317,1957.4841288734754,100.0,1
751,3.857778577111329e-07,0.10719346237117602,-0.32136420531904125,-1.5,-112.46852004783078,116.94744837956104,1957.8272172441295,100.0,1
752,2.7647071468497483e-07,-0.10295257569465031,0.2966809839820895,-1.5,-42.31381030485428,-111.22145451002076,1960.9315683573182,100.0,1
753,2.58718488557076e-07,-0.1422293630862599,-0.34044783115649263,-1.5,87.89309914172895,-64.67163540348463,1961.5059696477174,100.0,1
754,7.168121460090638e-07,0.10110079621869292,-0.09539570340320297,-1.5,-19.580655639371532,-82.77945615915561,1962.6964731788912,100.0,1
755,3.133075382372319e-07,0.38941988038753395,-0.2822812275807321,-1.5,-126.06981421535721,-31.132635108971545,1960.242446035951,100.0,1
756,5.837075439021188e-07,0.1391880474765132,0.22890976991147183,-1.5,15.177346391003598,-72.06845172223532,1963.1579337101277,100.0,1
757,5.332727824396003e-07,0.3422846402532954,-0.188986598672485,-1.5,23.235209063896562,78.66428166601818,1962.825856288799,100.0,1
758,1.7798191158027126e-07,0.1872504428264955,-0.36677994453930624,-1.5,52.65730463412193,-44.27663347197699,1963.3339181767294,100.0,1
759,5.391561589441321e-07,-0.12558218305472632,0.3722275837447685,-1.5,11.265052119136206,-104.42597960740298,1961.7292370890327,100.0,1
760,6.551668629593566e-07,-0.2931046456120498,-0.15406063221978486,-1.5,-23.054179818155013,-19.41330637398314,1964.3077443706914,100.0,1
761,2.2742291461140687e-07,0.09275247611047677,0.16265495658205217,-1.5,17.332161308647095,154.31947950894454,1958.3917842695805,100.0,1
762,2.6068124380165277e-07,0.11900559926140508,0.4041082328825231,-1.5,-64.11573653286545,-94.98760951761898,1961.193466395681,100.0,1
763,6.404067103757972e-07,-0.06689544000502881,0.4165615681656495,-1.5,24.76774809420299,-22.425738330698703,1964.2548030183855,100.0,1
764,4.1270502876069754e-07,-0.3635918770301858,-0.2566493908424513,-1.5,144.43689131400285,-74.09861406646809,1957.8203865745977,100.0,1
765,5.654134556899742e-07,-0.18781362357524353,0.3221248814496432,-1.5,22.240858636326575,110.73922976794206,1961.2892324855234,100.0,1
766,6.60031429185052e-07,-0.22131397541120454,-0.19732396697529453,-1.5,-102.00105567048865,-40.26190126459579,1961.475987672242,100.0,1
767,2.1421935051427975e-07,0.38339871669900144,-0.09820541246617305,-1.5,7.946426780784822,-156.02228707454947,1958.3174376243437,100.0,1
768,4.825750441230197e-07,0.02268642438207086,0.30071606481668295,-1.5,-26.92912070788001,116.1024284775927,1960.920277529313,100.0,1
769,1.552367844752275e-07,-0.4563314376122706,-0.11090812739480099,-1.5,-7.54574009800659,12.524991063642137,1964.484531033869,100.0,1
770,4.2194955083404507e-07,0.00855246829093132,-0.026123554943586574,-1.5,-91.37339039459216,-123.83748633846072,1958.5015871250398,100.0,1
771,3.122425471215833e-08,0.10826980304468356,-0.1942007403213663,-1.5,-4.662771229665511,25.321706378131392,1964.3702186748533,100.0,1
772,3.5105947045541225e-07,0.21409821821064742,0.29079469039329886,-1.5,-47.96973144845642,-66.4815654851765,1962.827652286755,100.0,1
773,1.0516144435796747e-07,-0.009007704092472691,0.25128285357469443,-1.5,24.941292861211593,-51.34186343828859,1963.7095587777808,100.0,1
774,3.4242594130619523e-07,-0.2966616595371608,0.3423674512290406,-1.5,36.9729121184516,-107.12607688770564,1961.267522212679,100.0,1
775,2.300401575455176e-07,0.13552361912663996,0.4749772845973783,-1.5,-85.39693848660502,64.2450996349957,1961.6302445507247,100.0,1
776,2.932917978471558e-07,-0.32340279566322766,0.3692670441239111,-1.5,-141.2703045805905,85.46608968487173,1957.5881933705607,100.0,1
777,5.575556358543092e-07,0.37928090494701294,0.10053419403770351,-1.5,43.41749338095283,154.54713911617912,1957.9692003005694,100.0,1
778,6.938382553290305e-07,0.3601908976895585,0.11756204097174115,-1.5,-137.88733956644032,-10.303313969103018,1959.6668618861409,100.0,1
779,4.938245057588393e-07,0.37117838188649627,-0.2242014786946965,-1.5,-74.11936435508747,-31.03387372436473,1962.8949296320955,100.0,1
780,1.7163686395678345e-07,0.011011775082737716,0.44185203330131895,-1.5,25.655036485991985,-57.66010445563394,1963.5249979878533,100.0,1
781,6.890689105376884e-07,-0.20087837070735673,-0.20680089267716303,-1.5,87.60032106226446,16.81475635288005,1962.5128621195615,100.0,1
782,2.338633269998778e-07,-0.1780766795510811,0.40417989380715336,-1.5,146.6174025577835,70.2658816176845,1957.7996142133213,100.0,1
783,4.219044272355297e-07,0.26895015561804286,-0.36603852121572916,-1.5,87.90511817490926,71.55987760219789,1961.2662135422477,100.0,1
784,5.884241749813219e-08,0.08571531132555019,0.04876724609887472,-1.5,57.850554296428335,-65.76150154362702,1962.5855457911778,100.0,1
785,3.975535887358687e-07,0.3671226546022679,0.10609091453269898,-1.5,-142.9537417697228,6.72856582028311,1959.3193308856444,100.0,1
786,6.315501696960218e-07,0.11503707441215996,-0.1920908918762486,-1.5,-109.4414617084532,-37.08943036665567,1961.1374829114673,100.0,1
787,6.364098942522392e-07,-0.04558566903120862,-0.354913608829986,-1.5,-53.57287849856094,46.38026284717754,1963.260579794169,100.0,1
788,4.39281180729812e-07,0.3133042178147588,0.15878148201560155,-1.5,118.48459557579089,-21.58479782074513,1960.8438957194962,100.0,1
789,7.343876279133414e-07,-0.48640377523426764,0.05807536189755616,-1.5,14.125942593823481,-105.46975348938359,1961.6548817543967,100.0,1
790,2.8584950174180453e-07,0.3571469209296476,0.1692504235285166,-1.5,7.0669504947038275,-6.624168974539109,1964.5150711720776,100.0,1
791,3.844828444622745e-07,0.34424212673501564,-0.28256082081740996,-1.5,-25.143441930314374,-1.8920378179182624,1964.3771312522765,100.0,1
792,5.012528031091254e-07,0.36896021667531315,-0.1327289899904075,-1.5,-31.611579508237405,-70.69875601817601,1963.0118899804472,100.0,1
793,3.3971731608285674e-07,0.23093434562414372,-0.033621275866583714,-1.5,167.18527549595538,5.712510325814283,1957.40382577261,100.0,1
794,3.7636357552709644e-07,0.056067538941344384,0.46411796423296525,-1.5,-144.09437769062907,27.42574719662782,1959.0553654694877,100.0,1
795,7.71468497174501e-07,-0.3357521401185538,-0.3222431400032138,-1.5,-35.67099127127117,15.074241261050688,1964.1572324786678,100.0,1
796,7.57547108111998e-08,-0.2862757295190948,-0.05746085334608765,-1.5,82.16226033995301,-95.66102396292204,1960.4875969350906,100.0,1
797,1.9395786340742894e-07,0.16150415418613878,-0.24191059475853732,-1.5,62.794969992090536,-2.673220166286681,1963.5332775137188,100.0,1
798,3.09744301259108e-07,0.1206209826248653,0.17625593219781274,-1.5,7.105557948624102,-101.84315921319148,1961.8844941111713,100.0,1
799,7.190446994662744e-07,0.4419895652692059,0.18172797952034525,-1.5,66.07508879666005,-8.353129239632437,1963.4096857606032,100.0,1
800,3.968911706489639e-07,-0.2063744188550405,0.30849335060037764,-1.5,12.686093218223709,102.70165137645851,1961.8115913893307,100.0,1
801,5.31873158201152e-08,-0.41020713173525497,0.04097531530178269,-1.5,16.366560541684347,22.40785055281666,1964.3429716309138,100.0,1
802,5.640357997181962e-07,-0.26570008962677794,0.36745631656407995,-1.5,44.40888273900233,31.479572817107712,1963.7846556828113,100.0,1
803,4.4079933460904967e-07,-0.10502171073606409,-0.1755487237187178,-1.5,-58.63755400387943,124.26443667260364,1959.7278569497894,100.0,1
804,7.593783670868383e-07,-0.023517548834729788,0.15342285869407224,-1.5,59.42966657390706,85.438290676069,1961.780237305748,100.0,1
805,5.972823885620487e-07,0.10445885204559531,0.38174465687301684,-1.5,-23.551117030191403,-98.50026253528104,1961.9266880883297,100.0,1
806,5.232913507650769e-07,0.06001197661327899,0.3651492887538294,-1.5,-92.26762838819118,42.04552709097442,1961.9205245548028,100.0,1
807,6.516790050171267e-07,-0.343601967258599,-0.08006471911483566,-1.5,-55.19893339868123,133.54009614122916,1959.2175496203504,100.0,1
808,1.0448524404325794e-07,0.27898453429962095,0.25641482902433105,-1.5,-24.351596124887568,2.6681213993415964,1964.386206213152,100.0,1
809,2.337726994823305e-07,0.2646347906913476,-0.40890391511653534,-1.5,151.3933673258869,30.246823323235525,1958.4632915310701,100.0,1
810,5.726449629557339e-07,-0.281023990359936,-0.027062855494393055,-1.5,-135.95075660975456,-61.129787625842155,1958.8756538147557,100.0,1
811,3.989738638042819e-07,-0.005621547010286986,-0.4455347554345485,-1.5,-40.13707383692013,112.23025738245181,1960.9198532570906,100.0,1
812,6.966102032411353e-07,-0.20709748104772754,0.06848727588543115,-1.5,-130.5013181544997,17.835928075491747,1960.1185096559227,100.0,1
813,1.7770740865031438e-07,-0.41491479569134654,0.17403960164587037,-1.5,-31.47021578348667,137.57991951211795,1959.462854338329,100.0,1
814,5.753851483065196e-08,-0.2988862792351144,0.27921743960072515,-1.5,-6.5488596954713385,-144.08519140681278,1959.23705975568,100.0,1
815,7.678229638186474e-07,-0.15632436624854928,0.274582053517542,-1.5,-76.76906033020997,-79.48599145605515,1961.4285036178087,100.0,1
816,1.9653717189539262e-07,-0.07416984099059369,-0.49120032285235354,-1.5,-95.98613534184027,-97.59667285154518,1959.7639749563155,100.0,1
817,3.088851509788276e-08,0.3370457163725291,-0.1582207821220072,-1.5,-86.11350761426851,107.10408878390442,1959.726119700982,100.0,1
818,5.804429477583118e-07,0.10021074219936443,-0.25804454872947374,-1.5,84.10350901352727,110.61175542535076,1959.6185663540405,100.0,1
819,3.692164586941349e-07,-0.3478324044618405,-0.08311362963295538,-1.5,107.57128941297906,12.124743751506127,1961.5541528464414,100.0,1
820,6.415499137002445e-07,-0.30141375240741464,0.2555748334906211,-1.5,-84.78627216410322,137.23460842579993,1957.9048078415005,100.0,1
821,6.830538782332363e-07,-0.18442300738848874,-0.04897018786338022,-1.5,131.2854030302662,-10.708941710295695,1960.1180443495634,100.0,1
822,6.794906948658083e-07,0.13257863400022002,-0.2571640331587176,-1.5,33.76654494106752,31.571418253523383,1963.9949980227382,100.0,1
823,1.5203567055933711e-07,0.36744127275816035,-0.032134681836785146,-1.5,-15.477660555475016,102.62551032906032,1961.7955380007268,100.0,1
824,6.370853610874688e-08,-0.008004651900299973,0.2655825326551033,-1.5,142.98822701534087,-78.95170340490043,1957.7370307910624,100.0,1
825,2.831239412204432e-07,-0.2460771029403902,0.19070614261038327,-1.5,122.7480906181003,-5.890808969634242,1960.691584845874,100.0,1
826,5.842607968046452e-07,0.2533643247357557,0.07005201408517238,-1.5,-72.65418255122545,68.04732755497977,1962.0153458208654,100.0,1
827,7.536072785076902e-08,0.2479779715491375,0.3637402648349908,-1.5,-25.96069342803409,153.79044278275188,1958.3380270963314,100.0,1
828,6.366731962716138e-07,0.23303150713494702,-0.14348265945119867,-1.5,-150.6843225839749,33.2512846092296,1958.4692678889235,100.0,1
829,4.5039140747255213e-07,0.2425048405892523,0.0778622816999156,-1.5,40.239761492966224,48.24615565096234,1963.5341495186742,100.0,1
830,1.522657626955535e-07,0.04808639108534894,0.09210496711767414,-1.5,-123.70182139971028,-18.874168553104205,1960.5496452296113,100.0,1
831,5.136915240565309e-07,-0.06411609472337158,0.10933816930359633,-1.5,-35.22773907852134,87.48407525179003,1962.2738925142141,100.0,1
832,8.497548986682969e-08,0.3171604258701156,0.2586173300039326,-1.5,55.28804370694621,68.07038965926186,1962.5806838295405,100.0,1
833,2.1776442476421781e-07,0.06305248423074987,-0.36634786816472903,-1.5,-138.91782142427041,-40.68142447543375,1959.1988533223255,100.0,1
834,1.0149349504890861e-07,0.1214985233083244,0.03199755981102943,-1.5,97.67450008631988,-140.38882203986128,1957.0804676725172,100.0,1
835,5.366201942748173e-07,0.0016825798337646762,0.4948683201148655,-1.5,99.46757792342342,-38.26577778297612,1961.64604795535,100.0,1
836,4.7606695422195826e-08,-0.05316774732872841,0.3122940514760795,-1.5,-148.77037202970027,-31.422229452402686,1958.6457837415412,100.0,1
837,2.3369343054947676e-07,-0.15951953681585154,-0.2634712842773042,-1.5,-51.747192841051046,68.18375627212953,1962.6733018207144,100.0,1
838,9.034219404132555e-08,0.30565989207046734,-0.17957107350794552,-1.5,-28.441830513188002,-77.21404262527601,1962.8149021659308,100.0,1
839,1.2443927195524148e-07,-0.24358123572446058,-0.20648190431476457,-1.5,90.10087861576865,5.157062194675442,1962.4649099151602,100.0,1
840,6.285421516040555e-07,-0.13224434653559797,0.36104621873516834,-1.5,47.52409493148003,-153.4577405676766,1957.959516569977,100.0,1
841,4.41542410285082e-07,0.2334376969497999,-0.11332981742886074,-1.5,-48.98879010886509,-144.58492555328144,1958.59862759386,100.0,1
842,3.1359955507634697e-07,0.29438598532318994,-0.1374357962907457,-1.5,-23.100407985551737,22.330576639040416,1964.2762032779403,100.0,1
843,5.502915413118873e-07,0.482755396104839,-0.09556539746620475,-1.5,-31.026270803268133,139.46185140562204,1959.3368900698752,100.0,1
844,1.5219522614588477e-07,0.010938784354945379,0.4305889568306164,-1.5,-4.193699189639449,-14.54093009632196,1964.4806592341833,100.0,1
845,7.838336954753381e-07,0.31586644932207036,0.25118471356631533,-1.5,-67.54935194946574,12.838392035121174,1963.3353119137064,100.0,1
846,3.146224771394391e-07,-0.04528996195752214,-0.2172446663452717,-1.5,42.9252761862417,-114.23932347998439,1960.7447778589903,100.0,1
847,4.0516558809593684e-08,0.18358468242488735,0.18645589801604556,-1.5,-135.0555232884499,-42.6211546668116,1959.4276534412497,100.0,1
848,1.4859306742370024e-07,0.16148364609137197,0.22341794910119991,-1.5,55.51856716047535,-107.1155048663888,1960.830753426669,100.0,1
849,3.325854726512902e-07,-0.14267201555998352,-0.2906706812555606,-1.5,36.66284839888149,-163.2315204122051,1957.402511635594,100.0,1
850,4.964243047410006e-07,0.15658444421836964,0.06561945067060576,-1.5,124.61091811487486,44.93484616498535,1960.0679235559232,100.0,1
851,5.843017336042956e-07,-0.48614356698614875,0.05462614945841834,-1.5,-108.03637650602896,9.381679032836416,1961.5436298273112,100.0,1
852,2.3458123592671964e-07,0.12130114017761827,0.40901441680150097,-1.5,52.42948969293928,-75.41718199203741,1962.390553263302,100.0,1
853,2.5996874553371034e-07,0.09099786900009434,0.34416424684594893,-1.5,11.220086973682726,125.14566561709464,1960.5167579726751,100.0,1
854,8.42072029253777e-08,0.009623947941617467,0.3987383624455065,-1.5,142.5519025548655,-52.912715312341525,1958.645574345291,100.0,1
855,1.9105241962983628e-07,0.23899851358898808,0.18782433752994354,-1.5,87.57133067650987,34.05190866272905,1962.2907572085492,100.0,1
856,2.2671681003155884e-07,-0.4769712660644456,-0.14844946481221602,-1.5,0.7057330466106825,152.90489007022765,1958.5793021472502,100.0,1
857,4.551048700240826e-07,0.3926907392979337,0.03881395969860613,-1.5,-36.780456894571685,-1.9038633629594723,1964.193691966516,100.0,1
858,5.528172399670485e-07,0.12599859056846724,0.17862779014144672,-1.5,76.5279642135714,10.62270502179828,1963.0190816946933,100.0,1
859,5.888219480446386e-07,0.19102051759052086,-0.1419735120460862,-1.5,104.8434095030862,27.785113057699885,1961.5425392385123,100.0,1
860,6.074753994818432e-07,-0.3598153646950885,-0.15622980291267544,-1.5,37.626536739423315,83.42967500205494,1962.4059262365113,100.0,1
861,8.491451035190324e-08,-0.06968735589664891,0.3297196100628652,-1.5,11.297044502818963,123.82380529309428,1960.600246938261,100.0,1
862,7.803641705635347e-07,0.3111535504805983,0.13074367103959217,-1.5,-90.52794463228642,-4.330734253510462,1962.4472533669818,100.0,1
863,3.789470958224797e-07,-0.22514466471869715,0.03886500019274647,-1.5,51.26723394610762,11.484136419093227,1963.8363148695346,100.0,1
864,1.3154203362417904e-07,0.006942590900792807,-0.26482193664324477,-1.5,-136.2887127162578,18.774936344096197,1959.7158403241915,100.0,1
865,1.3255544271458262e-07,-0.45427018127280155,0.1470547726512324,-1.5,150.79932306761393,-9.427749737700209,1958.7199820197281,100.0,1
866,4.033331735121493e-07,0.40061746486851185,0.04205771825579877,-1.5,-64.59842217518579,132.84761374512829,1958.9772437781999,100.0,1
867,2.2414835442084405e-07,-0.34493742540899164,-0.3275421295331829,-1.5,-38.96872236021993,-73.59019475542019,1962.7733461048433,100.0,1
868,4.981839875493785e-07,-0.45487798450064254,-0.05808816019384485,-1.5,41.38075228036139,127.41291111890078,1959.9660378912308,100.0,1
869,3.6283526740094307e-07,0.2960937371147069,-0.09792668716159011,-1.5,-87.21518337666451,-22.468284288384552,1962.4734327515985,100.0,1
870,3.8781936086292063e-07,-0.0028788141456185827,0.039492521268286604,-1.5,37.433503333517535,-87.03472294153086,1962.253035695652,100.0,1
871,3.4186835412452394e-07,0.26119459587232924,-0.21476556761158233,-1.5,-71.32348215920754,-56.32923036681371,1962.4355441555524,100.0,1
872,6.998531567707406e-08,0.14220121139561162,0.0100634990632768,-1.5,121.70888434023176,-12.95473490951841,1960.722420074349,100.0,1
873,4.6085827906236446e-07,-0.13878874400014996,-0.20778098340335474,-1.5,51.32928864267689,87.52890404029378,1961.9167365999692,100.0,1
874,6.854857058170435e-07,-0.0011728977078618251,-0.057753218871141335,-1.5,-129.94405601149722,-8.620822340386296,1960.2177200493795,100.0,1
875,7.52304037413179e-07,-0.1548935174666766,0.39598380620990165,-1.5,80.95450015154351,140.0205385147349,1957.8697362095847,100.0,1
876,3.933948888550116e-07,0.10522614428526146,-0.3515197666189036,-1.5,29.730899521266572,108.34381756485733,1961.323781805355,100.0,1
877,5.664246174901902e-07,-0.16516151508123336,0.4390043885478295,-1.5,-128.43512426450613,72.09525199327932,1959.0099488673654,100.0,1
878,6.100600371863756e-07,-0.27643491600431036,0.15167101625721197,-1.5,16.70549876824518,-122.25495606544385,1960.6600771919827,100.0,1
879,6.375032915015615e-07,-0.29680312314408236,-0.28795075580229385,-1.5,-119.52036021451036,-62.12215001360736,1959.9155615071818,100.0,1
880,4.801056150749611e-07,0.01788272008741582,0.33825950835601165,-1.5,104.71660011467725,-0.21598769125296544,1961.7460776756689,100.0,1
881,6.785584455002083e-07,0.2835420278715583,0.3549021215770575,-1.5,-111.36966778559383,-115.75319714132763,1957.9610008156492,100.0,1
882,5.032426845814751e-07,0.1466404130230319,-0.47429644520147646,-1.5,-160.34422470124943,0.5467325865875481,1957.9843505387282,100.0,1
883,2.3876667090992806e-07,0.3331976493474586,0.2427594272093775,-1.5,-45.26067353275908,35.36568938573864,1963.699066993658,100.0,1
884,3.419652852619225e-07,0.1125319291818972,-0.12999107881524333,-1.5,-48.10171572666301,37.6105898308592,1963.5898132611244,100.0,1
885,3.3419411795148885e-07,0.16153152751970434,0.10469534636930496,-1.5,-51.86357172121715,-23.373625480875656,1963.7151345921661,100.0,1
886,6.688247944820008e-07,0.3784919064294805,-0.2670645807380272,-1.5,101.51081784449117,76.21221452892787,1960.4337628400688,100.0,1
887,2.3045959637266734e-07,0.26944741517584386,0.34749663065829667,-1.5,-95.43123362074022,91.26805998690689,1960.0959943691487,100.0,1
888,2.9870017493381655e-07,0.34294570836756605,-0.22521471766227485,-1.5,-134.52303819823064,55.2629643700532,1959.1484995347041,100.0,1
889,3.7022909493225976e-08,-0.2188558450061396,0.30076280103286634,-1.5,-80.88468779522894,-107.61488134904192,1959.9209144398228,100.0,1
890,6.230079746146205e-07,-0.3142100792715471,-0.10442563929711743,-1.5,60.38323733967688,-120.38125914613298,1959.917218496971,100.0,1
891,3.2468086976764166e-07,-0.2692688473566309,0.13594620505967078,-1.5,-46.38569232915128,-44.59109813080751,1963.484985371868,100.0,1
892,7.400761417836868e-07,0.33223722996748195,-0.32833639299245393,-1.5,27.014485348884392,146.57755529688416,1958.876852722155,100.0,1
893,6.332595636537897e-07,-0.06820266101436268,0.16481996566118415,-1.5,52.233032554386554,-41.92345927794775,1963.3969084569922,100.0,1
894,6.687272469628317e-07,0.4117798467035412,-0.11015938897745425,-1.5,43.19165213943767,11.045879249788195,1964.0330333279012,100.0,1
895,6.75205737667255e-07,-0.10577084262826246,0.24506136826224897,-1.5,126.51069240705175,-11.698096298539747,1960.4263529946259,100.0,1
896,7.597739050052552e-07,-0.22044026526999155,0.17265627978323225,-1.5,-57.14688445548987,95.88393659158734,1961.3652873870442,100.0,1
897,2.2204130568715507e-07,-0.4232929159346991,0.07778059361105458,-1.5,-77.65266128032599,79.57649178652149,1961.3900510651022,100.0,1
898,5.922242684798652e-07,-0.35527655406204756,0.10580352172722245,-1.5,15.543469772597824,112.09656990407255,1961.276636741819,100.0,1
899,5.877393714023115e-07,-0.15452289905630637,0.37741436526835936,-1.5,-67.33848302176652,141.30860313459155,1958.2928007962978,100.0,1
900,5.724970297050299e-07,0.48033972513808787,-0.00407428021517066,-1.5,72.74336743537586,-120.27266243518885,1959.5040636423912,100.0,1
901,1.7694556857442013e-07,-0.2237522435120483,-0.3061122698657965,-1.5,-56.420833687968624,-152.42954834550773,1957.8036695703863,100.0,1
902,3.888175068661661e-09,-0.3944830231500469,0.04922690571574121,-1.5,33.71870808351607,-100.4590416110352,1961.6789533330632,100.0,1
903,6.584740054937837e-07,-0.06551473783156322,-0.07592651863647937,-1.5,80.58755565504747,-143.08653749364515,1957.6631924127694,100.0,1
904,1.655339120160743e-07,0.24067739407358602,0.1465836266282613,-1.5,63.21649220610356,-58.42934291605647,1962.652025516924,100.0,1
905,6.24780456658262e-07,-0.1712664597174427,-0.3851438511230725,-1.5,-15.75827943101843,163.13029976524163,1957.6908510267926,100.0,1
906,2.1463831735762242e-07,-0.049840436427046615,0.29811036019100584,-1.5,-96.59802981263219,51.52405811047319,1961.4860127817067,100.0,1
907,4.5294112957116e-07,0.1750379630990159,0.0989067298109296,-1.5,-111.07860769967232,-95.49355589237362,1959.07013911209,100.0,1
908,7.415775579569987e-07,-0.39177873641146094,0.10010263467798997,-1.5,20.038256715901127,86.64233595310972,1962.5251234454317,100.0,1
909,2.60613993879676e-08,-0.04119074832677278,0.31679688636363,-1.5,-55.35058872671728,-151.38765573008334,1957.9150584962276,100.0,1
910,2.110540581785532e-07,0.05394565816526238,0.30233538244883196,-1.5,-68.88932171350052,21.985898436114574,1963.2076222065616,100.0,1
911,7.010873323106833e-07,0.2236167764355394,0.20192332125353474,-1.5,71.571876818288,-55.988568809186994,1962.4362493792091,100.0,1
912,3.308203486622386e-07,0.21823610820946213,-0.4141838269272459,-1.5,-89.22682358967337,72.95118360564108,1961.1552679552847,100.0,1
913,5.764985491206728e-07,0.2515249117756995,-0.07632238070887501,-1.5,51.809559359491196,57.53176638292956,1963.0127742024417,100.0,1
914,5.607067900532199e-07,-0.22093919958057695,0.14436172788299692,-1.5,-105.83871137311743,-7.223968434705935,1961.6725689372993,100.0,1
915,7.610316516836089e-07,0.10926771995752328,-0.43007139998705984,-1.5,-70.83362820447023,-83.73629848395247,1961.4749847239266,100.0,1
916,1.4795141904620653e-07,-0.37964533082852736,0.29773496286505563,-1.5,30.32322490631147,-98.45395977781078,1961.8360293616493,100.0,1
917,4.6766054344490425e-08,-0.46380647394077906,-0.01397265721596631,-1.5,120.78478250345447,-56.48055721912491,1960.00874213304,100.0,1
918,2.056885853488329e-08,-0.32241841913170904,-0.16606694150207227,-1.5,46.19919335772943,-46.12571349201277,1963.4539310495877,100.0,1
919,2.2113866580434046e-07,0.07670606467360734,-0.27139159113454714,-1.5,162.60842375000013,-16.31300126741261,1957.7297241400104,100.0,1
920,1.6607388830856672e-07,-0.2862379155809986,0.34854408228527733,-1.5,3.3690805483968593,-53.04965489035558,1963.8196632273555,100.0,1
921,5.514490805966142e-07,0.24338166322218238,-0.034549411918664674,-1.5,-14.221649579541964,106.43119638427575,1961.6022612613342,100.0,1
922,4.549987797553783e-07,0.32261221222181835,-0.30353631527815683,-1.5,-14.312796450470913,90.07044272849467,1962.4208889712195,100.0,1
923,4.392307583387709e-07,-0.3077327509271516,0.15958911248470004,-1.5,82.42561353670443,-5.424713100781512,1962.8015378501727,100.0,1
924,6.286501196969433e-07,-0.22355687425667248,0.0198641655574699,-1.5,7.410951195954276,111.3852239622788,1961.3647534182355,100.0,1
925,5.261788709304186e-07,-0.28188650209808186,0.3982535887176049,-1.5,-64.35299258238106,-65.92876029250134,1962.3774808069209,100.0,1
926,2.3925701852353905e-08,-0.0027696144945865463,-0.4417873289086196,-1.5,-68.9787022892656,-21.22118494219215,1963.21289884879,100.0,1
927,4.264778480943051e-07,0.26737662310951515,0.07460885137256101,-1.5,22.618380611361417,-127.2653582103351,1960.2819245517328,100.0,1
928,5.746338440525167e-07,0.014408637253159669,0.2015853188511952,-1.5,-11.936087619827042,23.221800287912256,1964.365435470155,100.0,1
929,7.345127297143964e-07,0.0500031170640154,0.3676152730092504,-1.5,-132.2485628258522,80.64238019243227,1958.4229396158346,100.0,1
930,4.2158007323424833e-07,-0.010268379268568027,0.06003233613690486,-1.5,-68.7716227327423,-98.60152153432814,1960.8573354846476,100.0,1
931,5.496508718987538e-07,0.4157562371518755,0.27559602618306134,-1.5,148.06909966606236,4.073314897367787,1958.9467159920302,100.0,1
932,3.5739647340505277e-07,-0.31486711828442726,-0.12647369685712154,-1.5,-52.125375377304955,-25.81024475629477,1963.6776881080882,100.0,1
933,1.1543044194569257e-07,-0.0792900479968481,0.38055156292057135,-1.5,67.64659438427482,28.893063962963293,1963.1613319819573,100.0,1
934,6.807498488427421e-07,0.40634122904733144,0.15786861879097466,-1.5,41.13221778871156,10.932840403491205,1964.0778752194692,100.0,1
935,3.3096963042765284e-07,0.46340752751314435,0.06482768618536787,-1.5,-59.5914496697342,-38.779974573510586,1963.251960132593,100.0,1
936,5.679150113372399e-08,0.021046042890169637,-0.29617337991715836,-1.5,-25.09713261518592,160.42486374952168,1957.816968792429,100.0,1
937,7.409256729002018e-07,0.3269489686056078,-0.0070324654346895854,-1.5,-145.88914653916095,10.90552069625264,1959.084151537792,100.0,1
938,6.846065772210933e-07,0.2465742313773353,-0.05357179288056638,-1.5,-135.76005806407576,-43.96938113223204,1959.3491741962223,100.0,1
939,5.409794772555189e-07,0.04526505160726167,0.24104212254837468,-1.5,-60.05798145850193,-122.11089306726716,1959.8202098467032,100.0,1
940,4.742162453242252e-07,0.49709632213294513,0.025236397225635903,-1.5,28.251624464193984,-52.53118080116074,1963.6332669378214,100.0,1
941,6.969525587263182e-07,0.3127664507779276,-0.1273433552768701,-1.5,-146.92152042156593,-36.46708471577108,1958.6979105608602,100.0,1
942,1.4391929166558806e-07,0.073845286593833,0.028383267110722237,-1.5,-62.80012990207491,-154.1436340334433,1957.47520291762,100.0,1
943,6.480572616932716e-07,-0.13846504607873913,-0.3787168082265006,-1.5,-82.79070156297975,-19.170597058219624,1962.7000469275156,100.0,1
944,2.2654634139533422e-07,-0.18579277101557023,0.45344497504656445,-1.5,129.6695761769045,-21.91896560807228,1960.1323032456012,100.0,1
945,4.394249677760426e-07,-0.04802958197387975,0.3722563253313047,-1.5,105.27790229930018,-113.79808247513263,1958.4125831853137,100.0,1
946,1.2742006681210212e-07,0.4883997301612462,-0.09462285644801505,-1.5,132.7399102607588,23.76458109278221,1959.905264847151,100.0,1
947,5.067613346992309e-07,0.25987334725554473,-0.0790328379070634,-1.5,98.62203518302803,-55.93962056460031,1961.2643216286726,100.0,1
948,4.054313776233731e-07,-0.2523905437426063,0.2972103437955144,-1.5,166.08609198798518,-41.58248415652785,1957.0640238187564,100.0,1
949,5.561937100832886e-07,0.006500936319051213,0.30991577852395097,-1.5,116.55669808588006,-15.487277837561816,1961.017074536229,100.0,1
950,1.853082691738647e-07,-0.12296192914735234,-0.19763301439427944,-1.5,-62.81602528818065,-45.449717589719015,1963.0083434372204,100.0,1
951,4.273243577596781e-08,0.17978903768678664,-0.1165156746997164,-1.5,-22.79490365458766,-42.62906443872727,1963.9441034557444,100.0,1
952,3.451060694678022e-07,0.3128272533453308,0.20022645579357154,-1.5,-16.75255183491893,17.297340188818488,1964.3913663767569,100.0,1
953,4.201263764751919e-08,0.32166664220215174,-0.14092655615366864,-1.5,20.099442608562875,159.80695525597577,1957.9251864473194,100.0,1
954,7.164752749335058e-07,0.1887522345932932,-0.3240309540493145,-1.5,127.81834709578737,64.98462593851643,1959.2990468030814,100.0,1
955,4.214374865749917e-09,-0.23519278838254698,-0.0017949721940188539,-1.5,-121.24137045720468,-30.746814083475066,1960.5530979240286,100.0,1
956,3.7868740985244134e-07,-0.38214053587902636,-0.29950572522612434,-1.5,-41.305366416123036,-69.81297868132023,1962.8635461944375,100.0,1
957,7.615051344439687e-07,0.033984785476603906,0.3674742637359234,-1.5,-130.36623664596567,96.80292431862517,1957.8169282270142,100.0,1
958,5.033348340808574e-07,0.12824284689549134,-0.07529244649661201,-1.5,-82.152835911697,90.7203756479967,1960.7228287700643,100.0,1
959,7.415823456371241e-07,-0.15454009906274868,0.2101290199245523,-1.5,-131.9629237969164,-30.80877400167302,1959.8596614180349,100.0,1
960,5.96400838989273e-08,-0.12211473010268116,-0.2676831001678625,-1.5,-99.77435516667497,-46.688627765960355,1961.4480712867564,100.0,1
961,6.092946492908599e-07,-0.12197046445842893,-0.23191310803150747,-1.5,-11.180034107687419,-164.46572947680318,1957.6106142262165,100.0,1
962,1.2105122911597628e-07,-0.05010341372638859,-0.2328500317510546,-1.5,-85.45334589907132,-113.8450501515422,1959.374981083707,100.0,1
963,1.8305973355807728e-07,0.17447508687029525,0.002610591527583876,-1.5,4.9655067346413855,-158.02021633624597,1958.1670616262663,100.0,1
964,3.199042479163786e-07,0.037330452847085825,0.2723830071566291,-1.5,60.444079560184655,-32.36771848472178,1963.3420818370769,100.0,1
965,4.08229225165348e-07,-0.1915707722573086,0.33877661816895505,-1.5,88.63961091444828,42.83715220068046,1962.0706623448611,100.0,1
966,3.4532520279818863e-07,0.31922300306957246,-0.3699925139427105,-1.5,-72.90580214819353,-120.17066972356368,1959.5042843580236,100.0,1
967,4.515418416518977e-07,0.08931752234557003,-0.1337237975174015,-1.5,15.318643516134948,-152.14632631389944,1958.578597048416,100.0,1
968,5.057468127583163e-07,0.1970841459739386,0.05152781419870275,-1.5,-111.21427723902502,62.31199256617314,1960.3983999143557,100.0,1
969,1.0798656885738424e-07,-0.0994266527857909,0.01345359824518472,-1.5,-130.39378614860544,31.46771551215899,1959.954216220473,100.0,1
970,5.196316672358477e-07,0.24721441561781,-0.10727841450337497,-1.5,-89.16645215949848,-99.31410277419558,1959.9998313942722,100.0,1
971,2.3642096631597554e-07,-0.15984512661041902,-0.36989156710507853,-1.5,98.96645059208177,-109.83675376457265,1958.9677933661383,100.0,1
972,1.1902107375619112e-07,0.2349692069234245,-0.07646161793785183,-1.5,39.593130622233645,-9.027578759646284,1964.1191850535447,100.0,1
973,4.6970645611656205e-07,-0.43859387675469524,-0.1834122529246263,-1.5,-36.70093571222161,-10.168018360001161,1964.1697836456524,100.0,1
974,5.136640342112487e-07,-0.09464466347648264,0.35087377413106,-1.5,87.53637912029947,112.59701808663229,1959.3551439477828,100.0,1
975,3.2511953616885533e-07,-0.34676623286646624,-0.20448805507440002,-1.5,0.11404948765590017,97.45998429856903,1962.1199822435347,100.0,1
976,3.962618420271706e-07,0.1354566622384945,-0.3139095254260275,-1.5,-33.080246756520715,109.85695050014202,1961.185976384562,100.0,1
977,6.151993672639232e-07,-0.3423472655259619,0.31550634753441914,-1.5,32.79948930425845,104.6714709482558,1961.4742830169962,100.0,1
978,6.575350787892675e-07,0.2739793185029495,0.28986807892646943,-1.5,67.93942260468725,135.97156441646527,1958.6498550768108,100.0,1
979,6.684986946936385e-07,0.11171923044866423,-0.33568248520546834,-1.5,147.73467952741112,-10.552933850432236,1958.947775291167,100.0,1
980,4.991554851482161e-07,-0.019520535611011698,-0.2309803155402268,-1.5,61.47445947454771,83.92298530161298,1961.7826356751425,100.0,1
981,6.148972265022233e-07,0.02206547891512281,-0.15171782203035974,-1.5,-66.26122149461989,148.5783412819577,1957.791412100399,100.0,1
982,9.203755915469836e-08,-0.16870735781649857,-0.32494274806388285,-1.5,111.37050881377613,-68.3509159914166,1960.1882685894807,100.0,1
983,5.449926508998954e-07,0.31063486660762657,0.24355164674520074,-1.5,-34.62092873420471,114.96893525442678,1960.8663446258074,100.0,1
984,6.809088492440127e-07,-0.1387903433014677,0.005048670196378845,-1.5,-67.08127806588945,31.038846679112567,1963.1479766935574,100.0,1
985,4.84252050612094e-07,-0.025538130049886355,0.40191503029513526,-1.5,-61.868132798333235,101.2732455287026,1960.9511340546612,100.0,1
986,2.415765469643747e-08,0.14603785180464038,0.04402479118748076,-1.5,-3.0080443099188976,-8.243552402922358,1964.5193513374566,100.0,1
987,1.2897779489475317e-07,-0.21691820071383833,-0.3938067282708176,-1.5,7.685697000284344,72.1529004927915,1963.198455398289,100.0,1
988,5.667454988456289e-07,-0.05776858863257192,-0.26852248206942714,-1.5,-148.9525202796204,23.34678516973143,1958.7448431561265,100.0,1
989,6.738593930508231e-07,0.3197136684957871,0.1658172237804163,-1.5,98.93263911634534,-101.45421259952437,1959.4215120615106,100.0,1
990,1.3098880024631018e-08,-0.14432356682095898,-0.33378104344679277,-1.5,-54.99373206465131,-92.22986564412237,1961.6020563771337,100.0,1
991,6.229826191484089e-07,-0.10192248619506672,-0.29073592695400885,-1.5,62.753674996216574,128.09789440926323,1959.3535137867575,100.0,1
992,1.5922936045021223e-08,-0.12518627782863917,-0.3911058480804765,-1.5,-12.900674296679405,-55.74723995846535,1963.705452481567,100.0,1
993,1.0469380976079392e-07,-0.2495204627972534,0.3202999677884051,-1.5,79.70896218674164,138.0143819156019,1958.0632773221855,100.0,1
994,1.5213973288104314e-07,-0.05584071155381802,0.3585600953486796,-1.5,-91.82130611230917,102.4809596001388,1959.714210523921,100.0,1
995,5.277805288335664e-07,-0.3046841940900033,0.123457940009076,-1.5,-31.590369446392224,94.01718211480231,1962.0336654327732,100.0,1
996,1.4984129752674522e-07,-0.035192617353210824,-0.40384567434215973,-1.5,144.28065416525342,0.538950206038299,1959.233546219657,100.0,1
997,3.5646760363222725e-07,-0.17513544280272222,-0.09935320397964753,-1.5,4.834914546911137,36.16682388611485,1964.200058730639,100.0,1
998,6.713541242787826e-07,0.22085402236554375,0.3576316656450345,-1.5,33.23425476913647,63.72059710018226,1963.223995391577,100.0,1
999,6.904443396756014e-07,-0.020788602386277923,-0.09422491234545555,-1.5,2.657893015101028,31.142248108292428,1964.2902998929696,100.0,1
1000,6.658620197415003e-08,-0.32067744209647725,-0.1848194145580634,-1.5,166.5675577806683,3.820546660801091,1957.4610949861374,100.0,1
1001,6.511740590871434e-07,0.24519405892976384,0.16158848364939238,-1.5,-102.59894744647464,-38.211191571288246,1961.48582637951,100.0,1
1002,5.642981814846568e-07,0.24037038978996805,-0.23121405362019865,-1.5,87.31127861586289,-78.14737805813027,1961.0413086407013,100.0,1
1003,1.9354916724640252e-07,0.1708361382071955,-0.058446742281822193,-1.5,44.923637795922595,-6.759581190709351,1964.0136102113545,100.0,1
1004,5.911460213100035e-07,0.09773538418493483,-0.0668095716708258,-1.5,123.72135915212614,42.20238315280837,1960.1850092304821,100.0,1
1005,1.5108165268192797e-07,-0.018267531305241905,-0.030023824171881538,-1.5,11.304411261392962,146.45453360729377,1959.039705094829,100.0,1
1006,3.7892472962072423e-07,0.3215626858500749,0.3713946501689696,-1.5,36.038401759031736,77.14956831291025,1962.6926565241736,100.0,1
1007,6.813580252430987e-07,-0.45693037410015197,0.18628360009732903,-1.5,-118.49333015323394,20.986540686189155,1960.849862198877,100.0,1
1008,5.470370943298192e-07,0.007908904630756304,-0.43376469614833496,-1.5,62.29449129665894,18.40126590921252,1963.4648140552863,100.0,1
1009,7.014450260142256e-07,-0.11682622085196791,-0.01545135075806848,-1.5,-27.726505253809652,96.5256656518094,1961.9702655858516,100.0,1
1010,5.723801124202088e-07,0.12120104698033338,0.3910350273246092,-1.5,-14.010496778638798,118.99047546461634,1960.8820104725453,100.0,1
1011,5.348658722730271e-09,-0.3935512529282681,-0.026487806734569148,-1.5,43.433437059548375,110.78415111727284,1960.9318434541651,100.0,1
1012,5.214474662162554e-07,-0.10712921992370834,-0.12469177735835363,-1.5,47.55270770521953,140.95121096486608,1958.8988698714313,100.0,1
1013,5.328629417265847e-07,-0.19320550493813846,-0.32078682027856725,-1.5,-12.913825989304376,-159.46726327914243,1958.0134604508494,100.0,1
1014,7.433591771148464e-07,0.07076020885853884,0.31013474565085375,-1.5,-7.967932520952202,59.58947407015929,1963.6188257646938,100.0,1
1015,6.988719639805743e-07,-0.48934263703894426,0.03166365875993626,-1.5,-62.86690104854134,55.98840889619874,1962.734403093795,100.0,1
1016,6.380360790392532e-07,-0.4110067927903628,-0.06444031171659491,-1.5,-106.08428219360937,-123.02903528634769,1957.810835554372,100.0,1
1017,8.976273708413464e-08,-0.07100926841552219,0.3256202210294135,-1.5,93.82408130301283,77.77704394327456,1960.7552268116544,100.0,1
1018,4.024031340518175e-07,0.14708591570348073,-0.07902291404521834,-1.5,-3.4266890604325964,-74.0988890746996,1963.138023345814,100.0,1
1019,7.389838240591204e-07,0.4249271363627136,-0.2366668901013095,-1.5,-36.156010868927574,32.42851120158245,1963.9384972054054,100.0,1
1020,4.960666262515568e-07,0.05380056910461485,-0.10382153383120167,-1.5,-94.97253770263404,-112.7983898579333,1958.997199230747,100.0,1
1021,2.2426268997063891e-07,-0.16709106172879445,0.20375206929938267,-1.5,-53.88627320408296,40.34679138651579,1963.3852633273784,100.0,1
1022,5.376444183922486e-07,-0.35434667563198635,0.17361912494177423,-1.5,55.50737217433477,-158.75854309479482,1957.3267338119226,100.0,1
1023,4.821217292662311e-07,0.29300644963216993,0.18893558863097595,-1.5,-88.35303095892789,49.97184574395215,1961.9148408683402,100.0,1
1024,1.11059533321954e-07,-0.20561437514251116,-0.17207608995297693,-1.5,87.03614581858075,23.188576139546825,1962.4730024955245,100.0,1
1025,4.05872021077878e-07,-0.3676699940982362,-0.018243453979109363,-1.5,41.10291218327387,-164.2048700506472,1957.232893022145,100.0,1
1026,7.212148772459006e-07,0.15247177455091807,0.34284120784575456,-1.5,-28.112270620850115,145.10186512567765,1958.9712696320282,100.0,1
1027,6.361517802998358e-07,-0.12454272474287262,-0.4318093960639109,-1.5,62.43657993706284,45.0637969303885,1963.029346178531,100.0,1
1028,6.474436686769923e-07,-0.1524701570060538,-0.2291084469497993,-1.5,-133.83392971096853,45.416167358281825,1959.4486819681538,100.0,1
1029,5.589855183748045e-07,0.06240729485626199,0.43204338158727806,-1.5,-135.45254342122215,-51.04801917452257,1959.198814435434,100.0,1
1030,3.4457370772804215e-07,0.10859525033782612,-0.4312020191164815,-1.5,-163.19706894221608,3.574054950424275,1957.74544542594,100.0,1
1031,3.323161725074598e-07,0.009547425424026626,-0.3318880795293676,-1.5,-125.53389539369202,19.51684865512993,1960.4268973853602,100.0,1
1032,1.779740030613273e-07,0.43230206537812166,-0.19265013823186974,-1.5,-88.28501820791286,-115.12680145522201,1959.1745357197888,100.0,1
1033,5.778371208546201e-07,-0.3535039553176956,0.09634994559198935,-1.5,-15.434255744807443,-67.29913063831725,1963.3252142808797,100.0,1
1034,1.8027022646878518e-07,-0.26741321377921007,0.3636903884014804,-1.5,54.687717519853116,-92.52848100802784,1961.596548738029,100.0,1
1035,2.413196906768738e-07,-0.16230283062288461,-0.16223164036703133,-1.5,-54.599590845909354,-68.97464626658174,1962.5683858449343,100.0,1
1036,1.336593497122632e-07,0.105183332141535,-0.144467355635383,-1.5,-109.2597164541694,112.57440425477472,1958.2652027070205,100.0,1
1037,5.023261257008873e-07,-0.08679067208845179,-0.4015904960598701,-1.5,137.73776662253746,40.54260206660181,1959.2850459618264,100.0,1
1038,5.240715251780862e-07,0.017518706444235577,-0.011296347027240541,-1.5,59.52384416818523,37.7540642835322,1963.274007588255,100.0,1
1039,7.56871307353196e-07,-0.312196394449281,-0.04285743174134616,-1.5,9.193524141185026,-43.89456951478631,1964.0269937419669,100.0,1
1040,4.849351375069553e-07,-0.28532184034442487,0.2871695834263755,-1.5,94.70052636037721,-41.52908371408201,1961.8155957630338,100.0,1
1041,4.5016705909116207e-07,0.3455796691104604,-0.2883546976853888,-1.5,-88.47548588476579,-104.5069185212289,1959.7611279553391,100.0,1
1042,7.727588299517813e-07,-0.040595255256892344,0.35285464784074666,-1.5,97.79174025926196,-12.037912143890253,1962.0665509799642,100.0,1
1043,2.5677383365015763e-07,0.24967624247012302,-0.03711604322450663,-1.5,-87.43936413093977,-93.4762763778856,1960.364718520774,100.0,1
1044,3.085281589449504e-07,-0.03235235072452644,-0.17639455762768125,-1.5,-27.097568761093108,-28.540114399052502,1964.1447171487794,100.0,1
1045,2.922874307025565e-07,0.3580989207981451,0.3362654939322984,-1.5,-137.22364190229612,89.48737342548601,1957.6963422263957,100.0,1
1046,3.3738809314014647e-07,-0.041482551423883705,-0.2141927374331372,-1.5,-91.56173137342707,-111.65851670856931,1959.2248751127252,100.0,1
1047,5.941514443814552e-07,0.17811878706762685,-0.17004981278774559,-1.5,-139.9898026529477,3.569127813752998,1959.5416307764347,100.0,1
1048,4.932031367206583e-07,0.2280381703726725,-0.22001504480669884,-1.5,28.535867808094704,-133.69399879634358,1959.7767488161537,100.0,1
1049,5.197285149276076e-07,-0.22846721080043642,-0.07237147797006015,-1.5,56.63771980401125,-36.57563182485259,1963.3816944542766,100.0,1
1050,1.466956013254978e-07,-0.11321811554841897,-0.1283618783746292,-1.5,-123.82340503417983,-50.092915540736605,1959.9927934674918,100.0,1
1051,6.881931000764584e-07,0.14011583474003383,-0.04879491028200771,-1.5,-118.22396663421969,71.67456511191793,1959.6681190179677,100.0,1
1052,6.931227939036004e-07,-0.17570054084468753,0.4565896097350835,-1.5,121.99669610817759,43.29130005480695,1960.2693579568052,100.0,1
1053,1.899932188791979e-07,0.2743981758311713,-0.17236959992950254,-1.5,-138.43407873039337,65.41214771488737,1958.5633875480069,100.0,1
1054,1.8289751509125728e-07,0.3150384008634728,0.13292033352006238,-1.5,-111.0798679195957,13.038174695425674,1961.3527360497162,100.0,1
1055,5.996173964198586e-07,-0.06726147864400826,-0.13576185357077686,-1.5,-52.54626133396786,129.62831019961968,1959.553183223345,100.0,1
1056,3.4571250543416317e-07,0.2081533960055619,0.16809234804799342,-1.5,9.822342913519668,117.64485805529024,1960.9886524962276,100.0,1
1057,5.253751270146493e-07,-0.3988974243610831,-0.26981930398374276,-1.5,-83.25402540751303,22.901991530138403,1962.640454159531,100.0,1
1058,6.99066272984903e-09,0.340770488213987,-0.04250231101365301,-1.5,-43.72318933811443,-96.84319452168528,1961.6633158253915,100.0,1
1059,6.142096570441499e-07,0.3099443102702772,-0.20013651952729547,-1.5,149.45977545692153,-45.97743993687839,1958.3056801233429,100.0,1
1060,6.767202407302044e-07,-0.009979302216955732,-0.14686069049305703,-1.5,-125.22014501697102,17.539372670412043,1960.465651817034,100.0,1
1061,2.2726691514627785e-07,0.03322207966866943,-0.06084646921505934,-1.5,-16.19018104259007,107.73036588512335,1961.516080120221,100.0,1
1062,1.1642482046398828e-07,-0.024465592831334686,-0.36938125575509545,-1.5,104.54934299415925,40.83222403046424,1961.33002083442,100.0,1
1063,3.255616137973184e-07,0.41598904218929,-0.13148833744226848,-1.5,-116.88607401547853,-22.71341538318568,1960.9270850108146,100.0,1
1064,7.474203059985121e-08,0.2503057594105266,0.0860121364512386,-1.5,-111.60927130449011,31.29505253315717,1961.1163342626971,100.0,1
1065,6.82692742932205e-07,0.1074904738818373,-0.3613964351684065,-1.5,90.5569856067973,-59.592765043673495,1961.5456713975311,100.0,1
1066,4.7002490036236325e-07,0.3523211128756391,0.11457668781376935,-1.5,40.25315012808339,65.20423117103749,1963.0439063883139,100.0,1
1067,3.6887353039867314e-07,-0.2245453641963492,0.4461731569528114,-1.5,105.30289646868654,58.429391943872545,1960.844357010139,100.0,1
1068,3.1223696066495525e-07,0.4537211323573383,0.03551872931641689,-1.5,81.19258490395669,-45.862287579909946,1962.324565662032,100.0,1
1069,4.937097065442037e-08,-0.45958915829560376,-0.033565453132369756,-1.5,-82.76492599475705,73.25674072039479,1961.4272107907136,100.0,1
1070,2.9093363718497536e-07,0.4460484122598298,0.11891539342122955,-1.5,84.33209089115198,86.39721819973764,1960.8255673056194,100.0,1
1071,1.932071604305031e-07,-0.01547630702371832,-0.4133838410356086,-1.5,1.8473508435055324,-9.019610130084219,1964.5173758951823,100.0,1
1072,1.5689346874573422e-07,0.3558483593885719,-0.28814539824708835,-1.5,97.24120415563999,78.10620353000616,1960.5756438991639,100.0,1
1073,2.847382056409794e-07,-0.27354044801150595,0.2084883196065663,-1.5,1.9536532537293116,112.33576425249505,1961.3235698310727,100.0,1
1074,2.1520968136343895e-07,-0.09202204178792187,-0.415784901963947,-1.5,-106.3975864326469,80.79344027089466,1959.9911377035949,100.0,1
1075,6.740217092907237e-07,0.12219940766628062,0.4837767066656775,-1.5,-41.59523691309033,35.811469034893776,1963.7720491996615,100.0,1
1076,2.8658453283666716e-07,-0.05083616579518401,-0.05406295441591615,-1.5,-66.17852128659656,55.78123102449557,1962.6314335228208,100.0,1
1077,4.821718982184227e-07,-0.11284076030887076,0.171826550555209,-1.5,-78.26543918024524,96.42515884100905,1960.609598068555,100.0,1
1078,5.351944648798411e-07,-0.11829382725964731,-0.18544216334535235,-1.5,-44.57165128821625,57.02737184339299,1963.205168347977,100.0,1
1079,2.407545560121459e-07,-0.2685923596608207,-0.2562124980880664,-1.5,-62.13369033864164,116.00756537802569,1960.1262550065737,100.0,1
1080,3.3655803119942275e-08,0.18474748239894942,0.22164971851933918,-1.5,-4.818814336703965,-150.42018966482138,1958.7658951073552,100.0,1
1081,5.460863140106208e-07,-0.24064028228340495,0.24771024379599793,-1.5,-59.722327025754545,149.70739723307577,1957.915786016972,100.0,1
1082,2.2795209704155717e-07,0.02252395242163454,-0.4502197449223444,-1.5,-89.3057313285489,-119.47534941935301,1958.8678907724043,100.0,1
1083,3.247312968204431e-07,0.08642860680993388,0.4837476961320555,-1.5,-141.33483179890158,2.279897958148496,1959.447002001281,100.0,1
1084,3.5879705676838263e-07,-0.22663291642604846,0.2869034891281319,-1.5,-7.923724689061732,8.223924998098642,1964.505756649954,100.0,1
1085,6.917053973207932e-07,0.014958084318372096,0.019957047910763727,-1.5,68.33541882997454,-13.17219596735952,1963.30589823717,100.0,1
1086,7.045722393886769e-08,-0.004381009632356358,-0.37256625669713483,-1.5,37.529141390185806,-15.22989435315745,1964.1214066677849,100.0,1
1087,5.590484347044056e-07,-0.23492145804195982,-0.12994270663792312,-1.5,59.63697057615009,-50.394770933827516,1962.986776590499,100.0,1
1088,2.2785230989556648e-07,-0.14899664013372857,0.3527051131580544,-1.5,77.76060698159851,7.774095478076753,1962.983988143429,100.0,1
1089,6.008541733374017e-07,0.1745238733148403,-0.11330163570974382,-1.5,-14.348023018128465,49.4683983246822,1963.8636149358215,100.0,1
1090,2.789319037853389e-07,0.026749917898234173,-0.24420885888016833,-1.5,141.8003725065645,39.663357166930744,1959.0132104509605,100.0,1
1091,3.663358790332739e-08,0.3556722298113037,0.24507796337809984,-1.5,65.35836644466927,37.46687934954951,1963.0939364059027,100.0,1
1092,3.8275726477447965e-07,-0.05627227027567101,-0.249756736566172,-1.5,-105.96528766901473,110.57319699314506,1958.560239610227,100.0,1
1093,1.2336907680915838e-07,0.4440054020026429,-0.11365090917160517,-1.5,90.84130427145034,21.8156056681428,1962.3162902686522,100.0,1
1094,2.7670636064277516e-07,-0.30427916854186676,0.24406678574846646,-1.5,-69.15746765527659,72.65986013888826,1961.9763188321713,100.0,1
1095,2.764678938963279e-07,0.2899387500130719,0.3926138758323097,-1.5,-78.49932046664496,-75.35493214949756,1961.5230758655762,100.0,1
1096,5.450965444833979e-07,0.3853194368145358,0.2810961224864604,-1.5,-6.872943869256289,-168.9558423128821,1957.248060992026,100.0,1
1097,7.224237915828839e-07,0.2602480169991384,-0.3550065742836223,-1.5,150.91204015888488,58.90142197310543,1957.8481720732996,100.0,1
1098,6.802643478969956e-07,-0.36389791139414934,-0.17311727024040005,-1.5,26.950994882562778,-62.888473996612085,1963.3471343548365,100.0,1
1099,1.329916833404975e-07,0.201171304491524,-0.4147830728542817,-1.5,50.25200483120285,9.94453145735582,1963.8709551726329,100.0,1
1100,4.996716988170743e-07,0.35599110536108275,0.09331168985992834,-1.5,126.97203918378464,23.385452717571827,1960.2919446176472,100.0,1
1101,5.987199051614386e-07,0.0036956652859815877,0.0027012028670069664,-1.5,-80.79731479610038,-131.38021272225606,1958.4749985365977,100.0,1
1102,2.2155021850550122e-09,0.2988346223549828,-0.33700577355672734,-1.5,-12.092461758172,12.519900304812364,1964.4618374331214,100.0,1
1103,5.462590076510491e-07,0.12821593988920074,0.20843933240340215,-1.5,28.424651165969188,-21.500306943666136,1964.2156353805842,100.0,1
1104,6.383473181330403e-07,-0.44277775727068164,0.12358875225947102,-1.5,-31.331570989825945,-104.40760292530526,1961.5123429070827,100.0,1
1105,4.813448926808322e-07,-0.15411336861940478,0.08629228606060783,-1.5,40.120841125701276,-144.1277587521982,1958.8340393026067,100.0,1
1106,3.91115736969409e-07,-0.36193979949651384,-0.23893023339437422,-1.5,-78.52591422129892,98.77484129313373,1960.4822105261135,100.0,1
1107,7.432520935096579e-07,0.18611989504060947,-0.12163008885610622,-1.5,-58.225848892179044,40.50497979786649,1963.2581041214348,100.0,1
1108,7.581257423018176e-07,0.4573508604329932,-0.1810700479948518,-1.5,-73.63960140722922,136.2387825126117,1958.4252575756361,100.0,1
1109,1.590702489622024e-07,-0.24942875965075278,-0.007260040593063247,-1.5,-25.493010480621532,-107.96244306233972,1961.4044722011768,100.0,1
1110,1.3129470366214166e-08,-0.39214718381355196,-0.02215398181212345,-1.5,-27.205017987525945,30.0950521871491,1964.1200220700064,100.0,1
1111,2.752138079078462e-07,0.23594059325392472,-0.13920615594783656,-1.5,101.58416473413224,-60.73595446462989,1960.9704453603247,100.0,1
1112,1.6720907511778793e-07,-0.305735674003093,0.16248185277242028,-1.5,48.56285655893198,-160.8341747532137,1957.3418974365263,100.0,1
1113,7.311778859431193e-07,-0.21524403841158668,0.1748868318503094,-1.5,69.19060014811606,-140.5694661994117,1958.2814333720492,100.0,1
1114,2.8291732016711263e-07,0.03859306531185206,0.31452468473015727,-1.5,91.61508703338725,-52.80229692678768,1961.6910764779584,100.0,1
1115,6.727537956583755e-07,0.40217771387072576,-0.09419876092254177,-1.5,121.77950022422053,-26.826299337813275,1960.57731019593,100.0,1
1116,2.336190789811102e-07,-0.06972176235141664,-0.06344222224500301,-1.5,-52.3175010486341,136.66731660186286,1959.080960533026,100.0,1
1117,3.4574096343642946e-07,-0.20095167697372612,0.20007586128905588,-1.5,-80.90531370875453,48.46195319024508,1962.2739501845317,100.0,1
1118,9.748206314597173e-08,0.15228283476726234,-0.2895784907432645,-1.5,165.86759326661422,-17.41586200208027,1957.4467848503052,100.0,1
1119,7.294936959756718e-07,0.33326173871227593,-0.09348098151199204,-1.5,142.654817422659,7.18633280204458,1959.3394922659772,100.0,1
1120,3.9065552733822556e-07,-0.09503072785976142,0.3925163627402181,-1.5,-120.78368462838286,-9.132720669040372,1960.8011579981546,100.0,1
1121,5.439483892050253e-07,0.30205053348458594,-0.03470107732300462,-1.5,-145.69600589506268,-72.71683485179531,1957.7789001982562,100.0,1
1122,5.14230551289922e-07,0.15824034906758108,0.0008870882196940906,-1.5,-71.20934836336413,-140.4060273208246,1958.220790019292,100.0,1
1123,4.036285033521415e-07,0.05154779844582004,0.42207277812902694,-1.5,-117.54613053202453,-106.53753540689692,1958.1230673817474,100.0,1
1124,1.0123129436270583e-07,0.41191480759925886,0.07325055193975466,-1.5,23.502421570272897,-64.67891412963634,1963.3332780028652,100.0,1
1125,1.1281467679463121e-07,-0.29436077808348365,-0.219665023856539,-1.5,129.1091464177138,-36.354285882219585,1959.954713883822,100.0,1
1126,6.968333762388693e-07,-0.21183742245489284,-0.37705529404520305,-1.5,-101.00061487106252,47.66619767729045,1961.361796217309,100.0,1
1127,4.713813525179784e-08,-0.08915276988737336,0.3387909731799312,-1.5,84.40387740418716,41.43415363099925,1962.2875637016489,100.0,1
1128,9.680594678726637e-08,-0.36168902217059595,0.05775728134964915,-1.5,-48.18924756498132,-155.04776467631234,1957.8179878002275,100.0,1
1129,9.574248864842543e-09,0.030233472837597353,0.30785698708572007,-1.5,-130.23808552634316,82.61700303377846,1958.4753657256658,100.0,1
1130,6.462051573852283e-07,-0.2852711577234135,0.1316054941986362,-1.5,67.74901009584195,148.81699614692715,1957.7223652895655,100.0,1
1131,7.180834672407601e-07,-0.24940271227961722,-0.25639801931982314,-1.5,43.36423889235232,-115.37066434572786,1960.668875373872,100.0,1
1132,4.0322922293607716e-07,-0.05026636009548895,-0.03015495631299114,-1.5,-72.40569785938627,-120.68075148110142,1959.4914792888442,100.0,1
1133,6.296972913441062e-07,-0.38429105218516507,0.06524726894059354,-1.5,56.76530900353839,34.695645843761994,1963.4121314994843,100.0,1
1134,3.339016342738218e-07,-0.49559565656375915,-0.00038349671380999466,-1.5,-151.56488052655928,1.3834118287141193,1958.6830931594864,100.0,1
1135,4.54645480641466e-07,-0.2574117920128808,0.02766689559189164,-1.5,-44.651060336748756,-163.01642845667888,1957.2545090330393,100.0,1
1136,1.9949540925533096e-07,-0.006639329184211938,0.297789961795004,-1.5,147.83077919299643,-21.632452561890606,1958.8495051906057,100.0,1
1137,5.365387247353514e-07,-0.06288015955498394,0.06669644532845966,-1.5,29.523235889617798,56.61895865763183,1963.5009443158572,100.0,1
1138,5.807736245727201e-07,-0.3106227688321254,0.2815429439961174,-1.5,12.075304562451617,119.6431366532934,1960.8551688326236,100.0,1
1139,3.6397285577419947e-07,-0.024924601561724487,-0.04373191162889641,-1.5,5.922763012824354,145.21270048681146,1959.1558076788463,100.0,1
1140,9.06780790388064e-08,0.30098826795447203,-0.10852044876936337,-1.5,-86.75183231930441,48.62444110218046,1962.0201501470046,100.0,1
1141,9.020526571119564e-08,0.4474975258826264,-0.04465641843468889,-1.5,43.94666870459037,138.72960793014082,1959.141667276629,100.0,1
1142,2.2153270047359028e-07,0.09544784541240704,0.4695606838124975,-1.5,-18.734708233028464,90.61101478668839,1962.3587696883772,100.0,1
1143,3.8029069242326257e-07,-0.292680776264171,0.29450892122713174,-1.5,21.914291255078528,-81.82350100371576,1962.7118904180547,100.0,1
1144,6.225046250399355e-07,0.2878015272015286,-0.149353664050258,-1.5,152.87704180792045,32.30524650913256,1958.3151603871565,100.0,1
1145,5.135713390050998e-07,0.27143709190351856,-0.2838605284996955,-1.5,54.58109867973102,-13.144067074127207,1963.7365972639498,100.0,1
1146,4.008061325186274e-08,-0.11534108679961055,0.1962208974590377,-1.5,59.44299445033595,-90.13494638874874,1961.5696541587315,100.0,1
1147,5.280170572645458e-07,0.19147087557893083,0.04848911746782704,-1.5,-44.522094700362274,114.78750552244043,1960.677152905485,100.0,1
1148,2.2121134929716862e-07,0.23110978706904675,-0.23103547687032835,-1.5,-90.95999453135103,46.428877162637235,1961.882750071065,100.0,1
1149,5.522765217332046e-07,0.1900466912976555,0.32805154288613525,-1.5,7.644343242402658,50.23898730152941,1963.881588700663,100.0,1
1150,5.427093737955927e-07,-0.39344268135448407,-0.20801916527755462,-1.5,31.95452397347021,-142.40759166474865,1959.110071563108,100.0,1
1151,7.023858732054223e-07,-0.07809373805885814,0.2831021054719549,-1.5,-15.533945858772384,-73.25263836890377,1963.111314664602,100.0,1
1152,3.3460069664327555e-07,-0.21163578797085011,-0.30700929597179927,-1.5,-66.29859497938894,63.78600412655165,1962.38353240325,100.0,1
1153,2.677811087014348e-07,-0.06341774960619197,0.09443366770690836,-1.5,-35.52309092759438,-66.08814242119645,1963.1056399767174,100.0,1
1154,2.140085362981512e-07,0.41858116163670944,-0.13414764283891253,-1.5,90.61498650187012,2.7116692338746926,1962.4461412577323,100.0,1
1155,7.35624877324044e-07,-0.2612912245657033,-0.144081118928877,-1.5,64.63549568200165,-144.98641159247214,1958.1150322229823,100.0,1
1156,2.421635076808296e-07,-0.03747571360846123,0.09628408576443799,-1.5,-72.62450119754948,-140.34071474630858,1958.1734989209801,100.0,1
1157,4.808810918586405e-07,-0.14712133920408124,-0.07446931269826153,-1.5,27.051205485811426,-66.68962433366877,1963.220316865667,100.0,1
1158,4.79676674562283e-07,0.17524327830255312,-0.31806042061787454,-1.5,-45.44675301270023,-119.11575297818747,1960.3977444128966,100.0,1
1159,4.600171026084211e-07,0.17879049383474332,-0.3643838736321268,-1.5,-12.94968620369155,60.86080782158258,1963.55329796893,100.0,1
1160,4.048635497599069e-07,0.12416652815501147,-0.1385777581746063,-1.5,16.763555463907423,-166.89709871785607,1957.3649705443033,100.0,1
1161,3.3164586109434957e-07,0.05622753377381917,0.038399136080501266,-1.5,61.14529681364054,-93.54281054040518,1961.3577647996565,100.0,1
1162,3.4163985331334996e-08,0.36026746054358594,-0.03669071171422444,-1.5,-66.77872239461074,-56.09209457504862,1962.6022433054688,100.0,1
1163,5.966661479264999e-07,0.13553741897633745,0.24856571140657913,-1.5,-27.464000593069276,-68.87135363020253,1963.1392593462897,100.0,1
1164,1.894867468001362e-08,0.009436894328548318,0.10778400571991685,-1.5,-53.188759214361255,-125.19584653476798,1959.8240334708141,100.0,1
1165,4.1683218649282393e-07,0.15403417886552837,-0.44383930341324707,-1.5,24.625635694530956,36.12443440534868,1964.052415179306,100.0,1
1166,5.448571849848619e-07,0.24257141207950025,0.16299239006176197,-1.5,7.163394163713148,4.495929191721237,1964.5207452890106,100.0,1
1167,1.2544763936693027e-07,0.11535596554115853,0.3139303840674006,-1.5,-74.50395715361621,-0.9641304574536568,1963.1254460902503,100.0,1
1168,4.2348642311749536e-07,0.33318480245677656,0.24345525803765322,-1.5,-30.806647325133188,-162.63122539163393,1957.5534018959308,100.0,1
1169,6.362864599112253e-08,-0.19484912714491967,-0.1819925252583589,-1.5,53.36742039294444,-23.253822765300267,1963.676262634331,100.0,1
1170,6.158900845283736e-07,-0.0987012959445388,-0.03450550573023014,-1.5,-124.18921435192074,-115.92951893278801,1957.1792641311108,100.0,1
1171,1.9580748771687585e-07,-0.2331966884674159,-0.2790548190538866,-1.5,-46.249487469971925,-121.30943475932511,1960.2444470558435,100.0,1
1172,5.878656965989074e-07,-0.20519309255926832,0.3953840111502478,-1.5,-10.909853016843662,-28.987639024339398,1964.2947788346526,100.0,1
1173,7.584876172456169e-07,-0.1368469260471704,-0.15711473453202032,-1.5,-54.007896722590786,-80.72942761908782,1962.1363848810377,100.0,1
1174,6.670524460868237e-07,-0.15535237898374835,-0.06772802096476041,-1.5,-23.37244451725393,13.287043129942115,1964.3549754533376,100.0,1
1175,7.426854227266432e-07,0.3937416465104951,0.28813048974213207,-1.5,-154.66619096277762,16.841281192212012,1958.3687157649863,100.0,1
1176,5.07546533350074e-07,0.14807485237682302,-0.022512029543329804,-1.5,-113.76214152404137,122.53193653873734,1957.4108883803783,100.0,1
1177,5.083199676064729e-07,0.34595999563978025,-0.08986881987518869,-1.5,105.94086857284455,12.575313227020928,1961.6400485638044,100.0,1
1178,6.388120753768483e-07,0.14444966728577174,0.15800020833458117,-1.5,54.448614868755996,-70.39913322418766,1962.52199902225,100.0,1
1179,7.632975006110956e-07,0.17757427259348807,0.1618697875624979,-1.5,-147.90007535573946,-32.77528938383541,1958.6895196487123,100.0,1
1180,5.008472507197617e-07,0.005978363732863838,-0.3111450391916967,-1.5,32.13061084493361,24.28338693292781,1964.1260721328274,100.0,1
1181,2.0168122645246993e-08,-0.49646005629893286,-0.02242508749777556,-1.5,139.78448669327415,54.319717709684944,1958.8065120919855,100.0,1
1182,1.951285085993525e-08,-0.1928773828953197,-0.346909379462791,-1.5,-114.24591167566615,39.44059592468563,1960.8175838982659,100.0,1
1183,1.0023409738628505e-07,0.11206178836046567,-0.30016919687104854,-1.5,-29.371675967949905,-148.45291586042526,1958.7016931348944,100.0,1
1184,6.261282321351649e-07,0.2987038754803777,0.3267771721457367,-1.5,-128.29783161985256,113.31489384391367,1957.0673691779027,100.0,1
1185,7.658014039532355e-07,0.17072234866042635,0.3704281948587657,-1.5,78.71289746598613,130.12937305823488,1958.6433856897256,100.0,1
1186,6.631077702548726e-07,-0.11537142632766083,-0.31759221880798094,-1.5,-121.51492534774805,-23.29633718835155,1960.638847380483,100.0,1
1187,6.259814101035554e-07,-0.11841034489204715,0.33318019835259205,-1.5,23.006734371434067,30.28844940339328,1964.1707121002573,100.0,1
1188,1.6236358276613093e-07,0.4072389101402015,0.1922842714417652,-1.5,-143.47535054026505,13.400414333529762,1959.2469315911073,100.0,1
1189,3.646107535364753e-07,-0.04195289636669944,-0.3849561642917092,-1.5,103.29009756223213,56.63400648804024,1961.004087532922,100.0,1
1190,7.661325268546112e-07,-0.24633623259031395,-0.1166971221718714,-1.5,87.17602194331512,125.26467491040306,1958.602151710209,100.0,1
1191,3.804135137828039e-07,0.159361089447862,0.3001819617654222,-1.5,-62.24529174251685,-151.81773742409695,1957.6746881250338,100.0,1
1192,4.034652479092192e-08,-0.3809133180827671,0.16697412226353442,-1.5,75.41180408634246,67.27045189533499,1961.93808066727,100.0,1
1193,2.443697961959917e-07,-0.1909250935924944,-0.16969666182788815,-1.5,126.04883324801787,-45.146977801854895,1959.9711039447247,100.0,1
1194,2.857385375768366e-08,-0.029860500007907628,-0.4327750816201708,-1.5,-12.774617086569627,138.6035876571243,1959.6017812078546,100.0,1
1195,6.613361531660623e-07,0.35844090165327575,-0.13756068482431888,-1.5,-56.6490243464476,-126.8346606299447,1959.621683685301,100.0,1
1196,6.307305561955708e-07,0.18617337195078024,-0.3527560749774968,-1.5,-31.840129496653233,-55.1265910296975,1963.507206857467,100.0,1
1197,7.449095291461751e-08,0.11564832194073829,0.47623441678860373,-1.5,41.137857404637096,-41.86009928925359,1963.6620623319536,100.0,1
1198,1.2863575378997879e-07,0.11895766309013601,0.43934086248519494,-1.5,-73.12982749740789,-28.795465359565902,1962.9661575715097,100.0,1
1199,1.5637839033684109e-07,0.057075062717009815,-0.21572960366248062,-1.5,69.71335470974792,-77.93460030932397,1961.7541977821456,100.0,1
1200,6.422485025891864e-07,-0.20956804713827457,0.23772286640676132,-1.5,130.38515676575585,24.276026879922465,1960.0570582715764,100.0,1
1201,7.121317542308797e-07,0.06351179639959054,0.14381851114590732,-1.5,-99.070758901783,109.6931366789677,1958.9705681204823,100.0,1
1202,6.171022706145822e-07,0.19428731412203987,-0.38163084685773835,-1.5,136.48025824461993,-6.4941325131993795,1959.781684682892,100.0,1
1203,2.068509362392487e-07,-0.3407613449505877,0.2627999692638479,-1.5,24.52745466434709,164.14394705894023,1957.5158887931743,100.0,1
1204,1.366114882995481e-07,-0.06472805060723781,0.03169272605469769,-1.5,-52.392773480678386,-86.66416804984448,1961.9270133033394,100.0,1
1205,6.473928257458586e-07,-0.2722229689787247,0.21638605167023242,-1.5,-21.50176466815229,-134.45588380502622,1959.814423789277,100.0,1
1206,6.784373960777964e-07,-0.09538233379088056,0.13355686158210137,-1.5,-79.48436020276988,96.92762135436107,1960.535783648917,100.0,1
1207,7.732152077797888e-07,0.28894889168738913,0.2927363381944243,-1.5,51.96774346031612,54.11632473286043,1963.1057188300333,100.0,1
1208,6.561776865794691e-07,-0.02307457309972943,-0.2459913904516873,-1.5,-42.432704741048106,-116.45819011548154,1960.6249620438673,100.0,1
1209,4.115051038317633e-08,-0.4649436556018684,0.16427220187092847,-1.5,-81.91284352844653,-66.70654894092786,1961.6966658124306,100.0,1
1210,5.705191973880546e-07,-0.09512714342376213,0.4214390921149671,-1.5,82.099295296922,-130.5907858807975,1958.473650223795,100.0,1
1211,1.119330918862445e-07,-0.42325867693056785,0.06081974704109543,-1.5,139.83688968293603,-38.31739263231856,1959.1811319966805,100.0,1
1212,6.216163388298711e-07,0.13025508900937613,-0.03993490997921735,-1.5,-93.8700086274575,-109.89963746698393,1959.2150921813147,100.0,1
1213,5.790149288878876e-07,-0.3920958051275506,0.15672991579450798,-1.5,-112.63532124401742,7.313061377302452,1961.29372859031,100.0,1
1214,7.505734082899964e-07,-0.017655158085597342,0.45253053656308057,-1.5,-72.64429059137522,-24.479167769120345,1963.0427564513052,100.0,1
1215,2.888556891299283e-07,-0.10122036940614688,0.41941066809797967,-1.5,67.09986026736078,-21.908028984577008,1963.27046870375,100.0,1
1216,7.42222366311503e-07,-0.46105558146399583,0.02396865021036799,-1.5,50.810042079260846,-28.662385417269398,1963.6726034530875,100.0,1
1217,6.750114932501526e-07,-0.056693149651861896,-0.3233038184001653,-1.5,-98.10728052905326,11.122665066049915,1962.0562005445088,100.0,1
1218,7.137483461467028e-07,0.46300116799010627,-0.1808020602347776,-1.5,-91.14741468321796,123.25097449919478,1958.5491141014809,100.0,1
1219,5.797027644229744e-07,0.49516789761951907,0.0018350815660094098,-1.5,-80.38137067722862,-149.20467180361987,1957.2148802382826,100.0,1
1220,2.3819460734968998e-07,0.4358257691386331,-0.04719457010999698,-1.5,149.97939630789205,14.145132798589952,1958.7545487292075,100.0,1
1221,2.3426975475048036e-08,-0.16245230585612117,0.1980633677738613,-1.5,116.66931898472333,-15.624496587673836,1961.0092889581513,100.0,1
1222,3.8219089968491014e-07,0.10402638344998986,0.2769710351613706,-1.5,-48.0198923309305,21.684897280381296,1963.8322589866468,100.0,1
1223,7.253015513363967e-07,-0.021659552109083793,-0.30069725096358785,-1.5,96.28367378278344,115.64156390377968,1958.76741067614,100.0,1
1224,2.171853858495674e-07,-0.30443951692768273,-0.024353466445069073,-1.5,-147.5822420637399,-66.92741060223025,1957.8440923126773,100.0,1
1225,3.30570554680298e-07,0.1746909601691708,-0.30677038231348763,-1.5,42.11768872145926,-147.0371955982281,1958.5758728406468,100.0,1
1226,5.68719709505144e-07,-0.22592441315124473,0.06317936881342552,-1.5,-96.38987137560144,-7.910578047877423,1962.156900382147,100.0,1
1227,3.2355556820093743e-07,-0.3209801304236863,0.26725423881270893,-1.5,-123.89638150435978,-10.709512903523292,1960.598959310554,100.0,1
1228,3.7937585389009095e-08,-0.4248824146926577,0.22738973945489083,-1.5,-117.76219981562215,17.009657713741262,1960.932436904744,100.0,1
1229,6.988177580538472e-07,-0.2574940959717697,-0.009917724466397045,-1.5,37.34438472971289,-23.11023589158687,1964.0480137186885,100.0,1
1230,1.5468065746674737e-07,0.3028871183494433,0.1845283721912491,-1.5,-122.5770189048287,-58.66399775743912,1959.8333337479623,100.0,1
1231,1.0948183903129612e-07,-0.2710163442507272,0.3280653359091114,-1.5,123.10293530892977,-109.98677654803657,1957.5908312436052,100.0,1
1232,6.272705380566583e-07,-0.04237968256717743,0.2790142186315111,-1.5,-3.5317972036037872,1.2645844398600414,1964.5353683507044,100.0,1
1233,2.030749854797397e-07,-0.06419437416465394,0.2393502917311376,-1.5,-109.02841659863961,-75.22592594885072,1960.0681495053336,100.0,1
1234,7.014459101054203e-07,-0.4876562339257931,0.08891283040530096,-1.5,-100.25695731227584,77.96963242893527,1960.4291788267976,100.0,1
1235,7.129367663639765e-07,0.46241512563184295,-0.0024889327212096646,-1.5,-125.32640354007859,-19.831535608623927,1960.4370148100256,100.0,1
1236,1.0838288455600844e-07,0.06464246234302465,-0.1756984950443782,-1.5,62.28309863774123,-156.3411011156718,1957.3174402718003,100.0,1
1237,1.2243690694258578e-07,0.29379836709830326,-0.041368841131675334,-1.5,44.26442692498846,-30.228378991777756,1963.8075750639784,100.0,1
1238,5.771610956644599e-07,-0.19765640078955576,-0.007489504299002436,-1.5,-125.79964223508685,-11.994121299982593,1960.4703204419843,100.0,1
1239,1.307949880211537e-07,0.33670185701552974,-0.0573891373268271,-1.5,-14.803517045432198,-162.0499982569105,1957.7880222879473,100.0,1
1240,1.1072311343438467e-07,0.37297360193108947,0.275962380662476,-1.5,-15.51852872427542,-45.81693787811482,1963.9432959573548,100.0,1
1241,9.123491161685234e-08,-0.06960809037776677,0.4750441258673,-1.5,96.79746711079616,93.02369460596432,1959.946460714915,100.0,1
1242,7.159709546236012e-07,0.38922205767698254,0.01284844292303819,-1.5,-77.12823786800843,49.646044831067606,1962.3964409420792,100.0,1
1243,6.614618652367384e-07,0.2570659993636351,0.20999448457279646,-1.5,94.54258207856495,42.21159651593989,1961.8086470294763,100.0,1
1244,1.8538844672685427e-07,0.1270803365273062,0.1697674772356881,-1.5,-42.55697546047761,-90.88345533841658,1961.9741047352122,100.0,1
1245,5.085155364342973e-07,0.1540245747657818,0.2957737940304409,-1.5,-39.591643843610065,98.87432444980682,1961.649728154465,100.0,1
1246,5.400713948095795e-08,0.08955594856038006,0.020048590353086638,-1.5,139.39629896685662,-95.77213317445961,1957.2454257470338,100.0,1
1247,7.112793517550604e-07,-0.015842121639759364,-0.40590840540164896,-1.5,63.33371401878639,64.41876526460527,1962.4607893194966,100.0,1
1248,1.2960213609968835e-07,0.14676917400898856,-0.3682731185663822,-1.5,94.0493717212696,15.382173146905572,1962.226131386045,100.0,1
1249,3.4413147297385706e-08,0.2578669224199929,0.2800766212219388,-1.5,67.14546058241775,-131.47954158963594,1958.9838956797694,100.0,1
1250,4.675744295809792e-07,0.4519807828909097,0.09504225516357728,-1.5,58.855925645303905,114.70599016076899,1960.3040075722447,100.0,1
1251,4.244650468383405e-07,0.2643229346985096,0.1044688677976752,-1.5,-144.63158636605291,-14.534309776456057,1959.1538337585164,100.0,1
1252,4.986194978763278e-07,-0.2636740180599093,0.2729397984490152,-1.5,88.25410701171646,-28.643967990699885,1962.346560105896,100.0,1
1253,3.0575935386965883e-07,-0.2805382870366228,0.11067186624661246,-1.5,-6.538910316708615,141.60611148735615,1959.4178314253015,100.0,1
1254,1.238842566322324e-07,-0.22479543840805963,-0.21575502809732214,-1.5,112.83364206704084,-111.56034400192232,1958.1205645031644,100.0,1
1255,1.938975537671643e-07,0.0912090686727714,-0.19509269585421368,-1.5,-86.93953897522127,126.33969738894717,1958.5436129156217,100.0,1
1256,6.183125483638272e-07,0.22316728266310773,-0.3398871150532643,-1.5,-8.694963305971072,-7.917886905791312,1964.503751827974,100.0,1
1257,3.133514436757113e-07,0.1406104914359186,-0.09610763530767073,-1.5,100.7475908227912,-133.3124742680947,1957.4194730343452,100.0,1
1258,4.163185839922129e-07,0.20979371900638258,-0.3799242680056785,-1.5,-150.83731581080914,-4.782839879042635,1958.7339060903125,100.0,1
1259,1.4465857140380512e-07,0.4235519107768773,0.14994709140235388,-1.5,-86.04891986901805,-103.82152060678902,1959.9056001538443,100.0,1
1260,1.2622287884432275e-07,-0.3744798695907364,0.050424252697229735,-1.5,20.589004415998392,21.034508035069198,1964.3184387046342,100.0,1
1261,5.389196083558046e-07,-0.0882862168522107,-0.26199544471281594,-1.5,-9.448138159229682,42.66619401659516,1964.0528543905314,100.0,1
1262,5.543248263740774e-07,0.19846048557095233,0.07647153768436414,-1.5,-110.2636554805776,-121.1713573167275,1957.695766637966,100.0,1
1263,6.962858558479476e-07,-0.33899084690757647,-0.06682773521033064,-1.5,1.734671188512903,-51.28615157720176,1963.8686330400003,100.0,1
1264,5.8237605697570554e-08,-0.47010123440911006,0.01764058303355853,-1.5,-24.114468490853653,-81.84825495189737,1962.6850592585822,100.0,1
1265,7.244760311858388e-07,-0.2983456979155715,0.05462772488357585,-1.5,91.44695541325937,-97.60998351094848,1959.980365139092,100.0,1
1266,2.9245725836807686e-07,0.25446480497864044,-0.4272308924915974,-1.5,-154.1075915657806,-10.868774184246888,1958.455004904544,100.0,1
1267,6.286198771102043e-07,-0.10996359931101128,-0.14977421149477016,-1.5,122.05974627941458,62.49217796382532,1959.7472878658803,100.0,1
1268,4.895837901171937e-07,0.05202902528080099,-0.2571948115077871,-1.5,15.36449151299201,31.52538186987754,1964.2258956048402,100.0,1
1269,1.1593168554169809e-07,0.46384569651175683,0.08120724123525196,-1.5,-80.683769327212,-75.25504503287256,1961.4382717359179,100.0,1
1270,2.8372012188799304e-07,-0.2870480388407357,-0.1611757818513005,-1.5,-31.912880755252175,-131.40478229892742,1959.8794956570682,100.0,1
1271,5.238211993940307e-07,-0.04609079537437548,0.09637201896184876,-1.5,140.51824906954096,44.32831269228611,1959.0055917833458,100.0,1
1272,2.401909313013821e-07,0.05724992739418799,0.2679323612404463,-1.5,-43.44175129364844,-164.74526331835978,1957.1369647331371,100.0,1
1273,1.4876751916511862e-07,-0.09301384003543013,-0.1709705179842487,-1.5,84.90956655365,-57.425873537592146,1961.8628700350714,100.0,1
1274,4.767390769897499e-07,0.1549535236375461,0.3825342013908945,-1.5,-114.68404099897394,31.565239227224225,1960.9345967366696,100.0,1
1275,7.356700168779572e-07,0.12559071287574142,0.25601819398331715,-1.5,59.39849794376211,103.40833881543895,1960.9160665800023,100.0,1
1276,5.534408940580988e-07,-0.1653389806094624,0.20188067190904238,-1.5,108.45017840140976,37.097790466380566,1961.192392146509,100.0,1
1277,6.675431549439865e-07,0.0068881149832591745,-0.052023171109269364,-1.5,113.32277003239827,39.69020717732885,1960.8661156520952,100.0,1
1278,4.433312492233643e-07,0.004008022263886393,0.2566823722679243,-1.5,34.14623946569373,95.97679797453193,1961.8959643281391,100.0,1
1279,7.411696695488101e-07,-0.027965262927021232,0.17806967240056512,-1.5,140.86619972442418,40.233694984975536,1959.0689752607452,100.0,1
1280,5.507254949115265e-07,-0.3545193422776671,0.11854080311494454,-1.5,162.5872182025648,2.2777575921388635,1957.798124057645,100.0,1
1281,7.464618840303765e-08,-0.0525016980137995,0.4784887339466243,-1.5,-49.911425600207096,139.57294346967197,1958.9388784012374,100.0,1
1282,3.398710233165524e-08,-0.1703628255410998,0.43968126206987945,-1.5,69.35955241212723,149.42866611765376,1957.6193737541573,100.0,1
1283,1.688927472668055e-07,-0.2909886090383705,0.3686354150089635,-1.5,145.90968152953332,23.9938445954254,1958.9660401659883,100.0,1
1284,3.7039570883903196e-07,-0.018274229586939406,0.49039014737522585,-1.5,-157.82416634984963,-1.4281610173674337,1958.1886474847654,100.0,1
1285,2.814546754123647e-07,0.14805297789123245,-0.4353258265188028,-1.5,-105.69613051797982,24.866406856893178,1961.5359481971482,100.0,1
1286,2.1960729660305025e-07,0.14666787208128818,0.42578316523904725,-1.5,-108.10965315198146,108.34356357078228,1958.5676555570587,100.0,1
1287,3.5942416397636343e-07,-0.05936393216443495,-0.21231342588429947,-1.5,-49.607925552992945,89.52503263356647,1961.870945939212,100.0,1
1288,1.1583305359646629e-07,0.4352292113622741,0.13050572184989348,-1.5,52.048122327717664,-68.71986037183933,1962.6466467550304,100.0,1
1289,5.702236441843728e-07,-0.11625079461607053,-0.3644501441976057,-1.5,32.51777533939576,-110.94244335100704,1961.1342776098777,100.0,1
1290,7.3376985776658e-07,-0.34995985912096716,0.1252023907465089,-1.5,17.408988248022354,-139.9813173229981,1959.4681534015372,100.0,1
1291,6.977999428849252e-07,0.2975756475419737,-0.204621456316323,-1.5,51.70358635055162,-100.63508322174353,1961.278309024391,100.0,1
1292,7.489225115715862e-07,-0.05548512513079395,0.17224475627288183,-1.5,63.5398545959932,122.70684597408226,1959.6731878288135,100.0,1
1293,4.791756704905306e-07,0.3306444203685488,0.2953076740097506,-1.5,18.73124839113344,-22.32908003706109,1964.3227430299073,100.0,1
1294,6.231321296132333e-07,-0.4226923509777441,-0.2192639104583381,-1.5,21.06532197060143,27.404264767989762,1964.2348496931145,100.0,1
1295,3.752447260429023e-07,-0.40271179531726187,-0.04280022334679666,-1.5,-158.9232686919449,46.717335577598305,1957.5428913540895,100.0,1
1296,3.689903969964616e-07,0.001477606725893547,-0.3992267034464278,-1.5,-84.03273874866991,2.124125204642462,1962.7397364848566,100.0,1
1297,6.701662941076832e-07,0.11381633788354949,-0.12701254298420486,-1.5,103.417593116391,85.94236426382429,1959.9316308802427,100.0,1
1298,6.60585442455178e-07,-0.4696375777351137,0.049796523848232514,-1.5,-107.6281269331696,-45.924302365155015,1961.0508486551955,100.0,1
1299,2.3127209790938782e-07,0.09710157490512072,-0.02961247751846642,-1.5,-34.862891460270596,75.75882272598221,1962.7680621622958,100.0,1
1300,1.6834660925764728e-07,0.3135590048535332,-0.04152587064847393,-1.5,-49.48951681666307,120.18071053486779,1960.2348509315711,100.0,1
1301,5.20453078342119e-07,0.008286866847158899,0.024770597383558652,-1.5,-84.15480777878,-139.59643706102463,1957.7650751184922,100.0,1
1302,6.73366219660433e-07,0.2931952009266555,-0.2714311517058592,-1.5,-34.694523170480885,-85.48117037604625,1962.3716635335024,100.0,1
1303,4.290230778331044e-07,0.00560783797744856,-0.36138510371019417,-1.5,69.73408737691446,-36.11881154547682,1962.9686382559407,100.0,1
1304,1.834631310351426e-07,0.1213795604273341,-0.09800894001154686,-1.5,14.773394662457973,-136.29039556455348,1959.7499741429099,100.0,1
1305,2.3517080855494361e-07,-0.3117270916408737,-0.08261487406841397,-1.5,74.93292639085949,67.41925478542505,1961.9513212342479,100.0,1
1306,2.6129228419862616e-07,0.05020058884242222,0.3767385669267889,-1.5,82.00384105343772,82.72219487402883,1961.082786318272,100.0,1
1307,9.94034849667476e-08,-0.1966389264213885,0.24977053380565006,-1.5,-22.618565900461764,-158.64053734136817,1957.9925604186496,100.0,1
1308,7.542267399631624e-07,-0.47268847189086244,-0.04666999725121245,-1.5,-105.87782389352516,22.117211166632725,1961.559074217219,100.0,1
1309,2.0517865874643398e-08,-0.34541470421926834,-0.34512378304860614,-1.5,61.66747532451753,-107.81893379740538,1960.6084479742563,100.0,1
1310,3.145667363932213e-07,0.255080077726955,0.061489205481554385,-1.5,61.74748399584406,135.37502235649842,1958.896152890268,100.0,1
1311,6.901438246273235e-07,0.22597970282376725,0.1916351872167148,-1.5,49.18787965496882,36.21834065220831,1963.5890788455665,100.0,1
1312,4.952175452376735e-08,-0.12100273017043434,-0.0014513297679376606,-1.5,85.31074608675517,79.08435153348711,1961.091794947595,100.0,1
1313,5.314033100444035e-07,0.21037410277642893,0.19359285949235788,-1.5,135.75721875591893,33.07051636769375,1959.563626108875,100.0,1
1314,2.7123015922835825e-07,0.44756375688053235,-0.01462363010762905,-1.5,130.9734782520093,-28.814308892209073,1959.9563693775854,100.0,1
1315,6.437652970247003e-07,0.20032960725917565,-0.4037104255427068,-1.5,-76.9525298406415,116.7960915939453,1959.5535888068066,100.0,1
1316,7.403896681721492e-07,0.23620157010689422,0.3760908061020296,-1.5,-104.93140109423607,-76.67743469462759,1960.235510937189,100.0,1
1317,2.657153504928723e-07,0.22234960328788309,-0.10998489561207787,-1.5,-56.2044262432162,-33.213513562806796,1963.4538984283831,100.0,1
1318,1.5802263918334867e-07,-0.4147370973999579,0.2734612522677691,-1.5,20.431761791332722,-10.918171651783652,1964.4023576915233,100.0,1
1319,3.850012422988164e-07,-0.03913278146720154,0.38951888157072817,-1.5,-110.93477760406567,81.77035051166312,1959.6990511711913,100.0,1
1320,6.2741478846492e-07,0.052326509064562814,-0.15094678837252729,-1.5,-118.40595144904199,8.035743097233611,1960.9509794384085,100.0,1
1321,7.225101397483759e-08,-0.29466083678269167,0.33777419718037827,-1.5,79.77549212806463,-6.803774085544059,1962.9067389410147,100.0,1
1322,2.279097290624087e-07,0.2742141572319682,0.31500972230350943,-1.5,-63.4524482502571,-158.817135036076,1957.0805273917863,100.0,1
1323,3.0826823892279613e-07,-0.1910492745041309,0.06188275284137598,-1.5,-146.82817118914033,-24.752681500733065,1958.8879700406317,100.0,1
1324,2.707891222912598e-07,0.2982573755510044,-0.14220748630806357,-1.5,36.75101667300178,159.18869587591183,1957.7337939936979,100.0,1
1325,2.0079015327487378e-08,0.3137452142499175,0.25693151061578046,-1.5,122.10925578543248,-5.7278086830572175,1960.7319572357026,100.0,1
1326,3.2283041703699153e-07,-0.296444166205085,0.2895019894494001,-1.5,-56.19063228523639,27.84338178051077,1963.537788075529,100.0,1
1327,4.3501504596195516e-07,-0.25821479986036666,-0.3364370053667307,-1.5,21.407089243584828,78.2726049677382,1962.8623033997603,100.0,1
1328,7.538583624363339e-07,-0.06470967889815203,0.44426438330347756,-1.5,-23.69193301526506,-153.20801901279296,1958.4124390654556,100.0,1
1329,6.584228316381195e-07,0.27435603223711685,0.29497694050217077,-1.5,-64.37955548611423,-146.5489105778206,1958.0071439884982,100.0,1
1330,1.8457829248130744e-07,-0.006451104471192859,0.34139533651275517,-1.5,23.38520157846942,-168.42719215310618,1957.165986715661,100.0,1
1331,7.195477472383253e-07,0.26596291105357495,0.1656609466911916,-1.5,115.72827406974324,-14.742675528570581,1961.0718768992708,100.0,1
1332,3.2870482519878726e-07,-0.1340859585347445,0.282318837167622,-1.5,98.37233624603245,136.10739459315693,1957.3479370987395,100.0,1
1333,5.929600661847693e-07,-0.07414634200587254,-0.23323016696769758,-1.5,88.35511252812876,-76.68723421057138,1961.052199321937,100.0,1
1334,7.475999368552723e-07,0.07342264753703771,-0.38159215229179355,-1.5,-8.442050796449328,165.79120814183318,1957.5125269962778,100.0,1
1335,7.361771150527274e-08,0.2039157559960787,-0.12046425018410854,-1.5,111.16078560358903,-22.21609760352736,1961.2656655887786,100.0,1
1336,6.000040418126325e-07,0.15055423454376263,0.04882350151982279,-1.5,17.56929952674886,-91.71501038831423,1962.3182623748223,100.0,1
1337,3.3031419743734954e-08,-0.11714406713885223,-0.299804858729264,-1.5,106.75812805400294,51.34980234208409,1960.9638411148649,100.0,1
1338,5.962182954792543e-07,0.19696128940296945,-0.1320128880526182,-1.5,-157.5638695093233,36.32370345613806,1957.8732088311058,100.0,1
1339,5.457761344346713e-08,-0.34005020417722703,0.1208920068435703,-1.5,-114.52791115137627,-30.85567239297237,1960.9550151175347,100.0,1
1340,4.817293312725845e-07,-0.16735686893967985,0.39689655497550375,-1.5,100.73676391383464,-107.98149594265368,1958.9807010780596,100.0,1
1341,7.334380407998747e-07,0.04556822699515299,0.37112720075076217,-1.5,153.67874098024814,-29.741767963146586,1958.2930215050258,100.0,1
1342,4.339408326990262e-08,-0.09593159864740701,-0.03770268553203913,-1.5,89.55850277249118,15.666385606465552,1962.43397983456,100.0,1
1343,4.896983915629088e-07,0.4666023318529724,0.00013235612055177012,-1.5,93.32432463692774,57.523967950395104,1961.4777209564309,100.0,1
1344,5.087645847309911e-07,0.31135383274403944,0.37283737869924494,-1.5,-21.800511695707954,16.828847832279358,1964.345899742857,100.0,1
1345,6.569102154705479e-08,0.06497505020172342,-0.24749052065672847,-1.5,-133.6644678804541,-62.111061960231616,1959.0021215594786,100.0,1
1346,6.879136268365271e-07,0.1666426142653189,-0.015446875479736203,-1.5,89.99534754930923,43.119476668862944,1962.0027610626378,100.0,1
1347,6.616935765031117e-07,0.38814013014222154,0.14135422451679314,-1.5,-116.87267973676279,124.20521039172642,1957.1221547744092,100.0,1
1348,7.626179661565093e-07,0.2930434518916137,0.22854001898645568,-1.5,14.02463681951785,-148.2092260293793,1958.8901503524858,100.0,1
1349,3.2228636271584697e-07,0.3521225123168849,-0.15317357247967964,-1.5,93.54491468710302,127.4695363664051,1958.166017604444,100.0,1
1350,7.567511807313891e-07,0.21416418550935018,0.03105323941171535,-1.5,72.15116763628842,71.21491510302275,1961.921489545828,100.0,1
1351,1.4356512568552061e-08,-0.1975291656067889,-0.38868137653880747,-1.5,-30.991423270959576,-148.45496534487359,1958.6765790232505,100.0,1
1352,4.7644200861375846e-07,-0.20177642928537465,0.3926592559901845,-1.5,119.05087852075542,36.15938860849016,1960.594979388917,100.0,1
1353,5.89362521607578e-07,-0.372401791228228,-0.21947702802670646,-1.5,-28.039002209548325,-149.3370906270482,1958.6540107901326,100.0,1
1354,6.159992803938374e-07,-0.044705707823049834,0.25069976764439594,-1.5,-163.16865383743635,26.18007765699235,1957.5760215646503,100.0,1
1355,1.7588553476486056e-08,0.35826567658822417,0.22966479413196647,-1.5,-36.77373569884361,-11.439937480177658,1964.161425764016,100.0,1
1356,2.570540643859431e-07,0.4331047572260447,-0.07081925724701554,-1.5,25.02220140244186,4.15625272533207,1964.3751936089984,100.0,1
1357,1.213836351295791e-07,0.05330432323135438,0.3017721128070837,-1.5,-49.83673513557985,20.724312470874686,1963.7973645388586,100.0,1
1358,4.1111763035394465e-07,0.3653319425283892,-0.3233637521093521,-1.5,-99.30277414071172,75.8261339205986,1960.5618181349819,100.0,1
1359,6.140004527041162e-07,-0.24991995388881671,-0.06903573330607703,-1.5,67.22916810045639,-47.01361507718026,1962.8253221364419,100.0,1
1360,6.370551311340159e-07,0.3143044934464345,0.31913550002246194,-1.5,-90.31672438044198,-71.04177580732811,1961.1754744676623,100.0,1
1361,1.443163613558833e-07,0.4783141172092446,0.04758899814378123,-1.5,86.86860749452605,22.363387239378042,1962.4900025756247,100.0,1
1362,3.978668891559359e-07,0.027556961645301966,0.4218537823648795,-1.5,29.107735447671082,-150.9279323781931,1958.5164756088427,100.0,1
1363,3.2355402350495053e-07,-0.1169172387386358,0.018685633633827536,-1.5,-116.87849967076855,0.9853481362741632,1961.0588292220841,100.0,1
1364,1.299793693225944e-07,0.37101573666674065,0.21205740165283846,-1.5,-120.60650336252897,101.63020210783824,1958.1978091174333,100.0,1
1365,5.603800157807881e-07,0.05484564998952514,0.20112779986414459,-1.5,-46.939135304441535,65.51263062967746,1962.8851466835704,100.0,1
1366,3.073745152716323e-07,-0.15815632595157103,0.3609976422596756,-1.5,81.28217828409637,49.367965477682475,1962.235790557322,100.0,1
1367,7.586315712622788e-07,-0.3052908256662878,-0.05406017235516187,-1.5,95.31352720651368,-108.91568285147335,1959.2003449945037,100.0,1
1368,4.845416488841807e-08,0.39806853045720036,-0.02101499824199222,-1.5,104.42343986856592,101.42664972370854,1959.1379905963672,100.0,1
1369,4.948432587304304e-07,0.39805337436435395,0.25475793448730305,-1.5,131.1588565156146,-95.46624248226334,1957.8296241425007,100.0,1
1370,4.564978511712318e-07,-0.3997581568730747,-0.11401452247405958,-1.5,-127.10495825287684,67.12663924270396,1959.2732403005064,100.0,1
1371,2.5524278056703e-07,0.3711926795773926,-0.17455326141379682,-1.5,-107.28111436512795,-14.88920949757788,1961.5510088211433,100.0,1
1372,1.2901563943486154e-07,-0.19575212595425404,0.033283096282715426,-1.5,86.88012214472397,-15.923392959879614,1962.5523117101604,100.0,1
1373,4.301953726483027e-07,0.4025963556700242,-0.14269785347820596,-1.5,-78.2456124820447,146.85950778596862,1957.4787854192198,100.0,1
1374,2.6323239166688995e-07,-0.26426606929908614,0.04089569248039648,-1.5,95.58209955916786,140.413030174763,1957.1820378971227,100.0,1
1375,7.676009663422118e-08,0.46896472831033714,-0.16849936196904658,-1.5,-39.597802540129166,30.170223924307194,1963.9081083106921,100.0,1
1376,2.698695909113152e-07,-0.24406152851525337,-0.3527704418281956,-1.5,-128.96622499785144,8.309436204404443,1960.2836407892353,100.0,1
1377,1.0431272785873535e-07,0.3834593827191544,0.019240180435555695,-1.5,16.142847340588066,-67.05637428860634,1963.3278221970818,100.0,1
1378,7.753807189259923e-07,-0.25370372324250057,0.3518796659894724,-1.5,41.60565066994251,-69.91489855881312,1962.8535765711035,100.0,1
1379,4.207833262000697e-07,-0.39881439809615726,-0.021910925904654897,-1.5,-72.44466429957133,-153.72329907971363,1957.1750571169414,100.0,1
1380,5.532611544070827e-07,0.16965048358297183,-0.1869737757550223,-1.5,-39.56585985359311,-109.89900427574686,1961.0634966413954,100.0,1
1381,2.828299591616578e-08,-0.0522766745361305,-0.3478581797095473,-1.5,62.92877809186049,19.598573036997863,1963.4330014260509,100.0,1
1382,1.0398887407387713e-07,-0.4500103055547228,0.17740923441089262,-1.5,139.6642876088066,13.607583136510474,1959.5208615153958,100.0,1
1383,1.441299507637971e-07,-0.04724140614520054,-0.2883610207911361,-1.5,-122.60303964814767,28.90731703390479,1960.4964034542545,100.0,1
1384,4.753645098412432e-07,-0.022989623118207667,-0.10571558073509608,-1.5,-39.65483887517002,-5.71723992548901,1964.1303656294176,100.0,1
1385,3.6133483941188126e-07,-0.3002545260592302,0.09850498537020222,-1.5,130.8148570194826,-7.156660264365028,1960.1656924002532,100.0,1
1386,7.382123676897605e-07,-0.28102620948641865,-0.31754405863015106,-1.5,-77.0746195904088,102.22220437042238,1960.3630812211234,100.0,1
1387,5.603495696557346e-07,0.1577760979720188,0.24730984162580838,-1.5,-48.54206946153145,61.612955596652846,1962.97243930249,100.0,1
1388,5.070204876305303e-07,0.40173587161839425,0.0137776513874963,-1.5,-138.41504589513818,-65.25807825456795,1958.569872268666,100.0,1
1389,2.491693707106957e-07,0.30939736362759174,-0.06341580265453987,-1.5,58.35358277296514,-112.2042586614589,1960.4638099138485,100.0,1
1390,7.333307993907629e-07,-0.25671662832361947,-0.14714572105338272,-1.5,46.197979772062816,-83.1031543763598,1962.2367081124055,100.0,1
1391,3.8404290288299535e-07,0.12821374574311192,-0.4589301656733968,-1.5,95.53408013613875,-2.99406929771019,1962.2124149407764,100.0,1
1392,3.372805627720961e-07,-0.25707034312839266,-0.14311748507742925,-1.5,61.757404223093985,-12.732438445142174,1963.5267236024565,100.0,1
1393,2.909229193627868e-07,-0.28659407148018057,-0.2992903777278709,-1.5,38.899130609656076,34.663351093349945,1963.8479055148143,100.0,1
1394,6.897459934109893e-07,0.00853280862132571,-0.26712222694733534,-1.5,-4.994049356971365,30.69546900777001,1964.2927821278438,100.0,1
1395,6.42819665529945e-07,0.32761968342420195,-0.32284738303420624,-1.5,-148.71134668727177,-18.336156862122394,1958.8164811906493,100.0,1
1396,6.173698282081496e-07,-0.013843881033043858,-0.4741320697413441,-1.5,-5.895024798743114,84.03841892729672,1962.7317899022662,100.0,1
1397,1.3732312051862517e-07,0.37680454288716136,0.23356357406434614,-1.5,-152.30536398221292,18.76048627364017,1958.536291857558,100.0,1
1398,5.045490466515305e-07,-0.0758294340467279,-0.3101966679214346,-1.5,20.733193211167535,-122.1693102829972,1960.6269610995296,100.0,1
1399,2.699045155342424e-07,0.06524623256890753,0.1206046620800472,-1.5,-102.68541330304683,-64.93322516276761,1960.7785873042562,100.0,1
1400,4.287160039483277e-07,-0.12874836971469356,-0.12882540706299134,-1.5,-117.39872680872674,-117.95491697957152,1957.4773211381437,100.0,1
1401,6.883842644688385e-07,-0.2242007357950419,0.0724445925483445,-1.5,19.724384116275303,157.8459321872272,1958.0880717243824,100.0,1
1402,2.3800954623802586e-07,-0.18160288493678936,0.43605108261667574,-1.5,141.88473164636858,-56.6660038320785,1958.589026110754,100.0,1
1403,4.6320764849217926e-07,-0.28956127526858233,-0.14460575660577882,-1.5,1.5171872230600834,43.05510577968282,1964.0665065815265,100.0,1
1404,2.8028407154124406e-07,0.18962714304033224,0.2555859109646951,-1.5,-131.80245140055618,-74.61812215037135,1958.691791966691,100.0,1
1405,4.6911268264074806e-07,-0.1634434581842472,0.07090667734841707,-1.5,-89.10378313739018,80.98503139243785,1960.845538737588,100.0,1
1406,3.715379003006535e-07,0.31496595863403665,0.0735499166181674,-1.5,-60.40518759711724,7.517875945548291,1963.5956765889346,100.0,1
1407,7.157892530635307e-07,0.02590456902768726,-0.10320096609217456,-1.5,133.20965571101263,-4.075944913166922,1960.0132296912054,100.0,1
1408,6.989490020558896e-07,-0.2817621174000296,-0.20311268565954782,-1.5,-95.14359948122805,59.18932110557755,1961.34076743715,100.0,1
1409,7.318593895031777e-07,-0.22811988268857564,0.37614782621794424,-1.5,-36.44741912801676,142.61692717798545,1959.0164072787516,100.0,1
1410,3.974430117241476e-07,0.08339723898233302,-0.14836141222446622,-1.5,132.49422653602338,-2.342684398997199,1960.0645596588288,100.0,1
1411,6.570363381721298e-07,0.1870635336232939,-0.357542952567597,-1.5,-32.26016716611985,90.82168008510729,1962.173282436356,100.0,1
1412,6.600225409757692e-07,-0.06573072167206384,0.3036644120004046,-1.5,101.27732658049163,126.19229377340983,1957.86406432598,100.0,1
1413,2.3030980239373847e-07,-0.0847754020783422,0.21026900558674635,-1.5,91.85974227163251,91.28678481385248,1960.2657465084344,100.0,1
1414,7.604391622526954e-07,-0.08683345844891215,0.013765427237178263,-1.5,125.34582259079315,29.279852975407948,1960.3174235911151,100.0,1
1415,1.7052465208279735e-07,-0.03608876614957901,-0.25799921235109397,-1.5,-83.72843139043717,2.163222425833012,1962.7526987656302,100.0,1
1416,3.7928122986479327e-07,0.06639346302840742,-0.25540844438976534,-1.5,-94.22943508499513,42.36371845552501,1961.8204339817432,100.0,1
1417,3.985914418096701e-07,0.23135862373101804,0.361104407681215,-1.5,-22.078924177661783,-163.91571790065117,1957.5641610936798,100.0,1
1418,3.330064135404295e-08,-0.08707092227954603,-0.24532956745697146,-1.5,88.45521778561235,-121.74137337322055,1958.766958757941,100.0,1
1419,4.568742332655426e-07,-0.16795136804538047,0.210119066434448,-1.5,-85.86972847725781,74.8713216301391,1961.2327656845655,100.0,1
1420,3.665049929971005e-08,-0.4183606214864897,-0.08387791643164422,-1.5,-155.3985232464917,50.79108368324156,1957.7244063088203,100.0,1
1421,5.418525633876702e-07,0.34288559955569237,0.179459814814183,-1.5,14.119017969914461,-115.12532982384745,1961.1119544867006,100.0,1
1422,4.016060698357693e-08,0.15377724657014336,0.03880075184828595,-1.5,-10.369341038207661,8.303584617214488,1964.4940349909616,100.0,1
1423,5.042825711140091e-07,-0.20426913418632675,0.08479767767865026,-1.5,-36.59169929544047,128.3139870100763,1960.002513913281,100.0,1
1424,3.3412374147644094e-07,0.3029733067849775,0.32786248413176783,-1.5,60.02832884735476,35.72909883433986,1963.2965434438097,100.0,1
1425,2.403194426603521e-07,-0.27913706598756566,-0.4027959805553945,-1.5,53.04821545431172,-49.651258390975144,1963.1948262063643,100.0,1
1426,2.565182329590787e-07,0.019200195371328468,-0.32161625649618414,-1.5,127.54323445793462,-51.28003686454598,1959.7235436227504,100.0,1
1427,1.1494786030514439e-07,0.11477549464259135,0.29278258284718006,-1.5,-92.92845815817334,40.74638558438899,1961.9167464477905,100.0,1
1428,6.077762396549965e-07,-0.4591668093622189,-0.003922231879134055,-1.5,-81.72579296324004,-112.02347897703558,1959.6389772579394,100.0,1
1429,8.482614302220526e-08,-0.39955337526893037,-0.2893936738103321,-1.5,53.79834708464084,117.47752964415128,1960.2851971449968,100.0,1
1430,4.155787430500026e-08,0.2524013713214793,0.374431090799996,-1.5,-14.978968399490626,-48.755389915135815,1963.876734605826,100.0,1
1431,3.3215033592626723e-07,0.28565201701019993,0.3388469825545283,-1.5,138.82574448748747,-28.423131821426526,1959.421553548671,100.0,1
1432,1.5005706565895434e-07,-0.20081171128263825,-0.10351848429533196,-1.5,-59.06310299111044,-54.29745638708952,1962.9000540937088,100.0,1
1433,5.230588398758839e-07,-0.14346630001163546,-0.06533928009630013,-1.5,21.314115226342135,-138.51224301172834,1959.5339632918103,100.0,1
1434,3.961783323807988e-07,0.05421626677262394,-0.3390957738082964,-1.5,12.968477460148568,-59.007211520158734,1963.6097509044694,100.0,1
1435,7.16738568530362e-07,0.37527651367509124,-0.25940967109474683,-1.5,-166.68057966447068,-36.57854922020401,1957.1134050856103,100.0,1
1436,4.4884093537573984e-07,-0.1877838061275821,0.45873734598619276,-1.5,-28.947649538714387,-158.38262480704648,1957.9300968143743,100.0,1
1437,4.476970695525519e-07,-0.35713480735792674,0.0919163655337109,-1.5,37.52690198385076,35.443206173128175,1963.8606867672145,100.0,1
1438,6.649654490602508e-07,0.07239345519373594,-0.055677423736433675,-1.5,-101.9596888761043,22.797399564464783,1961.7588502880565,100.0,1
1439,1.1768639205910011e-07,0.07592819180254316,-0.2626017512484609,-1.5,-46.947874857868335,72.06586387199702,1962.6552663615798,100.0,1
1440,3.629877682715601e-07,-0.40755526302053613,-0.16644897101134523,-1.5,141.44589824659533,-36.2999207075663,1959.1040451931003,100.0,1
1441,5.130680900025332e-07,0.2508491241570847,-0.3828566505311234,-1.5,82.94827623803913,56.56861878986278,1961.9716769371255,100.0,1
1442,2.779745180425506e-07,0.08547640226410581,0.19165891584972716,-1.5,-31.25852235146705,148.25138903254768,1958.6877537515913,100.0,1
1443,1.6824413166597077e-07,-0.3989262627521582,0.18097300303516498,-1.5,110.69360226346994,18.261701735389476,1961.3328944709504,100.0,1
1444,4.819022391900843e-07,-0.21055572030820136,-0.4350983051597461,-1.5,110.3594261709194,-117.53454274612307,1957.9120804016754,100.0,1
1445,6.676642314329331e-07,0.24692267113299518,0.020121604650560794,-1.5,108.07012569333358,49.30658496730026,1960.9444140203518,100.0,1
1446,9.370536371487155e-08,0.2132313415247703,0.031840075216374615,-1.5,89.59084187727254,22.04592660276707,1962.3712045477223,100.0,1
1447,7.218431315038451e-07,0.06780749717919285,-0.4585180753920699,-1.5,147.19558002875465,-32.16632845887056,1958.75268341861,100.0,1
1448,3.768488621831681e-07,-0.32236005394398304,0.04795821516061012,-1.5,-163.03938034715873,21.970445631982173,1957.638563739711,100.0,1
1449,1.2712096230100733e-07,0.09506532491719094,-0.15509816361352366,-1.5,-74.47198116659018,-29.99984476974326,1962.8976589728375,100.0,1
1450,5.709480807014805e-07,0.2832219020851166,-0.23526448861291704,-1.5,-77.14326346219977,45.97609363397066,1962.4852615962989,100.0,1
1451,3.8689922881086724e-07,-0.25802943310333365,-0.014328697318911428,-1.5,-71.17979359119953,88.9759201803937,1961.2317580741185,100.0,1
1452,1.494112652559895e-07,0.36845198213270514,-0.26699029326018797,-1.5,43.5837897175807,-59.14083804988597,1963.1648175369132,100.0,1
1453,7.490931604791599e-07,0.14393044470908747,0.256760443381222,-1.5,63.58256112078103,-24.039688181612867,1963.362584338304,100.0,1
1454,6.55050658959747e-07,-0.10867759141433753,-0.007944506498777757,-1.5,85.72981990421776,16.235396843263697,1962.6003403991,100.0,1
1455,5.89925045963836e-08,0.26968309818054303,0.1544193811241526,-1.5,-101.72146292321781,-117.17000687999267,1958.4017002991582,100.0,1
1456,7.708470621833075e-07,0.12456005389853057,-0.07674875234652738,-1.5,-16.31595512489452,-20.555808080785944,1964.3636462296486,100.0,1
1457,6.245161593219392e-07,-0.25973357069837083,0.17584288844162843,-1.5,-28.068660822521007,-94.58480226674075,1962.0599256205003,100.0,1
1458,3.529774909399734e-07,-0.022895480571166138,0.09410403788229037,-1.5,83.0681695507534,-22.480901412908274,1962.6531977263028,100.0,1
1459,2.2862556298755857e-07,0.07587030839888405,-0.4278498442867267,-1.5,-46.758454464789104,108.97268594396859,1960.9568804337216,100.0,1
1460,3.497173003180262e-07,-0.27114963785556706,0.04452215185878042,-1.5,109.5452983216299,46.91804903584642,1960.92116377901,100.0,1
1461,2.662145835474123e-07,0.36387052447171353,-0.24526534914528816,-1.5,-1.1784009894884682,29.508375169237613,1964.3169686769268,100.0,1
1462,1.8386730413729875e-07,-0.15222837488175883,-0.12868723651994649,-1.5,-23.170980210279613,50.0099260638749,1963.765617184829,100.0,1
1463,6.11089861338287e-07,0.19101879439273178,0.0989289922132209,-1.5,14.235348208667656,151.72610472226265,1958.6193684004347,100.0,1
1464,1.2378271733578053e-07,0.13350239413866,0.03444342024562122,-1.5,136.32181684644945,-64.81457605108245,1958.731405591163,100.0,1
1465,7.409645378550849e-07,0.19385634447289612,-0.3257168182502266,-1.5,119.70442596067141,-32.6448845787041,1960.6168539983532,100.0,1
1466,7.029725259549716e-07,0.12004341087642847,0.16151151218557702,-1.5,67.98301227335467,128.44428344753604,1959.1563649586576,100.0,1
1467,4.539313016514783e-07,-0.09388978515657112,0.004517864156757681,-1.5,138.0097430079759,5.714321977540119,1959.6769998204654,100.0,1
1468,1.3837348434742713e-07,-0.29580684866122453,-0.07629671223687431,-1.5,95.46582574228587,-96.9213745848845,1959.8229025935102,100.0,1
1469,6.004013598786309e-07,0.26404289815527715,-0.3570154347953856,-1.5,-15.750493145837908,159.41661907735676,1957.9968206801918,100.0,1
1470,5.233129687359601e-07,-0.3006462803588504,-0.1514918715645511,-1.5,126.10093621516755,-35.899452869979925,1960.158939840192,100.0,1
1471,6.151188095703778e-07,0.11617991341603856,-0.1437975418332081,-1.5,0.29671494552456995,133.81441728526303,1959.9762498441091,100.0,1
1472,2.022788097985375e-07,-0.36563759155051817,-0.0782554155007945,-1.5,-140.86607451792872,49.25456913015503,1958.86294128401,100.0,1
1473,1.8951471845528428e-07,0.30507063720918304,0.009809146688246386,-1.5,-114.65513325340056,-98.16982586345203,1958.7317764244076,100.0,1
1474,3.429649412869011e-08,0.059799122013174395,-0.16506590726911105,-1.5,80.97079202427885,91.98397201336816,1960.713126899939,100.0,1
1475,1.2417794447620226e-07,0.18495569829944492,0.3206969755694893,-1.5,-78.59720106220449,88.7879069509182,1960.9570300826567,100.0,1
1476,2.5628290774148886e-07,-0.08781857988573678,0.2675173915301808,-1.5,-12.837744946497,135.5097868557072,1959.8177405659794,100.0,1
1477,4.729485660612409e-07,-0.25057165905314205,-0.2926845335314797,-1.5,-20.445248545538604,82.5171200854472,1962.6987040732579,100.0,1
1478,6.558974225036064e-07,0.023217732379298694,-0.4513617471783754,-1.5,104.10803184431528,68.6565273858951,1960.576722604587,100.0,1
1479,1.9568834430787506e-07,0.10439688782961884,0.06272492093261396,-1.5,-21.955604810998338,-63.32100684943572,1963.3954486488676,100.0,1
1480,5.398401166593884e-07,0.30348456941736157,-0.10456177011592366,-1.5,3.9374242068749528,-135.68462865883996,1959.8437347152092,100.0,1
1481,1.3117715559146759e-07,-0.4158829142017382,-0.10901495073617999,-1.5,0.8338882395271051,-83.98791912902539,1962.742627125857,100.0,1
1482,1.049745037144542e-07,-0.1877918630773786,0.08196621395144864,-1.5,132.12267981521208,-70.11911714066973,1958.8364385920513,100.0,1
1483,6.84538763952877e-08,0.06511522768359544,0.4743690630393179,-1.5,-79.05037217639446,-141.69571029685488,1957.8270226473978,100.0,1
1484,3.9314121333931266e-07,-0.29101422305405417,-0.2748955952618417,-1.5,85.29673084247503,49.7684750038487,1962.0552624402578,100.0,1
1485,2.780588253646202e-07,0.27925394320332814,-0.36151347877737466,-1.5,-130.13927036020667,24.59631132643776,1960.0694064357458,100.0,1
1486,5.41757130833378e-07,-0.020924536687363132,0.007202904884122814,-1.5,-62.390434617526914,-73.33894305887053,1962.177902068356,100.0,1
1487,7.427641402850159e-07,0.28257864627097184,0.12404016228691367,-1.5,-107.67714635459909,20.39729623060089,1961.4797650563573,100.0,1
1488,5.381331959023e-07,0.25626697970901824,-0.37296607429532674,-1.5,-24.200039675715548,12.075429699057194,1964.352775940057,100.0,1
1489,5.974941076194191e-07,-0.06787875422223698,-0.28197582247433145,-1.5,-134.1927414662529,-14.411203210999583,1959.8974237510274,100.0,1
1490,4.4035807460996193e-07,-0.3845973418717027,0.11189293213946389,-1.5,95.81994007403532,-39.06935077414697,1961.8117675201222,100.0,1
1491,5.989913334574506e-07,0.2744954611578908,-0.22651184979331276,-1.5,67.29781089358895,146.37661595433477,1957.9219027368838,100.0,1
1492,1.8096899584557048e-07,0.00951492751562652,0.019748480066624465,-1.5,41.473734556765436,124.8001648704889,1960.1321727006944,100.0,1
1493,7.109007523652848e-07,-0.009204455399958386,-0.1302696128586613,-1.5,92.0820013099255,31.152744666418403,1962.1324363560782,100.0,1
1494,5.445402924259645e-07,-0.3372696291824039,-0.2567314199371404,-1.5,159.08648643730487,-16.63099556106611,1958.01639065811,100.0,1
1495,6.064932295215366e-07,0.20361873293884827,0.44014029959270196,-1.5,-60.414158919972444,-118.3450762234623,1960.0402696377914,100.0,1
1496,2.541727675065374e-07,-0.31054855528159414,-0.31809748548333167,-1.5,-85.50375293001728,-45.87876379934745,1962.1410585208337,100.0,1
1497,4.834540531271674e-07,-0.3502341335558336,-0.184735151085514,-1.5,9.820226394011042,-23.91311011231574,1964.3688585865075,100.0,1
1498,5.857075595626407e-07,-0.22530979767728984,-0.3445901026406218,-1.5,-48.46810738754488,33.50883229256393,1963.6550835090131,100.0,1
1499,2.9662502936581643e-07,0.2814933651950448,0.005506928102504069,-1.5,-90.64311386784692,123.67899877955934,1958.5455362169544,100.0,1
1500,7.196203140962376e-08,0.36199842951203015,-0.047598933606882755,-1.5,-68.17512667310926,-15.80156364116902,1963.292069192898,100.0,1
1501,2.453435903000579e-07,0.4077733601097778,-0.05742617843235066,-1.5,-98.91040220569701,11.050845613163979,1962.0162836767877,100.0,1
1502,4.6548778743098454e-07,0.08218596635195032,0.1972296812346458,-1.5,-167.29953010050428,31.316735142081168,1957.1518631915926,100.0,1
1503,4.153584715171412e-07,-0.43074979634163413,0.24012671812423508,-1.5,11.868093390272259,143.55749649419087,1959.2507955404105,100.0,1
1504,5.596721449528049e-07,-0.12820854716479899,-0.24678321081368237,-1.5,-48.4205088375475,-67.33875759045128,1962.7873629907592,100.0,1
1505,5.243058054878962e-08,0.4625593433875983,-0.14410871001549397,-1.5,66.70768498919293,-147.07937270141232,1957.8894323110467,100.0,1
1506,1.1955454765861654e-07,-0.04909325765976204,0.4120087755325219,-1.5,158.8357593336631,33.459886878743575,1957.8214739329762,100.0,1
1507,4.7732867753955e-07,-0.14994741873799183,0.19455229827963338,-1.5,-91.16608499842125,104.46786521760302,1959.6398894564961,100.0,1
1508,2.5641194327091836e-07,0.2625251211056603,0.41385238878853725,-1.5,53.51183755822112,-51.784309483353766,1963.1271366874348,100.0,1
1509,1.4853431720241501e-08,0.45479515192828474,0.02916997532998612,-1.5,-112.64372155761255,36.6185391111093,1960.9650075544823,100.0,1
1510,2.3872546501780917e-07,0.19598901924263504,0.2379129782291599,-1.5,-63.03248942977965,105.42447194490052,1960.695252265776,100.0,1
1511,2.8288240526217257e-07,-0.32371302041022804,0.16345942213139444,-1.5,-114.87076218006877,65.30394151403098,1960.090148305693,100.0,1
1512,7.405708638005422e-07,-0.02451513809721651,0.056912422268709094,-1.5,9.499885035849823,161.75135844456372,1957.8456365331192,100.0,1
1513,6.53921146474086e-07,0.019440671166049008,-0.3700561607559369,-1.5,-57.00407163035821,75.76703290176093,1962.249520017512,100.0,1
1514,1.2699185493082283e-07,0.13111152746184604,-0.21312737067303222,-1.5,-160.9282917262031,52.31449904915062,1957.2374828766829,100.0,1
1515,3.271225196376652e-07,-0.07242499374072542,0.02284389337051109,-1.5,120.46733609427689,24.77809269025233,1960.6853274615773,100.0,1
1516,2.658806962774361e-07,-0.023868071713314346,-0.11747674211982594,-1.5,96.12599507612161,88.16008662009943,1960.2042950835234,100.0,1
1517,5.4561837736831565e-08,-0.2810793034849199,-0.0029685884946636337,-1.5,31.82677670678231,75.64623530095817,1962.8239833554562,100.0,1
1518,3.669858240416142e-07,0.03190787610327601,-0.48179818691765947,-1.5,4.383573817357932,-53.03677245480087,1963.8180087050573,100.0,1
1519,6.898929220055962e-07,-0.14890040491081766,-0.050665134373594364,-1.5,-35.519636188797335,-156.9482003541897,1957.9374106739797,100.0,1
1520,4.2034325463588226e-07,-0.3234439990178244,0.36428165862072887,-1.5,-100.22827086421248,54.60782757336369,1961.22042747709,100.0,1
1521,6.14702087929359e-07,-0.3763861021944857,-0.08107228419042373,-1.5,-126.68814629659941,-55.0238249408387,1959.6774679887867,100.0,1
1522,6.344535552385482e-07,-0.006173702874863655,0.29108224086749895,-1.5,-67.53847563554345,-37.29236855039462,1963.0234639002306,100.0,1
1523,5.375406074000204e-07,0.2505939858479411,0.08811142651747766,-1.5,74.3481376226287,139.4126390504282,1958.1751088120727,100.0,1
1524,4.2480708517557343e-07,-0.13461110949118693,0.40453267336683035,-1.5,126.47131937775205,-55.923436069618745,1959.6660074969789,100.0,1
1525,2.210642395715314e-07,-0.06004115262849251,0.05197927004260194,-1.5,26.491393004774945,34.07905555745536,1964.0646909750985,100.0,1
1526,1.5721472709724088e-07,0.08407059396931922,0.48975869890785606,-1.5,140.54350647306111,88.8936018988092,1957.487863716106,100.0,1
1527,5.013253495813886e-07,0.07592944547731523,0.4681283564080936,-1.5,71.34960534322506,74.88843591761992,1961.8140182620039,100.0,1
1528,1.9079892902312824e-08,0.13609276138514942,0.04148549223011997,-1.5,152.81462993300798,-8.776177765721735,1958.5668111781108,100.0,1
1529,1.770938426022295e-07,0.1550346837888456,-0.062485606111216264,-1.5,-139.57470161767543,-33.42496556587608,1959.2894019545422,100.0,1
1530,5.719249025142017e-07,-0.1766541588130352,0.3101486343359792,-1.5,-72.56119700968551,-4.395596373681433,1963.1935303701398,100.0,1
1531,6.306744983994419e-07,0.40060425943139283,-0.24467892870543767,-1.5,-61.097349910314406,-156.2747003912276,1957.3601145720988,100.0,1
1532,2.7153689639992864e-07,-0.0711324155213872,0.31700623416247115,-1.5,69.88241285967003,78.94019336424735,1961.7079753395144,100.0,1
1533,2.7405270924534296e-07,0.17504384637524437,-0.20220630984063942,-1.5,-134.0245449086866,-18.160818976136134,1959.877774832468,100.0,1
1534,2.74787195858129e-07,-0.008369785369070744,0.4004994071890515,-1.5,106.7281226592529,53.498190162360565,1960.9080390852384,100.0,1
1535,4.934944904369478e-07,-0.1642016816988606,-0.28590000595544096,-1.5,18.080722677552853,85.52086745184931,1962.593323886503,100.0,1
1536,6.631112298367648e-07,-0.036425355872551975,0.1340142483833235,-1.5,84.89261917096239,-86.26724180513285,1960.8071023095974,100.0,1
1537,5.16192703620765e-07,-0.11192037131707104,-0.35422128155271687,-1.5,-46.39684781345324,99.05615106823821,1961.491396288715,100.0,1
1538,5.809072493534042e-07,0.21171151237903313,-0.01254154153751216,-1.5,11.353771582522114,-32.302407931584284,1964.240548552749,100.0,1
1539,3.290029705478559e-07,-0.37568650992595776,-0.320158796957988,-1.5,96.66498156455694,50.05000534525223,1961.5208804828449,100.0,1
1540,3.4622354496242645e-07,0.11907533398022085,-0.45097407974536596,-1.5,-38.53903341161354,61.19483245881184,1963.207381213245,100.0,1
1541,4.008565601294585e-07,0.3774606579920664,0.09750768319225844,-1.5,-121.16889239227339,-15.827360465560645,1960.7347807501285,100.0,1
1542,3.575336757679656e-08,-0.10119397645118973,0.31034392792897997,-1.5,20.965486796204576,93.87517424837311,1962.1827606747968,100.0,1
1543,2.580414027354171e-07,-0.15935761454935432,-0.22014152563036776,-1.5,-56.83869225494571,-38.06595330913831,1963.3475577511856,100.0,1
1544,1.4320669695705747e-07,-0.09778814445735001,-0.3432329109920803,-1.5,63.67061686290177,-51.906940210576956,1962.820676570431,100.0,1
1545,6.647101521572594e-07,-0.02975516782571704,-0.37811372724883296,-1.5,-10.833474685873203,86.49912887462521,1962.6038374558154,100.0,1
1546,4.3578029297912255e-08,-0.40287780701293197,-0.13379596721332454,-1.5,46.31995684318501,-19.442265360409195,1963.8965721701925,100.0,1
1547,4.2952253972081085e-07,0.13566342593331612,-0.0018542503333273605,-1.5,40.09613745849393,-124.27198639274795,1960.1943932745653,100.0,1
1548,3.8218244041390583e-07,0.027666833411310224,0.3180110041900002,-1.5,4.652823328881844,53.41566575843696,1963.8071198956338,100.0,1
1549,2.608216414380373e-07,-0.2419945038610961,-0.10468503241333928,-1.5,28.14771202682927,-24.829889896548785,1964.1803555533058,100.0,1
1550,9.273276139699992e-08,0.037201139523357935,0.34454388859777696,-1.5,-149.71019151578116,56.62955451481087,1958.007466374399,100.0,1
1551,3.1170773531730227e-07,0.38137103209500695,-0.2635584080667188,-1.5,88.63727665663622,116.23128658109738,1959.0934146877041,100.0,1
1552,2.177214053212262e-07,-0.04867666795635734,0.45171532818268617,-1.5,-46.39483352526433,-103.07480303440602,1961.284372717968,100.0,1
1553,2.6343157032362583e-07,-0.15866559975949054,0.06351591197961685,-1.5,107.84848149503729,104.06767297182932,1958.813904062245,100.0,1
1554,5.158591177079809e-07,-0.14296396200234388,0.2067168241801908,-1.5,-2.0863025768745485,65.53016538632262,1963.444608597892,100.0,1
1555,9.439713893689694e-09,0.29370557432365807,0.3177263089866097,-1.5,-71.82785521857382,125.73059196412987,1959.195208172269,100.0,1
1556,7.000594943722246e-07,-0.04528494539121343,-0.3755136490743501,-1.5,-63.27538663170927,8.244353005200722,1963.5023662721328,100.0,1
1557,7.462958936855293e-07,-0.2733128534663007,-0.4173242442731582,-1.5,-41.793651475811366,-151.80694892246078,1958.2188915494874,100.0,1
1558,2.9779330337254096e-07,0.16984527080850334,-0.12430596584987036,-1.5,-9.767265670119293,83.68963194199439,1962.7312430113486,100.0,1
1559,3.028752525363709e-07,0.015589755730723567,0.3257999841847616,-1.5,10.702350997330926,3.9887546385847323,1964.5057484735682,100.0,1
1560,7.607580846904505e-07,-0.3759951901327784,-0.2302029494210234,-1.5,-106.50366053562675,-72.3040851709858,1960.316906988824,100.0,1
1561,3.3648437537161977e-07,-0.08308883556269131,0.3637208225518981,-1.5,-62.46324218803082,43.65357923086571,1963.0603644976954,100.0,1
1562,8.474201612730835e-08,-0.15800715660791392,0.3070758804277984,-1.5,-22.381365430284983,166.36103385553736,1957.354430644109,100.0,1
1563,7.28256853886634e-07,0.37906530539388694,0.03615172174032655,-1.5,54.599443517006875,95.69969825519561,1961.4468523994294,100.0,1
1564,2.7131396179376885e-07,-0.1785389503508038,0.3271757845534396,-1.5,-37.67982623481109,101.11956431428663,1961.5729276970394,100.0,1
1565,1.4985440016013288e-07,-0.02286168617365696,0.11967294329252032,-1.5,75.77421870266481,54.546343621147074,1962.3191000557722,100.0,1
1566,5.845411553734803e-07,-0.223344900128447,0.21028834776000993,-1.5,-41.17581347750945,-127.48359193404,1959.9657579759375,100.0,1
1567,2.5879746464476045e-07,0.36611852327586225,-0.28210457367141406,-1.5,-44.64459320169243,121.56477033344038,1960.2658373745548,100.0,1
1568,7.238845343867599e-07,-0.4486497350792977,-0.14937716709831997,-1.5,119.24800191172304,51.566005596314554,1960.238288416241,100.0,1
1569,1.437663217518563e-07,-0.1817626696221884,-0.008676823150729766,-1.5,-18.880642831384858,-81.86809399545032,1962.7415578159946,100.0,1
1570,2.0033281534263527e-07,-0.390160378941943,-0.22446706014124582,-1.5,-69.86315252717765,107.4828300387291,1960.3519753942048,100.0,1
1571,9.214193409030917e-08,-0.20052514631881121,0.4274640009574436,-1.5,-21.84336172583478,-64.18668280808913,1963.3685908572388,100.0,1
1572,1.1719274714954709e-07,0.1388615431337565,-0.012820070502676278,-1.5,65.77611269270331,-38.199298148849685,1963.065868198544,100.0,1
1573,2.3122555274996546e-07,-0.16693729820047656,0.21571738825600276,-1.5,47.10090129923632,59.199290724798914,1963.0818208471626,100.0,1
1574,6.30558303339811e-07,-0.19222046720647834,-0.047162492646284,-1.5,17.393831937064018,-133.31294506949865,1959.9332640560935,100.0,1
1575,1.0644021781804377e-07,0.06285537832172086,-0.4636563643181367,-1.5,-68.25655058039506,-60.5239639394445,1962.4197255832032,100.0,1
1576,5.056838901336539e-08,0.049707565926372134,0.03822547614869629,-1.5,32.48957320437065,-49.796374491407775,1963.638977762114,100.0,1
1577,1.0309751816935447e-07,0.18898811488922984,-0.18297663583534488,-1.5,87.34374540995888,20.641843030989502,1962.4877759415917,100.0,1
1578,7.451143454969446e-07,0.11526149364775136,-0.06445144264931318,-1.5,159.53411400162724,-60.15570249965133,1957.126323003352,100.0,1
1579,1.5324628355044718e-07,0.036362631603769305,-0.1411479766514053,-1.5,-23.509250372717197,88.13252671962259,1962.420255487356,100.0,1
1580,7.301622437037318e-08,0.2176985829729571,0.10672289168914206,-1.5,-76.30041580951536,-27.42434407133967,1962.8651095186553,100.0,1
1581,5.940105624536935e-07,0.020996113881829617,-0.4109104618511839,-1.5,1.874302674799239,170.28155065308349,1957.1443397876396,100.0,1
1582,4.825371907920126e-07,-0.019445900502454205,0.16029978383885155,-1.5,-48.16373176472021,136.68888333932392,1959.1859764657554,100.0,1
1583,3.8894626082599124e-08,0.10873179643847085,-0.4295562372511768,-1.5,50.51006209159068,130.64572652819868,1959.5391585864147,100.0,1
1584,1.3903920399270504e-07,-0.27556455428059884,0.03207340875367359,-1.5,-47.729423148369136,66.91034852191937,1962.818940629199,100.0,1
1585,7.128395976628423e-07,-0.3703747826218685,0.17314573002214198,-1.5,56.86691076702624,-51.427257172909414,1963.042199736322,100.0,1
1586,7.671325457333525e-07,0.45075124092210134,0.1921798345724241,-1.5,-24.702226939681726,-126.01655697671099,1960.3374489148769,100.0,1
1587,5.829594428161279e-07,0.14505081994679117,-0.3588627522371134,-1.5,127.88470944968947,22.634060834104265,1960.2414358045944,100.0,1
1588,6.590445906450622e-07,-0.15569781311553238,-0.027858123884785497,-1.5,114.14282798960168,-106.43443698250098,1958.3300058235552,100.0,1
1589,6.609158141207273e-07,-0.07899446821587897,-0.35459264762144677,-1.5,104.61752859599052,105.24598490305662,1958.9261705430308,100.0,1
1590,6.036607356038655e-07,-0.04424996660477987,-0.17964568590662677,-1.5,141.7268267511628,1.079603719560516,1959.4197169828076,100.0,1
1591,2.262492150389754e-07,0.01064690943524305,-0.17681474544948114,-1.5,168.73455725364903,-3.986029302734807,1957.2751587410862,100.0,1
1592,5.012182184008166e-07,-0.0872832955317641,-0.36239818652283656,-1.5,-2.92517292430315,-79.86232822125545,1962.9128198064668,100.0,1
1593,1.1565185017248661e-07,0.30757673501765576,0.010386867808833435,-1.5,-118.82181204168018,26.73431027209846,1960.760041387915,100.0,1
1594,6.103750090878052e-07,0.12565262346939093,-0.13106145231280023,-1.5,142.73009749071184,24.680850240752463,1959.1917367036378,100.0,1
1595,5.319237747855282e-07,0.12875252076613,0.3582919489881713,-1.5,-135.12133111382207,45.146188491712316,1959.366564430666,100.0,1
1596,7.472786956843671e-07,-0.032327706554283485,0.03293095382204794,-1.5,2.014899567105742,10.497625931937966,1964.5098692283677,100.0,1
1597,2.2258441456489868e-07,-0.14324231198503048,0.21878017952711845,-1.5,-78.64904741744621,-17.626616959347277,1962.884845318499,100.0,1
1598,7.962037762546983e-08,-0.22534339142810358,0.1890582337814312,-1.5,64.05377984980933,-29.36066497127507,1963.2749045677551,100.0,1
1599,6.949764481347663e-07,-0.3833711429887623,-0.11239010641033495,-1.5,-4.903417757671225,-160.05414743807899,1958.0020205935168,100.0,1
1600,7.53654951910423e-07,0.020439832336977822,-0.12759376639496356,-1.5,79.31170390022946,-112.33893856782046,1959.7201082736353,100.0,1
1601,2.4400437447700676e-07,0.19552244786695164,0.13981163740269176,-1.5,74.55413354104662,-6.014388020816512,1963.1145648114402,100.0,1
1602,7.576237777906707e-07,0.44106913901108546,-0.056231925744489875,-1.5,-53.417752179565056,-19.51291020966682,1963.7156302156795,100.0,1
1603,3.3282305926437774e-07,-0.037260262127348565,-0.39690807934151484,-1.5,-112.31940398087535,-97.61922575633483,1958.8946180226862,100.0,1
1604,2.5816779896889212e-08,-0.007965410330494261,0.024348250796567043,-1.5,-85.026080797964,-126.35800424849323,1958.6264336551285,100.0,1
1605,4.1969692851755053e-07,0.302905551744186,0.2802461154729116,-1.5,70.53070433409066,8.301014259856474,1963.2548991851584,100.0,1
1606,4.0713664218933095e-07,0.35966745082575347,-0.2510414025756409,-1.5,-116.29291582722871,88.3436900058198,1959.103018330248,100.0,1
1607,1.1151469893001299e-07,-0.039359488687642295,-0.005229646694699069,-1.5,12.565766352226623,64.41996736510809,1963.4422465626003,100.0,1
1608,3.531107464937418e-07,0.13482027704439364,0.28161256584060634,-1.5,-102.4359590762478,-105.86762686875606,1959.0079647963248,100.0,1
1609,9.20136425785553e-08,-0.33726173066716164,0.3076782413048383,-1.5,79.9842451380418,-53.23087201448638,1962.188136000319,100.0,1
1610,1.3666400394798514e-07,0.2860622666103527,-0.27995155227840046,-1.5,-2.5126795430425193,170.29122465030912,1957.1427826080403,100.0,1
1611,7.054767924501283e-07,0.06857319485205578,-0.4934289702676925,-1.5,-121.42665333118586,-73.10737566336539,1959.4193440278511,100.0,1
1612,5.623971357026151e-07,0.07568204745521748,0.3789051887503495,-1.5,53.41540725036612,-161.62043749565828,1957.1507133376624,100.0,1
1613,7.573198975094255e-07,0.2536715179120935,-0.04262514736498561,-1.5,113.71474312587985,58.574948313630735,1960.3701739447074,100.0,1
1614,4.241335366297183e-07,0.0321177833500072,0.3436855736191566,-1.5,-2.485334176228397,26.987341231379293,1964.3520032808337,100.0,1
1615,4.667185749460446e-08,0.03459554500714419,0.47124119204099607,-1.5,-85.85526534737788,-13.68135359035706,1962.614322846493,100.0,1
1616,7.75467851158974e-08,-0.1833524977149493,0.05666981835214148,-1.5,-102.01404933796,-73.07139144571954,1960.5272229061218,100.0,1
1617,1.461460262362326e-07,0.36799233244759066,-0.25382088177619283,-1.5,-138.49614531964565,-3.3797850908483786,1959.6481013310708,100.0,1
1618,4.963420827229511e-07,-0.16095949679536403,-0.17963086184575142,-1.5,29.57260373525021,21.70091966274201,1964.1964813786426,100.0,1
1619,6.742059965684029e-07,-0.2182455617340011,-0.2541250819824195,-1.5,70.37637202324942,9.013050083946329,1963.2572978229728,100.0,1
1620,4.022855655397625e-07,-0.3930316764273251,-0.26591325887139217,-1.5,-34.18059973884453,121.2379215978346,1960.4964522371015,100.0,1
1621,3.8238567155147366e-07,0.1602072019800967,-0.3339691670949607,-1.5,-18.353680369287915,-113.79437080537934,1961.1545757170802,100.0,1
1622,6.622461084489234e-07,-0.23649385961619157,-0.16947333456474334,-1.5,125.22545449967906,27.52034026352954,1960.3506070811056,100.0,1
1623,3.676896855024441e-07,-0.24085747265326066,-0.0222555412136181,-1.5,-140.02530816726522,58.37060472285885,1958.6727832496886,100.0,1
