particle_id,birth_time_s,x_mm,y_mm,z_mm,vx_m_s,vy_m_s,vz_m_s,mass_amu,charge_state
1,5.881456753561207e-07,-0.14790264184562493,-0.27887114894377557,-1.5,134.32511755882027,35.0124673046817,1959.6285811837352,100.0,1
2,7.801309701043152e-07,0.08009184858246424,0.15790549484612112,-1.5,112.06530850932239,102.65570364774028,1958.6516942538378,100.0,1
3,7.341582979366403e-07,0.10765373017272338,-0.4011871265613601,-1.5,16.637035244135305,-131.81545308032113,1960.0411173375028,100.0,1
4,6.737510599970912e-07,-0.4849767121099817,-0.04017110159777707,-1.5,78.90904694613717,66.07592393376989,1961.8411303804603,100.0,1
5,2.722034342985517e-07,0.15779615871599836,0.41203820036815236,-1.5,115.18119716042197,-12.08244016973823,1961.122278881755,100.0,1
6,4.2303970149919377e-07,0.34595138361528854,0.02055299631887473,-1.5,-140.9268230670477,-42.683142260359574,1959.012778460912,100.0,1
7,4.906482662202744e-07,-0.40835545413217494,0.030124910775155812,-1.5,91.95750262434123,137.47672076493276,1957.5641126729276,100.0,1
8,1.3677852282023542e-07,0.14799153358288317,-0.4696922218391134,-1.5,163.31133968768148,-28.249656246771913,1957.5353507708323,100.0,1
9,1.1595200395230603e-07,0.15551065016543886,0.2569868252641097,-1.5,-33.264676471735115,92.85421795947498,1962.0613756385135,100.0,1
10,7.696808735112113e-07,-0.3090932065892788,0.2662681094203641,-1.5,-116.83692016800573,97.81205760996377,1958.6207447430684,100.0,1
11,4.868281149256884e-07,0.3528767566912448,0.08515628647168971,-1.5,-90.79110085095164,50.40115652399622,1961.7925439998612,100.0,1
12,5.737287546511715e-07,-0.4646442952829543,-0.10769296937853742,-1.5,124.28006023655271,-48.571505355636994,1960.0021841215425,100.0,1
13,6.797813207062159e-07,-0.45932443430206865,-0.0074932353939183806,-1.5,68.12314076866657,-28.04840917803675,1963.1571029086097,100.0,1
14,2.9736384955872215e-07,0.015198333196986465,0.001987274470373836,-1.5,-149.43896612351386,73.1088676999054,1957.4821519323502,100.0,1
15,3.268892962927459e-07,0.3568890687707132,0.21489331869393866,-1.5,-28.74415548188179,12.624412275263275,1964.2880857976177,100.0,1
16,5.772251461165626e-07,0.28398375695437256,-0.25999921303533563,-1.5,-151.59155150040456,16.90931637255761,1958.6085271946624,100.0,1
17,3.315005490547116e-07,-0.3588183894842012,0.03881600990965838,-1.5,96.09480621161609,58.70904672307283,1961.308828899251,100.0,1
18,1.7111991285808618e-07,-0.037308408264127194,0.4270540838679807,-1.5,41.235727554035584,-10.259416043676149,1964.0793378633316,100.0,1
19,2.274290264813463e-07,0.18136147760713586,0.351847955573969,-1.5,2.941515292876544,-42.94464849020237,1964.0673081439866,100.0,1
20,5.159411640415516e-08,0.34109406974104506,-0.1871386512165692,-1.5,97.72461870571681,57.369218215669044,1961.2679464994774,100.0,1
21,6.909929247870546e-07,-0.29297663487072667,-0.28206219489617324,-1.5,-103.92819772253844,70.78314052905007,1960.5106383289842,100.0,1
22,5.645277801653468e-07,0.2027578775434133,-0.07685870420590847,-1.5,43.49638231225586,7.3282599346212836,1964.04369798592,100.0,1
23,2.268780086181203e-07,0.18265752934852914,0.39986671505537424,-1.5,-28.03134620150463,67.84823672658943,1963.1668667409185,100.0,1
24,8.051428008212366e-07,-0.40411106193680374,0.03625956657087659,-1.5,55.18456752123736,45.36844996561826,1963.2395812842972,100.0,1
25,3.940614614703608e-07,-0.16980355685196583,0.3139342543076792,-1.5,-87.2182940815199,68.05854626587598,1961.4214972116056,100.0,1
26,1.51325868820617e-07,-0.2322921534020774,-0.36701142555063,-1.5,84.63299541599484,137.62387401018808,1957.884115992434,100.0,1
27,4.814051526950697e-07,-0.33856184774022025,0.1704222893214028,-1.5,-98.38280224956144,129.6464026018403,1957.7859742014848,100.0,1
28,3.535717391265639e-07,-0.27284954800598327,0.2546530816315244,-1.5,-93.09275238112569,4.54276337170005,1962.3267793670825,100.0,1
29,7.590408605062201e-07,0.0816888596950141,-0.1424255870109654,-1.5,120.92708207834363,-64.04347435179547,1959.7674250989835,100.0,1
30,7.763962685866531e-07,0.17228292082541216,0.3565260940314346,-1.5,-17.50765239366756,44.998680790182284,1963.9454898496897,100.0,1
31,5.573848354216305e-07,0.14279989352293987,0.0033106625202486764,-1.5,39.71598550149687,117.4902448220134,1960.6203021323224,100.0,1
32,6.953735864749113e-07,-0.24209660322825982,0.3417740704355958,-1.5,-85.95667611021099,18.375458171603373,1962.5715473926548,100.0,1
33,4.859118061297342e-07,0.1664057569353506,0.004472180669238264,-1.5,-60.709627172898685,-70.70933598325878,1962.327143276438,100.0,1
34,5.741772403649643e-07,-0.19801473041939713,0.4535267594642376,-1.5,11.92200842381027,130.17022507499968,1960.185415843409,100.0,1
35,3.3779022260987624e-07,-0.24085155790353566,-0.19815746069771756,-1.5,-73.12964595275969,56.90944967767108,1962.352327102944,100.0,1
36,4.2535644966558264e-07,-0.27811772445882527,0.014931245912028596,-1.5,-32.682075240656694,-18.83473331247088,1964.176779479165,100.0,1
37,5.833586266870795e-08,0.05971262505917733,0.46531966618287135,-1.5,-128.30834492852435,36.0747887258012,1960.0124653956216,100.0,1
38,5.748371297135184e-07,-0.028667310620416386,-0.13301281197938605,-1.5,-92.19454763740654,-116.5694269505277,1958.9091404025075,100.0,1
39,3.1928649378979346e-07,-0.033648881634048736,0.015173566719172542,-1.5,156.48643890761144,5.604147468138572,1958.288506383904,100.0,1
40,2.1968441862781948e-07,0.17956003368477091,0.30666311867023294,-1.5,-60.233128989138436,-55.87450023587977,1962.8202405369932,100.0,1
41,6.550159450683984e-07,-0.03151147176985192,-0.16142090967874556,-1.5,93.77822641195148,140.00126343111162,1957.2987959825787,100.0,1
42,1.0191755707686117e-07,0.44768711617076,-0.03641881266293696,-1.5,36.31449593310144,37.532133180858814,1963.8446686614882,100.0,1
43,2.8544765086120027e-07,-0.34868145998743755,-0.25378800850662286,-1.5,-1.3935258259197063,-23.281527287961566,1964.4004975663806,100.0,1
44,3.6576133768346606e-07,-0.06511344602372801,-0.21170895954619645,-1.5,-99.34611037571831,-9.533183190930044,1962.0022311500043,100.0,1
45,7.551224263820574e-07,0.049206430246373487,-0.186641060893426,-1.5,-157.05723210104495,1.857400225889305,1958.2499488510884,100.0,1
46,1.631959667450081e-07,-0.16919581922651494,-0.17853156140052734,-1.5,8.498375215796546,62.15404866342465,1963.5370987377771,100.0,1
47,1.3342935519327514e-07,-0.18320216951964666,-0.3862758175700533,-1.5,-161.64673548960283,-22.382921009136897,1957.7493772234443,100.0,1
48,6.903186801161473e-07,-0.3927557236681014,0.17847308410167226,-1.5,115.42208244184906,40.027524013347936,1960.7368070376706,100.0,1
49,6.503422019331986e-07,0.15247450689020303,-0.3847861766538606,-1.5,4.216397086787516,140.8468179426801,1959.478931281773,100.0,1
50,4.4866134304202135e-07,0.12213132320713546,0.08266131675876334,-1.5,146.28926495943,-12.09719303472891,1959.0473182504911,100.0,1
51,6.018408955479161e-07,-0.08313272097867073,-0.3533556221519386,-1.5,-138.2294952405086,-83.23783223943136,1957.9012631375888,100.0,1
52,1.0534852828228141e-07,0.07817198398706822,-0.010813460167952628,-1.5,-15.847619464272633,-116.44499657029257,1961.0208316071482,100.0,1
53,8.549620248533942e-07,0.23527031354894923,0.06176416684013428,-1.5,-160.85381472034726,24.523453241300533,1957.7890429760723,100.0,1
54,5.990192012495255e-07,-0.2006396412918462,0.11889156289335356,-1.5,116.7792854312292,-43.9897763085473,1960.571545325655,100.0,1
55,1.0587099886170398e-07,-0.20899324693187338,0.11287602051910271,-1.5,112.46391242766794,-105.41182468840387,1958.4824487044693,100.0,1
56,2.70839202409024e-07,0.042182601918543575,0.2546924167625383,-1.5,-16.340140146124888,147.5106576807257,1958.924932700775,100.0,1
57,3.49608424895492e-07,0.26543550603731025,-0.26497713942310125,-1.5,148.09023824007463,49.56525791791138,1958.322203523123,100.0,1
58,7.2845085202074e-07,-0.3997526182183917,0.16329298574788348,-1.5,38.13596540338072,-46.23421264743733,1963.6245394651583,100.0,1
59,3.896250627620815e-07,-0.2881563564101661,-0.2720901310208541,-1.5,142.62448917272226,-7.653804543361311,1959.3399298310549,100.0,1
60,6.028565169405114e-07,0.3194096916913085,-0.029642203675256842,-1.5,-12.769088556838998,-61.26148041024428,1963.5420208545331,100.0,1
61,8.900590848115418e-07,-0.09739142837523779,-0.419178702797736,-1.5,-64.71416991452088,-33.55897330673182,1963.1859712694068,100.0,1
62,7.843575063508079e-08,0.23492710174600606,0.037021405486724175,-1.5,-13.939636371691929,-34.702280784430705,1964.1829661496188,100.0,1
63,3.9786063452436513e-07,0.4578534428507098,-0.03843971486210567,-1.5,124.51012325994269,-6.656931996096791,1960.5780271971641,100.0,1
64,2.823631001285601e-07,-0.22019925134030657,0.3632640292284564,-1.5,110.12218940239012,-84.86329106510155,1959.6133831694851,100.0,1
65,8.485260933499114e-07,0.15131204841359136,-0.19535273554226512,-1.5,32.54833882348497,-124.10578193855835,1960.3447775315906,100.0,1
66,7.022038437622049e-07,-0.10225278280292464,0.27879537110934893,-1.5,-101.73835334966796,126.14936239969848,1957.8429283499684,100.0,1
67,3.3651152755430283e-07,-0.32287985093881516,-0.2809509105042904,-1.5,-5.365628288303521,163.5490722453933,1957.7119801612478,100.0,1
68,8.901341521393982e-07,0.20885711028090082,-0.45060785447756807,-1.5,-38.01664840820199,137.1165873047768,1959.379254303727,100.0,1
69,2.230189243668461e-07,0.26934672607630433,0.1593152039605126,-1.5,-43.35436059361345,89.98573017832608,1961.9980260051038,100.0,1
70,5.203744226639308e-07,-0.3301499293495976,-0.1450235350653953,-1.5,52.65118836309331,82.15396767014434,1962.1141312946447,100.0,1
71,7.860086188712368e-08,0.4410446724701842,0.09247215555922834,-1.5,78.0656912283664,-32.95051234625444,1962.7107015185115,100.0,1
72,8.348612366026359e-07,0.21173409270429064,-0.41928322767167786,-1.5,-20.35299077180741,165.45041451863332,1957.4537548479623,100.0,1
73,7.884156561107798e-08,-0.27731807627864336,-0.0736134547169915,-1.5,52.003047352454175,90.15113074649312,1961.78024838597,100.0,1
74,4.8273589493489565e-08,0.012311903551836794,0.2939456219281906,-1.5,88.57961481462539,13.831728111337675,1962.4921965202507,100.0,1
75,3.5287486581287754e-07,-0.013370175339354563,-0.38893060042108013,-1.5,38.38168527267404,-150.02004638063968,1958.4264393093022,100.0,1
76,6.99997164330309e-07,0.3205010341357954,-0.24639335814619245,-1.5,-96.87603117433828,73.84394667825738,1960.7588817570147,100.0,1
77,1.4422018466346355e-07,-0.3886847483535936,0.1475148488138979,-1.5,156.5543500143483,-54.78301682917041,1957.5246723412738,100.0,1
78,5.71513252290292e-07,-0.015614600215134892,-0.1477034404372388,-1.5,61.76787075540461,-120.14989392256427,1959.888267070057,100.0,1
79,5.954667567390801e-07,0.34418177384115617,0.27865223279610707,-1.5,-49.330551029715856,-74.16549261507448,1962.5186018752534,100.0,1
80,5.241384307635133e-07,-0.3096342304931099,0.03467747130277635,-1.5,-115.94208156162445,-53.717403629952514,1960.3788308733967,100.0,1
81,1.7208950401969145e-07,0.29267016137268154,-0.27169829162714276,-1.5,94.95364269533898,-64.42568964302988,1961.1849536744455,100.0,1
82,6.08518761469838e-08,-0.20018154669547786,0.4002953766591317,-1.5,-22.909707855105008,21.863137796954803,1964.2836950801675,100.0,1
83,1.5054015075789942e-07,0.2443117395451267,-0.17665842876508378,-1.5,58.14193326923209,-44.738939798595716,1963.1686705750847,100.0,1
84,3.334039945259433e-07,0.42570618694004997,0.13993458376973172,-1.5,49.189855516457364,-104.8860896406164,1961.1202289967594,100.0,1
85,3.1483242047849774e-08,-0.17365297746070532,0.3624677105774499,-1.5,-145.15381136553157,-26.328317078322105,1958.9922095383672,100.0,1
86,3.759574267464846e-07,0.23701870085528162,0.007018755984288898,-1.5,67.17056616546458,155.29626927134345,1957.2389915535468,100.0,1
87,3.079452332585562e-07,-0.2763606049536163,-0.3326431289859221,-1.5,116.62603830511736,-69.85270634633287,1959.8296489418353,100.0,1
88,2.2356933977532176e-07,0.443438600589986,0.15085883231035155,-1.5,-34.210747994206656,-26.768776807418107,1964.0586405644926,100.0,1
89,8.522768425528266e-07,0.33052229361279756,-0.23878944503613997,-1.5,142.2913897307367,-79.11815076470465,1957.781081963507,100.0,1
90,2.909296062502778e-07,-0.338766606814927,0.20163414942962662,-1.5,-43.63206095601968,18.11227194385013,1963.9708437570791,100.0,1
91,5.03409185352019e-07,-0.2977577158334559,0.33533110706427316,-1.5,83.60598498019459,125.08070032267312,1958.7695484534195,100.0,1
92,5.384078465838902e-08,-0.09211846191063837,-0.475420260462459,-1.5,61.73985565296763,48.43315843598935,1962.9711423385716,100.0,1
93,8.828206053462814e-07,0.3432981092122892,-0.07082699029851668,-1.5,-15.998659187192422,-56.26721518610034,1963.6678256939344,100.0,1
94,5.443433857469922e-07,0.24035175982129753,-0.2898515427106014,-1.5,-122.8875522195488,82.97048400540547,1958.935382946443,100.0,1
95,8.592095088757154e-07,0.0673475188481002,0.07942351998362919,-1.5,129.8828945414295,107.36079626585207,1957.2984901125412,100.0,1
96,7.309844511900067e-08,-0.21351896804364187,-0.2629964521489897,-1.5,127.38115568069148,5.896990317954711,1960.3960194177025,100.0,1
97,2.8633568652207996e-07,0.04362857363314293,0.01235023048032851,-1.5,-18.09276266362517,126.34191359388535,1960.3886500066164,100.0,1
98,6.113017620791642e-07,0.13769374401349085,-0.4141631969194264,-1.5,-7.126328374379775,88.06035280288005,1962.5513690026726,100.0,1
99,7.213770182170508e-07,-0.04034448858634928,-0.22445462842490252,-1.5,-86.20943421766626,-0.2906292606529746,1962.6464621150276,100.0,1
100,3.80873931489318e-07,0.32384164254545517,0.20893706691081745,-1.5,150.59458590944183,11.809132500581336,1958.7228240234704,100.0,1
101,8.04163654483855e-07,0.3216061257081597,0.3582875535316688,-1.5,91.12768258225032,-74.78888705015373,1960.9986369467774,100.0,1
102,8.395525936667073e-07,-0.04775872748692232,-0.25924746125662246,-1.5,-99.21733134326682,-18.45459566713311,1961.945115268522,100.0,1
103,2.7741504372722784e-07,-0.31692572610335273,-0.20302236635123655,-1.5,-130.56691718707648,-106.11192259647413,1957.3210841058435,100.0,1
104,7.211395814573044e-07,-0.18673668774114036,-0.4516767579395729,-1.5,-98.2891939445371,72.31283662774275,1960.7456169219693,100.0,1
105,3.6759744232789293e-07,-0.36940416370011464,0.05244569621671603,-1.5,-154.37660739753863,-12.661117295213963,1958.4230506873112,100.0,1
106,7.342350804279847e-07,0.05498189337473855,-0.4205277957340127,-1.5,43.315673935936665,-92.12111614490516,1961.8997779238937,100.0,1
107,6.876178533754296e-07,-0.3843858179057657,-0.12888174599431187,-1.5,36.323774609168545,-28.11263683895182,1964.0019219222354,100.0,1
108,8.16878948796721e-07,0.20904467380699132,0.14577709463769573,-1.5,-15.113310621107846,-152.6084975942271,1958.5442350302517,100.0,1
109,7.007813224958807e-07,0.2710998533547717,0.3021066669401341,-1.5,61.62805901267641,35.05673557952489,1963.259100042317,100.0,1
110,6.256892551567052e-07,-0.03932791756358808,0.3942688500745069,-1.5,140.57710421373469,-68.17120406835049,1958.3166370566541,100.0,1
111,8.258152529723975e-07,0.2515286828660833,-0.3982519799811883,-1.5,129.9820420263914,-20.840789403659176,1960.1233676770994,100.0,1
112,1.7441090775547098e-07,0.22626006492966555,-0.15724767877856746,-1.5,36.71202417250459,-18.268520612132498,1964.1109374732205,100.0,1
113,7.777003879695414e-07,0.4469065739769714,-0.2106828158140063,-1.5,75.93426168985003,-18.148620440268303,1962.98698460888,100.0,1
114,8.807825169345192e-07,0.20099613612699668,0.4076758742250289,-1.5,-92.36109210151487,-47.672747093946974,1961.7874564071572,100.0,1
115,3.706189951256862e-07,0.3824670084000635,0.21877071715952331,-1.5,13.198326530198962,-94.9070962158623,1962.2007373178735,100.0,1
116,5.578351354386571e-07,0.36334564359101157,-0.3363807126558598,-1.5,-85.15178074826682,2.962941662065521,1962.6904191640203,100.0,1
117,8.704041093765027e-07,0.016904588842476552,-0.37784977027066846,-1.5,-143.83542121356624,51.57726543070694,1958.587359185476,100.0,1
118,3.143161979113996e-07,-0.1761855899894898,-0.17037321378671516,-1.5,-30.29476345285758,107.60446225733492,1961.355855849666,100.0,1
119,3.4662859233874113e-07,-0.017673342094017164,0.028100996209644253,-1.5,-2.4545285316188186,161.41745738330619,1957.8947024821655,100.0,1
120,7.14744602647793e-07,-0.04886281298148368,0.4153148482421571,-1.5,82.78676909479302,-93.24803358626262,1960.5775785113099,100.0,1
121,7.582730985861186e-07,-0.32162253975712796,0.04979767635480259,-1.5,-40.87909681733769,129.08281586770997,1959.8672945781796,100.0,1
122,6.084191174394698e-07,-0.30652443587312334,-0.13376314871971393,-1.5,35.859693440390814,-57.5433213200321,1963.368568258123,100.0,1
123,4.586240450227078e-07,-0.19024647132027536,-0.119117211883404,-1.5,59.88641468968131,146.31107017376507,1958.1675041595279,100.0,1
124,9.003244352298954e-07,0.40077017995996844,-0.06812924873406682,-1.5,-103.1761182993207,-118.9184950616202,1958.2202037592951,100.0,1
125,3.569684694344993e-08,0.3031592817314502,-0.13501687231483722,-1.5,-13.013990402577921,-115.51135723797438,1961.0968993573401,100.0,1
126,1.344622919731331e-07,0.08125455940058372,-0.3226463214109123,-1.5,-25.168552937511553,141.00339370080616,1959.3105606753663,100.0,1
127,4.5955119729437514e-07,0.029732792356525754,0.4736334199689711,-1.5,34.01394985231249,38.36053336704828,1963.8698548939976,100.0,1
128,3.895868392580014e-07,-0.4292908440492962,-0.1542953945537183,-1.5,-46.88079373281903,-2.359024115530908,1963.9780834954179,100.0,1
129,6.990673864277634e-07,0.34335582541821913,-0.03800801391466578,-1.5,-32.04209035489518,124.9828791475328,1960.2973934155534,100.0,1
130,3.389460000959e-07,-0.29206561644534235,0.08679964475784606,-1.5,18.298228126179993,-57.83554418084447,1963.6021773625325,100.0,1
131,3.6375857227838196e-07,0.11851201050646532,0.22984652447277187,-1.5,-143.07966686514163,88.17762780232906,1957.3365068763842,100.0,1
132,9.055619754807931e-07,-0.21747966380257905,-0.09167216492510578,-1.5,-21.329446690477216,29.110225639836973,1964.2074574069836,100.0,1
133,8.10696967065838e-07,0.35301063763924884,0.018413431883483825,-1.5,12.331215122403277,159.83144427856158,1957.987522130712,100.0,1
134,4.560077105351679e-07,-0.35740160103552776,-0.2145926736758455,-1.5,101.4036016523618,30.83852973076188,1961.677746451263,100.0,1
135,7.933430833360666e-07,-0.2668514723298375,0.39933274414140435,-1.5,-99.76613229427613,19.957612838176715,1961.902571180071,100.0,1
136,8.937742883024896e-08,0.014546473637557721,0.38093658129538266,-1.5,-153.6080161934378,47.130900013593504,1957.9572369924622,100.0,1
137,5.643786885203999e-07,-0.041101153934884026,-0.3147900366876479,-1.5,127.20751382968447,32.21933461252393,1960.1513842477902,100.0,1
138,6.97298156073008e-07,0.13905323512033554,0.030404976177740746,-1.5,-48.675359916656404,-62.32798764244005,1962.9465651309918,100.0,1
139,9.023004722553809e-07,0.12016287952869856,0.2769421106842563,-1.5,-112.47228036807087,106.563431988032,1958.4196453717138,100.0,1
140,7.975052638611599e-07,-0.20444874721668582,0.33606884513901125,-1.5,-106.64407122896243,-128.7791299763885,1957.4106017952308,100.0,1
141,8.938789696956517e-07,-0.1565000829457307,0.16969919709206943,-1.5,95.36956775931164,-26.109966105786278,1962.0489803981673,100.0,1
142,8.381523977634108e-07,0.4417267167519463,0.1501012871063283,-1.5,-45.10989324592792,145.40931132451814,1958.630775817025,100.0,1
143,4.918120605658088e-07,-0.16731751318465515,-0.2097049624893829,-1.5,-155.0828757239825,-23.803929078257738,1958.2635064984865,100.0,1
144,5.189343638272484e-07,0.02770769171750482,-0.11980750890269698,-1.5,22.383279341147553,5.703220792709982,1964.4031532108313,100.0,1
145,8.720819520993408e-07,0.3147462967555981,0.28722332910381454,-1.5,-76.40828395545908,28.002243905629193,1962.8527542190634,100.0,1
146,6.295376719566637e-07,-0.1957790388705902,-0.07662087171540369,-1.5,31.29516908750308,66.07751354137994,1963.1779493622337,100.0,1
147,1.4263254568692566e-07,0.2618718531055898,0.16120696533149365,-1.5,-65.3193518285191,-127.33621622355618,1959.319309500292,100.0,1
148,3.48454150005653e-07,0.10048716117540125,0.031079091526300683,-1.5,-6.63056961443821,-163.55167501585183,1957.7078871507435,100.0,1
149,2.4853651075524546e-07,-0.05487570749024541,-0.28813754929190455,-1.5,-16.718790158943687,-117.42407374820287,1960.9552149975607,100.0,1
150,1.8119616158520858e-07,0.10720886708482957,-0.0006381242592216868,-1.5,0.3774789166905889,74.906597191017,1963.1103243254215,100.0,1
151,4.885071197526882e-08,-0.3468901894077407,0.05270448175650287,-1.5,-111.097523756365,-12.43888405935583,1961.3556282950558,100.0,1
152,4.1326874192866213e-07,0.17850845254913644,-0.014904315487301556,-1.5,68.29692134318742,-53.10383002577794,1962.6331292520686,100.0,1
153,3.232484592676918e-07,0.4070832851049194,-0.18632016087785574,-1.5,8.009634330906707,145.69888641180907,1959.112290432168,100.0,1
154,2.1815082135860375e-07,0.3917808382568663,-0.06676267062148412,-1.5,-152.5163077587201,7.115356974092835,1958.5968022614838,100.0,1
155,3.655839100921192e-07,0.35210237206887535,-0.2449280817852502,-1.5,74.07733952987059,-69.46168468335803,1961.9125639016784,100.0,1
156,3.241342119775012e-07,0.22467039036476733,0.3304936352745903,-1.5,55.68681801936532,-0.5416887019647288,1963.7494675081034,100.0,1
157,4.766997611096955e-07,0.23813379942069662,-0.38291791936206915,-1.5,38.68939781582331,-12.089252115684285,1964.120736295522,100.0,1
158,8.507407825049742e-08,-0.02596785854815176,-0.2612462204977247,-1.5,14.34453351552859,-143.73911816956766,1959.220913152008,100.0,1
159,6.076279840819991e-07,-0.171282869938077,0.23312853037151832,-1.5,125.71014868996407,65.15489587362514,1959.4297855055117,100.0,1
160,2.2011247783099273e-07,-0.22024896558167872,0.0031355729063790604,-1.5,-150.67246973351118,47.21214149408254,1958.1833690505284,100.0,1
161,1.851550937571812e-07,0.22439058108639184,-0.2083477359335725,-1.5,119.64887904952428,31.757960426469545,1960.6348114725174,100.0,1
162,3.595688405432949e-07,-0.38637309003945286,-0.14740886223590877,-1.5,103.84168211699128,67.37775669795337,1960.6352106456716,100.0,1
163,6.706637659168254e-07,0.25910378905675874,-0.04917157092610689,-1.5,-68.21511673311987,-73.52576022578222,1961.9770505024871,100.0,1
164,1.8972740491320443e-07,0.36117374255883056,0.20145850569516086,-1.5,-27.223455072108255,-21.00619415363094,1964.2379971803946,100.0,1
165,2.1629376240264135e-07,0.15836839544283313,0.06176587713960263,-1.5,107.76044154781759,-16.45636368369425,1961.5122129616886,100.0,1
166,7.971770141263413e-07,-0.27312146273206944,0.27150860399149324,-1.5,-78.6105683965667,5.3238177424107755,1962.9583087185385,100.0,1
167,7.773725498310743e-07,-0.35275717190834643,-0.05191428709462024,-1.5,-89.43574815106159,37.93386922995831,1962.1354578071403,100.0,1
168,5.10305726023756e-07,-0.08962690067482315,-0.048842283197075106,-1.5,69.3436183343376,110.44065738824705,1960.2060121472143,100.0,1
169,4.7550531545547143e-07,-0.41834624211427457,0.035506654459874464,-1.5,140.90859132956697,-85.25918574232857,1957.6232851093193,100.0,1
170,3.6011161411562634e-08,-0.3599072088746855,0.3159463231992818,-1.5,-98.00986549576596,-103.70387404985779,1959.3501113988495,100.0,1
171,1.19627923631391e-07,-0.07274100858812926,0.4170330152124524,-1.5,9.505615576707074,154.3108730076325,1958.4460891253202,100.0,1
172,6.760777872161176e-07,0.16998950508322466,-0.11960977427152139,-1.5,116.88177922438865,-95.51442416966249,1958.7314595745406,100.0,1
173,2.204822587788283e-09,-0.1715726035492963,0.02717011835021122,-1.5,-150.88201438793797,6.174002488368938,1958.7265724683582,100.0,1
174,3.8623417604132694e-07,-0.38350386650786966,0.17327359680298968,-1.5,38.04205300708763,-119.4652915342596,1960.5341447135706,100.0,1
175,8.548484141263338e-07,0.08381383736709559,0.3722342540461791,-1.5,68.58492684761197,-97.23431233458294,1960.9321463478177,100.0,1
176,2.3857093894657347e-07,0.1224321707569888,0.4329375613596274,-1.5,-22.319100544360946,-50.71911130140083,1963.757295534715,100.0,1
177,4.250736231038098e-07,-0.36951428819879645,0.11528174944038161,-1.5,-14.340661280539146,-18.807010323744628,1964.3965811573921,100.0,1
178,8.329742483159366e-07,0.38230301566376246,0.27103757586358773,-1.5,-9.566684093674509,-162.45694842914483,1957.786889507812,100.0,1
179,5.141879644414941e-07,-0.20155141768937204,0.1456924790172375,-1.5,-10.192975314065919,-153.52172959725831,1958.504651018691,100.0,1
180,4.4325401514945765e-07,0.3780757288290917,0.009777648392980565,-1.5,-141.22138425674416,44.34556699323971,1958.9546389803895,100.0,1
181,8.555911241008734e-07,-0.1953180690259274,0.3828666192448805,-1.5,-97.99344946046018,50.119626668482624,1961.4531840325894,100.0,1
182,2.5980130681513735e-07,-0.18662309422419954,-0.29355185438799,-1.5,29.96835820429604,46.80719177919549,1963.7525991250568,100.0,1
183,7.635978171333357e-07,0.02332428569914937,0.36582778206728,-1.5,-121.06260035823213,-119.58514722349358,1957.1552124510129,100.0,1
184,1.28853630852933e-08,0.3187161822678413,0.07480983758881227,-1.5,-128.8655148036509,105.3049639672311,1957.4774149206373,100.0,1
185,5.447480546277419e-07,-0.38887594704955925,-0.19741456773984303,-1.5,-8.512936303305088,-72.84792253908891,1963.1693753630545,100.0,1
186,5.662205420103177e-07,-0.2700725258397622,0.27512315635613493,-1.5,-114.54989747525886,-72.48205075976759,1959.8566170952909,100.0,1
187,3.6315237795184683e-07,-0.19079583808472506,-0.24614093636917778,-1.5,102.5128686600715,8.020656620308547,1961.8460864941962,100.0,1
188,2.976575932735982e-07,0.28045215094658377,0.3188580087543832,-1.5,-98.91434773887411,-38.912076644140285,1961.6613082713245,100.0,1
189,8.348785577684111e-07,0.4539284234916613,-0.18663582114146116,-1.5,153.27065593613264,-73.792172238234,1957.1602151105058,100.0,1
190,2.266113926881766e-07,-0.37148573741918284,-0.007758850743678121,-1.5,-133.23650052898128,-35.23996549111128,1959.6988202336365,100.0,1
191,3.569775512385959e-07,-0.01857564100127996,-0.29916451184119613,-1.5,-10.749340095536208,-161.85826424393568,1957.8303400064017,100.0,1
192,4.5215575471081835e-07,-0.4317896464857105,-0.13139856952044654,-1.5,-1.6465813678911438,106.05728235196982,1961.6733744168637,100.0,1
193,1.5542202319719356e-07,-0.19890117783299566,-0.34171350114376253,-1.5,8.848707231563221,-145.92006704192795,1959.0922185239112,100.0,1
194,7.048363115751231e-07,-0.09791327186391251,0.3111558488761378,-1.5,-43.59872928685607,-141.00336665338676,1958.9871075796066,100.0,1
195,8.231026395716968e-07,-0.42567262947300194,0.20723484730944036,-1.5,78.25203162217802,-13.000568111392209,1962.9368026102914,100.0,1
196,7.375530064505168e-07,-0.36717885609393563,0.12751426636426008,-1.5,-110.40734143348426,44.1935941930616,1960.9361110082143,100.0,1
197,2.3124241970514528e-07,0.3792377624913866,-0.28098507143680124,-1.5,160.6004726558809,42.166879316608686,1957.5093176630187,100.0,1
198,1.6773324573704064e-07,-0.27650024742789836,0.1611609357650427,-1.5,68.89341877749906,-69.10557078223087,1962.1140138131987,100.0,1
199,8.784093677742833e-07,0.23861387046649826,-0.06324659000156928,-1.5,118.51851311182118,-97.72763007042494,1958.52392342721,100.0,1
200,1.906683765196033e-08,0.3965694412391413,-0.24588018294165698,-1.5,-65.63647545241591,-87.45681594769587,1961.493422038577,100.0,1
201,4.4941052407242634e-07,0.03737281926125022,-0.46213447138624,-1.5,66.93302627521622,10.087465358788156,1963.3724810392978,100.0,1
202,2.6924374383744784e-07,0.06370439698898417,-0.400938920874471,-1.5,46.714379287204146,85.35081176446056,1962.1280009125526,100.0,1
203,2.2154079473966263e-07,-0.466209586032506,0.16209796507731628,-1.5,-28.074047784524797,21.2972088001803,1964.2228903575187,100.0,1
204,6.280420876878524e-07,-0.23350834221417577,-0.3615808592427459,-1.5,-66.76037440761861,118.16917275420504,1959.8449901167369,100.0,1
205,2.7979669989253163e-07,-0.3050081980446535,0.1778187689675578,-1.5,-54.0636349267112,147.4594807117716,1958.2507784226354,100.0,1
206,5.239958129654368e-07,0.22030709016022734,0.07443289631821103,-1.5,-138.4327421700737,-38.097837905427674,1959.2851290479232,100.0,1
207,3.465654102298437e-08,-0.19708028536748462,0.3034234652044887,-1.5,127.9766849332272,-107.6015665279314,1957.4108299640034,100.0,1
208,5.777869176183216e-07,-0.3667856246513151,-0.0462999454744884,-1.5,-34.914889901419514,-70.2846920316295,1962.9707839892376,100.0,1
209,6.920106923583808e-07,0.08546792491158181,-0.23218033087704953,-1.5,-50.56626434608458,-79.053299572451,1962.2963372036654,100.0,1
210,5.222596360081688e-07,-0.17812619684649902,-0.16886880852740355,-1.5,96.1755257509757,-39.355091851384714,1961.7886561141147,100.0,1
211,6.467530040745226e-07,0.3770959528725857,0.19193628953530179,-1.5,61.520841881232826,-86.86259790444605,1961.6532214858073,100.0,1
212,7.304195918067427e-07,0.2650397779188141,0.24115723609449877,-1.5,-59.241062050903864,-116.77292352481712,1960.1703668724,100.0,1
213,6.152309997964541e-07,-0.3054421785869709,-0.3653986244707802,-1.5,33.52581855114435,-88.81458266431375,1962.2439388778273,100.0,1
214,7.389625132781544e-07,0.3739905954096051,-0.07287225300582918,-1.5,-20.971248870104578,-113.41499510545668,1961.1503083323798,100.0,1
215,8.802342647251913e-07,-0.3770195302116808,0.20947269794880752,-1.5,79.97637727675885,-150.71174666603173,1957.115999311408,100.0,1
216,2.995202811097927e-07,0.1678591715353873,-0.22470208762443786,-1.5,-37.51374965026067,-85.558201463961,1962.3164370242534,100.0,1
217,6.592344104574258e-07,0.04147635740702851,-0.36696126509029003,-1.5,-20.509929157964137,-27.286150144675357,1964.2423717765455,100.0,1
218,5.077287810269524e-07,-0.43233438477131103,-0.0005982484919030049,-1.5,-122.67667193845432,59.01494562264488,1959.816561982624,100.0,1
219,6.42477642045715e-07,0.21739089133617695,-0.16615991168210803,-1.5,136.8816473185013,-72.25785513768459,1958.431899062208,100.0,1
220,6.182401881811183e-07,-0.28799236888359153,-0.19774928287977803,-1.5,-54.76880224614578,41.12743161543888,1963.3446459894328,100.0,1
221,5.146640414911147e-07,-0.1927481372851642,0.14643704878828462,-1.5,-166.80843788498726,-11.347704025095846,1957.4114184120467,100.0,1
222,7.684745758231303e-07,-0.38178538435497544,-0.027987358192335172,-1.5,-72.83268984555812,-51.50102220657765,1962.5127592623874,100.0,1
223,3.058547890798934e-07,-0.023172620974002547,-0.41832185961477425,-1.5,37.54114154438829,-119.90796044259164,1960.5167762557335,100.0,1
224,4.5508908438477445e-07,0.25169473842968254,0.4158217322748277,-1.5,-67.98121138569897,-61.73462630977838,1962.3915707827161,100.0,1
225,5.734969122360525e-07,-0.29882881652699816,0.3241975823160782,-1.5,20.587232719710354,156.25751757962888,1958.206587751897,100.0,1
226,6.123437770090449e-07,-0.022706193220436776,0.19938440379922043,-1.5,46.23744128308789,144.33196376348263,1958.68416788565,100.0,1
227,2.2961590325163951e-07,0.2143723057937835,-0.3136014277662931,-1.5,125.08774470627152,-85.34594298426701,1958.6940578882034,100.0,1
228,8.265730396002017e-07,0.06006859688446468,0.3726650208939142,-1.5,-75.885567718515,-36.28568576946187,1962.737378226239,100.0,1
229,6.376673420377873e-07,-0.17258950490351768,-0.22669669482661384,-1.5,-41.03350997840561,-61.28107693263906,1963.154137334855,100.0,1
230,6.920964702106152e-07,-0.09420773172140164,-0.366290994789202,-1.5,-63.00482330858302,-137.77723160196933,1958.6886207251225,100.0,1
231,3.7214016783776044e-07,-0.48059502655430425,0.10156396868923648,-1.5,38.48270501353948,22.06431189677522,1964.0380683228861,100.0,1
232,4.3699068963919066e-07,0.29339593560394855,0.2601032227845435,-1.5,-83.89346519490212,57.13440244403347,1961.9150931732713,100.0,1
233,3.802817831436624e-07,0.2798078691959824,-0.22937757484701005,-1.5,21.735512507082063,35.173866595081,1964.103778538939,100.0,1
234,6.575610025823044e-07,0.048622080775961043,-0.30674655002815254,-1.5,90.91382219935444,-73.58481936166756,1961.0541138782341,100.0,1
235,1.375037976821438e-07,-0.07014769789135031,-0.23365845070521737,-1.5,113.04007412451872,-74.04111682280801,1959.886002023507,100.0,1
236,4.318179734723613e-08,-0.054004700442341805,-0.2971966319803674,-1.5,62.15805891159667,-70.85935449911017,1962.2763856955632,100.0,1
237,3.155749039209409e-07,0.17853461157105602,-0.05903892970540966,-1.5,128.4173296928225,8.828879560405882,1960.317404551213,100.0,1
238,2.241767345379034e-07,0.23939660078419817,-0.08362112880502137,-1.5,-86.50695755483055,1.8060485157459045,1962.6325613189792,100.0,1
239,8.53495780094264e-09,-0.07745796748740587,-0.4744763297500732,-1.5,66.83331015615029,148.7040655723752,1957.76242067365,100.0,1
240,6.469065647464219e-07,-0.12876828473569182,-0.03721827418309016,-1.5,133.23638250396195,59.15284829800361,1959.1228376958966,100.0,1
241,4.1149457273971377e-07,-0.2228416990814258,0.30432036194183354,-1.5,56.91672952123052,101.68820754811475,1961.0796211812487,100.0,1
242,1.1803176796477476e-07,-0.16203759620295496,0.13948853936246214,-1.5,34.493118675880154,-26.752313512569216,1964.053926131324,100.0,1
243,3.756804308325935e-07,0.43329175135216413,0.0697410262493076,-1.5,-22.590963758464827,107.43247494833355,1961.4691427471068,100.0,1
244,1.0644395547789468e-07,0.27098900170420137,0.04161865906096776,-1.5,-121.28683153562886,88.6148411408094,1958.7879417363606,100.0,1
245,7.475068311001975e-08,0.03847693991503271,-0.06714194659651382,-1.5,-35.261543168086654,-103.59945598706793,1961.4884813729395,100.0,1
246,1.5518479580572216e-07,0.4670643647277523,-0.03721068239436592,-1.5,130.54394236466322,-48.090328419108666,1959.6068191580077,100.0,1
247,8.474487692137787e-07,0.3115425218667883,0.33956241395756687,-1.5,141.338468305328,-81.66553813794103,1957.7455053003891,100.0,1
248,5.199683129674067e-07,-0.13998749974047797,0.14996006078221857,-1.5,-35.72821644877973,68.33943568385912,1963.0248348775244,100.0,1
249,3.788126578550315e-07,0.05049859184074973,-0.0884195357885677,-1.5,76.15037386756381,42.28863395399935,1962.6069597003539,100.0,1
250,6.956807657875531e-07,0.09902632392565212,-0.20602161097776633,-1.5,-33.027004985718925,7.345660270805598,1964.2475771864886,100.0,1
251,9.719205004356977e-09,0.27481377646219424,0.11513344852375965,-1.5,-39.71067984882075,98.8416470578858,1961.6489688471177,100.0,1
252,7.378015819890814e-07,-0.1328614027627892,0.4001053196158124,-1.5,18.95076034451999,-162.31900921952644,1957.729985006739,100.0,1
253,1.858268546114672e-07,0.3142655998377693,0.2394566328333867,-1.5,-166.99509159502165,24.42498488710465,1957.276001427128,100.0,1
254,8.836194011712288e-07,-0.29684875773953434,0.2887175161808303,-1.5,-66.76563517425684,127.37493630697709,1959.2680423634492,100.0,1
255,8.432948545458761e-07,0.32368667388835287,0.09722540057905917,-1.5,-50.94146366481405,118.94574038646486,1960.2729821098217,100.0,1
256,1.5165631260804362e-07,-0.05478023027204484,0.3776349687004254,-1.5,-144.0543888425078,-63.28864212040268,1958.227812870581,100.0,1
257,5.22015507827074e-07,0.22374365163657897,0.33734760543807685,-1.5,-8.974206743056262,-110.03727328670308,1961.434308960433,100.0,1
258,5.495853584643866e-07,-0.34472513419342443,-0.2108177188286727,-1.5,78.88121515580842,-14.875512544206622,1962.898305895703,100.0,1
259,9.022674383002352e-07,-0.3021960680149131,0.25176806031902454,-1.5,30.92411037922323,148.49521317672375,1958.6745919950522,100.0,1
260,6.813393696495437e-07,-0.30761892104563765,-0.21778969373875623,-1.5,94.71893801263299,5.373120408392278,1962.246859756684,100.0,1
261,4.954219407674067e-07,0.014483536796212922,-0.3581505514072524,-1.5,123.51556730998477,-109.00584990324441,1957.619706578654,100.0,1
262,4.0998544946855527e-07,-0.3492986204790834,0.01032320995881484,-1.5,111.95757899733842,27.332635098958605,1961.1557087160961,100.0,1
263,3.9417927540865593e-07,0.15109217395554225,0.362507951774654,-1.5,-62.79660295236431,35.8452836435963,1963.2078312201907,100.0,1
264,8.335242600096643e-07,0.34138802569443794,0.06558154343455651,-1.5,101.90796510069534,76.8940620489695,1960.3865323289629,100.0,1
265,4.0751958667841496e-07,0.4180547588645784,-0.2567625824588879,-1.5,144.1074396735853,48.9331256128081,1958.635208841763,100.0,1
266,4.561932336306764e-07,0.4407198624788303,-0.17502320656164905,-1.5,-131.2046691516653,-79.24383492143588,1958.5502382338518,100.0,1
267,4.984444069689918e-08,0.20619615662835963,0.42982485100197415,-1.5,-27.160124129839403,-107.81896891933093,1961.38998770376,100.0,1
268,8.192806454722181e-07,0.3884644918709998,0.018236318176683617,-1.5,19.467813358897498,57.169495486242894,1963.6104347082196,100.0,1
269,5.608998642211464e-07,0.45961029563613515,0.011584293168174008,-1.5,61.87635590444316,77.1988951125661,1962.0461088974225,100.0,1
270,3.7476502446008624e-07,-0.2544918325467351,0.08555158357708369,-1.5,45.01540492615781,-151.3238337777114,1958.1848730179388,100.0,1
271,6.750464130883839e-07,-0.3185907194501165,-0.1377577886947872,-1.5,136.57300149398483,-75.86689924240501,1958.3169598224895,100.0,1
272,7.866113152477297e-08,0.05955250853456275,0.26094206825454386,-1.5,-91.85698960196274,16.709196507371377,1962.319133698562,100.0,1
273,7.289307635252059e-07,0.2995353670187066,-0.3654969578561459,-1.5,22.2956536656157,-53.84608527843207,1963.674308329653,100.0,1
274,5.884474078952966e-07,-0.18567779474354762,-0.2478824545789017,-1.5,-73.26614066863866,87.48294055899649,1961.222091964295,100.0,1
275,8.625115863958975e-07,-0.29432853091771816,-0.101530918394131,-1.5,3.0070380184407264,-119.02697592433877,1960.927541494278,100.0,1
276,8.540445643993568e-07,-0.07765330574366858,0.26152787312533976,-1.5,18.16774895217833,-18.56859070378806,1964.3671822252115,100.0,1
277,4.797766610390286e-07,-0.1535349154801996,-0.17182400952458374,-1.5,-77.38654654433813,-52.399450826846575,1962.314680736277,100.0,1
278,6.141243334395199e-07,0.14553047483693643,0.3370439213156504,-1.5,78.72641531599112,47.12742016126922,1962.3950784861258,100.0,1
279,2.5269543902532624e-07,-0.46580448614065945,-0.15338167164831443,-1.5,64.48514742321095,32.398149810320575,1963.2130072706848,100.0,1
280,4.5303331308005327e-07,0.33792801549570894,0.04627907410827469,-1.5,103.29587386922142,-37.28548290038261,1961.4670635706862,100.0,1
281,7.792459858998036e-07,-0.27013828071233353,0.3397243555883571,-1.5,143.43956734131564,-68.12415962412894,1958.110690349903,100.0,1
282,7.627881089375863e-07,-0.3067381237739597,-0.2249192911832615,-1.5,92.10396385441747,74.77015006957292,1960.9537400884828,100.0,1
283,3.3507305856185747e-07,0.2276837289540757,0.4435378064470954,-1.5,-98.19737563060642,-47.67036478931164,1961.504039762918,100.0,1
284,1.5603860594662172e-07,-0.40448182035689617,-0.10649574912543844,-1.5,1.7262199843545252,-102.74463154186387,1961.8495984962822,100.0,1
285,3.2217081012100666e-07,0.15881941722646936,-0.14947508853860697,-1.5,-60.03803307499322,-30.159372414200107,1963.389704848785,100.0,1
286,5.576667950502049e-07,-0.17583233971678713,0.21465212885836568,-1.5,-48.11068842682303,-155.63775673150258,1957.7731065179166,100.0,1
287,2.408266068773031e-07,-0.050284578827434825,0.2573242398456267,-1.5,-84.40696758825318,55.06277617718057,1961.952303387712,100.0,1
288,2.1818262697287534e-07,0.3826667434442672,0.10199882503465656,-1.5,-2.657509461091137,-133.08326749062994,1960.0242518457808,100.0,1
289,5.075912408358015e-07,0.10868107751578242,-0.03477605588112189,-1.5,-12.922878444834774,146.3518937444561,1959.0373678611245,100.0,1
290,2.968801167926825e-07,0.4752633618855647,0.025937729575827653,-1.5,76.5810831667471,-79.7880420339044,1961.4235881918864,100.0,1
291,8.765370597532712e-07,-0.2622713428185227,0.3350912043045527,-1.5,-77.52880070763005,-142.10915757282623,1957.8579005282556,100.0,1
292,7.764591833803457e-07,-0.05361491384871878,-0.49087227279849455,-1.5,-76.1121072300661,-138.9290917851883,1958.141706019989,100.0,1
293,7.593377487025031e-07,0.38746203707600546,-0.012900288003663399,-1.5,84.30692980058555,138.03250786718473,1957.8694171536633,100.0,1
294,8.151004277381384e-07,0.4363355613702743,-0.10752962767548566,-1.5,-44.1833352976105,30.383853346211065,1963.8070018726244,100.0,1
295,3.0645248916852636e-08,-0.03369165583242518,-0.08204643482735671,-1.5,42.82395702900289,-48.00468305393421,1963.4854074770712,100.0,1
296,4.2352931211826626e-07,-0.15219296603579408,-0.4101125380767498,-1.5,-57.588433484706755,141.04378399743732,1958.6228604789114,100.0,1
297,1.0766534533885037e-07,-0.02887069377040689,0.3088749145046573,-1.5,3.799355722498215,-31.387700234631104,1964.284516926254,100.0,1
298,5.691417808932517e-07,0.11249103085626541,-0.40835353444229744,-1.5,-87.35537471461708,41.04653500077715,1962.166533895385,100.0,1
299,6.382591152722722e-07,-0.20529571778106934,0.290441304342526,-1.5,-126.88773780298457,-24.246008854782282,1960.286948208345,100.0,1
300,7.148913090344277e-07,-0.009200240440336039,0.156792196545429,-1.5,-66.75847625183417,-64.39041108079363,1962.3482023013935,100.0,1
301,8.222505749707514e-07,-0.3491979058852137,-0.18224892597577635,-1.5,-4.758366399070886,-99.76929740725586,1961.9981476826642,100.0,1
302,1.4206635188526637e-07,-0.050042745088541445,-0.08960198362357653,-1.5,-82.5693003995747,-78.85572487818206,1961.2183385721214,100.0,1
303,6.962206782082513e-07,0.2254928467662364,0.018995064624402674,-1.5,-120.24310378124125,-64.83888497728822,1959.783355693707,100.0,1
304,8.924730631956641e-07,0.3920141133381158,0.27832440196385994,-1.5,95.06908940543777,51.43524092848361,1961.5630427025233,100.0,1
305,6.647824018408467e-07,0.46203888309614016,0.11276347151694639,-1.5,-102.50272951433409,58.34327563119066,1960.9952929308283,100.0,1
306,9.071623490672319e-07,-0.21147437760541493,-0.42962005860468,-1.5,121.5988589351975,-75.35576230200225,1959.3234834655746,100.0,1
307,1.7221554123397966e-07,0.4009321640507294,-0.0524678070836915,-1.5,-36.178287577399885,-162.3193795364368,1957.4873784525416,100.0,1
308,5.279705383720243e-07,0.19168698094843986,0.20830268638773533,-1.5,15.670384093499296,-1.2699224472260044,1964.4760402268773,100.0,1
309,8.281505792530021e-07,-0.18652079640571198,0.01753675531203492,-1.5,23.84486154579073,165.76135025086916,1957.3880258157815,100.0,1
310,8.710520250335748e-07,0.32754646517965536,0.011656398117207353,-1.5,-133.82376748163946,64.78745163772362,1958.9045590925152,100.0,1
311,7.129195935282826e-07,0.0688499530970543,0.42105843867862464,-1.5,-1.8494764823073873,135.58813617347002,1959.8534952980228,100.0,1
312,3.616877192059732e-07,0.10448936015458343,-0.4323298893048533,-1.5,163.71013888667983,4.720791229158311,1957.7001789911565,100.0,1
313,3.7205789176473023e-07,-0.1527160872100011,0.11487608776323469,-1.5,-61.94419482753102,96.1280339966658,1961.2076901932737,100.0,1
314,5.901340953710774e-07,-0.048488457026526724,-0.4820647747163836,-1.5,6.497919428943522,161.49577896852284,1957.8789995003717,100.0,1
315,1.6786812095789714e-07,0.44358164746215173,0.014456736809760755,-1.5,40.947082182738434,85.68981577159744,1962.2420539270586,100.0,1
316,1.101634721074067e-07,0.39074185142384765,-0.19502613729998283,-1.5,-99.84657255615349,25.91383667301024,1961.82884607292,100.0,1
317,4.955883347158131e-07,-0.02674533643175206,0.39101264604410363,-1.5,-81.71869218427135,-82.30716522340227,1961.1121518584068,100.0,1
318,1.507818350365883e-07,-0.29163750013849254,0.13880498183259968,-1.5,-77.31706422590517,112.64838615922187,1959.7820539389938,100.0,1
319,7.847004485116429e-07,0.09436129086007794,0.33036266492522504,-1.5,-18.867496597627657,-64.07041100660899,1963.4032408732837,100.0,1
320,7.24308456891521e-07,0.20901644105640105,0.42974748509837357,-1.5,31.67080484960694,-132.650040605737,1959.7995339099368,100.0,1
321,7.560539415532488e-07,-0.026357027228568884,-0.06615723001727353,-1.5,-158.09302054553427,-9.307241908316007,1958.1453619098304,100.0,1
322,1.629351422448757e-07,-0.1928134401686905,0.055533484334880305,-1.5,-57.127036690798136,-20.90732337685528,1963.5968709931974,100.0,1
323,6.234828375930024e-07,0.021595359822045728,0.20178055703829298,-1.5,-22.456742517366123,0.17110629956060933,1964.4105863348107,100.0,1
324,1.226733899051081e-07,0.0040725118555322345,-0.3439556588574236,-1.5,6.1888343952549985,76.32490588903181,1963.045973311881,100.0,1
325,6.477362022754054e-07,0.00629025481847138,-0.23789450752861685,-1.5,109.64599760312637,97.43913316274822,1959.0550418005714,100.0,1
326,6.362630466444239e-07,-0.02626758733889677,-0.438041961902934,-1.5,161.40467510387035,44.38050580357791,1957.3942341351076,100.0,1
327,6.368032345575708e-07,0.13502501307944484,-0.3368702683192704,-1.5,-44.78784172576104,-124.21866226693574,1960.096186273595,100.0,1
328,6.133043847122405e-07,-0.08955058541688965,0.3157049509147633,-1.5,94.55267685274606,-108.56443472299229,1959.2567062739352,100.0,1
329,5.792061084257034e-07,0.247764398322245,0.3827203878266343,-1.5,71.78016159363919,34.907513781350474,1962.916799089897,100.0,1
330,9.124612398245498e-09,-0.24594277243921153,-0.007160406827481806,-1.5,83.67115983184358,-9.92130035575175,1962.7312579866293,100.0,1
331,5.486655051958681e-07,-0.19129546259913469,0.06027268470229482,-1.5,136.05647572350608,98.1769729107523,1957.3612859331595,100.0,1
332,2.858774180982076e-08,-0.43586001489528553,0.11603249301915415,-1.5,-139.4753331422498,-31.36728561106833,1959.330500733448,100.0,1
333,5.168750791601785e-07,0.06813367921457127,-0.30657091356199784,-1.5,-23.85765756098716,155.42931645744954,1958.2353857561159,100.0,1
334,2.915381329904644e-08,0.2197080399247323,0.29624163589070723,-1.5,-40.943136449820436,123.76174232885491,1960.2091666400065,100.0,1
335,7.134697080929207e-07,-0.010583204931023979,0.03659790010487992,-1.5,-97.6601380562611,-63.19278462310165,1961.092158893238,100.0,1
336,2.677110069771689e-07,-0.17230663384743825,-0.38965236598448183,-1.5,39.78418846175627,-156.43094728416648,1957.8967958874516,100.0,1
337,2.0848859439590886e-07,-0.2582563557118784,-0.14573410002923362,-1.5,146.7514428507344,-39.67309699697398,1958.6483466059005,100.0,1
338,4.1928720947300785e-07,-0.31847377969016893,-0.36390861536972824,-1.5,-33.012035578732295,-140.00015776072289,1959.2660481925502,100.0,1
339,5.879839799588608e-07,-0.22798886180262196,-0.22392545407760592,-1.5,-56.91546546788031,149.9800443537349,1957.9785244870172,100.0,1
340,2.7891222221878677e-07,0.14967810678310034,-0.31753240996705634,-1.5,-25.677938390476633,-83.59684421020052,1962.591525861722,100.0,1
341,3.880028737307201e-07,0.07118786806886986,0.1150008874542632,-1.5,-131.92660204919105,50.833354002306194,1959.4449795946714,100.0,1
342,2.1919670130493673e-07,0.12257873215924385,-0.0018151417412118531,-1.5,104.28790173829566,-85.85276328070466,1959.8894414875094,100.0,1
343,2.4208088003388087e-07,-0.06849340277781901,-0.3124283439173409,-1.5,-133.5228489970435,54.78085210964423,1959.230459467182,100.0,1
344,6.706469684561697e-07,-0.21469229489507047,0.04793267018092072,-1.5,47.60096042736557,126.72855052799916,1959.869207195622,100.0,1
345,6.756627280270341e-07,0.193701579986663,-0.14378821030777025,-1.5,102.94401761093364,-110.0431510575672,1958.7512145266362,100.0,1
346,8.533403079953526e-07,-0.20344482471027053,-0.3998693892893598,-1.5,-94.8501795247748,-93.35940491487547,1960.0257016743913,100.0,1
347,5.80830258017107e-07,0.07071092427485433,0.18491862503651046,-1.5,-18.86152306586172,-64.69959073178656,1963.3826657513575,100.0,1
348,5.627572269164292e-07,-0.36389582734272913,-0.07149122013074738,-1.5,-0.8137289486677839,-169.94483866376493,1957.1743345759662,100.0,1
349,4.916754205248847e-07,0.0074730868941515665,0.44527394979224044,-1.5,-35.723311311341774,138.3967523388952,1959.3324042227064,100.0,1
350,7.376461963998737e-07,-0.241482012007052,-0.2444438664530195,-1.5,-150.64780851914125,-80.20277140476304,1957.1116573955373,100.0,1
351,6.414628483811668e-07,0.3377653667628769,0.016213116161218653,-1.5,98.29614408539857,5.135343659130032,1962.071553886243,100.0,1
352,3.4431457485599303e-07,0.41088418730238313,-0.26069175532258027,-1.5,-51.087540996943254,26.803169593266016,1963.6916610101423,100.0,1
353,5.225147040105868e-07,-0.3728708656945658,0.3251264334652925,-1.5,67.85311281291496,153.51576361334804,1957.3559082777817,100.0,1
354,2.3020916517155685e-07,0.241617934369876,-0.026631794657016265,-1.5,18.754708350608254,49.8752300396959,1963.8161850359882,100.0,1
355,1.2683281621518094e-07,0.13982565083279697,0.11727498706822247,-1.5,35.817544860626455,8.79862479792431,1964.1927028547768,100.0,1
356,4.827398660565484e-08,-0.4696959536039667,0.04609338318622281,-1.5,-37.50744606610682,149.4316902949438,1958.488357813578,100.0,1
357,5.369317986059495e-07,0.2077924242782162,0.35805612255872316,-1.5,-16.278756087601426,66.65023773194466,1963.3405293470225,100.0,1
358,2.898372148127088e-07,0.18695711715318516,-0.46040418401362787,-1.5,74.17078388154034,128.07515238421388,1958.9560322851275,100.0,1
359,3.9506914729213344e-07,0.45181042167308644,0.09482370412619617,-1.5,119.74322307030415,0.3943549693294255,1960.8862004917635,100.0,1
360,5.432663706097085e-07,-0.4070605280625953,-0.19144450061325546,-1.5,60.04054156476042,2.4963195204194726,1963.6196648087414,100.0,1
361,4.481281178548835e-07,0.3004263764760501,-0.040678653489908276,-1.5,-78.20549394199638,54.3231036861554,1962.229901767202,100.0,1
362,2.3370832921253567e-07,0.3431668139319337,-0.10109832095090948,-1.5,-88.36567524314738,-130.56301387807537,1958.2027711940425,100.0,1
363,1.4716593905153078e-07,-0.09785218834950103,-0.005679785192413166,-1.5,0.03271482977452417,-34.883133526993056,1964.229225979292,100.0,1
364,8.431369026965769e-07,-0.028826483422538924,0.27034179640158096,-1.5,-45.363525037373705,117.03430181193181,1960.525034030861,100.0,1
365,5.863931745036775e-07,0.017334137114871275,0.42085242640444,-1.5,-49.57498294094864,-100.1422645122505,1961.3584920128433,100.0,1
366,7.144730103078749e-07,0.3453544232208573,-0.15512838746346538,-1.5,-34.714092071740296,63.186323841308386,1963.215654623095,100.0,1
367,1.885211514283371e-07,-0.10569798340847532,0.4776013334743281,-1.5,-154.47334233801305,67.16440573209121,1957.3043236491635,100.0,1
368,8.366469257352239e-07,-0.3785194172596901,0.08562947113796965,-1.5,36.55998025484295,-157.86339649235788,1957.8446828484107,100.0,1
369,3.240241875775627e-07,0.38713633353046883,0.23791119510882008,-1.5,-137.02129781892035,-31.31619147799482,1959.5044644913323,100.0,1
370,2.9477768796008365e-07,-0.22625370148550283,0.4147718932950864,-1.5,61.773319301901275,-130.18118569805054,1959.24735604742,100.0,1
371,6.500165462895683e-07,0.34445380279104926,-0.14039763465782515,-1.5,48.61425556315596,155.95310368300125,1957.7355719999089,100.0,1
372,6.730660454916984e-07,-0.1114026685958716,-0.4475954523982517,-1.5,-40.73616633010878,149.0705290145148,1958.4513852526925,100.0,1
373,3.004266526201031e-07,-0.3508106916144323,0.3022243268500296,-1.5,-31.645164444154382,-111.66735842889449,1961.1074093213115,100.0,1
374,6.876770072244234e-07,0.2669555059019869,0.2660014031436901,-1.5,148.00584769858813,-84.92068377947585,1957.114210458751,100.0,1
375,7.490019856822453e-07,0.344158430068517,0.3036631588803358,-1.5,-63.70583034852809,-21.82542704783656,1963.3844514460013,100.0,1
376,6.238686920874772e-07,-0.08943225858646994,-0.3227616946605217,-1.5,150.08285631395012,-27.02385120306556,1958.6112768931287,100.0,1
377,4.12749201751664e-08,0.36183173734288127,0.04671402645284565,-1.5,15.225780024748007,-109.17959737758753,1961.4436717390681,100.0,1
378,4.4789242957187307e-07,-0.42027550099576644,-0.1769241633833126,-1.5,89.88211180475632,83.91248518360365,1960.686917147651,100.0,1
379,1.940319470544542e-07,-0.038290856873965086,0.31706903522762186,-1.5,-85.91375125454788,-100.95480091225788,1960.0612852113245,100.0,1
380,2.3101650932338887e-07,-0.2030588323445681,-0.3188564182192575,-1.5,13.088972748288596,-14.929591694290089,1964.4386150629314,100.0,1
381,3.3199841422071987e-07,-0.36565734086592877,0.23585725276781833,-1.5,-28.246268984615828,135.80435285118887,1959.6358366546704,100.0,1
382,1.6587243015177021e-07,0.1616298064338991,-0.3261332460926115,-1.5,127.15202208456355,-35.610086987349426,1960.0963168300407,100.0,1
383,8.023226540089483e-07,-0.09042715315071843,-0.3714335084414883,-1.5,-7.588274420167599,118.03636555388684,1960.9750433812983,100.0,1
384,4.52118012627675e-08,-0.1410944865981383,-0.20986689430298106,-1.5,9.384779690057313,-19.144256983880233,1964.4232511352627,100.0,1
385,5.718515202164209e-07,-0.4760231432696259,-0.0748152706480982,-1.5,148.6049287655873,-11.358963989689403,1958.8774426568364,100.0,1
386,3.218746823357601e-07,0.10041600639041887,-0.18751457371700517,-1.5,10.943346951675075,134.84515116848073,1959.875076281643,100.0,1
387,3.251497224526434e-07,-0.2794724502761084,-0.12842359497475708,-1.5,-15.008855666219745,-125.43299630092116,1960.4730510661693,100.0,1
388,7.621221842332671e-07,-0.416138265843469,-0.039154028058307234,-1.5,-133.12293149325404,-41.563022514142,1959.5826306987574,100.0,1
389,6.259071238429751e-07,0.2795480448742589,-0.02246959303649227,-1.5,29.11055662765254,117.12067445953178,1960.828551753851,100.0,1
390,7.519655491221868e-07,-0.023861484561992705,-0.08404953150422492,-1.5,-94.34474402096129,-41.973722860486994,1961.8232749488375,100.0,1
391,5.500129704016315e-09,-0.1247239833337576,-0.012697289108398792,-1.5,95.07273056390281,12.8522970764074,1962.195015952572,100.0,1
392,7.041692411914085e-07,-0.18781987992138677,0.3677033693842687,-1.5,-6.217805853423615,24.35087835390334,1964.3781865719986,100.0,1
393,2.4184775823948494e-07,0.09237447771556498,-0.3728333168351796,-1.5,-101.37258043481653,-126.93609239901457,1957.811051825121,100.0,1
394,1.959703937572825e-07,0.03587793696704586,-0.08531606948111943,-1.5,-114.13540277951239,-115.06303381429737,1957.8424079450162,100.0,1
395,8.292252363959818e-07,0.06344769536330873,0.27994918073050135,-1.5,-73.06333161403275,59.20359766410302,1962.2869234297048,100.0,1
396,6.106671528041906e-07,-0.0641425535258251,0.14980425024896055,-1.5,-17.47428258933533,-85.79395907401819,1962.5868980252887,100.0,1
397,8.329786313587687e-07,0.12348823136976407,-0.23021540252051514,-1.5,62.929729700226055,16.835483853617575,1963.4586071189283,100.0,1
398,4.409337118483065e-08,-0.035409353549091256,-0.14322833856659975,-1.5,-158.0156383375289,7.24261817162542,1958.1603327585142,100.0,1
399,7.406299961912639e-07,-0.2493759083971869,0.2954607298678119,-1.5,125.96202265356767,-30.26383765975443,1960.2629811444324,100.0,1
400,6.118456618495244e-08,-0.07215173613555867,0.1882222143134404,-1.5,-52.01494669082074,97.52661223274045,1961.4271058322017,100.0,1
401,2.432850532781737e-07,-0.2033543105719148,0.13432868829702937,-1.5,19.470757648094217,124.66895865574854,1960.4825494276738,100.0,1
402,8.756025181618183e-07,-0.43165145854935255,0.1368366274844513,-1.5,59.60139774327797,83.65778827942742,1961.851761503242,100.0,1
403,7.410642542535779e-07,0.37266213255629127,0.24968647010008407,-1.5,-6.34381713342337,109.83356688481668,1961.4559974252973,100.0,1
404,3.5064754593275726e-07,-0.41157156421281016,0.0553967750526865,-1.5,-52.96238407899753,149.90730056736405,1958.0950113248862,100.0,1
405,3.220491046304774e-07,0.2797198415402145,0.026379866167873182,-1.5,-44.422832959939036,-106.1704396787183,1961.1648925871511,100.0,1
406,2.3354115705555416e-07,0.006194544144664026,0.2544723593225549,-1.5,-66.38101362210273,-79.15942725544674,1961.8207441999443,100.0,1
407,6.54648357336722e-07,0.07286793964775391,-0.04438983024683944,-1.5,-17.631221511975905,98.95131988506836,1961.9661216716077,100.0,1
408,3.721683022624488e-07,0.0915761561089821,-0.0897955067189844,-1.5,-35.53203621903969,90.51802226671359,1962.1307928660574,100.0,1
409,1.5440397122427708e-07,0.2734214772742132,-0.10853462940326189,-1.5,104.87890489707738,-19.27279175972087,1961.642745525165,100.0,1
410,6.233365038625778e-07,-0.24002998033295136,0.28601074997700027,-1.5,123.55159713231374,66.53858457646949,1959.5205806203583,100.0,1
411,1.2146187690664475e-07,0.26363368364317114,0.13135914234527882,-1.5,15.965281393714493,129.6588262779854,1960.190548090763,100.0,1
412,3.8032745621418716e-07,-0.09455247330421747,-0.1677559660710331,-1.5,-98.39307588987671,97.28763876179315,1959.6599715836458,100.0,1
413,1.347570475762483e-07,0.3311742376769886,-0.35123524342431073,-1.5,-91.99222794500385,-72.56166900828983,1961.0419476529758,100.0,1
414,8.282775223037828e-07,-0.46789958941734106,-0.10796221370225827,-1.5,16.535164964078735,162.42703156943844,1957.7429182610474,100.0,1
415,2.861191753689632e-07,0.06806090549772595,0.33910306277946656,-1.5,-8.612658013797475,144.6173545360596,1959.1898655196899,100.0,1
416,4.0207461688475293e-07,-0.18661711437803244,0.15901471738338807,-1.5,-122.50522151271217,-70.9691773625515,1959.4308185880755,100.0,1
417,5.311448086394406e-07,0.18729035052346565,-0.09574616798593462,-1.5,86.56968510010232,-72.17961776660238,1961.3029033443222,100.0,1
418,4.4250633885949874e-07,0.02625429855476888,0.4188340655756249,-1.5,158.9742432697845,21.127318813013886,1957.9821533003574,100.0,1
419,1.7297490810887424e-07,-0.37697043702589833,0.034509119352648256,-1.5,-12.799885745970046,168.6680459232732,1957.2430966733402,100.0,1
420,4.472848098923865e-07,0.180504007064418,0.4203409489584261,-1.5,90.92702913634442,-36.954207118417074,1962.08561184644,100.0,1
421,3.357165240603123e-07,0.05232167724798256,0.2638984068029535,-1.5,-80.3241516422943,10.92489407153494,1962.8657528263625,100.0,1
422,6.336553661541684e-07,-0.0500509892998361,-0.0580918924814076,-1.5,32.02525073580085,-10.904983199113252,1964.2476297358405,100.0,1
423,3.732575597365695e-07,-0.4216860304847246,0.23225387320605062,-1.5,29.44400094231774,61.49476915516954,1963.355477350241,100.0,1
424,5.878180920690725e-07,0.08391163889841219,-0.09278190795276703,-1.5,21.321859182069215,67.63357246885438,1963.2586086560914,100.0,1
425,8.920124025508863e-07,-0.19287619012166135,-0.185803430214869,-1.5,-27.73087842428135,-78.77801718468307,1962.7629272676818,100.0,1
426,4.0002315318803677e-07,-0.09341536883564341,0.12988858125417144,-1.5,1.8318267577456604,-20.564366695296222,1964.4304613549655,100.0,1
427,4.792407128123173e-07,0.3527974386272791,-0.1503503506195927,-1.5,-134.93277627487274,52.980737419486374,1959.1833690635938,100.0,1
428,2.1222467038523848e-07,-0.06222674537403425,0.22299516342900108,-1.5,86.72400177986765,85.3137208792336,1960.7686765172368,100.0,1
429,8.095554493890378e-07,-0.21181841438859084,0.09107253206716222,-1.5,26.277020925052405,-87.2107316611428,1962.426327972738,100.0,1
430,1.60809433156248e-07,0.20094728209932244,0.3713116931360847,-1.5,-61.76854886180584,-13.648549488752295,1963.5202188249784,100.0,1
431,2.550483216340141e-07,0.4566777761480121,-0.015692547326323924,-1.5,-73.57678114978125,-132.8905242964086,1958.657665875789,100.0,1
432,2.1638688046212032e-07,0.26589391386172184,0.16854733791632112,-1.5,-83.9128671841528,77.35659430938304,1961.221016179441,100.0,1
433,1.7162256272932472e-07,-0.31934493078995807,-0.020953948242302067,-1.5,-11.365506380273981,53.83079101031979,1963.7684072899367,100.0,1
434,1.7660427661675254e-07,-0.10052389721590474,-0.3991642880176709,-1.5,57.55649450293325,42.16161089659631,1963.2429637651244,100.0,1
435,1.430697028529073e-07,0.07000733597479186,0.49328346476715607,-1.5,-10.820752375463368,135.32980737215004,1959.842351012136,100.0,1
436,3.2282994769942947e-07,-0.38536860973193854,0.039690005428597235,-1.5,35.47269387611787,-13.02917940343355,1964.1754541637506,100.0,1
437,1.1705335676795487e-08,0.04186152931524675,0.3356422823463488,-1.5,0.010120878649204672,-125.73544052575433,1960.5111285477299,100.0,1
438,4.891931660020703e-07,-0.33087484046717663,0.2260568730131323,-1.5,-114.1414127180756,-16.582737199972083,1961.1501821624497,100.0,1
439,2.902743478365155e-07,-0.2774360398675758,0.10454130796547456,-1.5,-25.429352105932924,-5.484180005599407,1964.3667066225873,100.0,1
440,2.947182169229617e-07,0.4787603521498381,0.07161205876938799,-1.5,-35.1422568742891,-74.76683887628735,1962.8011177529831,100.0,1
441,3.13973962119789e-07,-0.13636830315954204,0.35540630234842446,-1.5,21.85199913935963,112.40600973822046,1961.198782728175,100.0,1
442,6.2058379807418e-07,-0.21118372869998214,-0.26515616964727423,-1.5,-79.82789417159519,0.3875569129366143,1962.9163617887286,100.0,1
443,3.790401981256002e-07,0.17028852711317186,0.29451550910286545,-1.5,-107.80113592918903,48.141991376532275,1960.9881565233406,100.0,1
444,1.588828555733151e-07,0.3282512162854028,-0.2101718509099995,-1.5,15.248164578131432,44.83612554237861,1963.9680500429424,100.0,1
445,4.3291194678674654e-07,0.3068971605310955,0.15173802544340417,-1.5,-151.39063270026674,-45.549795438399876,1958.167352074961,100.0,1
446,6.562140756679758e-07,0.14984142603416936,0.41201911600860525,-1.5,-7.91477107274458,29.542111222005982,1964.3008696046397,100.0,1
447,5.114643391932853e-07,-0.23956369060173993,-0.33991362441019163,-1.5,-19.135488161421215,76.82422115714881,1962.9429839917798,100.0,1
448,2.947934829915333e-07,0.04052084373294703,0.030456283754390124,-1.5,-160.71529148879804,8.03446395675816,1957.9375191095169,100.0,1
449,4.294951062175458e-08,0.10785725987178194,-0.1998143633404748,-1.5,-132.35198814852254,-21.784091195314257,1959.9545124492197,100.0,1
450,2.932573400803447e-07,0.16839478350859008,-0.15407136261322052,-1.5,-76.21990741339305,-7.7411470918135254,1963.044545246421,100.0,1
451,6.627666249493804e-07,-0.02174642258608943,0.3862996547509954,-1.5,32.52884543318043,100.46098631130428,1961.6989449735338,100.0,1
452,8.710636878432336e-07,0.03348530405589824,-0.17529776642842287,-1.5,105.29362529885229,24.48781919250243,1961.562358287075,100.0,1
453,1.5257093899940688e-07,0.1657582715275054,0.35095421630458407,-1.5,-101.57997522191882,74.71021787203374,1960.4879949251306,100.0,1
454,4.858805952772227e-07,0.3707566032147422,0.05206464950993497,-1.5,-30.864262079005357,73.20016882934304,1962.9320973675592,100.0,1
455,5.044040856609124e-08,-0.23751278081368632,-0.23456714990303348,-1.5,123.69961141280206,30.75845953567742,1960.399349512605,100.0,1
456,3.6385977912316174e-07,-0.27009715287855224,0.3709579536362533,-1.5,-154.06814224432256,-68.77201635736557,1957.2804355987562,100.0,1
457,7.276259124931672e-07,0.28181984915764574,0.3337862980734174,-1.5,-50.11513081538053,112.39028997996292,1960.6810507187824,100.0,1
458,6.703655496281853e-07,0.20901282003476035,-0.37551117625540986,-1.5,-60.76572166181822,-27.320717129671955,1963.4088702439362,100.0,1
459,2.2990571002299308e-07,-0.23227076497691024,-0.36421716754188044,-1.5,95.46591147259687,-37.11082671288966,1961.8670527213417,100.0,1
460,5.0378507626979e-07,-0.18159394731145428,-0.39095818048686737,-1.5,-36.803721854898974,25.63864120369177,1964.0268410592016,100.0,1
461,1.2026751867097816e-07,0.38038745218213565,-0.19292847981440697,-1.5,-104.41708245759622,82.56763287152374,1960.0237103563743,100.0,1
462,2.3514251832875718e-07,0.4480630204128254,-0.12838355368786708,-1.5,-146.72995992283936,-18.36097613478244,1958.9656657743012,100.0,1
463,2.9562176469271645e-07,0.2646623129481016,-0.028263162346379447,-1.5,29.73124940440741,-25.69337729058613,1964.1459185708143,100.0,1
464,6.503883407640055e-07,-0.11169219621135941,-0.039671923547643276,-1.5,-99.65880722572876,95.17837806794715,1959.6995904364605,100.0,1
465,3.804429804853435e-08,-0.08729981131808302,-0.4045296859500214,-1.5,-75.57707178609598,-13.703750007429198,1963.0368309642345,100.0,1
466,4.598257512552729e-07,-0.36909534903657276,-0.2928577859574859,-1.5,98.74570310791107,-127.29528122180255,1957.9219810203158,100.0,1
467,7.265114560795484e-07,-0.466066417099321,-0.10030198173936246,-1.5,-7.31775613050915,-143.48596482943032,1959.2783147394637,100.0,1
468,6.132149290343915e-07,0.05035468237009386,-0.3717566733927699,-1.5,51.296855713346964,-125.8135266586646,1959.8349102334525,100.0,1
469,3.703483588830547e-09,0.05992934043571609,0.15963951468548615,-1.5,92.42781016707048,113.3264728866326,1959.0884351445002,100.0,1
470,5.352732922722604e-07,0.060657792852503174,0.3005259868984437,-1.5,0.0879147989259908,-71.46149914082997,1963.238786464261,100.0,1
471,5.965268733151688e-07,-0.07436199354031736,-0.0073454016685200706,-1.5,-131.50545865179984,68.37922797023867,1958.9394788489778,100.0,1
472,3.4137841635834007e-07,-0.08026396263830116,-0.10443092797349501,-1.5,126.79305772287294,-62.8813029260699,1959.434292984007,100.0,1
473,7.285150441637498e-08,-0.12786664572473755,0.10796505053457192,-1.5,14.018649076040793,128.87547296076468,1960.2570944172994,100.0,1
474,1.9550993525449715e-07,-0.019810966565730528,-0.3816086428599035,-1.5,132.3876171606561,47.87005907999867,1959.4885206431632,100.0,1
475,1.0136119898636013e-07,0.44176232110436237,-0.2267003148246026,-1.5,100.19204977279804,-126.21554265801288,1957.9184038718263,100.0,1
476,2.9618440334539826e-07,0.2689770377257563,0.4015566531936996,-1.5,-110.93768131389626,7.832180234999101,1961.3884811743935,100.0,1
477,1.1606653957132774e-07,-0.2662511973164406,0.04317689324136098,-1.5,-108.72015183405412,-96.39807250606736,1959.1581422816348,100.0,1
478,1.8030306721719447e-07,0.21726542480872565,0.3963798543564314,-1.5,-64.63575475066047,142.35019332907225,1958.3084353423799,100.0,1
479,4.318995849734189e-07,0.06824711458448193,-0.05514178151204289,-1.5,26.914398336772226,160.07895336063703,1957.821143546893,100.0,1
480,4.757272768816529e-07,0.28341797587377904,-0.10375230539316832,-1.5,19.332723834890274,126.62555021193089,1960.3585136624324,100.0,1
481,7.06359486345289e-07,0.3677023647558872,0.006677725320927871,-1.5,78.57534907623054,-54.39732299093533,1962.2130699888583,100.0,1
482,4.884222543441693e-07,0.2942419606387144,-0.1427803971246373,-1.5,-136.84180113877264,-44.4546818121421,1959.262970862311,100.0,1
483,2.902675081667603e-07,0.25622274996856476,0.337714194060099,-1.5,85.1435719307408,-92.67178582597937,1960.5039654478717,100.0,1
484,3.948777360179958e-07,-0.09545436908272727,0.3068886087349543,-1.5,5.885011733560736,-21.21973401185022,1964.4155303274033,100.0,1
485,8.063172440293493e-07,-0.15378552451726352,0.05098224454602497,-1.5,40.68587896834876,119.85180406388696,1960.4574697200999,100.0,1
486,2.5780107562289403e-07,-0.34606364537584083,-0.2008271366990602,-1.5,57.371247199949735,-19.350198214580697,1963.6057129907495,100.0,1
487,1.9257905997043418e-07,0.12264921654908344,-0.35405805693817083,-1.5,-29.024147502878918,38.83886055322121,1963.9405357695507,100.0,1
488,1.5057620728102128e-07,-0.14205074239197946,-0.05828753186000286,-1.5,58.592594026810524,22.859644461779368,1963.531927636121,100.0,1
489,7.973133197958553e-07,-0.3343925709551872,0.31580303411209926,-1.5,50.72269027257238,-66.3162590053979,1962.7640328753664,100.0,1
490,6.659601283155237e-07,0.08307300184486528,0.002832027258676482,-1.5,-13.272395235548428,-58.15856754605496,1963.6330387350467,100.0,1
491,2.2854326548663948e-07,-0.2474684087136396,0.14814227389851675,-1.5,-50.255553718123814,125.19896445800647,1959.9012436562355,100.0,1
492,7.742298842375145e-07,-0.1199917789424265,-0.3225043322117787,-1.5,-23.97696307226723,-140.79132586903725,1959.3407549653023,100.0,1
493,4.0206802422321783e-07,-0.23482779635819553,0.2518668181171925,-1.5,-5.023924468382643,-125.92864068344007,1960.492291212768,100.0,1
494,3.4596070261189804e-07,0.20820235373770646,-0.17949635883510576,-1.5,33.82237624661844,61.543462969282324,1963.2834067696167,100.0,1
495,3.424394602168178e-07,0.1758481253812055,0.0030912268315022307,-1.5,51.99429356069839,-134.85118075022558,1959.215414076136,100.0,1
496,1.6650880369011866e-07,-0.13991566735705074,-0.19528730740960043,-1.5,-49.4325352217897,130.7964267342085,1959.5565838937239,100.0,1
497,4.3683578817876425e-07,-0.2429557766789916,-0.31425850624946383,-1.5,-53.19620232089907,-59.417274982499514,1962.91951892033,100.0,1
498,3.47432141716328e-07,-0.21158266858379488,0.3395795996663888,-1.5,-62.92040830878414,-85.11920712050475,1961.6852522929269,100.0,1
499,6.45516524734041e-07,-0.09537865253281701,0.1490895808656109,-1.5,-100.2441523899901,73.81599075757313,1960.590624196245,100.0,1
500,8.147090629826336e-07,-0.12638823589754924,-0.23066320143357724,-1.5,51.771907945768355,-82.98291427157217,1962.1026455699975,100.0,1
501,3.7184574216739224e-07,0.4020398485492501,-0.014851928574492477,-1.5,-5.886267144445182,130.75274783128322,1960.1740629494627,100.0,1
502,3.2786832451275287e-07,0.1899312965729872,0.3507490788720321,-1.5,23.41442608558151,22.398642065916487,1964.2717102658728,100.0,1
503,6.69976938619808e-07,-0.09020137506541334,0.3745595044162035,-1.5,57.19236161009651,90.22552580421876,1961.6324004596129,100.0,1
504,1.4664776257658082e-07,0.12462716731774498,-0.020463204385719316,-1.5,-74.98728099906896,-133.03545266538853,1958.5943332626625,100.0,1
505,4.148374565817156e-07,0.40312173136882706,-0.22708569881159898,-1.5,45.11339333960197,67.00601287650316,1962.8775464215569,100.0,1
506,6.958971561215109e-07,-0.050402131849995195,-0.04222111450900076,-1.5,-8.444786551267619,-22.20941920953206,1964.39525389994,100.0,1
507,2.5610280008494445e-07,-0.042878659964326216,-0.3388937100441226,-1.5,-72.22323753240806,-92.0798244663443,1961.0503298367219,100.0,1
508,1.2596644714975255e-07,0.07888031983432933,0.4185094574846803,-1.5,135.82755777178212,-59.645636731575934,1958.929952508453,100.0,1
509,6.702943276482955e-07,-0.3329096788449496,0.19872251317333475,-1.5,-19.36224266354132,26.985746735636255,1964.258170225668,100.0,1
510,4.4582114363735785e-07,0.10808927320801077,-0.18460818412131832,-1.5,24.827348354075482,-121.2149756837413,1960.6386252213401,100.0,1
511,7.652054614668848e-07,0.03634454807224428,-0.12575795567860015,-1.5,-12.376556762610514,21.155958585662717,1964.386044677867,100.0,1
512,4.365321505173447e-07,-0.2497000051721488,0.248425364281185,-1.5,144.5356562775345,-38.36063648403621,1958.8392460585155,100.0,1
513,3.232872645260681e-09,-0.09328477124519394,-0.39600409539648523,-1.5,-57.10488075852625,-65.78617782799533,1962.6065570221836,100.0,1
514,4.817319300726462e-07,-0.39095127710172217,0.2605633664933724,-1.5,21.197603455010466,-161.52510801024158,1957.772608694936,100.0,1
515,8.274140670906122e-07,0.025646725096202527,0.18162384166455373,-1.5,145.36856855345502,-48.947821597385406,1958.5416452819484,100.0,1
516,6.466125267250709e-07,0.2790057070897294,0.0763307109982242,-1.5,-26.677227696234993,-95.20105412749533,1962.0495332895111,100.0,1
517,8.578951013197182e-07,0.3171070628036026,-0.28660229799632464,-1.5,30.27486304986418,-9.139946339340291,1964.2843939497043,100.0,1
518,2.9464806781851794e-07,-0.4766831537508522,0.144822975574002,-1.5,25.951161858931656,-50.767210511828964,1963.7114130648501,100.0,1
519,2.9047895633620645e-07,0.2945442397088622,0.18235954781312008,-1.5,-14.866250012471918,-30.28992777609591,1964.2491698234255,100.0,1
520,5.366647020373626e-07,-0.21471807864900383,-0.44902819287494383,-1.5,48.58821174429326,-156.33705278585037,1957.7055953007482,100.0,1
521,1.4841702517622413e-07,-0.01848537086522746,0.21690246786594086,-1.5,47.8964441806268,-95.29419035778069,1961.6417191182081,100.0,1
522,1.5937553593483235e-07,0.21646380880357888,-0.13083444471484176,-1.5,-0.8983844411427495,-3.0369811702282927,1964.5363971983056,100.0,1
523,3.2170343275885193e-07,0.3379823430370418,-0.27773783818599446,-1.5,0.3436484929673578,85.98216592745345,1962.656423145495,100.0,1
524,7.606782733589233e-07,-0.32321531244516244,-0.11151312003712686,-1.5,-53.62211484282515,-87.16512427070188,1961.8716054259992,100.0,1
525,8.550701848256551e-07,-0.4053606334843602,0.04577041272512229,-1.5,-138.8986913302684,-92.45499229373895,1957.440296461896,100.0,1
526,7.97742789986892e-07,-0.22186020570095732,-0.13478799001116873,-1.5,-88.74965908459053,-128.97024437794303,1958.2909539554112,100.0,1
527,4.1156805852314636e-07,-0.12728540428339954,-0.2846544620180539,-1.5,54.21076895131568,86.50990248805675,1961.8844297173432,100.0,1
528,6.547277084552088e-07,-0.20523040902066858,-0.38498793061755004,-1.5,-71.22625988008357,103.48210057418063,1960.5181868654984,100.0,1
529,8.625417184711801e-07,-0.051537516105229816,-0.2945420733674246,-1.5,-5.431456862243685,-65.76343853162595,1963.430405106069,100.0,1
530,8.341379193736469e-07,-0.23538295490664402,0.3778921212378495,-1.5,-75.80594046415479,-88.41641639129662,1961.0837011634658,100.0,1
531,4.755478009135363e-07,-0.18574906226840984,-0.45062205854460663,-1.5,100.08799131824009,99.96275559890941,1959.439493261551,100.0,1
532,8.591975966295124e-07,0.4380392293976927,0.1524765751730199,-1.5,-53.028262519335044,-106.63671084455613,1960.9257766525907,100.0,1
533,2.2495058766735844e-07,0.055294187350861015,0.021917856170225503,-1.5,89.99205619663375,57.94716999796018,1961.6209729651803,100.0,1
534,4.120648384821796e-07,0.3019801119249357,0.07670037557225352,-1.5,-25.19726414140994,-0.17167338483590444,1964.3773452863297,100.0,1
535,5.78254438889424e-07,0.3519990512163699,0.06418675720529396,-1.5,167.2694961574234,12.441642010986754,1957.3654251226171,100.0,1
536,2.0973008525027653e-07,0.18066867113899912,-0.13644738080758262,-1.5,-30.921964074181215,116.15065319070878,1960.8585222211464,100.0,1
537,3.053914844493853e-07,-0.2855848651977162,0.16666617850865825,-1.5,-119.30990521233296,62.13059859060313,1959.928116412214,100.0,1
538,4.6473667266363784e-08,-0.37300339934469334,-0.2648102429384488,-1.5,79.38909447942098,122.19210084087155,1959.1272925555304,100.0,1
539,1.578992505221032e-07,0.15185480432996357,-0.059268223546684935,-1.5,-69.86234083356162,-32.68175510978448,1963.0243102117536,100.0,1
540,2.6950083767466237e-07,0.32237846862343417,-0.18195621917133475,-1.5,9.89255804667503,25.29591139310296,1964.3511754338165,100.0,1
541,6.141210835841749e-07,0.3953775585513943,-0.04448508280081676,-1.5,-90.96518968623718,133.41315057871773,1957.8916087935354,100.0,1
542,6.669434298652737e-07,0.3373654999183838,0.08536123256708654,-1.5,-47.86809017034816,-118.55138133832783,1960.3743270590821,100.0,1
543,1.8572480195034354e-07,-0.08739027999390626,-0.37726277332821,-1.5,90.14411164088001,-75.91031592007133,1961.001006970553,100.0,1
544,7.927108412253365e-07,0.42141498000714855,0.07867806642969395,-1.5,-69.13629442483871,-152.64164408009867,1957.3793673051368,100.0,1
545,7.3781959078589e-08,0.00787450570033666,-0.2936024055529401,-1.5,-68.00101541565746,-18.76942381029222,1963.2719773119568,100.0,1
546,8.395663235755346e-07,-0.12808888886200484,-0.37938201088382134,-1.5,147.6903277700416,67.3286385109701,1957.8221849252725,100.0,1
547,9.009650975920743e-07,0.27698227920524454,-0.3015567240601,-1.5,78.85289718878887,-37.07160474610405,1962.605717660227,100.0,1
548,6.49445571112264e-07,-0.3972999228805736,0.1486365979458365,-1.5,34.49012174266777,125.78770777207441,1960.2043695344,100.0,1
549,2.7550799391093574e-07,0.0720400733854098,0.04289079741975716,-1.5,-118.70095493198312,-19.146595438750538,1960.856133796529,100.0,1
550,4.952570951643199e-07,0.11417580893939286,0.05759211373307089,-1.5,-119.1167974167682,-27.88157524793504,1960.726164613763,100.0,1
551,4.39086698196009e-07,0.4024617872191694,-0.19738009877331233,-1.5,-148.32442208627268,76.3742181604833,1957.4422420289388,100.0,1
552,7.620979474355018e-07,0.13459459489205133,-0.002371596046978248,-1.5,37.46742424879803,-142.10132163788109,1959.0346328676937,100.0,1
553,5.298365441297694e-07,0.18953438035002074,0.43898564935562284,-1.5,-117.71715906133801,-102.03983881480319,1958.3523247932962,100.0,1
554,5.46701653197552e-07,0.476226777933372,-0.10111680685359763,-1.5,-9.501665859722142,1.433890929506761,1964.5154487987168,100.0,1
555,5.371969942144919e-08,-0.08215010768112263,-0.20540135882680263,-1.5,-103.0007608382397,-97.52061576045085,1959.4116104163968,100.0,1
556,2.0858906177220042e-07,-0.2286268576891007,0.29701496872126065,-1.5,32.60512130312752,5.737920621669869,1964.2599798901058,100.0,1
557,2.837685735207529e-07,-0.06783440337183226,0.08125891825038842,-1.5,-125.19439784297892,-114.01518778033075,1957.2276786235886,100.0,1
558,3.533633250501788e-07,0.32959431258222527,0.16887703676961668,-1.5,84.9267465809268,108.26579337899202,1959.7140740335892,100.0,1
559,7.268312255860455e-07,-0.3363056842346415,0.22756173676385086,-1.5,-21.83978202960657,71.21198313839793,1963.1263748532663,100.0,1
560,7.123023955804304e-07,0.2873377642840636,-0.03278814617645212,-1.5,-101.64949525194586,-122.7649301083208,1958.0626747672443,100.0,1
561,2.167234647336895e-07,0.34868206367497123,-0.026834461468378087,-1.5,-49.81313284420721,-2.0144625371791225,1963.9062808604342,100.0,1
562,2.6362046827623394e-07,0.009833816332550756,0.17909267775030152,-1.5,134.4903276677314,-6.5346810381786415,1959.9191146508283,100.0,1
563,5.517134973680691e-08,0.11609999456127036,0.45628040111650275,-1.5,-102.1253865010259,-86.08807226813552,1959.9929937403613,100.0,1
564,6.702889161445437e-07,-0.0006452897320436046,0.20629164096662117,-1.5,-127.72548786797952,35.590068455540326,1960.0593952843235,100.0,1
565,8.265471248472371e-07,-0.17257035352980074,-0.41723077366128525,-1.5,48.52109282951822,127.03591514620821,1959.8267438933794,100.0,1
566,9.647086924017178e-08,0.030602181951899704,0.0321753790216584,-1.5,-126.57972619143442,-50.130947846913074,1959.8157431889874,100.0,1
567,9.264152445659075e-08,-0.05816370509837359,-0.4926526363677711,-1.5,-43.84577964789511,33.247800153057916,1963.768168002064,100.0,1
568,7.547900443637132e-07,0.3624893469190779,0.2503599657977415,-1.5,98.09604947133776,-102.769579987934,1959.3950251986842,100.0,1
569,2.835143048398747e-07,-0.4230547199058348,0.03783446534299365,-1.5,102.32182139432803,-136.44677089704436,1957.121817834661,100.0,1
570,7.969848762157705e-07,0.0709015115263572,0.4311012614437873,-1.5,-19.664996229233736,57.46245193646038,1963.5999187224686,100.0,1
571,7.297219731208163e-07,-0.2599526273787457,-0.25470399893193685,-1.5,12.592173051696653,169.02247633380975,1957.213868216234,100.0,1
572,7.204031848685354e-08,0.2867477465585583,-0.11528794075619933,-1.5,96.23967296042953,95.45315662045216,1959.8571137982974,100.0,1
573,4.239119449614252e-07,0.45270247511014183,-0.04690369265375655,-1.5,-159.69558536980315,16.427725025711347,1957.9685227628167,100.0,1
574,3.372205075520911e-07,-0.20735932516036495,0.14381898559490447,-1.5,-143.94184240831225,-41.47314001922047,1958.819545268828,100.0,1
575,2.155551913209824e-07,-0.06683754688460693,0.43507713206120535,-1.5,-59.28760361825615,-12.99070594778833,1963.6011580466932,100.0,1
576,7.979476247512451e-07,-0.28868813698291584,0.2186523803239037,-1.5,-138.65384132401257,43.78544445120986,1959.150640815156,100.0,1
577,4.887408797263004e-07,-0.0692811913800968,0.3321177755377045,-1.5,13.839860120574658,122.23118307781986,1960.6838813080938,100.0,1
578,5.1711596834048386e-08,-0.23114725909089706,-0.10232980822006171,-1.5,97.84358640283006,-55.63326022696655,1961.3120249522974,100.0,1
579,7.015059165685771e-07,-0.0013506076812719741,0.2162630596599215,-1.5,73.93755334360662,20.350660955592566,1963.0416131784784,100.0,1
580,6.151808127297653e-07,0.013868203847049653,0.4650832234861239,-1.5,93.17507526084096,-77.0925513251013,1960.8132063372213,100.0,1
581,3.7626743358060993e-07,0.2599423443093338,-0.1893734015011029,-1.5,-158.3310240156263,63.19888631025653,1957.1281189205365,100.0,1
582,2.978589379067297e-07,0.12182976353889555,0.12865505754443915,-1.5,71.23641617833442,-13.410135160832173,1963.2011683857481,100.0,1
583,8.662600696551812e-07,0.038398880372132016,-0.20172523416957366,-1.5,-133.49858826308616,105.31637181350241,1957.1662870144514,100.0,1
584,7.496999398835111e-07,0.19411724831645924,-0.13516283324850228,-1.5,-20.22784548566386,-118.44686606224202,1960.8606427926418,100.0,1
585,6.476655149098481e-07,-0.19463806167261385,0.3951708474615643,-1.5,-51.48072036729844,12.080935722679133,1963.8271493918858,100.0,1
586,1.6295273302185972e-07,-0.2665654130790382,-0.1232398835500814,-1.5,16.20579913981748,-31.025648634228954,1964.2270916233683,100.0,1
587,2.664926459159081e-07,-0.4588259021082531,0.0335559538360463,-1.5,-116.94606344082639,-120.91261498453177,1957.323949694947,100.0,1
588,7.421620313702972e-07,-0.10516943871183597,0.26661156923564855,-1.5,-162.03057653532244,27.97471608158778,1957.6457273454553,100.0,1
589,7.390757552851198e-07,0.2724400504987138,-0.1655626103042602,-1.5,-56.155357564929595,149.57053381597635,1958.0317968554264,100.0,1
590,4.0425339600277994e-08,-0.29861028797811556,0.02227833925774992,-1.5,3.7522888210580283,-107.70672080772465,1961.5806047388369,100.0,1
591,7.228272574039648e-07,-0.3283179290618512,-0.2715834740362011,-1.5,-17.70852003287772,2.907588790209253,1964.456983624687,100.0,1
592,5.371393414774545e-07,0.041221157852701036,-0.37444883005341023,-1.5,5.977529366368664,167.62994039439448,1957.365003899931,100.0,1
593,4.418496870896428e-07,-0.45087865950456124,-0.19502433173079528,-1.5,71.52281616650647,18.803454062128452,1963.1465057781797,100.0,1
594,4.372479399851142e-07,0.2677324561611595,0.2583496275748028,-1.5,-106.43950523016946,89.75724517214373,1959.5988249975032,100.0,1
595,4.758548656586688e-09,0.034834474246421734,-0.4870074194761819,-1.5,-45.85979447799861,97.50208898428099,1961.5818892313082,100.0,1
596,7.813328667570804e-07,0.11031918423602781,-0.2609730004776985,-1.5,-148.58885358742887,-33.84843984846185,1958.61913652847,100.0,1
597,8.162913910595125e-07,0.4372042675343964,0.043489187956041626,-1.5,19.173318648257506,100.1571089772462,1961.8904718764154,100.0,1
598,1.5950477674518576e-07,-0.30807694529751667,-0.0839868487911524,-1.5,93.64802972104306,-51.90223335923797,1961.619099358441,100.0,1
599,5.441136301822564e-07,-0.06031577689210392,-0.38108560542864905,-1.5,-89.15599669368424,-117.45066534528733,1958.9971505159563,100.0,1
600,6.54900386905426e-07,-0.17569924847462884,0.001509303572172607,-1.5,-28.440159243192554,58.58415276409821,1963.459279092201,100.0,1
601,8.492277438814744e-07,-0.0393524314707997,0.39035857759891596,-1.5,56.254918690101775,4.532447074416071,1963.728119499443,100.0,1
602,2.7162857332160334e-07,-0.008670059809380787,-0.3723836463031821,-1.5,143.09304043825966,-41.4286795392774,1958.882674525429,100.0,1
603,6.079141013424883e-08,-0.010762291060175944,0.004746014237663605,-1.5,95.40850250914359,131.52036643600835,1957.808187011085,100.0,1
604,5.56180933107865e-07,0.11578988598753157,-0.05746093454055277,-1.5,36.50803140280682,45.7410602809746,1963.6670301539402,100.0,1
605,6.926855749943731e-07,0.04096949536758169,0.007564208780919354,-1.5,-101.42163988111643,-25.905126739554444,1961.7481646833683,100.0,1
606,1.993167183340507e-07,0.4267045823235376,-0.23361910468754968,-1.5,-69.93006979390626,-26.839173095312937,1963.1104733030973,100.0,1
607,4.6320896745150497e-07,-0.052437604782152036,-0.09664254563059992,-1.5,12.829944478644398,166.7883146226641,1957.403978972184,100.0,1
608,5.2085664442507276e-08,-0.28887931983372467,-0.215690478813884,-1.5,31.886562313080706,-36.75252797184575,1963.936298635387,100.0,1
609,1.415467741186538e-07,-0.22217625601606258,-0.27698441768212445,-1.5,-133.3845051596446,87.39832354460121,1958.0560239919187,100.0,1
610,6.643753794228602e-07,0.35380772519149595,-0.05510098970018269,-1.5,-122.54249861771488,65.26465477477167,1959.6267877164235,100.0,1
611,7.806181945160968e-08,-0.4449361447085061,-0.20559967410315527,-1.5,-14.3018592424468,96.16971302332509,1962.1315270351658,100.0,1
612,7.481841749848928e-07,-0.46524340838339545,-0.1466398098042367,-1.5,-3.4754259507852514,-50.9359678489887,1963.875437714897,100.0,1
613,9.691417963946811e-08,0.44291370200864244,-0.0918522661902336,-1.5,77.57028908461304,107.11432075169499,1960.08230919198,100.0,1
614,8.091621935423106e-07,0.16557129761165387,0.29561252087555856,-1.5,-66.22963088676131,111.81287154260559,1960.23590519512,100.0,1
615,9.941542189166258e-08,-0.13604705217138874,0.25312100288605127,-1.5,-104.07957212746953,51.620058243662136,1961.1007364535903,100.0,1
616,6.783816186190034e-07,0.459759562530374,0.025854665218046493,-1.5,70.2675643356111,-16.281785850899144,1963.2143691196784,100.0,1
617,1.4668401118125476e-07,0.39982780242665833,-0.16486902497775968,-1.5,-44.79305170298297,-136.89599584321772,1959.2514782710664,100.0,1
618,5.329418355942235e-07,0.07955579904573123,0.18223610106568774,-1.5,89.3587233645088,24.743678208660285,1962.3496261404343,100.0,1
619,2.674308937998884e-07,0.3830185816621417,-0.29767038996369355,-1.5,-155.54625163450956,-48.53208516175013,1957.7699779541103,100.0,1
620,2.793002606881446e-07,0.24980161396874626,-0.1662394337283459,-1.5,31.37188240671909,-52.23536124469562,1963.5937864782588,100.0,1
621,3.533631524998958e-07,0.3661140198954272,-0.0702734095944982,-1.5,26.222578096351565,-82.93679760552644,1962.612328063556,100.0,1
622,8.803836515644711e-07,-0.01174483175839417,0.4096812554040687,-1.5,41.55668337974525,-64.58658513035074,1963.0371624994282,100.0,1
623,1.6770196032636125e-07,-0.15743886132239554,-0.009369386431310365,-1.5,47.967237791937954,-1.9684166123060587,1963.952279384808,100.0,1
624,6.197212347850871e-07,-0.032779737809174994,-0.29084619727024374,-1.5,-41.53955150983485,-32.16993643019714,1963.8362577151308,100.0,1
625,5.621378360970264e-07,-0.08431855394280324,0.30152682159503796,-1.5,-85.73636269023196,-72.42719288294167,1961.3303811724015,100.0,1
626,2.889665681845665e-07,0.10046416186655738,0.09260104268741064,-1.5,12.287889092102846,-147.72646710691748,1958.9382800292358,100.0,1
627,6.768933077947579e-07,0.33369007552581764,0.016736545570816774,-1.5,135.0962618200002,29.6807576986993,1959.6635779977196,100.0,1
628,7.786854383039347e-07,0.4504332852082188,-0.05878019208314022,-1.5,17.81920108753981,47.63161131357701,1963.880595133626,100.0,1
629,7.226796388328733e-08,0.28492683050004386,0.12565987808248072,-1.5,132.9559826152867,61.66357797961696,1959.0644696139243,100.0,1
630,8.033972324165274e-07,0.12472425144922106,0.11100374157489692,-1.5,-121.11400591687556,17.0128152747969,1960.7282442891783,100.0,1
631,6.011403751876038e-07,-0.38799135763117254,-0.06908998095832981,-1.5,73.98813540568993,-99.58114879202175,1960.6179222098785,100.0,1
632,5.508117052828922e-07,0.42246294577188936,-0.07627297385935111,-1.5,53.16163296198826,56.3461736905756,1963.0110126429188,100.0,1
633,6.52616781450226e-07,-0.2753671002652074,0.3965705267638142,-1.5,-70.35490440379681,-26.748370443365726,1963.096533125941,100.0,1
634,7.583182525353875e-07,0.19823995862295926,-0.13275997955484306,-1.5,155.7306218205321,26.078103087549756,1958.1831355194734,100.0,1
635,1.9364764699310285e-07,0.1700982343841054,0.2651081189657527,-1.5,-134.46611721488216,-101.54524723792406,1957.2993415292085,100.0,1
636,6.881913346903647e-07,-0.15964303343499878,-0.11177097137813162,-1.5,-132.56020570435152,50.072395696721806,1959.4218109735693,100.0,1
637,5.719558482144746e-07,-0.03475084361224907,-0.2092540931815815,-1.5,83.83899524868418,-113.38262063093967,1959.4715334703596,100.0,1
638,6.032887595370538e-07,-0.12971398744904822,-0.08161130871929441,-1.5,101.58132845475734,67.75246614682017,1960.740707821032,100.0,1
639,7.519648850363459e-07,0.33378794108283916,-0.2694539579625943,-1.5,43.29384892006283,-1.3831139158764874,1964.0613574702074,100.0,1
640,3.544140324114098e-08,-0.3200962498490058,0.0809526553784473,-1.5,-66.63550671580857,98.4747394588538,1960.9374597878866,100.0,1
641,7.566666286520302e-08,0.27036639712716093,0.039564877908904915,-1.5,-146.9833064916804,48.22548399599067,1958.4390459169915,100.0,1
642,6.055507167184196e-07,-0.3652783634784209,-0.006939854025481469,-1.5,74.63600692570661,-114.9967539931082,1959.7496011754577,100.0,1
643,1.2599146369066923e-07,0.2025691172210278,-0.14196322007867346,-1.5,53.54109767798557,11.02123084246306,1963.7782893178864,100.0,1
644,8.211235827952528e-07,0.1488596034266244,-0.16802367770073695,-1.5,-24.814065007169145,-124.11588290543298,1960.4572925862362,100.0,1
645,7.136163460012427e-07,-0.3905902381739883,-0.2941690127502856,-1.5,-98.790325078723,-126.6853820274707,1957.9592876047054,100.0,1
646,7.910684620122801e-07,0.4147426602353637,0.24853220098156265,-1.5,73.2035527074132,97.96913923622164,1960.7285824138073,100.0,1
647,3.8558845678502956e-07,0.11926667321172127,0.0504873232483151,-1.5,-41.24659375246297,12.808419830842372,1964.0641407936216,100.0,1
648,7.497709853414224e-07,-0.20254617049023138,-0.17899598072632522,-1.5,10.835628592002566,10.20819779119806,1964.4825446200848,100.0,1
649,1.8767511048472106e-07,-0.45850579857152185,-0.047722489803189355,-1.5,144.16817334956843,-79.66056388999573,1957.6217761916903,100.0,1
650,6.914865783098628e-07,-0.22402913572595615,-0.3890707736808823,-1.5,-99.08827224828171,57.22489508927931,1961.203740550941,100.0,1
651,4.432711249510222e-07,0.12712364187141653,-0.369948881084225,-1.5,-9.909827928221157,108.5783485209804,1961.5111072356997,100.0,1
652,3.6025770535897496e-07,-0.23859625252082536,-0.37839578903439425,-1.5,6.987570011484648,106.52585057180173,1961.6362311324237,100.0,1
653,4.605167247748006e-07,0.003661550887534852,0.17239271480558843,-1.5,20.182202790910527,31.082725381983575,1964.1893567422328,100.0,1
654,9.418464175955387e-08,-0.38454845828791884,-0.2771777239468696,-1.5,-54.77496873392141,98.97461234249205,1961.2794332215854,100.0,1
655,3.052561181965374e-07,0.2782263511705034,0.11059018431380216,-1.5,-126.8689522766646,-43.67864633129608,1959.9514614063835,100.0,1
656,7.670661598236447e-07,-0.12762529258428962,0.05020046456250616,-1.5,-110.3628785372887,86.4602475816443,1959.5300321493457,100.0,1
657,2.418640652188474e-07,0.3957595023096165,0.29686723941845206,-1.5,-138.51306718359945,30.46857461678567,1959.412943319081,100.0,1
658,1.4440692701118505e-07,-0.2697975143388685,0.07153059862849874,-1.5,120.43170454531719,-26.02647424243108,1960.6713425367723,100.0,1
659,5.095698038289914e-07,-0.08259311773624894,0.22350634722866902,-1.5,130.43064473035636,-58.87143647454344,1959.3201083918825,100.0,1
660,4.0121338904374204e-07,0.2993876013861056,0.01055585436320736,-1.5,-155.28350372353822,52.86680682783216,1957.6785794591772,100.0,1
661,4.201077956001866e-08,0.4191828175686289,0.03564339095800248,-1.5,130.36791465123014,-96.07386376759916,1957.8527283216133,100.0,1
662,5.369712275257566e-07,-0.44682522582605433,0.0821888413549687,-1.5,45.637814421059375,162.33267985540675,1957.2885779087258,100.0,1
663,8.87545408521135e-07,-0.11695202349598686,0.2814528890555668,-1.5,-80.40919963344719,109.8530692254385,1959.8163051832666,100.0,1
664,2.3770686461153503e-08,0.1846999004760992,0.13828631040105802,-1.5,-106.15595153767921,-118.34169424450705,1958.0958719180735,100.0,1
665,4.082430223016664e-07,-0.05204826151877133,-0.14727308884703766,-1.5,136.1312518650867,31.060882943867945,1959.5705626699241,100.0,1
666,7.506421812328676e-07,-0.06391031781851968,-0.41122035030491155,-1.5,-119.1765528094637,81.5348979293703,1959.224922245078,100.0,1
667,6.677973451142692e-07,-0.1317830993281614,-0.4647535547825148,-1.5,98.98397753844803,102.75029378509633,1959.3513813463564,100.0,1
668,2.123211302713693e-07,-0.44259995754576603,-0.1925486051772889,-1.5,-147.17591529862943,21.351590075212076,1958.9018979579866,100.0,1
669,7.25488172518071e-07,0.16376057987234677,-0.3589922936361478,-1.5,65.11176425225646,0.7049415590032314,1963.4595100178378,100.0,1
670,5.432370882410594e-07,0.2895905173860591,-0.33735600473720273,-1.5,2.461415494047561,-119.21498958910081,1960.916880940436,100.0,1
671,6.581903469212059e-07,0.04021356595990742,0.24527307060143108,-1.5,21.30442822707964,-144.29847817204825,1959.1164735158754,100.0,1
672,1.667500332368076e-08,-0.26080782286314214,-0.4074159820007036,-1.5,84.58373224809368,144.41775730531606,1957.3968401629795,100.0,1
673,8.731525487270049e-07,-0.460429757948476,0.123918753263441,-1.5,-83.93560440198483,-94.56205792270943,1960.4657910254969,100.0,1
674,4.393158818718712e-08,-0.06175444607612965,-0.4032250450002246,-1.5,4.015542704051367,81.70057340580202,1962.8352396439407,100.0,1
675,6.657113352969373e-07,-0.07415848264305647,-0.48334741580316637,-1.5,-18.304651998699892,141.9446667845186,1959.318743224994,100.0,1
676,8.868518999673233e-07,-0.19412789087860108,-0.37634034813209266,-1.5,104.38284687262468,-119.14660912584594,1958.1423832496732,100.0,1
677,2.991753857745859e-07,0.14017278793398674,-0.43928879108632424,-1.5,-85.43604123473766,-137.97701716009104,1957.8243822825048,100.0,1
678,1.9006107470452373e-07,-0.16208568071780222,-0.02362990278114024,-1.5,-116.1261932527642,-104.88467379637075,1958.2970149365449,100.0,1
679,5.933736000606601e-07,0.06472325696293302,0.1785838223259021,-1.5,75.63831399153054,-15.445384660441595,1963.0215413528556,100.0,1
680,6.93377889591445e-08,-0.13142989936232932,-0.25516007504464544,-1.5,62.266940311187525,47.128071069840445,1962.9862606059294,100.0,1
681,6.177624020452578e-07,0.27770300811355497,0.1981277581357747,-1.5,97.82178964286405,84.56860076761623,1960.2786372098753,100.0,1
682,2.5684277255225295e-07,-0.06414316501379158,0.4871513961960145,-1.5,131.71614834244718,40.86951461973892,1959.6922782178606,100.0,1
683,7.047627000621647e-07,0.37822741822058353,-0.22207394964326296,-1.5,0.8100520209970391,99.71654696172547,1962.0064322891208,100.0,1
684,4.530507025689161e-07,-0.015084108575045945,0.1322146674584578,-1.5,71.25173605029651,12.028065276552557,1963.2095665062486,100.0,1
685,2.0006203424318086e-07,0.22523686485165814,-0.06029140299592898,-1.5,24.023231759541094,101.96285379992473,1961.7440574771556,100.0,1
686,8.116953128918737e-07,-0.09020116498677308,-0.22801426325216506,-1.5,-28.500198574662093,-51.49996949018549,1963.656990945681,100.0,1
687,3.5102935563098e-07,-0.042987481853091654,-0.25542131206770224,-1.5,49.2444410700694,-73.5906511769004,1962.5424039620616,100.0,1
688,3.2478281037665386e-08,0.02584810091810307,-0.311949836453615,-1.5,-64.07888294828653,-114.64188078811502,1960.1439799656541,100.0,1
689,1.3173282475292087e-07,-0.46124072447287306,-0.12113689871240635,-1.5,44.689770513934036,157.1194958928407,1957.7358286265087,100.0,1
690,2.2737295011333187e-08,0.0947173634012334,0.3447635184366777,-1.5,71.12447578406015,2.795141611777943,1963.2490372833356,100.0,1
691,8.750138900271696e-07,0.12566320576260406,-0.09999624503649004,-1.5,-74.45421917244025,126.44616318851895,1959.0511027863606,100.0,1
692,2.7115918822215855e-07,-0.005996047898913744,-0.09313762905278239,-1.5,25.24789122969685,-82.16417096373745,1962.6576062228548,100.0,1
693,8.849162323038899e-07,0.47910989730619524,0.03011844832626202,-1.5,26.66391159014795,-108.68242760186298,1961.349140774128,100.0,1
694,6.771497831683032e-07,0.12579900702516927,0.299525406112126,-1.5,27.33665874948555,153.2151965943081,1958.3643932851498,100.0,1
695,6.489197401459652e-07,-0.07126272831622613,-0.23625975927553594,-1.5,135.18817630298298,-94.432746910003,1957.6056547642675,100.0,1
696,3.751071945417562e-07,-0.16835052734451,-0.4282803700105346,-1.5,-137.42993561449998,12.923213556191012,1959.683466689074,100.0,1
697,5.20121279744864e-07,-0.020599565149901487,-0.48911855321435393,-1.5,-24.735931766261604,-75.02832823606856,1962.9498643388442,100.0,1
698,5.606396328536353e-07,-0.34187906934466583,-0.0621817244771832,-1.5,119.57129633185596,-64.68203816143604,1959.8296419074115,100.0,1
699,2.8930292769286343e-07,0.24151399200739812,-0.03193217842860858,-1.5,107.75603128114619,-127.423095819017,1957.4384482380449,100.0,1
700,8.814145390139877e-07,0.1760576486279544,0.3093826729074846,-1.5,69.28717675878572,-76.7339976236021,1961.8166242061536,100.0,1
701,6.570799734385864e-07,-0.01936545189437681,0.13591369918879917,-1.5,153.09876482489838,46.76968800486177,1958.0057841485427,100.0,1
702,7.96779568360543e-07,-0.38708094938837434,0.10577687730837117,-1.5,85.95477548910421,58.492037045792124,1961.7858559075662,100.0,1
703,5.330314936002391e-07,-0.38901753021031804,-0.19135357459850744,-1.5,-59.36897363090878,87.94629439554416,1961.6712417064782,100.0,1
704,7.915218975486221e-07,0.3081783786053987,0.2270529176935499,-1.5,-33.77293040589521,154.82678155243133,1958.137212544628,100.0,1
705,3.6374689953673597e-07,-0.27201654094875466,-0.182888393107873,-1.5,16.65732156830647,37.968399495462926,1964.1013773591358,100.0,1
706,8.683366860890424e-07,0.3609442527259861,0.0869135111064392,-1.5,86.86806058655495,17.553459275071884,1962.5389428960486,100.0,1
707,2.750520864434539e-07,-0.02104095501389519,0.18449942645665307,-1.5,-17.030560207219192,84.98989469331792,1962.6257829971505,100.0,1
708,1.8278610110961607e-07,-0.023325252381849952,-0.39645663338121107,-1.5,-39.52821667572961,-24.667469385748905,1963.9863345519161,100.0,1
709,2.0592333807364228e-07,0.10772971422173777,-0.020150591227610017,-1.5,98.29199193309353,19.551602898267745,1961.9810665274179,100.0,1
710,5.044747991169723e-07,-0.42262496666957705,0.06556184268218636,-1.5,67.37348409897858,107.559015151377,1960.434941069497,100.0,1
711,6.421612020318865e-07,-0.26037426405803865,0.09367880600900044,-1.5,12.843074052580667,117.68376286852796,1960.9688609644252,100.0,1
712,1.306233070981222e-07,-0.38540655390973433,-0.1294559065563841,-1.5,-14.689716826756312,-160.67190873093207,1957.9024583033854,100.0,1
713,4.922562344335456e-07,0.10878310814447854,0.4152024307797798,-1.5,-1.9747743252910102,123.25471058010999,1960.6676574198668,100.0,1
714,8.671255048336183e-08,0.24959844847749327,0.40638146322170166,-1.5,-45.49370917489069,51.89760247638976,1963.326322226859,100.0,1
715,9.086237968622525e-07,0.1352428058388747,-0.1476913529643058,-1.5,87.08581055289008,-5.198609991358135,1962.6009075511595,100.0,1
716,8.502315788397794e-07,0.42607179173829585,0.23587438485750484,-1.5,-87.22824440796475,-102.90436872793971,1959.9018369653975,100.0,1
717,4.2407387773190306e-07,-0.31777019241961846,0.26675198261782324,-1.5,0.24759217166588254,-18.159423299699473,1964.455003381261,100.0,1
718,3.7069450053495733e-07,-0.15929068959771325,-0.15909683805075975,-1.5,77.46979199226303,50.81344109521457,1962.3531057887797,100.0,1
719,7.582439528851742e-07,0.03457975919702692,-0.25120382325829,-1.5,-62.35272315539888,-37.13914634749915,1963.1979288879195,100.0,1
720,6.933825891113394e-07,-0.03294169746256304,0.32028792133471196,-1.5,115.66679697494683,13.07974029586152,1961.0873001316083,100.0,1
721,8.179428341724248e-08,-0.13295136962998996,-0.37160506256170267,-1.5,160.0032836134629,-51.19082412976629,1957.3430294723396,100.0,1
722,5.424686568839115e-07,0.3825571197935373,0.22637600198604843,-1.5,-62.166085840016706,145.1898349830518,1958.1799140669013,100.0,1
723,2.1773891889589376e-07,0.17750220203449865,-0.07994001378849097,-1.5,-57.445917415660475,31.71312548644827,1963.4427749517645,100.0,1
724,4.6822756010721017e-07,-0.10654650935944926,-0.30495980155213753,-1.5,-22.634776856312108,38.15599578034036,1964.037951040867,100.0,1
725,6.06211707138026e-07,-0.2828476109463684,-0.11822065179483035,-1.5,-43.49704596152061,91.06335541475481,1961.945146674432,100.0,1
726,6.248488506067059e-07,0.32931604066263065,-0.047284609185573735,-1.5,65.65990297666193,-107.85480661628088,1960.4768307983115,100.0,1
727,5.156640102434955e-08,0.3890371786412837,-0.24960888346656623,-1.5,-111.14098418421229,-66.91541007132923,1960.2508247149603,100.0,1
728,3.7632942068037275e-07,0.35560593876487623,0.29500009239375014,-1.5,48.96256853378108,-116.7976139998738,1960.4525677793488,100.0,1
729,2.410822307550889e-07,-0.11679318594281482,0.35176444413860386,-1.5,2.9574228317098012,135.76218947537663,1959.8400873094665,100.0,1
730,1.0432432651746366e-07,0.1789132037861447,-0.4206713559125712,-1.5,159.04511846276117,-44.867775735395625,1957.5762614161054,100.0,1
731,7.74343636154628e-07,0.49326428046604254,-0.07920808707217876,-1.5,-116.45381453502438,-39.117008777278116,1960.6941768084823,100.0,1
732,3.9895100210467786e-07,0.02197664840478744,0.11157472351199373,-1.5,-112.9212103456883,126.97798074274775,1957.1762002759717,100.0,1
733,6.843150691754813e-07,0.2652724452238185,-0.32858931569662003,-1.5,74.47432004262303,142.989936079245,1957.9123422922626,100.0,1
734,4.556722064886525e-07,-0.1983331279772764,-0.43218968016734327,-1.5,117.51651438088334,72.99874552275958,1959.6617918064337,100.0,1
735,7.67280474303061e-08,-0.22902480522851837,0.4296731784500799,-1.5,-167.60808311143728,-16.530149954390915,1957.30620263778,100.0,1
736,2.224648968681555e-07,0.4435508766320677,0.09184696376812117,-1.5,38.0375278248147,-14.777500085170143,1964.1150827368392,100.0,1
737,1.8853863303483961e-07,0.10585870421346892,-0.044196807815305314,-1.5,-20.486964418125932,-39.84302049424093,1964.0280304193618,100.0,1
738,4.528871626779364e-07,-0.4148165784742402,-0.1755717160922622,-1.5,130.6546618118163,64.59820726679015,1959.1247324330545,100.0,1
739,8.327561235638654e-08,-0.04552687784996066,0.2405844959689481,-1.5,-74.54606915257096,-116.9302566000734,1959.638610798295,100.0,1
740,4.320913216528408e-07,0.17583429855249533,0.2254002668905449,-1.5,-5.84103319671596,-127.2420157404992,1960.4052229137783,100.0,1
741,4.5669490567693216e-07,-0.314861988431331,0.17097073641864793,-1.5,-12.018223064524516,-83.74755457679711,1962.7162799760206,100.0,1
742,7.218311890330701e-08,-0.3995993388348423,0.14813950696420752,-1.5,-35.4405502896402,155.79896955004898,1958.0306266114537,100.0,1
743,3.2723491490706523e-07,-0.3049395893310435,-0.25074584151561413,-1.5,63.750044364915425,-132.21070463165233,1959.0481228623264,100.0,1
744,3.698494729869797e-08,-0.3075994531637593,-0.23126345900505638,-1.5,-118.90532143970667,64.01901940830038,1959.8919296617992,100.0,1
745,2.461683864404538e-07,-0.24589192560761475,0.3826055820772544,-1.5,-18.906164304455146,0.045838365861081434,1964.447973634392,100.0,1
746,1.531869070381321e-07,0.4550422475990251,0.13959064119944117,-1.5,-141.82825694221347,13.935542882814556,1959.3631190882984,100.0,1
747,6.833464862945425e-07,0.35140948737581323,-0.2849962473350444,-1.5,-130.49297842862416,78.30657841803445,1958.6354813041191,100.0,1
748,4.01680960416713e-07,0.0910380203511881,-0.09465075774408398,-1.5,15.562894639036829,-32.30267910478205,1964.2117043483981,100.0,1
749,3.5039343740129856e-07,-0.3180797658066728,-0.20685535078782366,-1.5,-118.1464995169999,47.6818304448822,1960.4033090064495,100.0,1
750,8.666031320758866e-07,-0.42319258233539,-0.052450143558725695,-1.5,8.22759756528812,-154.964418036854,1958.4002711516698,100.0,1
751,5.793196598897998e-07,-0.19965596529158783,0.25173682696390143,-1.5,24.682568401917433,-7.363663707872727,1964.3700856865066,100.0,1
752,8.30265205992427e-07,0.48972444362537076,-0.04863689254827827,-1.5,40.66616703469613,-127.0213082673104,1960.0064123290256,100.0,1
753,7.477423655004455e-07,0.27245105777275036,-0.12220854049399804,-1.5,26.212956049171616,-46.00640397678259,1963.8252412051386,100.0,1
754,6.547013363372477e-07,0.20443983898565074,0.28323275626637684,-1.5,-32.4568367667579,151.72086439744348,1958.402568247836,100.0,1
755,7.074623562986022e-07,-0.3168644253623214,-0.18387675926278899,-1.5,-39.184516696441484,83.36452638703896,1962.3782040314406,100.0,1
756,4.6872946402004244e-07,-0.13252575524317917,0.08494738198650427,-1.5,-63.90591822716061,-141.1115552830881,1958.422030321162,100.0,1
757,1.5608848503531725e-07,-0.11927929415001838,0.19138064272543281,-1.5,61.528475323839,154.93282517044938,1957.4532823735942,100.0,1
758,7.667885770492507e-07,0.43571287233463135,0.23373199185540094,-1.5,14.40593679552471,-61.414083999357686,1963.5259268819686,100.0,1
759,5.820935634264019e-07,-0.23611676833357106,-0.1080480988006848,-1.5,122.27818351379486,-36.13998997453456,1960.3967030239921,100.0,1
760,7.46357562338851e-07,0.06489335981150882,0.3220697052693749,-1.5,58.593521064951055,-62.96203112923563,1962.655310591094,100.0,1
761,5.434173180193833e-07,0.09948522196507613,-0.3289309914287397,-1.5,-129.58004780949204,2.4293048190572692,1960.2592675342507,100.0,1
762,5.492274216928731e-09,-0.01311258489315806,-0.3221545741044813,-1.5,-10.73966329266072,98.92533523237137,1962.017258830221,100.0,1
763,3.1069432100578713e-07,-0.4185831510701427,-0.09592893396732183,-1.5,122.613447506385,65.04342667595502,1959.629705174674,100.0,1
764,4.1128888653451697e-07,-0.28220103156706483,0.24265996465654624,-1.5,-97.21861046785203,-45.78959622309585,1961.597599132543,100.0,1
765,8.95248131601488e-07,0.16783909723202878,-0.16732739088475052,-1.5,-71.32840603308406,-53.111628668890326,1962.5250825553921,100.0,1
766,5.383279769569841e-08,0.10564487822662948,-0.3892641401507685,-1.5,-33.37359346574963,69.75397741916603,1963.0165236593198,100.0,1
767,2.804519970296958e-07,0.20114017511840282,0.2950522793494095,-1.5,-17.905114356724766,64.39547358550107,1963.4016186526135,100.0,1
768,6.907339114128035e-07,-0.21624997435202942,0.06124338597075228,-1.5,12.598424913348268,57.97453122987728,1963.64292061579,100.0,1
769,8.335800887010777e-07,0.05498503935163926,0.10589980595001847,-1.5,88.34422769180887,41.43670759531396,1962.1140596212365,100.0,1
770,2.916712852247935e-07,-0.18603267816037442,0.0523997795540347,-1.5,-45.892459132085826,-121.87439879202365,1960.217793863739,100.0,1
771,3.597149021771407e-07,-0.3017575239386003,-0.30010953088310255,-1.5,142.90378959511602,-80.64454954338021,1957.674193990009,100.0,1
772,3.13663394718749e-08,0.418797841203837,0.12277543494881374,-1.5,-74.90984420228935,47.03136827444382,1962.5467769981824,100.0,1
773,6.819772138293484e-08,0.17004181991229597,-0.15653578390235245,-1.5,-86.64592709196506,100.58233451075841,1960.0482043992874,100.0,1
774,7.598696122428658e-07,0.28908421694274306,-0.019373303522407546,-1.5,47.47619961948249,12.992281630125644,1963.9222228372146,100.0,1
775,3.4753596582452884e-07,0.12896457205915055,-0.13993973415675845,-1.5,-70.37700600290945,147.11706004288328,1957.7581397957554,100.0,1
776,2.3639679986899946e-07,-0.27906733938228684,0.409405994209966,-1.5,96.03900844207561,-116.98201227380517,1958.6998248654554,100.0,1
777,5.526777533633544e-07,-0.1476348255110162,0.3642384086674472,-1.5,-69.11037617823403,71.74022783960976,1962.0118200154031,100.0,1
778,6.837080810680876e-07,0.35745787135821233,0.19826713322808853,-1.5,-39.82539538417829,51.10998323143832,1963.4701407871491,100.0,1
779,6.191063781620605e-07,0.14091867316732606,0.42506542555691373,-1.5,109.030418228134,-47.60319533119156,1960.933346639143,100.0,1
780,3.749815489660584e-07,0.21103578556585528,-0.3312968385794328,-1.5,-37.12872674978799,-98.80651998923257,1961.7013063980173,100.0,1
781,7.848173023212822e-07,-0.2849402566647058,0.05131184167320799,-1.5,-19.300211897023154,-84.71383752076008,1962.6167108784557,100.0,1
782,7.819026421259696e-07,-0.33324736455432774,0.19197937492306286,-1.5,-69.10706168504758,144.9914361222308,1957.961946449063,100.0,1
783,4.252722065312965e-07,-0.4002851260541479,-0.22746109434370596,-1.5,76.33235534790923,137.6588275220411,1958.2228435493312,100.0,1
784,5.786191060684929e-07,0.19838687488308934,-0.3043137610633015,-1.5,-100.49368344156264,-38.918651851031576,1961.5809043709048,100.0,1
785,7.462977556688187e-07,0.23583592295060377,-0.3894783752914707,-1.5,-68.91775908309954,18.415286230356898,1963.2433639215872,100.0,1
786,7.810086241323749e-07,-0.44452406896064706,0.12103499859581915,-1.5,-63.83823362460267,-130.4880746412467,1959.1607459752358,100.0,1
787,5.458986620600318e-07,-0.43188826852398543,-0.06310448961678905,-1.5,-123.68249654489051,-0.18871278872072678,1960.6417038056795,100.0,1
788,4.60916598427231e-07,0.05049960972607044,0.25501117814769403,-1.5,109.08273779063069,73.2643251394597,1960.13942903154,100.0,1
789,5.737873549580512e-07,-0.13761255250467766,0.08956319106598556,-1.5,127.39018867449767,47.431074586301804,1959.8304312514376,100.0,1
790,1.4634185423219844e-07,0.057424156036914795,0.12067392841593881,-1.5,-46.02834101080092,-117.10937601909852,1960.5050553717892,100.0,1
791,2.5189103386781993e-07,-0.0346687089340916,0.055800132377173364,-1.5,-14.04106799284967,-118.91109394507973,1960.8866072296316,100.0,1
792,7.654827924179678e-07,0.21075622496046204,0.29469250606213865,-1.5,-68.89835919721645,-113.9559375080432,1960.0204964930151,100.0,1
793,3.1787300354095274e-07,0.15836787272714456,0.24432801638772933,-1.5,67.27018292347685,73.05535605276367,1962.0272484620536,100.0,1
794,9.076796252819777e-07,-0.1438991939887944,-0.0018899308582150077,-1.5,127.44968793317383,-104.18904711622352,1957.6298183703886,100.0,1
795,8.234973382305987e-07,-0.16311481172948727,0.32050911930318554,-1.5,-6.552525872527638,79.47083492291979,1962.9199517727347,100.0,1
796,2.3581609805492742e-07,0.09603131234146631,0.11000205455887663,-1.5,-58.05440122017422,114.73265731918731,1960.3263478588397,100.0,1
797,5.477186676647781e-08,0.27056924676663746,-0.07897387020265026,-1.5,-68.24221078910655,94.13410718922741,1961.0953716727888,100.0,1
798,6.721831884112277e-07,0.0028367465875073143,-0.04312058899673416,-1.5,-49.073011751409446,56.88096615211689,1963.1020557967381,100.0,1
799,8.662386749005929e-08,0.233512113392783,0.1329695561446948,-1.5,95.17529321223782,-135.93906326273995,1957.5176936383857,100.0,1
800,1.8816024467630946e-07,0.13972872848849874,-0.371691612952028,-1.5,68.86559218204512,70.06543876378048,1962.0809490870622,100.0,1
801,2.1796676692660066e-07,0.02675967812238309,0.4037516165010114,-1.5,-97.83754241453448,-10.155404802021131,1962.0749142970365,100.0,1
802,8.300661073586059e-08,-0.22533853195680953,-0.3281363030554151,-1.5,141.0777204607207,-31.386394821264012,1959.215469843953,100.0,1
803,1.1274354294449642e-08,-2.475470587492065e-06,0.06039884679213124,-1.5,-74.79073067748924,-33.67884925383705,1962.8258628782626,100.0,1
804,3.3643855716341745e-07,-0.10103546595606326,0.07165849357954789,-1.5,61.93027522424081,-83.82727339984783,1961.7723913622417,100.0,1
805,2.5767250470507095e-07,0.3873482730331407,-0.267190593085729,-1.5,101.20842099451329,-20.031918373249617,1961.8279394565202,100.0,1
806,8.101970622494843e-07,-0.2822345563458762,0.00047044337044373956,-1.5,79.72137907407763,34.367596648875356,1962.6198450757697,100.0,1
807,8.159717680697272e-07,0.06690877953973638,-0.3628352839070182,-1.5,-53.879458628464754,-146.38789767561266,1958.3362514180626,100.0,1
808,6.929598142616048e-07,0.001535677086820854,-0.40414145054680667,-1.5,33.54953848239694,0.40984625037887507,1964.2524142176333,100.0,1
809,6.037353693316765e-08,-0.14914553186943025,0.026812707044220018,-1.5,106.40672224998511,73.74666727741752,1960.2684318204024,100.0,1
810,3.892367270426295e-07,0.21068620629475668,-0.33591524563091735,-1.5,-21.31251805527522,123.92719369367414,1960.5104216768361,100.0,1
811,3.685032637361795e-07,-0.27080562837103367,-0.40111356217344096,-1.5,-94.87213177938078,-136.45923017985984,1957.4962179724605,100.0,1
812,8.941195864328282e-07,-0.3450284235646294,0.3565876124762272,-1.5,-37.83119054022488,1.9975341544959324,1964.1736423101045,100.0,1
813,5.886827188495516e-08,0.19049381747566116,0.008671861130014646,-1.5,98.1647172415632,132.29723444166197,1957.6195790587362,100.0,1
814,8.493473865740356e-07,-0.23399110512635862,-0.04757165972818098,-1.5,17.715107004211152,-109.11236190840515,1961.4265098975106,100.0,1
815,3.0251428193599575e-07,-0.15261529001466992,0.2562167091891137,-1.5,40.964957794120586,141.00467567054454,1959.0438586050343,100.0,1
816,6.307994334706287e-07,0.22796701455348542,-0.2727753217289504,-1.5,131.45983810664546,-106.05468340198723,1957.264417844357,100.0,1
817,7.48334724722568e-07,-0.11171614231341573,0.3068512690020191,-1.5,-12.657442997709275,-121.73993420931329,1960.7224341608382,100.0,1
818,2.8928548287884823e-07,0.16366770253739957,-0.24735611968912485,-1.5,50.58544832557673,17.97189312127428,1963.8053390653233,100.0,1
819,7.009654190848767e-07,-0.04332894855168275,0.401565081102306,-1.5,20.04689090724713,60.94311232924255,1963.4911116403632,100.0,1
820,6.952931758614284e-07,-0.34077209770726524,0.09622434903605984,-1.5,159.10806834033767,-37.59161727362667,1957.7243879478772,100.0,1
821,2.387411606211046e-07,0.0799254528192622,-0.12516608182061606,-1.5,-46.93379128587138,112.05067556317718,1960.7792205160429,100.0,1
822,6.026746642534692e-07,0.18269028312240418,0.43281389037848983,-1.5,60.44754026531705,-12.615731959005958,1963.5682377878143,100.0,1
823,2.8516588642796394e-07,-0.204134758703957,-0.0034661009448227077,-1.5,129.01561876551725,-1.9317981265006725,1960.2970500760032,100.0,1
824,7.341259551263991e-07,-0.14376216913294276,0.0671582882368839,-1.5,58.296043267006155,-106.7108489218069,1960.7722081689983,100.0,1
825,7.545026365393166e-07,-0.13162490652187164,0.17444258536702878,-1.5,-15.210022215099547,134.02156505836578,1959.903100051034,100.0,1
826,7.673619219907313e-07,0.40806894679089534,0.13538820751561306,-1.5,-82.45393995437242,-62.80048903750167,1961.8029291008775,100.0,1
827,5.668346425946968e-07,0.15912993314367807,-0.3780735930945101,-1.5,106.12359875326153,-16.421739221751974,1961.6017420808744,100.0,1
828,5.979406431961059e-07,-0.3330301578284944,0.3067684368026187,-1.5,112.10164433469119,112.35916711382193,1958.1169334769254,100.0,1
829,3.4608765933445284e-07,0.13651638372013464,-0.27181388754042285,-1.5,35.36959949891612,-10.638273938069029,1964.1917179402412,100.0,1
830,3.946136113136489e-07,0.15050406245591566,-0.41968453850126847,-1.5,-159.4216735822774,-31.31882732261951,1957.8092724556939,100.0,1
831,2.3227897217791193e-07,-0.3905556793635331,-0.27372772372154563,-1.5,-10.611900131108278,-2.835181640951093,1964.5082426874164,100.0,1
832,2.5934802867528764e-07,-0.1149858863682972,0.2964281958752575,-1.5,-55.527970754970724,-124.6626660402237,1959.7931397026855,100.0,1
833,2.223408384620231e-07,-0.3884396219379553,-0.03600426109349177,-1.5,-102.92417626724307,31.272986788619505,1961.59167527372,100.0,1
834,1.4702389462316298e-07,0.13341021566069403,0.05814050722521183,-1.5,77.60337119063426,-62.118353681003995,1962.0225057786522,100.0,1
835,5.176196703258304e-07,0.4260945897572776,-0.10042129424298926,-1.5,-48.29699605336264,137.1493269225352,1959.1505170769929,100.0,1
836,1.6759254617563406e-07,-0.19806393232900135,-0.2003273816374455,-1.5,152.3024838751202,52.414630579975736,1957.924908205819,100.0,1
837,3.591226104037823e-07,-0.11542692735718056,-0.31220699101239135,-1.5,117.9277664903672,-51.411640520991426,1960.322211111139,100.0,1
838,7.643403455242461e-07,-0.17919834224422193,-0.020241877436074102,-1.5,148.2679685815756,41.20825430064344,1958.5024318433505,100.0,1
839,4.086765765445174e-07,-0.29563437860293695,-0.2710381461074064,-1.5,-112.55138459446022,-95.37499382814387,1958.9918536441858,100.0,1
840,6.39848861599256e-07,0.0069368810866955385,-0.2995323915499376,-1.5,-86.91284201128417,90.69706889491435,1960.5186777619651,100.0,1
841,3.2057266217718043e-07,0.16488147007302284,-0.023399985115917468,-1.5,127.48291907558277,16.010669753829063,1960.3328926649508,100.0,1
842,8.837997676656758e-07,0.1717888475577474,-0.08908717260897511,-1.5,-116.17881420547374,32.243128588219996,1960.8355744566613,100.0,1
843,6.789984736044451e-07,0.04383241711880631,0.4124884170411888,-1.5,108.38792038153383,39.0327420985563,1961.1582776578143,100.0,1
844,9.831285648742845e-08,-0.3667463343124802,0.2521997040785058,-1.5,-43.40308171612764,105.84590753755589,1961.2052678445532,100.0,1
845,1.7086775770415356e-07,0.15440883210620138,-0.06303627950299347,-1.5,122.85723108040719,73.07835294432279,1959.3312485050433,100.0,1
846,6.242150333430104e-07,0.29798400259973984,-0.17625308235960216,-1.5,-25.843564810209354,-21.759018426735146,1964.248441908797,100.0,1
847,3.36399963255231e-07,0.3852193174203428,0.0932158741430001,-1.5,42.80548260210923,37.75292733474239,1963.7096764549972,100.0,1
848,4.844112281429972e-08,-0.046622582867676156,-0.2964260304956143,-1.5,-105.44478896889143,-94.99144514020036,1959.4058558898953,100.0,1
849,1.314354631225884e-07,0.024938059440396152,-0.11813942147753446,-1.5,-72.45716705428909,-39.93006199889966,1962.7961777416836,100.0,1
850,7.604064370024892e-07,0.30361823740994215,0.24212868723698705,-1.5,-121.57672259283468,16.874275656176017,1960.7008047151905,100.0,1
851,5.347248886062908e-07,-0.1854479649741761,0.3975784592555419,-1.5,-164.52235548271213,-27.30896214772372,1957.447292112604,100.0,1
852,6.048787084574577e-07,0.17262635260538417,0.2314381633473199,-1.5,-18.535358929634487,-33.13819818240478,1964.1719849740002,100.0,1
853,5.2117991974376e-07,0.18487673884788514,0.2782195778484471,-1.5,-69.77845605002982,-61.15069103120943,1962.3467701514458,100.0,1
854,4.650358543183047e-07,-0.022857880959076992,0.07951285622887096,-1.5,-59.921242941171556,78.58558585268457,1962.0517415722518,100.0,1
855,3.3401133804088167e-07,0.3466261830988243,0.27273171163547616,-1.5,-13.152867601126347,-47.15560415726345,1963.9288778712335,100.0,1
856,1.994816255932881e-07,0.13131481879223675,-0.3062564606094574,-1.5,146.08684025441556,-1.9773342219321037,1959.0987753352272,100.0,1
857,1.5911090084752635e-07,0.17177473989704367,0.3124243385549498,-1.5,28.914831177779742,-93.12278890212174,1962.1175716534376,100.0,1
858,7.870911711445699e-07,-0.31153932930667966,0.09305855415265958,-1.5,-12.833271350120574,-112.28477272428755,1961.2854772385483,100.0,1
859,4.4000397634434133e-07,-0.002235946047112458,-0.4066541447543165,-1.5,113.44806610910965,-29.457339510732474,1961.0392876511128,100.0,1
860,4.0755545009592917e-07,-0.06569310985105563,0.0604393463877043,-1.5,128.18174005099166,49.43654174383427,1959.7292558218446,100.0,1
861,2.8887190084869284e-07,0.19752900610630267,-0.09935531034515636,-1.5,166.88296649161302,34.63866766532833,1957.1314530361676,100.0,1
862,9.007674662599213e-07,0.43845917309685695,-0.20929888296818838,-1.5,-60.868839286829825,-54.73995084994523,1962.832598173097,100.0,1
863,5.694908582038666e-07,0.4213780914060866,0.13350026433228487,-1.5,-23.496815914342267,-127.40132020283656,1960.2627603254093,100.0,1
864,2.706416056124214e-07,0.057954139549377545,-0.4308554122553708,-1.5,-27.32927550634623,124.00659780187809,1960.4307589578452,100.0,1
865,2.012550751042528e-07,0.35351493069183293,-0.053372479224690725,-1.5,-48.776174943052126,-142.19570855611968,1958.7788419043839,100.0,1
866,7.175506328928116e-07,0.23479924110058017,0.23032051532841655,-1.5,-122.54483938342142,-72.9326835609883,1959.3562392467622,100.0,1
867,5.002515634799704e-07,0.3218979265400885,-0.30955292916840904,-1.5,-142.25805795115076,-76.31224667685396,1957.8948828323826,100.0,1
868,7.89391361828125e-08,-0.21237178205962046,-0.1514215590441386,-1.5,-162.50299908273496,47.321443325417896,1957.2344628472204,100.0,1
869,2.849968663315488e-07,0.07836661730383152,-0.4389892871828611,-1.5,-51.020019998020494,119.81482222998481,1960.2180113955515,100.0,1
870,7.403962340897608e-07,-0.1829467747915467,-0.18437015487601874,-1.5,81.59310035367218,4.896459651205302,1962.8377102867396,100.0,1
871,6.740464424469679e-07,0.25204615333140773,-0.3030175957133489,-1.5,-63.14446121426029,24.90758885950221,1963.365904588673,100.0,1
872,3.6555125723872347e-07,0.15138037217587103,-0.09444238572457017,-1.5,-156.84492339624384,-26.151709577858377,1958.093216462667,100.0,1
873,4.1896522572196095e-07,0.31790496997550066,-0.3590450713468047,-1.5,-152.50137955747982,-0.5756637569776928,1958.6108046547777,100.0,1
874,8.623021714563004e-07,0.005838554411880812,-0.3663795011002412,-1.5,149.4825567551764,61.943036239200545,1957.863966610943,100.0,1
875,4.1080495105367217e-10,0.17229089126358815,-0.04364858751626964,-1.5,1.6053310836300216,1.787162057102769,1964.5374812484554,100.0,1
876,4.76274226548076e-07,0.4337400982498695,-0.08035273445262239,-1.5,-102.9103223859368,-7.396567102978364,1961.8277301046708,100.0,1
877,4.422473628082094e-10,0.09763609216977263,-0.011329369988207572,-1.5,12.496047081285802,1.2760830453383896,1964.4987927421932,100.0,1
878,5.93356324347544e-07,-0.08928472222880593,0.2795457451750899,-1.5,-119.7605991557479,30.024586401492556,1960.655301007142,100.0,1
879,6.047756199451958e-07,-0.3252602634013923,0.033881041446057254,-1.5,-80.53690991273315,130.21436529611734,1958.5635837210823,100.0,1
880,6.647726217461439e-07,-0.4116608865807619,0.24353012500869298,-1.5,-36.034677491083286,-103.51499924732089,1961.478889311601,100.0,1
881,7.050810315180634e-07,-0.016075152502812627,-0.4188881422811097,-1.5,-22.551073102605578,-13.91963061559339,1964.3601959038922,100.0,1
882,1.47079504688171e-07,0.22810868792673916,-0.312558417455301,-1.5,-107.20460850591188,-37.948076968458146,1961.2446052534144,100.0,1
883,7.564275396916233e-07,-0.10337635221780932,0.4277627343558712,-1.5,107.66105002458848,109.41665309624373,1958.5327111383538,100.0,1
884,7.122958789129357e-07,-0.1552992975981877,-0.021695964583096406,-1.5,46.83307747421905,6.063044000045797,1963.9712799880447,100.0,1
885,8.717323622226358e-07,-0.17170647119912477,-0.1563614959880534,-1.5,42.99144673312176,-115.74116227447534,1960.6552489229916,100.0,1
886,4.46709851091556e-07,-0.4716545115853531,0.09680669671602113,-1.5,-66.79324191340537,48.21574503889734,1962.8110431295145,100.0,1
887,2.1898666169055832e-07,-0.39107469354498725,0.011726782608602338,-1.5,-40.10259916477162,-122.79416243440299,1960.2873925724243,100.0,1
888,6.786854870317605e-07,-0.45634914332527127,0.019851038246760412,-1.5,-90.30183306995963,-120.67531323338207,1958.7486653438623,100.0,1
889,2.550399345413609e-07,-0.4623058700094327,0.1012184395812207,-1.5,-136.31530643375928,-55.87654339770187,1959.0072065706972,100.0,1
890,3.8985994438411433e-07,0.1263953678832721,-0.05589181197387293,-1.5,-129.87977142595926,-29.858168304927062,1960.0135257252555,100.0,1
891,2.2978482936797415e-07,-0.2124984746570688,0.2086736435591035,-1.5,41.739233737106716,-144.14274624911414,1958.7991196998566,100.0,1
892,5.303115234348643e-07,0.18673473762120127,0.16784391051113587,-1.5,29.324355943045788,-12.264655032082306,1964.281789013888,100.0,1
893,6.251530467630361e-07,-0.01335808431610125,0.02387815710699367,-1.5,-74.97624470260313,-135.28855623038692,1958.4404140921736,100.0,1
894,3.83768780137101e-07,0.05416010778276803,-0.4717262476634692,-1.5,15.876386741080772,-2.2055413214777677,1964.4735585386886,100.0,1
895,7.468789196757016e-08,0.21704234590844454,-0.3098125251382123,-1.5,-39.05733804966935,-107.20369726525034,1961.2228781816884,100.0,1
896,5.35052627870045e-07,0.10093609071818016,0.4054294492259172,-1.5,-168.1302396999196,29.42576364429258,1957.11002071895,100.0,1
897,2.928054219495833e-07,0.12223240208737242,-0.23084804857202085,-1.5,86.99811294127832,144.33429078521934,1957.2971739402055,100.0,1
898,2.341883134096536e-08,0.17032513901792495,0.4106230620304162,-1.5,106.5064289724212,20.268362715831408,1961.545018684632,100.0,1
899,8.248463110584968e-07,-0.24766800740180436,-0.3417494518021687,-1.5,15.549999095834986,-10.007044345143264,1964.451919202332,100.0,1
900,5.389823659685465e-07,0.3045827134494427,0.179601595845329,-1.5,31.8852262341434,-74.71319582585194,1962.8587715328927,100.0,1
901,5.419406962137552e-07,-0.3122393435619517,-0.1346642256625637,-1.5,159.68336510347171,7.854132016576999,1958.0226816320665,100.0,1
902,7.420881481981004e-07,0.030798970319588267,-0.2719351849087749,-1.5,6.632073510095007,21.231952098371107,1964.4130182009028,100.0,1
903,6.521819737307743e-07,0.16378254906563097,-0.30234066130629716,-1.5,-7.868513069260175,166.3036803623147,1957.4714451726134,100.0,1
904,5.239587719826286e-07,0.27819452287233865,-0.21922550727450466,-1.5,-44.25358935903887,0.9437916067449067,1964.0402275290535,100.0,1
905,1.3028461843729926e-07,0.2694898146600774,-0.004941042121482741,-1.5,147.0612676340801,-45.251061621349415,1958.5041769805164,100.0,1
906,1.4423476947357652e-07,-0.36807999183098405,0.2864098370039469,-1.5,41.95899459926742,-12.061210286809102,1964.053781403342,100.0,1
907,5.740913350992934e-07,-0.03289057710939734,0.14007764654794413,-1.5,87.97091904244465,-6.039776980066217,1962.5590245297058,100.0,1
908,8.118105064580971e-07,0.16981571737729448,-0.27165447852236885,-1.5,-126.0047096918873,83.07413794603701,1958.7329544902534,100.0,1
909,9.852402434567784e-08,0.4126593762143183,0.26868042009180937,-1.5,3.3445040399567736,142.1356821567047,1959.387544212912,100.0,1
910,8.422662028026282e-07,0.01815234609203601,0.4827902873581311,-1.5,61.13128258174865,21.912757809262022,1963.4653252861976,100.0,1
911,3.747458107933583e-08,0.06582766763255207,-0.027377818488376476,-1.5,59.01064501216816,143.96265838308898,1958.3681428762707,100.0,1
912,7.079205299595203e-07,0.20543209675750745,0.17277927529016848,-1.5,41.267076125626545,130.90160359185145,1959.7385246178262,100.0,1
913,7.262573915028225e-07,0.05053257116873785,0.2276343808138374,-1.5,52.24550926539567,-23.051859831575765,1963.708813644741,100.0,1
914,3.7142544233502405e-07,0.13246158435314592,-0.13245860158502504,-1.5,116.39962767187096,-77.6226572332883,1959.5507485206972,100.0,1
915,4.822279435616683e-07,0.3569335576401395,-0.11260596770046592,-1.5,-107.35661262608669,-65.74329983800386,1960.5013803917593,100.0,1
916,6.294020789522588e-07,-0.4334697431849635,0.045745084373713676,-1.5,111.93478061861167,6.096642256985785,1961.3379928271377,100.0,1
917,6.282071748852193e-09,0.46329238461319194,0.12359691399541817,-1.5,94.76309756733937,-125.74857704207268,1958.2187153067116,100.0,1
918,2.828266877932419e-07,-0.2821725358076488,-0.16822836955114415,-1.5,-38.18531526071857,-34.69022843407404,1963.8614401265081,100.0,1
919,1.0665628751989822e-07,0.4349912662351661,0.0797753375640336,-1.5,-118.73177865008536,68.3939462248048,1959.7546578907568,100.0,1
920,8.84442660823891e-08,-0.3620591678165079,-0.11039517748882162,-1.5,-23.95219299041595,44.108255059661445,1963.8976654990638,100.0,1
921,6.351653710563441e-07,-0.35456800548970063,0.2620053276406114,-1.5,73.81355557584762,114.23056010716793,1959.825559690705,100.0,1
922,8.515760336043038e-07,-0.03363213765171247,0.23176520311576662,-1.5,-8.930229298948602,-126.46733183074161,1960.4437128493162,100.0,1
923,4.842334634386549e-07,-0.2000500395864066,-0.22459250421974736,-1.5,51.14997450128692,113.50372145493456,1960.590184508361,100.0,1
924,3.9022890426981797e-07,-0.14259817542797984,-0.29529409152095953,-1.5,-162.76947889648275,11.612721622679091,1957.7498634152457,100.0,1
925,1.9372811171070207e-07,0.23576252686339744,-0.3109569643412134,-1.5,-107.4606485850322,112.683367276776,1958.3584845505131,100.0,1
926,4.221504922513159e-07,0.2435739367620391,-0.04717835319822455,-1.5,95.18301524874757,-30.4369909294034,1961.9956853819663,100.0,1
927,5.6812193199899635e-08,-0.29742785112334036,-0.02846424676259948,-1.5,-145.77896213144805,68.71985045135276,1957.9170979946912,100.0,1
928,5.258540727505758e-07,-0.06891192978462332,0.10520841957762253,-1.5,115.0218843034254,115.49764810580427,1957.7649362677453,100.0,1
929,4.438406619329094e-07,0.3624282773581538,0.15996824876547994,-1.5,-10.134651819178249,114.86486893674493,1961.1518648444285,100.0,1
930,4.803759636371995e-07,0.05623470770187174,0.3944740559891794,-1.5,71.56739439543104,68.01793326982252,1962.0563078258692,100.0,1
931,3.423734238388767e-07,-0.18265358975831714,0.2384041177932043,-1.5,-151.49116216355685,77.50994940174058,1957.155058189362,100.0,1
932,4.903976991918559e-08,-0.44422158738869383,-0.1270355709280776,-1.5,-36.623170617097855,-131.16708168353685,1959.8130590244332,100.0,1
933,4.084251918648635e-08,0.3839202252730501,-0.12882530481217722,-1.5,99.31515891609224,-3.6615937374051297,1962.0235417055792,100.0,1
934,2.4671973819202425e-07,-0.40933242314424023,-0.14248357026107236,-1.5,-49.80310798379409,1.0933004293626214,1963.90726394997,100.0,1
935,5.650992920834971e-07,0.2886731713853978,0.29003296414890223,-1.5,-54.05036800270148,-112.13813647150677,1960.5909523237124,100.0,1
936,5.73427743214598e-07,0.4308023515695289,0.15047402687458086,-1.5,-114.48171139673748,117.64141196099261,1957.6689511287727,100.0,1
937,6.169713649877567e-07,0.4118722096886279,0.18290096171825473,-1.5,-87.52799433688041,-7.18447970078681,1962.574971746283,100.0,1
938,9.72498689899543e-08,-0.19942639497838174,-0.26882361788566245,-1.5,-157.98019440617406,-45.873000478429006,1957.63919358717,100.0,1
939,3.119644947593863e-07,-0.24528123252705586,-0.37624757982781487,-1.5,69.36981602955198,-74.79491840903609,1961.8885888526756,100.0,1
940,4.942280479455729e-07,0.19363042162699617,-0.010491041248670745,-1.5,74.81237389706783,-21.233333050625212,1962.9991188346412,100.0,1
941,2.922870183025998e-07,-0.2392694381419581,0.006594411164253667,-1.5,72.18134343632046,-134.0607369075144,1958.6298421972624,100.0,1
942,6.302952345720999e-07,0.2896216459281885,-0.2854936934867509,-1.5,-55.75870351357631,103.87887791947551,1960.9980703638662,100.0,1
943,7.293731874433492e-07,0.21063793813342083,0.00832445582316371,-1.5,27.859115056312305,62.39690797148408,1963.350142447854,100.0,1
944,7.401470983506314e-07,-0.36357649773473977,-0.22296347845969083,-1.5,-60.2666249241978,-50.80461301436956,1962.9569815670536,100.0,1
945,5.2246575056319265e-08,-0.00762074298997231,-0.49753730544002633,-1.5,27.072025308889366,52.68374605542998,1963.6457966276334,100.0,1
946,3.9478829820423004e-07,-0.4130966197663448,0.037254955587408885,-1.5,-16.382287101817315,165.01201500945615,1957.528018148901,100.0,1
947,6.062956117690067e-07,0.14572563198450827,0.3510854150267869,-1.5,-87.80544825082451,-4.123273429413783,1962.5713969534534,100.0,1
948,7.595870574971433e-07,0.3706963010094317,-0.026981938093043684,-1.5,-14.429768267343414,-14.121805368662805,1964.435196861177,100.0,1
949,8.122033026191669e-07,-0.17412630035239146,0.22040429317526267,-1.5,101.5168146586436,102.55412157711811,1959.2320625069506,100.0,1
950,5.169177057283619e-07,-0.037737954949571495,0.3752094197805642,-1.5,-116.78938783077376,-84.22793251885645,1959.2547513123052,100.0,1
951,1.7742122072766617e-07,0.08055212730526852,0.3494640500196746,-1.5,-112.43941225457482,-97.2420599535739,1958.9064925651664,100.0,1
952,1.5832225912775626e-08,-0.2582744055066571,0.32661134324928714,-1.5,-119.51112195621397,70.40885047724456,1959.6359283727606,100.0,1
953,5.000195827858653e-07,0.07020439563607385,-0.3484987018843358,-1.5,-125.86394329260412,115.92573697191447,1957.072501864069,100.0,1
954,7.439023662751785e-07,-0.08362908955983195,0.006161547511103367,-1.5,98.73404777047793,54.03070986931921,1961.3122027020597,100.0,1
955,3.9059073912460266e-07,-0.023385059145712452,0.384841534973476,-1.5,22.874676990913528,50.93887333710308,1963.7452142785323,100.0,1
956,4.3542735129172635e-07,-0.04567828923811659,0.38421191369682606,-1.5,-34.36835037881726,6.600391475039943,1964.227211294749,100.0,1
957,1.9747472223803302e-07,0.04554940945650588,-0.098263045819065,-1.5,-73.21265946425567,-23.415585665206212,1963.0346158711154,100.0,1
958,7.449563019728583e-07,-0.28389806306670334,-0.37348835895208155,-1.5,97.8447948556704,-87.74156073847332,1960.1380310847908,100.0,1
959,2.2110439823778442e-07,0.416333153545796,0.1860058942449363,-1.5,-35.38320592666788,72.97879546201162,1962.8640835313574,100.0,1
960,3.621534245396736e-07,0.14220227685707756,-0.054823939612636846,-1.5,34.31399602721436,90.99361121983966,1962.130474423133,100.0,1
961,2.2861505544598204e-07,0.09888809760282109,-0.33294911216607376,-1.5,-10.184614091465763,6.009302271749357,1964.5033591694737,100.0,1
962,3.634528962880848e-07,0.002341975857258909,-0.27064094489499496,-1.5,-47.92203432159852,-140.33484785316196,1958.9341222641053,100.0,1
963,1.6309052512239553e-07,0.052782406529168095,0.21329245563453383,-1.5,-4.972536076054413,-47.98395549522914,1963.946562451773,100.0,1
964,7.611909356337027e-07,0.007994521329683417,-0.43733160555319417,-1.5,-62.58538625304457,-158.46605881929483,1957.1369047401788,100.0,1
965,8.892552279696477e-07,-0.07379323950368785,-0.12863105316344137,-1.5,76.2787818921692,-56.57290971333571,1962.242171493046,100.0,1
966,5.477217224779872e-07,0.18846010074616237,-0.39548496056159194,-1.5,30.542992386449523,61.893105762487885,1963.3261714094492,100.0,1
967,3.6300540030335417e-07,-0.0058475909986824524,0.31655427897236993,-1.5,-23.725866348635417,18.239638729335113,1964.3109950084688,100.0,1
968,2.556156080253178e-07,-0.25813532272812234,-0.412403904578535,-1.5,40.39046018244863,140.76575196298856,1959.0729695615412,100.0,1
969,1.2982041125907386e-07,0.12433544074767304,0.2299728023523346,-1.5,-47.073350608833906,160.29639970269687,1957.422399527231,100.0,1
970,6.90574967467503e-07,-0.4784964913780372,-0.06853520159901663,-1.5,-144.9882425723912,33.731352459912586,1958.8909851349886,100.0,1
971,1.3186370319463358e-08,0.37867021087539693,0.26087744738245555,-1.5,-68.46872115694555,34.677974421806006,1963.0391637915084,100.0,1
972,1.7879462999319397e-07,-0.16357082828409736,0.21774761968805098,-1.5,-35.77247110517441,158.08377922533344,1957.8414479530759,100.0,1
973,6.752881180289863e-07,-0.2173238449474314,-0.12990426172740738,-1.5,-134.59539195686634,65.23982678626805,1958.8366781666628,100.0,1
974,2.1857492535671798e-07,0.43239938837173586,0.24035762120624138,-1.5,-100.21775912357951,-24.709313827182985,1961.8254603385515,100.0,1
975,5.281787910289275e-07,0.46707036771524985,0.015511176110624818,-1.5,-17.625197736255863,-123.84238670303718,1960.5523971387718,100.0,1
976,7.221668975469689e-07,-0.3402325507834958,0.33349974770648116,-1.5,7.867131132696957,123.71942724634006,1960.6235992244176,100.0,1
977,5.7180621849458806e-08,-0.00710980153747274,0.1865057897865179,-1.5,114.41704503181677,-13.99401762896293,1961.1543013090325,100.0,1
978,3.901105943656251e-07,0.3339561300345935,-0.18068914363123695,-1.5,40.70060958065215,30.95316613002537,1963.8733788491613,100.0,1
979,5.481172791004039e-09,-0.06380266002869057,-0.4151340264633629,-1.5,-47.22963438537607,-96.1658315174581,1961.6153498457618,100.0,1
980,7.600585829249457e-07,-0.2671578461773496,0.21504969063166787,-1.5,-106.17186484635005,-1.3296115774386388,1961.6674166418304,100.0,1
981,5.30137965666664e-08,0.28406619355710394,-0.4042014796688641,-1.5,82.46603475069786,-95.24453404924496,1960.4951206550784,100.0,1
982,2.102790027803842e-07,-0.3433243127335874,-0.336944528343143,-1.5,-52.558198652138316,-3.700818065533506,1963.8322805082462,100.0,1
983,5.942241778629471e-07,-0.1036804762162704,-0.33119306329814996,-1.5,131.58206487271633,81.69066903177209,1958.4243873744795,100.0,1
984,4.048298648051694e-07,0.23692601556585707,-0.3679620638753573,-1.5,-55.318160276047465,-154.92265760520874,1957.6394350263647,100.0,1
985,8.644652375426091e-07,0.4187275029417086,-0.2561663009045217,-1.5,-0.6577387869516806,11.613460324012777,1964.5045128950765,100.0,1
986,7.422766245932049e-07,-0.006498401425067775,-0.18837026271519824,-1.5,-114.25270579174098,32.28564122140636,1960.9480469549212,100.0,1
987,5.496633536828058e-07,-0.09913877231391205,-0.2500420076069191,-1.5,-66.84678345605077,-139.90401509840518,1958.410493325405,100.0,1
988,2.537450835520003e-07,0.3050330538966812,0.25469259200801037,-1.5,-40.36613474820905,11.887270483759508,1964.0882246559258,100.0,1
989,6.692695537372471e-07,0.2558467100296063,0.14710255512329143,-1.5,133.92578208060968,4.641212613470221,1959.9631706503326,100.0,1
990,4.835307558850822e-07,-0.13177843947438872,0.36047223032472847,-1.5,9.2306271690844,-166.5127654474733,1957.447721072323,100.0,1
991,1.4510204770548187e-07,-0.47762717434770324,-0.03963872736670406,-1.5,-136.73297640062557,20.80688781176006,1959.6643725011552,100.0,1
992,6.913243221208308e-07,0.24251024255245654,0.34233575579853975,-1.5,-38.00968382819406,-13.408496035239432,1964.1254446790015,100.0,1
993,7.878656259534564e-07,-0.0697153327025482,-0.4092431828703724,-1.5,-54.24849077717798,140.21262400258593,1958.7778862302994,100.0,1
994,3.274701494898633e-07,0.2959056901389917,-0.2688748767592761,-1.5,-31.775944291445754,-57.639448614363985,1963.4360874736794,100.0,1
995,5.19802330572131e-07,-0.15818744125970138,0.13842185059748455,-1.5,-1.0679377501564997,-138.7895332131824,1959.6299679392434,100.0,1
996,5.342990860220118e-07,0.3226322558048251,0.18858177025785866,-1.5,-34.98727701088768,-115.13844993904479,1960.849895851064,100.0,1
997,8.154110634257261e-07,-0.0527308468631713,-0.3427278926324689,-1.5,31.26390604957525,106.88187074515011,1961.3801569687278,100.0,1
998,3.042867682668919e-07,-0.3335386242780234,-0.023405708494023233,-1.5,103.28128456270203,-6.769604493223599,1961.8104992532317,100.0,1
999,4.6736911920560186e-07,0.23809281097739549,0.2434414667363328,-1.5,-49.688134348204706,37.05249743276341,1963.5609203702138,100.0,1
1000,4.945928865423722e-07,-0.3522430911830031,0.0803606752499726,-1.5,62.496124892858255,66.38900815219472,1962.4219781270479,100.0,1
