particle_id,birth_time_s,x_mm,y_mm,z_mm,vx_m_s,vy_m_s,vz_m_s,mass_amu,charge_state
1,4.1079981491385884e-05,0.0,0.007682152423157618,80.6,0.0,-117.33537372998104,4391.275309224224,100.0,1
2,4.107998751542231e-05,0.0,0.007691467859189061,80.6,0.0,-117.1063386511243,4391.281423090347,100.0,1
3,4.1079993527663424e-05,0.0,0.007700787433265077,80.6,0.0,-116.87730357226758,4391.2875250022435,100.0,1
4,4.107999952810937e-05,0.0,0.007710111137242848,80.6,0.0,-116.64826849341084,4391.293614959964,100.0,1
5,4.108000551676031e-05,0.0,0.007719438963022185,80.6,0.0,-116.41923341455411,4391.2996929635565,100.0,1
6,4.1080011493616375e-05,0.0,0.007728770902460269,80.6,0.0,-116.19019833569737,4391.305759013071,100.0,1
7,4.108001745867772e-05,0.0,0.007738106947456913,80.6,0.0,-115.96116325684063,4391.311813108558,100.0,1
8,4.108002341194448e-05,0.0,0.007747447089883508,80.6,0.0,-115.73212817798391,4391.317855250067,100.0,1
9,4.108002935341681e-05,0.0,0.007756791321611445,80.6,0.0,-115.50309309912717,4391.323885437647,100.0,1
10,4.108003528309486e-05,0.0,0.007766139634526326,80.6,0.0,-115.27405802027045,4391.329903671346,100.0,1
11,4.108004120097877e-05,0.0,0.0077754920204995415,80.6,0.0,-115.0450229414137,4391.335909951215,100.0,1
12,4.108004710706868e-05,0.0,0.007784848471430905,80.6,0.0,-114.81598786255697,4391.341904277302,100.0,1
13,4.1080053001364744e-05,0.0,0.007794208979177597,80.6,0.0,-114.58695278370024,4391.347886649656,100.0,1
14,4.10800588838671e-05,0.0,0.00780357353563943,80.6,0.0,-114.3579177048435,4391.353857068327,100.0,1
15,4.1080064754575894e-05,0.0,0.007812942132673584,80.6,0.0,-114.12888262598676,4391.359815533361,100.0,1
16,4.108007061349127e-05,0.0,0.007822314762179872,80.6,0.0,-113.89984754713004,4391.36576204481,100.0,1
17,4.1080076460613373e-05,0.0,0.007831691416029685,80.6,0.0,-113.6708124682733,4391.3716966027205,100.0,1
18,4.1080082295942345e-05,0.0,0.007841072086108625,80.6,0.0,-113.44177738941657,4391.377619207142,100.0,1
19,4.1080088119478334e-05,0.0,0.007850456764288083,80.6,0.0,-113.21274231055983,4391.383529858122,100.0,1
20,4.108009393122148e-05,0.0,0.007859845442453661,80.6,0.0,-112.9837072317031,4391.389428555709,100.0,1
21,4.1080099731171915e-05,0.0,0.007869238112490962,80.6,0.0,-112.75467215284311,4391.395315299951,100.0,1
22,4.1080105519329785e-05,0.0,0.007878634766285586,80.6,0.0,-112.52563707398637,4391.401190090897,100.0,1
23,4.108011129569525e-05,0.0,0.007888035395708926,80.6,0.0,-112.29660199512965,4391.407052928595,100.0,1
24,4.108011706026843e-05,0.0,0.007897439992632371,80.6,0.0,-112.06756691627291,4391.41290381309,100.0,1
25,4.108012281304947e-05,0.0,0.007906848548969947,80.6,0.0,-111.83853183741618,4391.418742744434,100.0,1
26,4.108012855403852e-05,0.0,0.007916261056564622,80.6,0.0,-111.60949675855944,4391.4245697226725,100.0,1
27,4.1080134283235715e-05,0.0,0.00792567750733042,80.6,0.0,-111.3804616797027,4391.430384747852,100.0,1
28,4.10801400006412e-05,0.0,0.00793509789312452,80.6,0.0,-111.15142660084598,4391.4361878200225,100.0,1
29,4.108014570625511e-05,0.0,0.007944522205846738,80.6,0.0,-110.92239152198924,4391.44197893923,100.0,1
30,4.108015140007758e-05,0.0,0.007953950437368462,80.6,0.0,-110.69335644313252,4391.447758105521,100.0,1
31,4.108015708210877e-05,0.0,0.007963382579589506,80.6,0.0,-110.46432136427578,4391.453525318944,100.0,1
32,4.1080162752348795e-05,0.0,0.00797281862436705,80.6,0.0,-110.23528628541904,4391.459280579546,100.0,1
33,4.1080168410797806e-05,0.0,0.007982258563615119,80.6,0.0,-110.00625120656231,4391.465023887374,100.0,1
34,4.1080174057455934e-05,0.0,0.007991702389190891,80.6,0.0,-109.77721612770557,4391.470755242474,100.0,1
35,4.108017969232333e-05,0.0,0.00800115009297997,80.6,0.0,-109.54818104884885,4391.476474644894,100.0,1
36,4.1080185315400123e-05,0.0,0.008010601666867956,80.6,0.0,-109.3191459699921,4391.482182094679,100.0,1
37,4.1080190926686455e-05,0.0,0.008020057102754663,80.6,0.0,-109.09011089113537,4391.487877591878,100.0,1
38,4.108019652618246e-05,0.0,0.008029516392511482,80.6,0.0,-108.86107581227864,4391.493561136535,100.0,1
39,4.1080202113888275e-05,0.0,0.008038979528024015,80.6,0.0,-108.6320407334219,4391.499232728698,100.0,1
40,4.108020768980404e-05,0.0,0.008048446501163653,80.6,0.0,-108.40300565456516,4391.5048923684135,100.0,1
41,4.108021325392989e-05,0.0,0.008057917303830209,80.6,0.0,-108.17397057570844,4391.510540055727,100.0,1
42,4.1080218806265966e-05,0.0,0.008067391927909284,80.6,0.0,-107.9449354968517,4391.516175790684,100.0,1
43,4.1080224346812395e-05,0.0,0.00807687036527227,80.6,0.0,-107.71590041799497,4391.521799573332,100.0,1
44,4.108022987556932e-05,0.0,0.00808635260781898,80.6,0.0,-107.48686533913823,4391.527411403716,100.0,1
45,4.108023539253687e-05,0.0,0.008095838647420806,80.6,0.0,-107.2578302602815,4391.533011281882,100.0,1
46,4.108024089771519e-05,0.0,0.008105328475977558,80.6,0.0,-107.02879518142477,4391.538599207875,100.0,1
47,4.1080246391104405e-05,0.0,0.008114822085360629,80.6,0.0,-106.79976010256803,4391.5441751817425,100.0,1
48,4.108025187270465e-05,0.0,0.00812431946745562,80.6,0.0,-106.5707250237113,4391.549739203528,100.0,1
49,4.108025734251607e-05,0.0,0.008133820614148135,80.6,0.0,-106.34168994485456,4391.555291273278,100.0,1
50,4.108026280053879e-05,0.0,0.008143325517337985,80.6,0.0,-106.11265486599783,4391.560831391038,100.0,1
51,4.1080268246772945e-05,0.0,0.008152834168896561,80.6,0.0,-105.8836197871411,4391.566359556853,100.0,1
52,4.1080273681218665e-05,0.0,0.008162346560709466,80.6,0.0,-105.65458470828436,4391.571875770767,100.0,1
53,4.108027910387609e-05,0.0,0.008171862684676512,80.6,0.0,-105.42554962942764,4391.577380032827,100.0,1
54,4.1080284514745354e-05,0.0,0.00818138253266909,80.6,0.0,-105.1965145505709,4391.582872343076,100.0,1
55,4.108028991382658e-05,0.0,0.008190906096587014,80.6,0.0,-104.96747947171416,4391.588352701561,100.0,1
56,4.108029530111991e-05,0.0,0.008200433368301674,80.6,0.0,-104.73844439285743,4391.593821108325,100.0,1
57,4.108030067662548e-05,0.0,0.008209964339712883,80.6,0.0,-104.50940931400069,4391.599277563413,100.0,1
58,4.1080306040343404e-05,0.0,0.008219499002706243,80.6,0.0,-104.28037423514397,4391.604722066871,100.0,1
59,4.108031139227382e-05,0.0,0.008229037349153145,80.6,0.0,-104.05133915628723,4391.61015461874,100.0,1
60,4.108031673241687e-05,0.0,0.008238579370953403,80.6,0.0,-103.82230407743049,4391.615575219069,100.0,1
61,4.108032206077267e-05,0.0,0.008248125059992617,80.6,0.0,-103.59326899857051,4391.620983867898,100.0,1
62,4.108032737734136e-05,0.0,0.008257674408170601,80.6,0.0,-103.36423391971377,4391.626380565273,100.0,1
63,4.1080332682123074e-05,0.0,0.008267227407344535,80.6,0.0,-103.13519884085704,4391.631765311239,100.0,1
64,4.108033797511794e-05,0.0,0.008276784049428443,80.6,0.0,-102.9061637620003,4391.637138105839,100.0,1
65,4.1080343256326066e-05,0.0,0.008286344326307926,80.6,0.0,-102.67712868314356,4391.642498949117,100.0,1
66,4.108034852574761e-05,0.0,0.008295908229854376,80.6,0.0,-102.44809360428684,4391.647847841115,100.0,1
67,4.108035378338269e-05,0.0,0.008305475751981817,80.6,0.0,-102.2190585254301,4391.653184781881,100.0,1
68,4.1080359029231434e-05,0.0,0.008315046884547428,80.6,0.0,-101.99002344657337,4391.658509771453,100.0,1
69,4.108036426329397e-05,0.0,0.008324621619465233,80.6,0.0,-101.76098836771664,4391.663822809879,100.0,1
70,4.108036948557043e-05,0.0,0.008334199948606624,80.6,0.0,-101.5319532888599,4391.669123897201,100.0,1
71,4.108037469606094e-05,0.0,0.008343781863885624,80.6,0.0,-101.30291821000317,4391.674413033461,100.0,1
72,4.108037989476563e-05,0.0,0.008353367357159414,80.6,0.0,-101.07388313114643,4391.679690218703,100.0,1
73,4.108038508168462e-05,0.0,0.008362956420327805,80.6,0.0,-100.8448480522897,4391.684955452971,100.0,1
74,4.1080390256818045e-05,0.0,0.008372549045290612,80.6,0.0,-100.61581297343297,4391.690208736307,100.0,1
75,4.1080395420166025e-05,0.0,0.008382145223933435,80.6,0.0,-100.38677789457623,4391.695450068754,100.0,1
76,4.1080400571728687e-05,0.0,0.008391744948127666,80.6,0.0,-100.1577428157195,4391.700679450356,100.0,1
77,4.108040571150617e-05,0.0,0.00840134820978733,80.6,0.0,-99.92870773686276,4391.705896881153,100.0,1
78,4.1080410839498584e-05,0.0,0.008410955000798026,80.6,0.0,-99.69967265800604,4391.711102361191,100.0,1
79,4.108041595570606e-05,0.0,0.008420565313045358,80.6,0.0,-99.4706375791493,4391.716295890509,100.0,1
80,4.1080421060128726e-05,0.0,0.008430179138400717,80.6,0.0,-99.24160250029256,4391.721477469152,100.0,1
81,4.1080426152766714e-05,0.0,0.008439796468792338,80.6,0.0,-99.01256742143583,4391.726647097161,100.0,1
82,4.108043123362013e-05,0.0,0.0084494172960774,80.6,0.0,-98.7835323425791,4391.731804774578,100.0,1
83,4.1080436302689107e-05,0.0,0.008459041612169926,80.6,0.0,-98.55449726372235,4391.736950501448,100.0,1
84,4.1080441359973776e-05,0.0,0.00846866940894131,80.6,0.0,-98.32546218486563,4391.742084277808,100.0,1
85,4.108044640547426e-05,0.0,0.008478300678291362,80.6,0.0,-98.09642710600889,4391.747206103704,100.0,1
86,4.108045143919067e-05,0.0,0.008487935412105685,80.6,0.0,-97.86739202715216,4391.752315979176,100.0,1
87,4.1080456461123145e-05,0.0,0.008497573602284092,80.6,0.0,-97.63835694829542,4391.757413904267,100.0,1
88,4.108046147127179e-05,0.0,0.008507215240712185,80.6,0.0,-97.40932186943868,4391.762499879017,100.0,1
89,4.108046646963674e-05,0.0,0.008516860319289776,80.6,0.0,-97.18028679058196,4391.7675739034685,100.0,1
90,4.108047145621812e-05,0.0,0.008526508829902468,80.6,0.0,-96.95125171172522,4391.7726359776625,100.0,1
91,4.1080476431016044e-05,0.0,0.008536160764435863,80.6,0.0,-96.7222166328685,4391.77768610164,100.0,1
92,4.108048139403065e-05,0.0,0.008545816114789773,80.6,0.0,-96.49318155401176,4391.782724275444,100.0,1
93,4.108048634526203e-05,0.0,0.0085554748728498,80.6,0.0,-96.26414647515502,4391.787750499114,100.0,1
94,4.1080491284710335e-05,0.0,0.008565137030501546,80.6,0.0,-96.03511139629829,4391.792764772691,100.0,1
95,4.108049621237567e-05,0.0,0.008574802579659035,80.6,0.0,-95.80607631744155,4391.797767096216,100.0,1
96,4.108050112825816e-05,0.0,0.00858447151220787,80.6,0.0,-95.57704123858483,4391.802757469731,100.0,1
97,4.108050603235792e-05,0.0,0.00859414382001944,80.6,0.0,-95.34800615972809,4391.807735893276,100.0,1
98,4.108051092467508e-05,0.0,0.00860381949500777,80.6,0.0,-95.11897108087135,4391.81270236689,100.0,1
99,4.1080515805209755e-05,0.0,0.008613498529072672,80.6,0.0,-94.88993600201462,4391.8176568906165,100.0,1
100,4.108052067396206e-05,0.0,0.008623180914071327,80.6,0.0,-94.66090092315788,4391.8225994644945,100.0,1
101,4.1080525530932126e-05,0.0,0.008632866641931969,80.6,0.0,-94.4318658442979,4391.827530088564,100.0,1
102,4.108053037612006e-05,0.0,0.0086425557045402,80.6,0.0,-94.20283076544116,4391.832448762866,100.0,1
103,4.108053520952598e-05,0.0,0.008652248093781623,80.6,0.0,-93.97379568658444,4391.83735548744,100.0,1
104,4.108054003115002e-05,0.0,0.008661943801556049,80.6,0.0,-93.7447606077277,4391.842250262326,100.0,1
105,4.108054484099228e-05,0.0,0.008671642819749081,80.6,0.0,-93.51572552887096,4391.8471330875645,100.0,1
106,4.108054963905289e-05,0.0,0.008681345140246322,80.6,0.0,-93.28669045001423,4391.852003963196,100.0,1
107,4.108055442533196e-05,0.0,0.008691050754976004,80.6,0.0,-93.0576553711575,4391.856862889258,100.0,1
108,4.1080559199829616e-05,0.0,0.00870075965579531,80.6,0.0,-92.82862029230076,4391.861709865792,100.0,1
109,4.108056396254597e-05,0.0,0.00871047183461826,80.6,0.0,-92.59958521344403,4391.866544892838,100.0,1
110,4.108056871348113e-05,0.0,0.00872018728333046,80.6,0.0,-92.37055013458729,4391.871367970434,100.0,1
111,4.1080573452635224e-05,0.0,0.008729905993831721,80.6,0.0,-92.14151505573057,4391.876179098619,100.0,1
112,4.108057818000836e-05,0.0,0.008739627958021856,80.6,0.0,-91.91247997687383,4391.880978277435,100.0,1
113,4.1080582895600656e-05,0.0,0.008749353167786467,80.6,0.0,-91.68344489801709,4391.885765506918,100.0,1
114,4.108058759941224e-05,0.0,0.008759081615011155,80.6,0.0,-91.45440981916036,4391.890540787109,100.0,1
115,4.108059229144321e-05,0.0,0.008768813291609945,80.6,0.0,-91.22537474030362,4391.895304118047,100.0,1
116,4.1080596971693697e-05,0.0,0.008778548189468438,80.6,0.0,-90.9963396614469,4391.900055499769,100.0,1
117,4.1080601640163795e-05,0.0,0.008788286300486448,80.6,0.0,-90.76730458259016,4391.904794932316,100.0,1
118,4.108060629685363e-05,0.0,0.008798027616549575,80.6,0.0,-90.53826950373342,4391.909522415725,100.0,1
119,4.1080610941763325e-05,0.0,0.008807772129571845,80.6,0.0,-90.30923442487669,4391.914237950036,100.0,1
120,4.108061557489298e-05,0.0,0.008817519831424647,80.6,0.0,-90.08019934601995,4391.918941535287,100.0,1
121,4.108062019624271e-05,0.0,0.008827270714022006,80.6,0.0,-89.85116426716323,4391.9236331715165,100.0,1
122,4.108062480581264e-05,0.0,0.008837024769249524,80.6,0.0,-89.62212918830649,4391.928312858761,100.0,1
123,4.108062940360287e-05,0.0,0.008846781989007013,80.6,0.0,-89.39309410944975,4391.932980597062,100.0,1
124,4.108063398961351e-05,0.0,0.008856542365194287,80.6,0.0,-89.16405903059302,4391.937636386455,100.0,1
125,4.1080638563844685e-05,0.0,0.008866305889696946,80.6,0.0,-88.93502395173628,4391.942280226979,100.0,1
126,4.10806431262965e-05,0.0,0.008876072554414804,80.6,0.0,-88.70598887287956,4391.946912118672,100.0,1
127,4.108064767696907e-05,0.0,0.008885842351261886,80.6,0.0,-88.47695379402282,4391.951532061572,100.0,1
128,4.108065221586251e-05,0.0,0.00889561527210958,80.6,0.0,-88.24791871516608,4391.956140055715,100.0,1
129,4.1080656742976916e-05,0.0,0.008905391308871913,80.6,0.0,-88.01888363630935,4391.96073610114,100.0,1
130,4.108066125831241e-05,0.0,0.008915170453434484,80.6,0.0,-87.78984855745261,4391.965320197885,100.0,1
131,4.1080665761869096e-05,0.0,0.008924952697697108,80.6,0.0,-87.56081347859588,4391.969892345987,100.0,1
132,4.10806702536471e-05,0.0,0.008934738033559597,80.6,0.0,-87.33177839973915,4391.974452545483,100.0,1
133,4.108067473364652e-05,0.0,0.008944526452921764,80.6,0.0,-87.10274332088241,4391.97900079641,100.0,1
134,4.1080679201867464e-05,0.0,0.008954317947683421,80.6,0.0,-86.87370824202569,4391.983537098806,100.0,1
135,4.1080683658310044e-05,0.0,0.008964112509730171,80.6,0.0,-86.64467316316895,4391.9880614527065,100.0,1
136,4.1080688102974366e-05,0.0,0.008973910130961826,80.6,0.0,-86.4156380843122,4391.99257385815,100.0,1
137,4.108069253586055e-05,0.0,0.00898371080329241,80.6,0.0,-86.18660300545548,4391.9970743151725,100.0,1
138,4.108069695696869e-05,0.0,0.008993514518593315,80.6,0.0,-85.95756792659874,4392.001562823811,100.0,1
139,4.108070136629891e-05,0.0,0.009003321268778564,80.6,0.0,-85.72853284774202,4392.006039384102,100.0,1
140,4.10807057638513e-05,0.0,0.009013131045747969,80.6,0.0,-85.49949776888528,4392.010503996083,100.0,1
141,4.108071014962598e-05,0.0,0.009022943841401343,80.6,0.0,-85.2704626900253,4392.014956659788,100.0,1
142,4.1080714523623055e-05,0.0,0.009032759647624289,80.6,0.0,-85.04142761116856,4392.019397375256,100.0,1
143,4.108071888584264e-05,0.0,0.009042578456316619,80.6,0.0,-84.81239253231182,4392.023826142522,100.0,1
144,4.108072323628482e-05,0.0,0.009052400259392357,80.6,0.0,-84.5833574534551,4392.028242961623,100.0,1
145,4.108072757494972e-05,0.0,0.009062225048737105,80.6,0.0,-84.35432237459835,4392.032647832592,100.0,1
146,4.108073190183745e-05,0.0,0.009072052816250675,80.6,0.0,-84.12528729574163,4392.03704075547,100.0,1
147,4.108073621694809e-05,0.0,0.009081883553847092,80.6,0.0,-83.89625221688489,4392.041421730289,100.0,1
148,4.108074052028177e-05,0.0,0.009091717253397746,80.6,0.0,-83.66721713802815,4392.045790757085,100.0,1
149,4.1080744811838594e-05,0.0,0.009101553906830873,80.6,0.0,-83.43818205917142,4392.050147835896,100.0,1
150,4.108074909161866e-05,0.0,0.009111393506017862,80.6,0.0,-83.20914698031469,4392.054492966756,100.0,1
151,4.108075335962207e-05,0.0,0.009121236042886949,80.6,0.0,-82.98011190145796,4392.0588261497,100.0,1
152,4.108075761584893e-05,0.0,0.009131081509309524,80.6,0.0,-82.75107682260122,4392.063147384763,100.0,1
153,4.108076186029935e-05,0.0,0.009140929897199612,80.6,0.0,-82.52204174374448,4392.067456671983,100.0,1
154,4.1080766092973435e-05,0.0,0.009150781198471236,80.6,0.0,-82.29300666488776,4392.071754011392,100.0,1
155,4.108077031387128e-05,0.0,0.009160635404995787,80.6,0.0,-82.06397158603102,4392.076039403027,100.0,1
156,4.108077452299299e-05,0.0,0.009170492508687289,80.6,0.0,-81.83493650717428,4392.080312846922,100.0,1
157,4.108077872033867e-05,0.0,0.009180352501445554,80.6,0.0,-81.60590142831755,4392.084574343113,100.0,1
158,4.108078290590844e-05,0.0,0.009190215375170396,80.6,0.0,-81.37686634946081,4392.088823891634,100.0,1
159,4.108078707970237e-05,0.0,0.009200081121775838,80.6,0.0,-81.14783127060409,4392.093061492519,100.0,1
160,4.1080791241720574e-05,0.0,0.009209949733133271,80.6,0.0,-80.91879619174735,4392.097287145804,100.0,1
161,4.108079539196317e-05,0.0,0.00921982120117093,80.6,0.0,-80.68976111289061,4392.101500851522,100.0,1
162,4.1080799530430245e-05,0.0,0.009229695517760206,80.6,0.0,-80.46072603403388,4392.10570260971,100.0,1
163,4.10808036571219e-05,0.0,0.009239572674829333,80.6,0.0,-80.23169095517714,4392.109892420399,100.0,1
164,4.108080777203825e-05,0.0,0.009249452664278124,80.6,0.0,-80.00265587632042,4392.114070283625,100.0,1
165,4.108081187517937e-05,0.0,0.009259335477992181,80.6,0.0,-79.77362079746368,4392.1182361994215,100.0,1
166,4.108081596654539e-05,0.0,0.009269221107871317,80.6,0.0,-79.54458571860694,4392.122390167823,100.0,1
167,4.108082004613638e-05,0.0,0.009279109545829556,80.6,0.0,-79.31555063975021,4392.126532188863,100.0,1
168,4.108082411395247e-05,0.0,0.00928900078376671,80.6,0.0,-79.08651556089347,4392.130662262576,100.0,1
169,4.108082816999374e-05,0.0,0.009298894813582592,80.6,0.0,-78.85748048203675,4392.134780388995,100.0,1
170,4.108083221426029e-05,0.0,0.009308791627177015,80.6,0.0,-78.62844540318001,4392.138886568153,100.0,1
171,4.1080836246752224e-05,0.0,0.009318691216449793,80.6,0.0,-78.39941032432327,4392.142980800085,100.0,1
172,4.1080840267469644e-05,0.0,0.009328593573300736,80.6,0.0,-78.17037524546654,4392.1470630848235,100.0,1
173,4.108084427641265e-05,0.0,0.00933849868964387,80.6,0.0,-77.9413401666098,4392.1511334224015,100.0,1
174,4.108084827358132e-05,0.0,0.009348406557364797,80.6,0.0,-77.71230508775308,4392.155191812853,100.0,1
175,4.108085225897578e-05,0.0,0.009358317168377539,80.6,0.0,-77.48327000889634,4392.159238256211,100.0,1
176,4.108085623259611e-05,0.0,0.009368230514596121,80.6,0.0,-77.2542349300396,4392.163272752508,100.0,1
177,4.1080860194442416e-05,0.0,0.009378146587891933,80.6,0.0,-77.02519985118288,4392.167295301779,100.0,1
178,4.108086414451479e-05,0.0,0.009388065380193211,80.6,0.0,-76.79616477232614,4392.171305904053,100.0,1
179,4.108086808281333e-05,0.0,0.009397986883385556,80.6,0.0,-76.5671296934694,4392.175304559366,100.0,1
180,4.108087200933812e-05,0.0,0.009407911089382992,80.6,0.0,-76.33809461461267,4392.179291267749,100.0,1
181,4.1080875924089276e-05,0.0,0.009417837990085332,80.6,0.0,-76.10905953575268,4392.183266029235,100.0,1
182,4.108087982706689e-05,0.0,0.009427767577392387,80.6,0.0,-75.88002445689595,4392.187228843856,100.0,1
183,4.1080883718271046e-05,0.0,0.009437699843218184,80.6,0.0,-75.65098937803921,4392.191179711645,100.0,1
184,4.108088759770185e-05,0.0,0.009447634779448322,80.6,0.0,-75.42195429918249,4392.195118632635,100.0,1
185,4.108089146535939e-05,0.0,0.009457572378011037,80.6,0.0,-75.19291922032575,4392.199045606856,100.0,1
186,4.108089532124377e-05,0.0,0.009467512630777719,80.6,0.0,-74.96388414146901,4392.202960634342,100.0,1
187,4.108089916535508e-05,0.0,0.009477455529676604,80.6,0.0,-74.73484906261228,4392.206863715123,100.0,1
188,4.108090299769342e-05,0.0,0.009487401066607504,80.6,0.0,-74.50581398375554,4392.210754849234,100.0,1
189,4.1080906818258857e-05,0.0,0.00949734923345602,80.6,0.0,-74.27677890489882,4392.214634036703,100.0,1
190,4.1080910627051514e-05,0.0,0.009507300022150389,80.6,0.0,-74.04774382604208,4392.2185012775635,100.0,1
191,4.108091442407147e-05,0.0,0.009517253424590422,80.6,0.0,-73.81870874718534,4392.222356571848,100.0,1
192,4.1080918209318834e-05,0.0,0.00952720943266172,80.6,0.0,-73.58967366832862,4392.226199919585,100.0,1
193,4.108092198279367e-05,0.0,0.00953716803827831,80.6,0.0,-73.36063858947188,4392.23003132081,100.0,1
194,4.108092574449611e-05,0.0,0.009547129233354212,80.6,0.0,-73.13160351061515,4392.23385077555,100.0,1
195,4.108092949442621e-05,0.0,0.009557093009789241,80.6,0.0,-72.90256843175841,4392.23765828384,100.0,1
196,4.108093323258407e-05,0.0,0.00956705935948321,80.6,0.0,-72.67353335290167,4392.241453845708,100.0,1
197,4.1080936958969795e-05,0.0,0.00957702827433593,80.6,0.0,-72.44449827404495,4392.245237461187,100.0,1
198,4.108094067358347e-05,0.0,0.009586999746275637,80.6,0.0,-72.2154631951882,4392.249009130307,100.0,1
199,4.108094437642518e-05,0.0,0.009596973767173722,80.6,0.0,-71.98642811633147,4392.252768853098,100.0,1
200,4.108094806749502e-05,0.0,0.009606950328958419,80.6,0.0,-71.75739303747474,4392.256516629593,100.0,1
201,4.1080951746793084e-05,0.0,0.009616929423529541,80.6,0.0,-71.528357958618,4392.26025245982,100.0,1
202,4.1080955414319456e-05,0.0,0.009626911042786901,80.6,0.0,-71.29932287976128,4392.26397634381,100.0,1
203,4.108095907007422e-05,0.0,0.009636895178644522,80.6,0.0,-71.07028780090454,4392.267688281596,100.0,1
204,4.108096271405749e-05,0.0,0.009646881823002218,80.6,0.0,-70.8412527220478,4392.271388273205,100.0,1
205,4.108096634626933e-05,0.0,0.0096568709677598,80.6,0.0,-70.61221764319107,4392.275076318669,100.0,1
206,4.108096996670983e-05,0.0,0.009666862604831294,80.6,0.0,-70.38318256433433,4392.278752418017,100.0,1
207,4.1080973575379094e-05,0.0,0.009676856726116512,80.6,0.0,-70.15414748547761,4392.28241657128,100.0,1
208,4.108097717227721e-05,0.0,0.009686853323529476,80.6,0.0,-69.92511240662087,4392.286068778487,100.0,1
209,4.108098075740425e-05,0.0,0.009696852388970001,80.6,0.0,-69.69607732776413,4392.289709039668,100.0,1
210,4.1080984330760306e-05,0.0,0.00970685391435211,80.6,0.0,-69.4670422489074,4392.293337354854,100.0,1
211,4.1080987892345476e-05,0.0,0.009716857891575614,80.6,0.0,-69.23800717005066,4392.296953724073,100.0,1
212,4.108099144215984e-05,0.0,0.009726864312540329,80.6,0.0,-69.00897209119394,4392.300558147355,100.0,1
213,4.108099498020349e-05,0.0,0.009736873169160276,80.6,0.0,-68.7799370123372,4392.30415062473,100.0,1
214,4.10809985064765e-05,0.0,0.00974688445333527,80.6,0.0,-68.55090193348046,4392.307731156227,100.0,1
215,4.108100202097898e-05,0.0,0.009756898156979332,80.6,0.0,-68.32186685462374,4392.311299741874,100.0,1
216,4.1081005523710994e-05,0.0,0.009766914271992277,80.6,0.0,-68.092831775767,4392.314856381702,100.0,1
217,4.108100901467263e-05,0.0,0.009776932790288129,80.6,0.0,-67.86379669691027,4392.318401075739,100.0,1
218,4.108101249386398e-05,0.0,0.009786953703766699,80.6,0.0,-67.63476161805353,4392.321933824014,100.0,1
219,4.108101596128513e-05,0.0,0.009796977004342011,80.6,0.0,-67.40572653919679,4392.325454626555,100.0,1
220,4.108101941693616e-05,0.0,0.009807002683913879,80.6,0.0,-67.17669146034007,4392.328963483393,100.0,1
221,4.108102286081716e-05,0.0,0.009817030734396326,80.6,0.0,-66.94765638148007,4392.332460394555,100.0,1
222,4.1081026292928204e-05,0.0,0.009827061147689164,80.6,0.0,-66.71862130262333,4392.335945360069,100.0,1
223,4.10810297132694e-05,0.0,0.009837093915706419,80.6,0.0,-66.48958622376661,4392.339418379965,100.0,1
224,4.1081033121840796e-05,0.0,0.009847129030347901,80.6,0.0,-66.26055114490987,4392.34287945427,100.0,1
225,4.108103651864251e-05,0.0,0.009857166483527635,80.6,0.0,-66.03151606605314,4392.346328583013,100.0,1
226,4.108103990367459e-05,0.0,0.009867206267159645,80.6,0.0,-65.8024809871964,4392.349765766222,100.0,1
227,4.108104327693716e-05,0.0,0.009877248373129532,80.6,0.0,-65.57344590833966,4392.353191003925,100.0,1
228,4.108104663843027e-05,0.0,0.009887292793365532,80.6,0.0,-65.34441082948294,4392.356604296149,100.0,1
229,4.108104998815401e-05,0.0,0.009897339519767456,80.6,0.0,-65.1153757506262,4392.360005642924,100.0,1
230,4.108105332610847e-05,0.0,0.009907388544235118,80.6,0.0,-64.88634067176947,4392.363395044276,100.0,1
231,4.108105665229373e-05,0.0,0.009917439858696753,80.6,0.0,-64.65730559291273,4392.366772500233,100.0,1
232,4.108105996670986e-05,0.0,0.009927493455037961,80.6,0.0,-64.428270514056,4392.370138010823,100.0,1
233,4.108106326935696e-05,0.0,0.009937549325186978,80.6,0.0,-64.19923543519927,4392.373491576074,100.0,1
234,4.10810665602351e-05,0.0,0.009947607461029406,80.6,0.0,-63.97020035634253,4392.376833196012,100.0,1
235,4.108106983934435e-05,0.0,0.00995766785449348,80.6,0.0,-63.7411652774858,4392.380162870664,100.0,1
236,4.108107310668481e-05,0.0,0.009967730497493221,80.6,0.0,-63.51213019862906,4392.383480600059,100.0,1
237,4.1081076362256554e-05,0.0,0.009977795381914234,80.6,0.0,-63.28309511977233,4392.386786384222,100.0,1
238,4.1081079606059654e-05,0.0,0.009987862499670541,80.6,0.0,-63.054060040915594,4392.390080223182,100.0,1
239,4.108108283809419e-05,0.0,0.009997931842690377,80.6,0.0,-62.82502496205886,4392.393362116964,100.0,1
240,4.1081086058360255e-05,0.0,0.010008003402859345,80.6,0.0,-62.59598988320212,4392.396632065597,100.0,1
241,4.108108926685792e-05,0.0,0.010018077172091466,80.6,0.0,-62.36695480434539,4392.399890069105,100.0,1
242,4.1081092463587244e-05,0.0,0.010028153142314977,80.6,0.0,-62.13791972548866,4392.4031361275165,100.0,1
243,4.108109564854834e-05,0.0,0.01003823130541548,80.6,0.0,-61.908884646631925,4392.4063702408575,100.0,1
244,4.1081098821741265e-05,0.0,0.010048311653306996,80.6,0.0,-61.67984956777519,4392.409592409154,100.0,1
245,4.10811019831661e-05,0.0,0.010058394177903551,80.6,0.0,-61.45081448891845,4392.412802632433,100.0,1
246,4.108110513282292e-05,0.0,0.010068478871104958,80.6,0.0,-61.22177941006172,4392.41600091072,100.0,1
247,4.108110827071181e-05,0.0,0.01007856572483945,80.6,0.0,-60.99274433120499,4392.4191872440415,100.0,1
248,4.108111139683284e-05,0.0,0.01008865473100684,80.6,0.0,-60.76370925234826,4392.422361632423,100.0,1
249,4.1081114511186085e-05,0.0,0.010098745881506943,80.6,0.0,-60.534674173491524,4392.42552407589,100.0,1
250,4.108111761377163e-05,0.0,0.010108839168267991,80.6,0.0,-60.305639094634785,4392.42867457447,100.0,1
251,4.108112070458954e-05,0.0,0.010118934583189798,80.6,0.0,-60.07660401577805,4392.431813128189,100.0,1
252,4.108112378363991e-05,0.0,0.010129032118172177,80.6,0.0,-59.84756893692132,4392.43493973707,100.0,1
253,4.1081126850922793e-05,0.0,0.010139131765143361,80.6,0.0,-59.61853385806459,4392.438054401139,100.0,1
254,4.108112990643827e-05,0.0,0.010149233516003164,80.6,0.0,-59.38949877920785,4392.441157120424,100.0,1
255,4.1081132950186425e-05,0.0,0.01015933736266561,80.6,0.0,-59.160463700351116,4392.444247894948,100.0,1
256,4.108113598216732e-05,0.0,0.010169443297044722,80.6,0.0,-58.93142862149438,4392.447326724737,100.0,1
257,4.108113900238104e-05,0.0,0.010179551311040314,80.6,0.0,-58.70239354263765,4392.450393609815,100.0,1
258,4.1081142010827646e-05,0.0,0.010189661396566407,80.6,0.0,-58.47335846378092,4392.453448550209,100.0,1
259,4.108114500750723e-05,0.0,0.010199773545537028,80.6,0.0,-58.24432338492418,4392.456491545942,100.0,1
260,4.108114799241985e-05,0.0,0.010209887749866198,80.6,0.0,-58.01528830606745,4392.45952259704,100.0,1
261,4.1081150965565585e-05,0.0,0.01022000400143952,80.6,0.0,-57.78625322720746,4392.462541703528,100.0,1
262,4.108115392694451e-05,0.0,0.01023012229221365,80.6,0.0,-57.55721814835073,4392.465548865429,100.0,1
263,4.108115687655669e-05,0.0,0.01024024261404577,80.6,0.0,-57.328183069493996,4392.46854408277,100.0,1
264,4.1081159814402206e-05,0.0,0.010250364958892533,80.6,0.0,-57.09914799063726,4392.471527355573,100.0,1
265,4.108116274048112e-05,0.0,0.010260489318639543,80.6,0.0,-56.870112911780524,4392.474498683863,100.0,1
266,4.1081165654793514e-05,0.0,0.010270615685215034,80.6,0.0,-56.64107783292379,4392.477458067666,100.0,1
267,4.1081168557339454e-05,0.0,0.010280744050504609,80.6,0.0,-56.41204275406706,4392.4804055070035,100.0,1
268,4.1081171448119016e-05,0.0,0.010290874406436501,80.6,0.0,-56.18300767521033,4392.483341001901,100.0,1
269,4.108117432713226e-05,0.0,0.010301006744924734,80.6,0.0,-55.953972596353594,4392.486264552383,100.0,1
270,4.108117719437927e-05,0.0,0.010311141057883333,80.6,0.0,-55.724937517496855,4392.489176158471,100.0,1
271,4.10811800498601e-05,0.0,0.01032127733721211,80.6,0.0,-55.49590243864012,4392.4920758201915,100.0,1
272,4.108118289357483e-05,0.0,0.010331415574825087,80.6,0.0,-55.26686735978339,4392.494963537567,100.0,1
273,4.108118572552353e-05,0.0,0.010341555762622079,80.6,0.0,-55.03783228092666,4392.49783931062,100.0,1
274,4.108118854570628e-05,0.0,0.01035169789254553,80.6,0.0,-54.80879720206992,4392.500703139376,100.0,1
275,4.108119135412312e-05,0.0,0.010361841956481044,80.6,0.0,-54.579762123213186,4392.503555023858,100.0,1
276,4.108119415077415e-05,0.0,0.010371987946356853,80.6,0.0,-54.350727044356454,4392.506394964088,100.0,1
277,4.108119693565941e-05,0.0,0.010382135854072772,80.6,0.0,-54.12169196549972,4392.50922296009,100.0,1
278,4.108119970877899e-05,0.0,0.010392285671557033,80.6,0.0,-53.89265688664299,4392.5120390118855,100.0,1
279,4.108120247013295e-05,0.0,0.01040243739069524,80.6,0.0,-53.66362180778625,4392.5148431195,100.0,1
280,4.108120521972135e-05,0.0,0.010412591003429839,80.6,0.0,-53.43458672892952,4392.517635282955,100.0,1
281,4.108120795754428e-05,0.0,0.01042274650164643,80.6,0.0,-53.205551650072785,4392.520415502274,100.0,1
282,4.108121068360178e-05,0.0,0.010432903877273247,80.6,0.0,-52.97651657121605,4392.523183777478,100.0,1
283,4.1081213397893935e-05,0.0,0.010443063122210106,80.6,0.0,-52.74748149235932,4392.525940108591,100.0,1
284,4.1081216100420804e-05,0.0,0.010453224228385238,80.6,0.0,-52.51844641350258,4392.528684495636,100.0,1
285,4.108121879118245e-05,0.0,0.010463387187698459,80.6,0.0,-52.28941133464585,4392.531416938635,100.0,1
286,4.108122147017894e-05,0.0,0.010473551992078,80.6,0.0,-52.060376255789116,4392.534137437609,100.0,1
287,4.108122413741036e-05,0.0,0.010483718633423678,80.6,0.0,-51.83134117693238,4392.536845992581,100.0,1
288,4.1081226792876744e-05,0.0,0.010493887103635302,80.6,0.0,-51.602306098075644,4392.539542603574,100.0,1
289,4.108122943657817e-05,0.0,0.01050405739465532,80.6,0.0,-51.37327101921891,4392.542227270608,100.0,1
290,4.108123206851471e-05,0.0,0.010514229498383543,80.6,0.0,-51.14423594036218,4392.544899993708,100.0,1
291,4.108123468868642e-05,0.0,0.010524403406733995,80.6,0.0,-50.91520086150545,4392.547560772892,100.0,1
292,4.108123729709337e-05,0.0,0.01053457911160649,80.6,0.0,-50.686165782648715,4392.550209608185,100.0,1
293,4.1081239893735615e-05,0.0,0.010544756604929262,80.6,0.0,-50.457130703791975,4392.552846499606,100.0,1
294,4.1081242478613226e-05,0.0,0.010554935878616334,80.6,0.0,-50.22809562493524,4392.555471447179,100.0,1
295,4.108124505172626e-05,0.0,0.01056511692456752,80.6,0.0,-49.99906054607851,4392.558084450923,100.0,1
296,4.1081247613074794e-05,0.0,0.010575299734711052,80.6,0.0,-49.77002546722178,4392.560685510861,100.0,1
297,4.1081250162658867e-05,0.0,0.010585484300960957,80.6,0.0,-49.540990388365046,4392.563274627014,100.0,1
298,4.1081252700478566e-05,0.0,0.010595670615217045,80.6,0.0,-49.311955309508306,4392.5658517994025,100.0,1
299,4.108125522653394e-05,0.0,0.010605858669393342,80.6,0.0,-49.082920230651574,4392.568417028047,100.0,1
300,4.108125774082505e-05,0.0,0.010616048455418081,80.6,0.0,-48.85388515179484,4392.5709703129705,100.0,1
301,4.108126024335196e-05,0.0,0.010626239965191075,80.6,0.0,-48.624850072934855,4392.573511654192,100.0,1
302,4.108126273411474e-05,0.0,0.01063643319064056,80.6,0.0,-48.39581499407812,4392.576041051733,100.0,1
303,4.1081265213113435e-05,0.0,0.010646628123666346,80.6,0.0,-48.16677991522139,4392.578558505614,100.0,1
304,4.108126768034811e-05,0.0,0.01065682475619667,80.6,0.0,-47.93774483636465,4392.581064015854,100.0,1
305,4.108127013581883e-05,0.0,0.010667023080117133,80.6,0.0,-47.70870975750792,4392.583557582477,100.0,1
306,4.108127257952566e-05,0.0,0.010677223087384391,80.6,0.0,-47.479674678651186,4392.5860392055,100.0,1
307,4.108127501146865e-05,0.0,0.010687424769869835,80.6,0.0,-47.250639599794454,4392.588508884945,100.0,1
308,4.108127743164786e-05,0.0,0.010697628119515912,80.6,0.0,-47.02160452093772,4392.590966620832,100.0,1
309,4.108127984006336e-05,0.0,0.010707833128236643,80.6,0.0,-46.79256944208098,4392.59341241318,100.0,1
310,4.1081282236715195e-05,0.0,0.010718039787931843,80.6,0.0,-46.56353436322425,4392.595846262009,100.0,1
311,4.1081284621603435e-05,0.0,0.010728248090515535,80.6,0.0,-46.33449928436752,4392.598268167341,100.0,1
312,4.108128699472813e-05,0.0,0.010738458027915954,80.6,0.0,-46.105464205510785,4392.6006781291935,100.0,1
313,4.108128935608934e-05,0.0,0.010748669592032911,80.6,0.0,-45.876429126654045,4392.603076147587,100.0,1
314,4.108129170568713e-05,0.0,0.010758882774794643,80.6,0.0,-45.64739404779731,4392.605462222541,100.0,1
315,4.108129404352155e-05,0.0,0.010769097568115171,80.6,0.0,-45.41835896894058,4392.607836354075,100.0,1
316,4.1081296369592654e-05,0.0,0.01077931396389431,80.6,0.0,-45.18932389008385,4392.610198542207,100.0,1
317,4.1081298683900504e-05,0.0,0.010789531954060294,80.6,0.0,-44.960288811227116,4392.612548786959,100.0,1
318,4.108130098644517e-05,0.0,0.010799751530527146,80.6,0.0,-44.73125373237038,4392.614887088348,100.0,1
319,4.108130327722668e-05,0.0,0.01080997268520889,80.6,0.0,-44.502218653513644,4392.617213446395,100.0,1
320,4.10813055562451e-05,0.0,0.01082019541000534,80.6,0.0,-44.27318357465691,4392.619527861117,100.0,1
321,4.108130782350051e-05,0.0,0.01083041969685894,80.6,0.0,-44.04414849580018,4392.621830332533,100.0,1
322,4.108131007899293e-05,0.0,0.010840645537669502,80.6,0.0,-43.81511341694344,4392.624120860663,100.0,1
323,4.108131232272244e-05,0.0,0.010850872924351052,80.6,0.0,-43.58607833808671,4392.626399445526,100.0,1
324,4.108131455468909e-05,0.0,0.010861101848817611,80.6,0.0,-43.357043259229975,4392.628666087138,100.0,1
325,4.108131677489292e-05,0.0,0.010871332302983205,80.6,0.0,-43.12800818037324,4392.63092078552,100.0,1
326,4.1081318983334e-05,0.0,0.010881564278776068,80.6,0.0,-42.89897310151651,4392.6331635406905,100.0,1
327,4.108132118001238e-05,0.0,0.010891797768096012,80.6,0.0,-42.66993802265977,4392.635394352666,100.0,1
328,4.108132336492811e-05,0.0,0.010902032762871272,80.6,0.0,-42.44090294380304,4392.6376132214655,100.0,1
329,4.108132553808125e-05,0.0,0.010912269255015872,80.6,0.0,-42.211867864946306,4392.6398201471075,100.0,1
330,4.108132769947184e-05,0.0,0.010922507236443835,80.6,0.0,-41.982832786089574,4392.642015129609,100.0,1
331,4.1081329849099953e-05,0.0,0.010932746699054974,80.6,0.0,-41.75379770723284,4392.644198168989,100.0,1
332,4.108133198696563e-05,0.0,0.010942987634791734,80.6,0.0,-41.5247626283761,4392.646369265264,100.0,1
333,4.108133411306892e-05,0.0,0.01095323003555393,80.6,0.0,-41.29572754951937,4392.648528418455,100.0,1
334,4.108133622740988e-05,0.0,0.010963473893255582,80.6,0.0,-41.06669247066264,4392.650675628574,100.0,1
335,4.1081338329988566e-05,0.0,0.010973719199824927,80.6,0.0,-40.837657391805905,4392.6528108956445,100.0,1
336,4.1081340420805025e-05,0.0,0.010983965947175989,80.6,0.0,-40.608622312949166,4392.6549342196795,100.0,1
337,4.1081342499859307e-05,0.0,0.01099421412720858,80.6,0.0,-40.37958723409243,4392.657045600698,100.0,1
338,4.108134456715146e-05,0.0,0.011004463731850933,80.6,0.0,-40.1505521552357,4392.659145038719,100.0,1
339,4.108134662268154e-05,0.0,0.011014714753017074,80.6,0.0,-39.92151707637897,4392.6612325337555,100.0,1
340,4.10813486664496e-05,0.0,0.011024967182621026,80.6,0.0,-39.692481997522236,4392.663308085828,100.0,1
341,4.1081350698455677e-05,0.0,0.011035221012591023,80.6,0.0,-39.46344691866225,4392.665371694952,100.0,1
342,4.108135271869984e-05,0.0,0.01104547623484109,80.6,0.0,-39.23441183980552,4392.667423361145,100.0,1
343,4.108135472718212e-05,0.0,0.011055732841271038,80.6,0.0,-39.00537676094878,4392.669463084423,100.0,1
344,4.1081356723902575e-05,0.0,0.011065990823794891,80.6,0.0,-38.776341682092045,4392.671490864803,100.0,1
345,4.1081358708861255e-05,0.0,0.011076250174355096,80.6,0.0,-38.54730660323531,4392.673506702301,100.0,1
346,4.1081360682058204e-05,0.0,0.011086510884865675,80.6,0.0,-38.31827152437858,4392.675510596934,100.0,1
347,4.108136264349347e-05,0.0,0.01109677294721223,80.6,0.0,-38.08923644552184,4392.677502548719,100.0,1
348,4.108136459316711e-05,0.0,0.011107036353337207,80.6,0.0,-37.86020136666511,4392.679482557672,100.0,1
349,4.1081366531079165e-05,0.0,0.01111730109515463,80.6,0.0,-37.63116628780838,4392.681450623807,100.0,1
350,4.108136845722968e-05,0.0,0.011127567164578522,80.6,0.0,-37.402131208951644,4392.683406747143,100.0,1
351,4.1081370371618705e-05,0.0,0.011137834553522907,80.6,0.0,-37.17309613009491,4392.685350927694,100.0,1
352,4.108137227424628e-05,0.0,0.01114810325391602,80.6,0.0,-36.94406105123817,4392.687283165476,100.0,1
353,4.108137416511247e-05,0.0,0.011158373257657672,80.6,0.0,-36.71502597238144,4392.689203460507,100.0,1
354,4.1081376044217306e-05,0.0,0.0111686445566761,80.6,0.0,-36.48599089352471,4392.6911118128,100.0,1
355,4.108137791156084e-05,0.0,0.011178917142885325,80.6,0.0,-36.256955814667975,4392.693008222372,100.0,1
356,4.108137976714311e-05,0.0,0.011189191008199373,80.6,0.0,-36.027920735811236,4392.694892689237,100.0,1
357,4.108138161096417e-05,0.0,0.011199466144546477,80.6,0.0,-35.7988856569545,4392.696765213412,100.0,1
358,4.108138344302406e-05,0.0,0.01120974254382645,80.6,0.0,-35.56985057809777,4392.698625794912,100.0,1
359,4.1081385263322826e-05,0.0,0.011220020197967528,80.6,0.0,-35.34081549924104,4392.700474433751,100.0,1
360,4.108138707186052e-05,0.0,0.011230299098883734,80.6,0.0,-35.11178042038431,4392.702311129946,100.0,1
361,4.108138886863717e-05,0.0,0.011240579238503301,80.6,0.0,-34.882745341527574,4392.70413588351,100.0,1
362,4.1081390653652834e-05,0.0,0.011250860608726043,80.6,0.0,-34.653710262670835,4392.705948694459,100.0,1
363,4.108139242690755e-05,0.0,0.011261143201480195,80.6,0.0,-34.4246751838141,4392.707749562807,100.0,1
364,4.1081394188401364e-05,0.0,0.01127142700867978,80.6,0.0,-34.19564010495737,4392.709538488571,100.0,1
365,4.108139593813431e-05,0.0,0.011281712022253032,80.6,0.0,-33.96660502610064,4392.711315471762,100.0,1
366,4.108139767610645e-05,0.0,0.011291998234099765,80.6,0.0,-33.737569947243905,4392.713080512396,100.0,1
367,4.108139940231781e-05,0.0,0.011302285636148213,80.6,0.0,-33.508534868387166,4392.714833610489,100.0,1
368,4.108140111676843e-05,0.0,0.011312574220312399,80.6,0.0,-33.27949978953043,4392.716574766054,100.0,1
369,4.1081402819458374e-05,0.0,0.011322863978520559,80.6,0.0,-33.0504647106737,4392.718303979105,100.0,1
370,4.108140451038766e-05,0.0,0.011333154902672504,80.6,0.0,-32.82142963181697,4392.720021249656,100.0,1
371,4.108140618955633e-05,0.0,0.01134344698469647,80.6,0.0,-32.59239455296023,4392.721726577722,100.0,1
372,4.1081407856964444e-05,0.0,0.01135374021650648,80.6,0.0,-32.3633594741035,4392.723419963315,100.0,1
373,4.1081409512612035e-05,0.0,0.011364034590016558,80.6,0.0,-32.134324395246765,4392.725101406451,100.0,1
374,4.1081411156499135e-05,0.0,0.01137433009716915,80.6,0.0,-31.905289316390032,4392.726770907143,100.0,1
375,4.108141278862579e-05,0.0,0.011384626729849856,80.6,0.0,-31.6762542375333,4392.728428465403,100.0,1
376,4.108141440899204e-05,0.0,0.011394924480001123,80.6,0.0,-31.447219158676564,4392.730074081247,100.0,1
377,4.108141601759792e-05,0.0,0.011405223339522763,80.6,0.0,-31.21818407981983,4392.731707754688,100.0,1
378,4.108141761444348e-05,0.0,0.011415523300343011,80.6,0.0,-30.989149000963096,4392.733329485737,100.0,1
379,4.1081419199528756e-05,0.0,0.01142582435437589,80.6,0.0,-30.760113922106363,4392.73493927441,100.0,1
380,4.108142077285378e-05,0.0,0.011436126493549637,80.6,0.0,-30.53107884324963,4392.736537120719,100.0,1
381,4.108142233441859e-05,0.0,0.011446429709764061,80.6,0.0,-30.302043764389644,4392.7381230246765,100.0,1
382,4.108142388422323e-05,0.0,0.01145673399496161,80.6,0.0,-30.07300868553291,4392.739696986296,100.0,1
383,4.1081425422267735e-05,0.0,0.011467039341042096,80.6,0.0,-29.843973606676176,4392.74125900559,100.0,1
384,4.108142694855215e-05,0.0,0.011477345739919542,80.6,0.0,-29.614938527819444,4392.742809082572,100.0,1
385,4.1081428463076496e-05,0.0,0.011487653183536395,80.6,0.0,-29.385903448962708,4392.7443472172545,100.0,1
386,4.108142996584083e-05,0.0,0.011497961663792466,80.6,0.0,-29.156868370105975,4392.745873409649,100.0,1
387,4.1081431456845175e-05,0.0,0.011508271172615991,80.6,0.0,-28.92783329124924,4392.74738765977,100.0,1
388,4.108143293608957e-05,0.0,0.011518581701906783,80.6,0.0,-28.698798212392507,4392.748889967627,100.0,1
389,4.1081434403574054e-05,0.0,0.011528893243607286,80.6,0.0,-28.46976313353577,4392.750380333235,100.0,1
390,4.108143585929867e-05,0.0,0.011539205789631524,80.6,0.0,-28.24072805467904,4392.751858756604,100.0,1
391,4.1081437303263434e-05,0.0,0.01154951933187931,80.6,0.0,-28.011692975822307,4392.753325237747,100.0,1
392,4.1081438735468395e-05,0.0,0.01155983386229309,80.6,0.0,-27.78265789696557,4392.7547797766765,100.0,1
393,4.1081440155913584e-05,0.0,0.011570149372772676,80.6,0.0,-27.55362281810884,4392.756222373403,100.0,1
394,4.108144156459904e-05,0.0,0.011580465855246302,80.6,0.0,-27.324587739252102,4392.75765302794,100.0,1
395,4.1081442961524796e-05,0.0,0.011590783301642205,80.6,0.0,-27.09555266039537,4392.759071740298,100.0,1
396,4.108144434669089e-05,0.0,0.011601101703860195,80.6,0.0,-26.866517581538634,4392.760478510489,100.0,1
397,4.1081445720097334e-05,0.0,0.011611421053842719,80.6,0.0,-26.6374825026819,4392.761873338523,100.0,1
398,4.108144708174419e-05,0.0,0.011621741343475378,80.6,0.0,-26.40844742382517,4392.763256224414,100.0,1
399,4.108144843163148e-05,0.0,0.011632062564700618,80.6,0.0,-26.179412344968434,4392.7646271681715,100.0,1
400,4.108144976975924e-05,0.0,0.011642384709446674,80.6,0.0,-25.9503772661117,4392.765986169808,100.0,1
401,4.1081451096127495e-05,0.0,0.011652707769613357,80.6,0.0,-25.721342187254965,4392.7673332293325,100.0,1
402,4.1081452410736276e-05,0.0,0.011663031737114693,80.6,0.0,-25.492307108398233,4392.768668346757,100.0,1
403,4.108145371358563e-05,0.0,0.011673356603893126,80.6,0.0,-25.263272029541497,4392.769991522094,100.0,1
404,4.1081455004675574e-05,0.0,0.011683682361848469,80.6,0.0,-25.034236950684765,4392.771302755352,100.0,1
405,4.108145628400615e-05,0.0,0.011694009002908956,80.6,0.0,-24.80520187182803,4392.7726020465425,100.0,1
406,4.1081457551577385e-05,0.0,0.011704336518988612,80.6,0.0,-24.576166792971296,4392.773889395677,100.0,1
407,4.108145880738931e-05,0.0,0.01171466490201567,80.6,0.0,-24.347131714114564,4392.775164802764,100.0,1
408,4.108146005144196e-05,0.0,0.011724994143904155,80.6,0.0,-24.118096635257828,4392.776428267815,100.0,1
409,4.108146128373535e-05,0.0,0.0117353242365823,80.6,0.0,-23.889061556401096,4392.777679790841,100.0,1
410,4.108146250426953e-05,0.0,0.01174565517194992,80.6,0.0,-23.66002647754436,4392.778919371853,100.0,1
411,4.1081463713044514e-05,0.0,0.011755986941935248,80.6,0.0,-23.430991398687627,4392.780147010857,100.0,1
412,4.108146491006035e-05,0.0,0.011766319538466519,80.6,0.0,-23.20195631983089,4392.781362707868,100.0,1
413,4.108146609531705e-05,0.0,0.011776652953443545,80.6,0.0,-22.97292124097416,4392.782566462892,100.0,1
414,4.108146726881464e-05,0.0,0.011786987178808772,80.6,0.0,-22.743886162117427,4392.78375827594,100.0,1
415,4.1081468430553165e-05,0.0,0.011797322206476224,80.6,0.0,-22.51485108326069,4392.784938147024,100.0,1
416,4.108146958053265e-05,0.0,0.011807658028359924,80.6,0.0,-22.28581600440396,4392.786106076151,100.0,1
417,4.1081470718753115e-05,0.0,0.011817994636373896,80.6,0.0,-22.056780925547223,4392.787262063331,100.0,1
418,4.1081471845214595e-05,0.0,0.011828332022446375,80.6,0.0,-21.82774584669049,4392.788406108574,100.0,1
419,4.1081472959917116e-05,0.0,0.011838670178505595,80.6,0.0,-21.598710767833754,4392.789538211889,100.0,1
420,4.10814740628607e-05,0.0,0.011849009096451368,80.6,0.0,-21.369675688977022,4392.790658373286,100.0,1
421,4.108147515404538e-05,0.0,0.01185934876821193,80.6,0.0,-21.140640610117035,4392.791766592772,100.0,1
422,4.108147623347118e-05,0.0,0.011869689185715515,80.6,0.0,-20.911605531260303,4392.7928628703585,100.0,1
423,4.108147730113812e-05,0.0,0.011880030340876147,80.6,0.0,-20.682570452403567,4392.793947206053,100.0,1
424,4.1081478357046244e-05,0.0,0.011890372225607848,80.6,0.0,-20.453535373546835,4392.795019599865,100.0,1
425,4.108147940119557e-05,0.0,0.011900714831838854,80.6,0.0,-20.224500294690102,4392.796080051803,100.0,1
426,4.108148043358611e-05,0.0,0.01191105815148319,80.6,0.0,-19.995465215833367,4392.797128561875,100.0,1
427,4.10814814542179e-05,0.0,0.011921402176454876,80.6,0.0,-19.766430136976634,4392.798165130091,100.0,1
428,4.108148246309097e-05,0.0,0.01193174689869636,80.6,0.0,-19.5373950581199,4392.799189756459,100.0,1
429,4.1081483460205336e-05,0.0,0.011942092310107455,80.6,0.0,-19.308359979263166,4392.800202440986,100.0,1
430,4.1081484445561034e-05,0.0,0.011952438402616394,80.6,0.0,-19.07932490040643,4392.8012031836815,100.0,1
431,4.1081485419158064e-05,0.0,0.011962785168137202,80.6,0.0,-18.850289821549698,4392.802191984553,100.0,1
432,4.108148638099648e-05,0.0,0.011973132598598113,80.6,0.0,-18.62125474269296,4392.80316884361,100.0,1
433,4.108148733107628e-05,0.0,0.01198348068591315,80.6,0.0,-18.39221966383623,4392.804133760859,100.0,1
434,4.108148826939751e-05,0.0,0.011993829422010549,80.6,0.0,-18.163184584979494,4392.805086736308,100.0,1
435,4.108148919596017e-05,0.0,0.012004178798790122,80.6,0.0,-17.93414950612276,4392.806027769966,100.0,1
436,4.1081490110764305e-05,0.0,0.012014528808208524,80.6,0.0,-17.70511442726603,4392.806956861839,100.0,1
437,4.108149101380992e-05,0.0,0.01202487944215136,80.6,0.0,-17.476079348409293,4392.807874011935,100.0,1
438,4.1081491905097054e-05,0.0,0.012035230692546861,80.6,0.0,-17.24704426955256,4392.808779220263,100.0,1
439,4.108149278462571e-05,0.0,0.012045582551323264,80.6,0.0,-17.018009190695825,4392.809672486828,100.0,1
440,4.108149365239592e-05,0.0,0.012055935010408803,80.6,0.0,-16.788974111839092,4392.81055381164,100.0,1
441,4.10814945084077e-05,0.0,0.01206628806170329,80.6,0.0,-16.559939032982356,4392.811423194704,100.0,1
442,4.108149535266108e-05,0.0,0.01207664169713496,80.6,0.0,-16.330903954125624,4392.812280636027,100.0,1
443,4.108149618515607e-05,0.0,0.012086995908632048,80.6,0.0,-16.10186887526889,4392.8131261356175,100.0,1
444,4.1081497005892694e-05,0.0,0.012097350688094366,80.6,0.0,-15.872833796412156,4392.813959693482,100.0,1
445,4.108149781487098e-05,0.0,0.01210770602747857,80.6,0.0,-15.643798717555423,4392.814781309627,100.0,1
446,4.1081498612090935e-05,0.0,0.012118061918670264,80.6,0.0,-15.414763638698687,4392.815590984058,100.0,1
447,4.108149939755258e-05,0.0,0.01212841835359768,80.6,0.0,-15.185728559841955,4392.816388716783,100.0,1
448,4.108150017125596e-05,0.0,0.012138775324203266,80.6,0.0,-14.95669348098522,4392.817174507809,100.0,1
449,4.108150093320105e-05,0.0,0.012149132822372621,80.6,0.0,-14.727658402128487,4392.817948357141,100.0,1
450,4.1081501683387895e-05,0.0,0.012159490840062404,80.6,0.0,-14.498623323271751,4392.818710264787,100.0,1
451,4.1081502421816514e-05,0.0,0.012169849369158214,80.6,0.0,-14.269588244415019,4392.819460230751,100.0,1
452,4.108150314848693e-05,0.0,0.01218020840161671,80.6,0.0,-14.040553165558286,4392.820198255041,100.0,1
453,4.108150386339913e-05,0.0,0.012190567929323493,80.6,0.0,-13.81151808670155,4392.820924337662,100.0,1
454,4.108150456655317e-05,0.0,0.012200927944221007,80.6,0.0,-13.582483007844818,4392.821638478621,100.0,1
455,4.108150525794905e-05,0.0,0.012211288438223278,80.6,0.0,-13.353447928988082,4392.8223406779225,100.0,1
456,4.108150593758678e-05,0.0,0.012221649403258539,80.6,0.0,-13.12441285013135,4392.823030935573,100.0,1
457,4.108150660546639e-05,0.0,0.012232010831240814,80.6,0.0,-12.895377771274614,4392.823709251578,100.0,1
458,4.1081507261587886e-05,0.0,0.012242372714084127,80.6,0.0,-12.666342692417881,4392.824375625943,100.0,1
459,4.108150790595129e-05,0.0,0.012252735043716712,80.6,0.0,-12.437307613561149,4392.825030058672,100.0,1
460,4.108150853855661e-05,0.0,0.012263097812066803,80.6,0.0,-12.208272534704413,4392.825672549774,100.0,1
461,4.108150915940388e-05,0.0,0.012273461011034215,80.6,0.0,-11.979237455844427,4392.826303099251,100.0,1
462,4.108150976849309e-05,0.0,0.012283824632561391,80.6,0.0,-11.750202376987694,4392.826921707109,100.0,1
463,4.108151036582427e-05,0.0,0.012294188668562356,80.6,0.0,-11.521167298130962,4392.827528373354,100.0,1
464,4.108151095139744e-05,0.0,0.012304553110951133,80.6,0.0,-11.292132219274226,4392.828123097988,100.0,1
465,4.1081511525212604e-05,0.0,0.012314917951655957,80.6,0.0,-11.063097140417494,4392.82870588102,100.0,1
466,4.108151208726977e-05,0.0,0.012325283182590852,80.6,0.0,-10.834062061560758,4392.829276722452,100.0,1
467,4.108151263756897e-05,0.0,0.012335648795684051,80.6,0.0,-10.605026982704025,4392.8298356222895,100.0,1
468,4.108151317611021e-05,0.0,0.01234601478284958,80.6,0.0,-10.375991903847291,4392.830382580537,100.0,1
469,4.108151370289349e-05,0.0,0.012356381136029881,80.6,0.0,-10.146956824990557,4392.830917597199,100.0,1
470,4.108151421791884e-05,0.0,0.01236674784711056,80.6,0.0,-9.917921746133823,4392.831440672279,100.0,1
471,4.108151472118627e-05,0.0,0.01237711490803406,80.6,0.0,-9.688886667277089,4392.831951805783,100.0,1
472,4.108151521269578e-05,0.0,0.012387482310714404,80.6,0.0,-9.459851588420356,4392.832450997714,100.0,1
473,4.10815156924474e-05,0.0,0.012397850047079828,80.6,0.0,-9.23081650956362,4392.832938248076,100.0,1
474,4.108151616044112e-05,0.0,0.012408218109044356,80.6,0.0,-9.001781430706888,4392.833413556873,100.0,1
475,4.108151661667697e-05,0.0,0.01241858648853622,80.6,0.0,-8.772746351850154,4392.833876924109,100.0,1
476,4.108151706115496e-05,0.0,0.012428955177469447,80.6,0.0,-8.54371127299342,4392.834328349789,100.0,1
477,4.108151749387509e-05,0.0,0.012439324167758059,80.6,0.0,-8.314676194136686,4392.834767833914,100.0,1
478,4.108151791483738e-05,0.0,0.012449693451344501,80.6,0.0,-8.085641115279952,4392.83519537649,100.0,1
479,4.108151832404184e-05,0.0,0.012460063020142798,80.6,0.0,-7.856606036423218,4392.83561097752,100.0,1
480,4.1081518721488474e-05,0.0,0.01247043286605276,80.6,0.0,-7.627570957566484,4392.836014637007,100.0,1
481,4.108151910717728e-05,0.0,0.012480802981016836,80.6,0.0,-7.39853587870975,4392.836406354954,100.0,1
482,4.10815194811083e-05,0.0,0.012491173356963259,80.6,0.0,-7.169500799853017,4392.8367861313645,100.0,1
483,4.108151984328153e-05,0.0,0.012501543985791841,80.6,0.0,-6.940465720996283,4392.837153966242,100.0,1
484,4.108152019369696e-05,0.0,0.012511914859430817,80.6,0.0,-6.711430642139549,4392.837509859588,100.0,1
485,4.1081520532354615e-05,0.0,0.012522285969808422,80.6,0.0,-6.4823955632828145,4392.8378538114075,100.0,1
486,4.1081520859254505e-05,0.0,0.01253265730883868,80.6,0.0,-6.25336048442608,4392.838185821703,100.0,1
487,4.108152117439664e-05,0.0,0.012543028868435613,80.6,0.0,-6.024325405569347,4392.838505890475,100.0,1
488,4.108152147778101e-05,0.0,0.012553400640541668,80.6,0.0,-5.795290326712613,4392.8388140177285,100.0,1
489,4.108152176940763e-05,0.0,0.012563772617056657,80.6,0.0,-5.56625524785588,4392.839110203465,100.0,1
490,4.1081522049276524e-05,0.0,0.012574144789923025,80.6,0.0,-5.337220168999146,4392.8393944476875,100.0,1
491,4.108152231738768e-05,0.0,0.012584517151040586,80.6,0.0,-5.1081850901424115,4392.839666750398,100.0,1
492,4.108152257374111e-05,0.0,0.012594889692337574,80.6,0.0,-4.879150011285677,4392.839927111598,100.0,1
493,4.108152281833682e-05,0.0,0.012605262405742224,80.6,0.0,-4.650114932428943,4392.84017553129,100.0,1
494,4.108152305117483e-05,0.0,0.012615635283168558,80.6,0.0,-4.42107985357221,4392.8404120094765,100.0,1
495,4.108152327225511e-05,0.0,0.012626008316544812,80.6,0.0,-4.192044774715476,4392.840636546159,100.0,1
496,4.10815234815777e-05,0.0,0.012636381497770799,80.6,0.0,-3.9630096958587417,4392.840849141339,100.0,1
497,4.10815236791426e-05,0.0,0.012646754818803174,80.6,0.0,-3.733974617002008,4392.84104979502,100.0,1
498,4.1081523864949794e-05,0.0,0.01265712827152754,80.6,0.0,-3.5049395381452744,4392.8412385072015,100.0,1
499,4.108152403899931e-05,0.0,0.012667501847900553,80.6,0.0,-3.2759044592885402,4392.841415277887,100.0,1
500,4.108152420129114e-05,0.0,0.012677875539807815,80.6,0.0,-3.0468693804318066,4392.841580107076,100.0,1
501,4.108152435182529e-05,0.0,0.012688249339205981,80.6,0.0,-2.817834301571821,4392.841732994771,100.0,1
502,4.108152449060176e-05,0.0,0.012698623237980655,80.6,0.0,-2.588799222715087,4392.841873940973,100.0,1
503,4.108152461762057e-05,0.0,0.012708997228074281,80.6,0.0,-2.359764143858353,4392.842002945683,100.0,1
504,4.108152473288171e-05,0.0,0.012719371301400884,80.6,0.0,-2.1307290650016193,4392.842120008902,100.0,1
505,4.108152483638517e-05,0.0,0.012729745449888696,80.6,0.0,-1.9016939861448854,4392.842225130632,100.0,1
506,4.1081524928130974e-05,0.0,0.012740119665465954,80.6,0.0,-1.6726589072881515,4392.842318310872,100.0,1
507,4.1081525008119114e-05,0.0,0.01275049394003247,80.6,0.0,-1.4436238284314176,4392.842399549624,100.0,1
508,4.108152507634959e-05,0.0,0.012760868265516478,80.6,0.0,-1.2145887495746837,4392.842468846888,100.0,1
509,4.108152513282242e-05,0.0,0.012771242633846214,80.6,0.0,-0.9855536707179497,4392.842526202666,100.0,1
510,4.108152517753759e-05,0.0,0.0127816170369357,80.6,0.0,-0.7565185918612158,4392.842571616957,100.0,1
511,4.10815252104951e-05,0.0,0.01279199146671317,80.6,0.0,-0.5274835130044822,4392.8426050897615,100.0,1
512,4.108152523169495e-05,0.0,0.01280236591509265,80.6,0.0,-0.298448434147748,4392.84262662108,100.0,1
513,4.108152524113716e-05,0.0,0.012812740374002374,80.6,0.0,-0.06941335529101433,4392.842636210913,100.0,1
514,4.108152523882171e-05,0.0,0.012823114835356364,80.6,0.0,0.1596217235657198,4392.84263385926,100.0,1
515,4.10815252247486e-05,0.0,0.012833489291097067,80.6,0.0,0.3886568024224535,4392.842619566121,100.0,1
516,4.1081525198917845e-05,0.0,0.012843863733110084,80.6,0.0,0.6176918812791876,4392.8425933314975,100.0,1
517,4.108152516132943e-05,0.0,0.01285423815333786,80.6,0.0,0.8467269601359213,4392.842555155387,100.0,1
518,4.1081525111983364e-05,0.0,0.012864612543708631,80.6,0.0,1.0757620389926554,4392.842505037791,100.0,1
519,4.1081525050879634e-05,0.0,0.01287498689612221,80.6,0.0,1.3047971178493896,4392.842442978707,100.0,1
520,4.108152497801825e-05,0.0,0.01288536120252104,80.6,0.0,1.5338321967061228,4392.842368978137,100.0,1
521,4.108152489339921e-05,0.0,0.012895735454819146,80.6,0.0,1.762867275562857,4392.842283036079,100.0,1
522,4.10815247970225e-05,0.0,0.012906109644930552,80.6,0.0,1.991902354419591,4392.842185152531,100.0,1
523,4.1081524688888124e-05,0.0,0.012916483764769282,80.6,0.0,2.2209374332763243,4392.842075327495,100.0,1
524,4.1081524568996085e-05,0.0,0.012926857806291991,80.6,0.0,2.4499725121330584,4392.841953560968,100.0,1
525,4.1081524437346376e-05,0.0,0.012937231761384282,80.6,0.0,2.6790075909897926,4392.841819852951,100.0,1
526,4.108152429393899e-05,0.0,0.01294760562197439,80.6,0.0,2.9080426698465267,4392.841674203441,100.0,1
527,4.108152413877393e-05,0.0,0.012957979380004758,80.6,0.0,3.13707774870326,4392.841516612437,100.0,1
528,4.108152397185119e-05,0.0,0.012968353027375201,80.6,0.0,3.366112827559994,4392.841347079939,100.0,1
529,4.108152379317076e-05,0.0,0.012978726555999742,80.6,0.0,3.595147906416728,4392.841165605943,100.0,1
530,4.1081523602732646e-05,0.0,0.012989099957820827,80.6,0.0,3.8241829852734623,4392.840972190452,100.0,1
531,4.1081523400536835e-05,0.0,0.012999473224752478,80.6,0.0,4.053218064130196,4392.84076683346,100.0,1
532,4.1081523186583326e-05,0.0,0.013009846348722931,80.6,0.0,4.28225314298693,4392.840549534967,100.0,1
533,4.108152296087211e-05,0.0,0.013020219321631998,80.6,0.0,4.511288221843664,4392.840320294972,100.0,1
534,4.108152272340319e-05,0.0,0.013030592135422125,80.6,0.0,4.740323300700398,4392.840079113473,100.0,1
535,4.1081522474176555e-05,0.0,0.013040964782007336,80.6,0.0,4.969358379557131,4392.839825990466,100.0,1
536,4.108152221319219e-05,0.0,0.013051337253301654,80.6,0.0,5.198393458413865,4392.839560925951,100.0,1
537,4.1081521940450104e-05,0.0,0.013061709541233313,80.6,0.0,5.4274285372705995,4392.839283919926,100.0,1
538,4.1081521655950284e-05,0.0,0.013072081637730548,80.6,0.0,5.656463616127334,4392.838994972388,100.0,1
539,4.108152135969272e-05,0.0,0.013082453534707383,80.6,0.0,5.885498694984068,4392.838694083333,100.0,1
540,4.1081521051677406e-05,0.0,0.013092825224077842,80.6,0.0,6.1145337738408,4392.838381252762,100.0,1
541,4.1081520731904335e-05,0.0,0.013103196697770159,80.6,0.0,6.343568852700787,4392.838056480669,100.0,1
542,4.1081520400373505e-05,0.0,0.013113567947698357,80.6,0.0,6.572603931557521,4392.837719767054,100.0,1
543,4.1081520057084895e-05,0.0,0.013123938965804882,80.6,0.0,6.801639010414255,4392.837371111914,100.0,1
544,4.108151970203851e-05,0.0,0.013134309743989547,80.6,0.0,7.030674089270987,4392.8370105152435,100.0,1
545,4.108151933523433e-05,0.0,0.013144680274166376,80.6,0.0,7.2597091681277215,4392.836637977043,100.0,1
546,4.108151895667236e-05,0.0,0.013155050548292024,80.6,0.0,7.488744246984456,4392.836253497307,100.0,1
547,4.108151856635258e-05,0.0,0.013165420558252094,80.6,0.0,7.71777932584119,4392.835857076034,100.0,1
548,4.1081518164274985e-05,0.0,0.013175790295989032,80.6,0.0,7.946814404697924,4392.835448713219,100.0,1
549,4.108151775043955e-05,0.0,0.013186159753402649,80.6,0.0,8.175849483554657,4392.835028408861,100.0,1
550,4.1081517324846286e-05,0.0,0.013196528922435391,80.6,0.0,8.404884562411393,4392.834596162954,100.0,1
551,4.1081516887495176e-05,0.0,0.013206897795001282,80.6,0.0,8.633919641268125,4392.834151975497,100.0,1
552,4.108151643838621e-05,0.0,0.013217266363028557,80.6,0.0,8.862954720124858,4392.833695846484,100.0,1
553,4.108151597751937e-05,0.0,0.013227634618417028,80.6,0.0,9.091989798981594,4392.833227775914,100.0,1
554,4.108151550489465e-05,0.0,0.01323800255310914,80.6,0.0,9.321024877838326,4392.8327477637795,100.0,1
555,4.1081515020512045e-05,0.0,0.013248370159004708,80.6,0.0,9.550059956695062,4392.83225581008,100.0,1
556,4.108151452437153e-05,0.0,0.013258737428046175,80.6,0.0,9.779095035551794,4392.83175191481,100.0,1
557,4.108151401647309e-05,0.0,0.013269104352147565,80.6,0.0,10.00813011440853,4392.8312360779655,100.0,1
558,4.108151349681673e-05,0.0,0.013279470923222902,80.6,0.0,10.237165193265263,4392.8307082995425,100.0,1
559,4.108151296540243e-05,0.0,0.013289837133200422,80.6,0.0,10.466200272121995,4392.830168579537,100.0,1
560,4.108151242223018e-05,0.0,0.013300202974008357,80.6,0.0,10.69523535097873,4392.829616917943,100.0,1
561,4.108151186729995e-05,0.0,0.013310568437546522,80.6,0.0,10.924270429835463,4392.829053314757,100.0,1
562,4.108151130061175e-05,0.0,0.01332093351574315,80.6,0.0,11.153305508692199,4392.828477769976,100.0,1
563,4.1081510722165556e-05,0.0,0.013331298200540687,80.6,0.0,11.382340587548931,4392.827890283594,100.0,1
564,4.108151013196135e-05,0.0,0.013341662483824734,80.6,0.0,11.611375666405667,4392.827290855605,100.0,1
565,4.108150952999911e-05,0.0,0.013352026357537738,80.6,0.0,11.8404107452624,4392.826679486005,100.0,1
566,4.1081508916278844e-05,0.0,0.013362389813607933,80.6,0.0,12.069445824119136,4392.826056174789,100.0,1
567,4.1081508290800524e-05,0.0,0.013372752843935132,80.6,0.0,12.298480902975868,4392.825420921953,100.0,1
568,4.108150765356413e-05,0.0,0.01338311544046178,80.6,0.0,12.5275159818326,4392.8247737274905,100.0,1
569,4.108150700456965e-05,0.0,0.013393477595087688,80.6,0.0,12.756551060689336,4392.824114591397,100.0,1
570,4.1081506343817076e-05,0.0,0.013403839299741094,80.6,0.0,12.985586139546069,4392.8234435136665,100.0,1
571,4.108150567130639e-05,0.0,0.01341420054633602,80.6,0.0,13.214621218402801,4392.822760494294,100.0,1
572,4.108150498703756e-05,0.0,0.01342456132681491,80.6,0.0,13.443656297259537,4392.822065533273,100.0,1
573,4.108150429101059e-05,0.0,0.013434921633077579,80.6,0.0,13.67269137611627,4392.821358630599,100.0,1
574,4.108150358322545e-05,0.0,0.013445281457066471,80.6,0.0,13.901726454973005,4392.820639786267,100.0,1
575,4.108150286368212e-05,0.0,0.01345564079066719,80.6,0.0,14.130761533829737,4392.819909000268,100.0,1
576,4.108150213238059e-05,0.0,0.013465999625836389,80.6,0.0,14.359796612686473,4392.819166272599,100.0,1
577,4.108150138932085e-05,0.0,0.013476357954473883,80.6,0.0,14.588831691543206,4392.8184116032535,100.0,1
578,4.108150063450286e-05,0.0,0.013486715768507906,80.6,0.0,14.817866770399938,4392.817644992224,100.0,1
579,4.108149986792663e-05,0.0,0.013497073059852482,80.6,0.0,15.046901849256674,4392.816866439505,100.0,1
580,4.108149908959211e-05,0.0,0.013507429820450056,80.6,0.0,15.275936928113406,4392.81607594509,100.0,1
581,4.108149829949931e-05,0.0,0.01351778604218623,80.6,0.0,15.504972006973393,4392.815273508973,100.0,1
582,4.108149749764819e-05,0.0,0.01352814171700345,80.6,0.0,15.734007085830125,4392.8144591311475,100.0,1
583,4.108149668403874e-05,0.0,0.013538496836815739,80.6,0.0,15.963042164686861,4392.813632811606,100.0,1
584,4.108149585867093e-05,0.0,0.013548851393551331,80.6,0.0,16.192077243543594,4392.812794550343,100.0,1
585,4.108149502154475e-05,0.0,0.01355920537911004,80.6,0.0,16.42111232240033,4392.811944347351,100.0,1
586,4.1081494172660185e-05,0.0,0.013569558785448521,80.6,0.0,16.650147401257062,4392.811082202622,100.0,1
587,4.10814933120172e-05,0.0,0.013579911604452377,80.6,0.0,16.879182480113798,4392.8102081161505,100.0,1
588,4.108149243961578e-05,0.0,0.013590263828064053,80.6,0.0,17.10821755897053,4392.809322087929,100.0,1
589,4.108149155545591e-05,0.0,0.013600615448183362,80.6,0.0,17.337252637827262,4392.80842411795,100.0,1
590,4.108149065953755e-05,0.0,0.013610966456752749,80.6,0.0,17.566287716684,4392.807514206206,100.0,1
591,4.108148975186069e-05,0.0,0.013621316845672027,80.6,0.0,17.79532279554073,4392.80659235269,100.0,1
592,4.108148883242531e-05,0.0,0.013631666606883641,80.6,0.0,18.024357874397467,4392.805658557395,100.0,1
593,4.1081487901231395e-05,0.0,0.013642015732287405,80.6,0.0,18.2533929532542,4392.8047128203125,100.0,1
594,4.108148695827891e-05,0.0,0.013652364213825763,80.6,0.0,18.482428032110935,4392.803755141435,100.0,1
595,4.108148600356782e-05,0.0,0.013662712043384317,80.6,0.0,18.711463110967667,4392.802785520755,100.0,1
596,4.1081485037098134e-05,0.0,0.013673059212919725,80.6,0.0,18.9404981898244,4392.801803958264,100.0,1
597,4.1081484058869805e-05,0.0,0.013683405714331798,80.6,0.0,19.169533268681135,4392.800810453954,100.0,1
598,4.108148306888281e-05,0.0,0.01369375153954877,80.6,0.0,19.398568347537868,4392.799805007818,100.0,1
599,4.108148206713713e-05,0.0,0.013704096680484668,80.6,0.0,19.627603426394604,4392.798787619846,100.0,1
600,4.108148105363274e-05,0.0,0.013714441129053512,80.6,0.0,19.856638505251336,4392.797758290031,100.0,1
601,4.108148002836962e-05,0.0,0.013724784877197749,80.6,0.0,20.085673584108072,4392.796717018366,100.0,1
602,4.108147899134774e-05,0.0,0.013735127916817191,80.6,0.0,20.314708662964804,4392.795663804838,100.0,1
603,4.108147794256707e-05,0.0,0.013745470239840074,80.6,0.0,20.54374374182154,4392.794598649443,100.0,1
604,4.108147688202759e-05,0.0,0.01375581183818042,80.6,0.0,20.772778820678273,4392.79352155217,100.0,1
605,4.108147580972927e-05,0.0,0.013766152703766465,80.6,0.0,21.001813899535005,4392.792432513012,100.0,1
606,4.10814747256721e-05,0.0,0.013776492828526443,80.6,0.0,21.23084897839174,4392.791331531958,100.0,1
607,4.108147362985602e-05,0.0,0.013786832204345956,80.6,0.0,21.459884057248473,4392.790218609,100.0,1
608,4.108147252228103e-05,0.0,0.01379717082318166,80.6,0.0,21.68891913610521,4392.789093744129,100.0,1
609,4.10814714029471e-05,0.0,0.013807508676933367,80.6,0.0,21.91795421496194,4392.7879569373345,100.0,1
610,4.10814702718542e-05,0.0,0.013817845757515101,80.6,0.0,22.146989293818677,4392.78680818861,100.0,1
611,4.10814691290023e-05,0.0,0.01382818205686931,80.6,0.0,22.37602437267541,4392.7856474979435,100.0,1
612,4.108146797439137e-05,0.0,0.013838517566910014,80.6,0.0,22.605059451532142,4392.784474865327,100.0,1
613,4.10814668080214e-05,0.0,0.013848852279537027,80.6,0.0,22.834094530388878,4392.78329029075,100.0,1
614,4.1081465629892325e-05,0.0,0.013859186186692796,80.6,0.0,23.06312960924561,4392.782093774204,100.0,1
615,4.108146444000416e-05,0.0,0.013869519280277132,80.6,0.0,23.292164688102346,4392.7808853156785,100.0,1
616,4.1081463238356835e-05,0.0,0.01387985155223248,80.6,0.0,23.52119976695908,4392.779664915164,100.0,1
617,4.1081462024950344e-05,0.0,0.013890182994458655,80.6,0.0,23.750234845815815,4392.77843257265,100.0,1
618,4.108146079978465e-05,0.0,0.01390051359888389,80.6,0.0,23.979269924672547,4392.777188288126,100.0,1
619,4.108145956285973e-05,0.0,0.013910843357422209,80.6,0.0,24.20830500352928,4392.775932061583,100.0,1
620,4.1081458314175547e-05,0.0,0.013921172262001846,80.6,0.0,24.437340082386015,4392.774663893011,100.0,1
621,4.1081457053732076e-05,0.0,0.013931500304536826,80.6,0.0,24.666375161246002,4392.773383782398,100.0,1
622,4.108145578152928e-05,0.0,0.013941827476955382,80.6,0.0,24.895410240102734,4392.772091729735,100.0,1
623,4.108145449756713e-05,0.0,0.013952153771157327,80.6,0.0,25.124445318959467,4392.770787735011,100.0,1
624,4.10814532018456e-05,0.0,0.013962479179070897,80.6,0.0,25.353480397816202,4392.769471798216,100.0,1
625,4.108145189436465e-05,0.0,0.013972803692624325,80.6,0.0,25.582515476672935,4392.7681439193375,100.0,1
626,4.1081450575124244e-05,0.0,0.013983127303731635,80.6,0.0,25.81155055552967,4392.766804098366,100.0,1
627,4.1081449244124365e-05,0.0,0.013993450004306851,80.6,0.0,26.040585634386403,4392.765452335291,100.0,1
628,4.108144790136497e-05,0.0,0.014003771786263997,80.6,0.0,26.26962071324314,4392.764088630101,100.0,1
629,4.108144654684603e-05,0.0,0.014014092641545517,80.6,0.0,26.49865579209987,4392.762712982783,100.0,1
630,4.1081445180567515e-05,0.0,0.014024412562051225,80.6,0.0,26.727690870956604,4392.76132539333,100.0,1
631,4.108144380252938e-05,0.0,0.014034731539709355,80.6,0.0,26.95672594981334,4392.7599258617265,100.0,1
632,4.108144241273161e-05,0.0,0.01404504956641972,80.6,0.0,27.185761028670072,4392.758514387963,100.0,1
633,4.108144101117415e-05,0.0,0.014055366634124766,80.6,0.0,27.414796107526808,4392.757090972028,100.0,1
634,4.108143959785698e-05,0.0,0.014065682734738516,80.6,0.0,27.64383118638354,4392.75565561391,100.0,1
635,4.108143817278005e-05,0.0,0.014075997860174994,80.6,0.0,27.872866265240276,4392.754208313597,100.0,1
636,4.108143673594335e-05,0.0,0.014086312002348222,80.6,0.0,28.10190134409701,4392.752749071076,100.0,1
637,4.108143528734682e-05,0.0,0.014096625153186437,80.6,0.0,28.330936422953744,4392.751277886337,100.0,1
638,4.1081433826990447e-05,0.0,0.014106937304603662,80.6,0.0,28.559971501810477,4392.749794759368,100.0,1
639,4.1081432354874174e-05,0.0,0.01411724844852813,80.6,0.0,28.78900658066721,4392.748299690155,100.0,1
640,4.1081430870997974e-05,0.0,0.014127558576859656,80.6,0.0,29.018041659523945,4392.7467926786885,100.0,1
641,4.108142937536181e-05,0.0,0.014137867681526473,80.6,0.0,29.24707673838068,4392.745273724953,100.0,1
642,4.1081427867965655e-05,0.0,0.014148175754456815,80.6,0.0,29.476111817237413,4392.743742828939,100.0,1
643,4.1081426348809456e-05,0.0,0.014158482787550497,80.6,0.0,29.705146896094146,4392.742199990632,100.0,1
644,4.108142481789319e-05,0.0,0.014168788772749963,80.6,0.0,29.934181974950878,4392.74064521002,100.0,1
645,4.108142327521681e-05,0.0,0.014179093701940815,80.6,0.0,30.16321705380761,4392.739078487091,100.0,1
646,4.108142172078028e-05,0.0,0.014189397567065498,80.6,0.0,30.39225213266435,4392.737499821832,100.0,1
647,4.108142015458357e-05,0.0,0.014199700360052248,80.6,0.0,30.621287211521082,4392.73590921423,100.0,1
648,4.108141857662662e-05,0.0,0.014210002072786665,80.6,0.0,30.850322290377814,4392.734306664271,100.0,1
649,4.108141698690943e-05,0.0,0.014220302697211196,80.6,0.0,31.079357369234547,4392.732692171943,100.0,1
650,4.108141538543192e-05,0.0,0.014230602225239863,80.6,0.0,31.308392448091286,4392.731065737234,100.0,1
651,4.108141377219407e-05,0.0,0.014240900648786692,80.6,0.0,31.53742752694802,4392.729427360128,100.0,1
652,4.1081412147195836e-05,0.0,0.014251197959765705,80.6,0.0,31.76646260580475,4392.727777040614,100.0,1
653,4.108141051043719e-05,0.0,0.014261494150105136,80.6,0.0,31.995497684661483,4392.726114778677,100.0,1
654,4.108140886191807e-05,0.0,0.014271789211733221,80.6,0.0,32.22453276351822,4392.724440574303,100.0,1
655,4.1081407201638465e-05,0.0,0.014282083136535562,80.6,0.0,32.45356784237496,4392.722754427481,100.0,1
656,4.108140552959831e-05,0.0,0.014292375916454603,80.6,0.0,32.68260292123169,4392.721056338195,100.0,1
657,4.1081403845797564e-05,0.0,0.014302667543404368,80.6,0.0,32.91163800008842,4392.719346306432,100.0,1
658,4.10814021502362e-05,0.0,0.014312958009284671,80.6,0.0,33.140673078945156,4392.717624332177,100.0,1
659,4.1081400442914175e-05,0.0,0.014323247306052167,80.6,0.0,33.369708157801895,4392.715890415418,100.0,1
660,4.108139872383144e-05,0.0,0.014333535425578248,80.6,0.0,33.59874323665863,4392.714144556139,100.0,1
661,4.108139699298796e-05,0.0,0.014343822359819569,80.6,0.0,33.827778315518614,4392.712386754326,100.0,1
662,4.108139525038368e-05,0.0,0.014354108100675944,80.6,0.0,34.05681339437535,4392.710617009966,100.0,1
663,4.108139349601856e-05,0.0,0.014364392640061396,80.6,0.0,34.28584847323208,4392.708835323043,100.0,1
664,4.108139172989258e-05,0.0,0.01437467596990416,80.6,0.0,34.51488355208881,4392.707041693543,100.0,1
665,4.108138995200567e-05,0.0,0.01438495808211826,80.6,0.0,34.743918630945544,4392.705236121452,100.0,1
666,4.1081388162357795e-05,0.0,0.014395238968617718,80.6,0.0,34.97295370980228,4392.703418606754,100.0,1
667,4.108138636094891e-05,0.0,0.01440551862131656,80.6,0.0,35.201988788659015,4392.701589149436,100.0,1
668,4.1081384547778984e-05,0.0,0.014415797032143018,80.6,0.0,35.43102386751575,4392.6997477494815,100.0,1
669,4.1081382722847956e-05,0.0,0.014426074193011118,80.6,0.0,35.66005894637248,4392.697894406875,100.0,1
670,4.108138088615579e-05,0.0,0.014436350095834882,80.6,0.0,35.88909402522922,4392.696029121604,100.0,1
671,4.1081379037702424e-05,0.0,0.014446624732528335,80.6,0.0,36.11812910408595,4392.69415189365,100.0,1
672,4.108137717748784e-05,0.0,0.01445689809501971,80.6,0.0,36.347164182942684,4392.692262723001,100.0,1
673,4.108137530551198e-05,0.0,0.014467170175223032,80.6,0.0,36.57619926179942,4392.690361609639,100.0,1
674,4.1081373421774786e-05,0.0,0.014477440965038113,80.6,0.0,36.80523434065615,4392.688448553549,100.0,1
675,4.108137152627623e-05,0.0,0.014487710456407399,80.6,0.0,37.03426941951289,4392.686523554716,100.0,1
676,4.108136961901626e-05,0.0,0.014497978641230702,80.6,0.0,37.26330449836962,4392.684586613124,100.0,1
677,4.108136769999483e-05,0.0,0.014508245511422047,80.6,0.0,37.49233957722635,4392.682637728758,100.0,1
678,4.108136576921189e-05,0.0,0.014518511058923877,80.6,0.0,37.721374656083086,4392.680676901601,100.0,1
679,4.108136382666739e-05,0.0,0.014528775275621797,80.6,0.0,37.95040973493982,4392.678704131638,100.0,1
680,4.1081361872361295e-05,0.0,0.01453903815345825,80.6,0.0,38.17944481379656,4392.6767194188515,100.0,1
681,4.1081359906293545e-05,0.0,0.01454929968433305,80.6,0.0,38.40847989265329,4392.674722763227,100.0,1
682,4.108135792846409e-05,0.0,0.01455955986016022,80.6,0.0,38.63751497151002,4392.672714164746,100.0,1
683,4.1081355938872894e-05,0.0,0.014569818672882207,80.6,0.0,38.866550050366754,4392.670693623395,100.0,1
684,4.10813539375199e-05,0.0,0.01458007611438461,80.6,0.0,39.095585129223494,4392.668661139155,100.0,1
685,4.1081351924405065e-05,0.0,0.014590332176595666,80.6,0.0,39.324620208080226,4392.666616712011,100.0,1
686,4.1081349899528326e-05,0.0,0.014600586851429398,80.6,0.0,39.55365528693696,4392.664560341946,100.0,1
687,4.108134786288965e-05,0.0,0.01461084013081404,80.6,0.0,39.78269036579369,4392.662492028941,100.0,1
688,4.108134581448898e-05,0.0,0.014621092006663616,80.6,0.0,40.01172544465042,4392.660411772983,100.0,1
689,4.108134375432626e-05,0.0,0.01463134247087794,80.6,0.0,40.24076052350716,4392.658319574053,100.0,1
690,4.108134168240145e-05,0.0,0.014641591515385244,80.6,0.0,40.469795602363895,4392.656215432134,100.0,1
691,4.1081339598714494e-05,0.0,0.014651839132099553,80.6,0.0,40.69883068122063,4392.654099347208,100.0,1
692,4.108133750326534e-05,0.0,0.014662085312934892,80.6,0.0,40.92786576007736,4392.65197131926,100.0,1
693,4.1081335396053936e-05,0.0,0.014672330049819493,80.6,0.0,41.1569008389341,4392.649831348271,100.0,1
694,4.108133327708024e-05,0.0,0.01468257333465317,80.6,0.0,41.38593591779083,4392.6476794342225,100.0,1
695,4.1081331146344194e-05,0.0,0.014692815159364159,80.6,0.0,41.614970996647564,4392.6455155771,100.0,1
696,4.108132900384574e-05,0.0,0.01470305551585227,80.6,0.0,41.844006075504296,4392.643339776883,100.0,1
697,4.108132684958483e-05,0.0,0.01471329439605995,80.6,0.0,42.07304115436103,4392.641152033555,100.0,1
698,4.108132468356141e-05,0.0,0.014723531791872801,80.6,0.0,42.30207623321777,4392.638952347099,100.0,1
699,4.108132250577543e-05,0.0,0.014733767695219058,80.6,0.0,42.5311113120745,4392.636740717495,100.0,1
700,4.108132031622684e-05,0.0,0.014744002098012743,80.6,0.0,42.76014639093123,4392.6345171447265,100.0,1
701,4.1081318114915576e-05,0.0,0.014754234992182091,80.6,0.0,42.98918146979122,4392.632281628775,100.0,1
702,4.108131590184159e-05,0.0,0.014764466369626916,80.6,0.0,43.21821654864795,4392.6300341696215,100.0,1
703,4.108131367700484e-05,0.0,0.014774696222275452,80.6,0.0,43.447251627504684,4392.627774767249,100.0,1
704,4.1081311440405246e-05,0.0,0.014784924542027511,80.6,0.0,43.676286706361424,4392.625503421638,100.0,1
705,4.1081309192042766e-05,0.0,0.014795151320811328,80.6,0.0,43.905321785218156,4392.62322013277,100.0,1
706,4.108130693191736e-05,0.0,0.014805376550540927,80.6,0.0,44.13435686407489,4392.620924900628,100.0,1
707,4.1081304660028944e-05,0.0,0.014815600223116121,80.6,0.0,44.36339194293162,4392.618617725192,100.0,1
708,4.108130237637748e-05,0.0,0.014825822330479355,80.6,0.0,44.59242702178835,4392.616298606442,100.0,1
709,4.1081300080962915e-05,0.0,0.01483604286451623,80.6,0.0,44.82146210064509,4392.613967544361,100.0,1
710,4.108129777378518e-05,0.0,0.014846261817169193,80.6,0.0,45.050497179501825,4392.611624538929,100.0,1
711,4.1081295454844227e-05,0.0,0.014856479180323845,80.6,0.0,45.27953225835856,4392.609269590128,100.0,1
712,4.1081293124139993e-05,0.0,0.014866694945922632,80.6,0.0,45.50856733721529,4392.606902697938,100.0,1
713,4.108129078167244e-05,0.0,0.014876909105865366,80.6,0.0,45.73760241607202,4392.604523862339,100.0,1
714,4.108128842744148e-05,0.0,0.014887121652080282,80.6,0.0,45.96663749492876,4392.602133083312,100.0,1
715,4.1081286061447074e-05,0.0,0.014897332576452982,80.6,0.0,46.195672573785494,4392.599730360838,100.0,1
716,4.1081283683689165e-05,0.0,0.014907541870925911,80.6,0.0,46.424707652642226,4392.597315694898,100.0,1
717,4.1081281294167696e-05,0.0,0.014917749527413093,80.6,0.0,46.65374273149896,4392.594889085471,100.0,1
718,4.108127889288259e-05,0.0,0.014927955537814341,80.6,0.0,46.8827778103557,4392.592450532537,100.0,1
719,4.108127647983382e-05,0.0,0.014938159894043679,80.6,0.0,47.11181288921243,4392.590000036077,100.0,1
720,4.108127405502129e-05,0.0,0.01494836258802934,80.6,0.0,47.34084796806916,4392.587537596071,100.0,1
721,4.108127161844498e-05,0.0,0.014958563611671138,80.6,0.0,47.569883046925895,4392.585063212499,100.0,1
722,4.1081269170104807e-05,0.0,0.014968762956897308,80.6,0.0,47.79891812578263,4392.582576885341,100.0,1
723,4.1081266710000705e-05,0.0,0.014978960615607662,80.6,0.0,48.02795320463937,4392.5800786145755,100.0,1
724,4.1081264238132624e-05,0.0,0.014989156579730434,80.6,0.0,48.2569882834961,4392.577568400183,100.0,1
725,4.10812617545005e-05,0.0,0.014999350841165437,80.6,0.0,48.48602336235283,4392.575046242143,100.0,1
726,4.108125925910428e-05,0.0,0.015009543391840907,80.6,0.0,48.715058441209564,4392.572512140434,100.0,1
727,4.10812567519439e-05,0.0,0.015019734223656656,80.6,0.0,48.944093520066296,4392.569966095037,100.0,1
728,4.1081254233019296e-05,0.0,0.015029923328540917,80.6,0.0,49.173128598923036,4392.567408105931,100.0,1
729,4.10812517023304e-05,0.0,0.015040110698393505,80.6,0.0,49.40216367777977,4392.5648381730925,100.0,1
730,4.108124915987716e-05,0.0,0.015050296325142654,80.6,0.0,49.6311987566365,4392.5622562965045,100.0,1
731,4.1081246605659506e-05,0.0,0.015060480200688176,80.6,0.0,49.86023383549323,4392.559662476143,100.0,1
732,4.1081244039677384e-05,0.0,0.015070662316944095,80.6,0.0,50.08926891434997,4392.557056711988,100.0,1
733,4.1081241461930734e-05,0.0,0.015080842665838645,80.6,0.0,50.318303993206705,4392.554439004018,100.0,1
734,4.108123887241947e-05,0.0,0.01509102123927164,80.6,0.0,50.54733907206344,4392.551809352211,100.0,1
735,4.108123627114357e-05,0.0,0.015101198029157104,80.6,0.0,50.77637415092017,4392.549167756548,100.0,1
736,4.1081233658102925e-05,0.0,0.015111373027409059,80.6,0.0,51.0054092297769,4392.546514217004,100.0,1
737,4.108123103329749e-05,0.0,0.01512154622595574,80.6,0.0,51.23444430863364,4392.5438487335605,100.0,1
738,4.108122839672721e-05,0.0,0.01513171761668275,80.6,0.0,51.46347938749037,4392.541171306194,100.0,1
739,4.1081225748392014e-05,0.0,0.015141887191518322,80.6,0.0,51.692514466347106,4392.538481934883,100.0,1
740,4.1081223088291826e-05,0.0,0.015152054942390691,80.6,0.0,51.92154954520384,4392.535780619604,100.0,1
741,4.1081220416426595e-05,0.0,0.01516222086117125,80.6,0.0,52.150584624063825,4392.5330673603385,100.0,1
742,4.108121773279625e-05,0.0,0.015172384939816652,80.6,0.0,52.37961970292056,4392.530342157062,100.0,1
743,4.108121503740073e-05,0.0,0.015182547170212501,80.6,0.0,52.6086547817773,4392.527605009752,100.0,1
744,4.108121233023997e-05,0.0,0.015192707544287032,80.6,0.0,52.83768986063403,4392.5248559183865,100.0,1
745,4.108120961131389e-05,0.0,0.015202866053940056,80.6,0.0,53.06672493949076,4392.522094882945,100.0,1
746,4.108120688062243e-05,0.0,0.015213022691085598,80.6,0.0,53.295760018347494,4392.519321903402,100.0,1
747,4.1081204138165534e-05,0.0,0.015223177447651892,80.6,0.0,53.524795097204226,4392.516536979737,100.0,1
748,4.1081201383943127e-05,0.0,0.01523333031552454,80.6,0.0,53.753830176060966,4392.5137401119255,100.0,1
749,4.108119861795514e-05,0.0,0.015243481286645988,80.6,0.0,53.9828652549177,4392.510931299947,100.0,1
750,4.10811958402015e-05,0.0,0.015253630352901837,80.6,0.0,54.21190033377443,4392.508110543777,100.0,1
751,4.1081193050682145e-05,0.0,0.015263777506220322,80.6,0.0,54.44093541263116,4392.505277843392,100.0,1
752,4.1081190249397015e-05,0.0,0.015273922738501255,80.6,0.0,54.6699704914879,4392.50243319877,100.0,1
753,4.108118743634603e-05,0.0,0.015284066041672872,80.6,0.0,54.899005570344634,4392.499576609888,100.0,1
754,4.108118461152912e-05,0.0,0.015294207407634985,80.6,0.0,55.12804064920137,4392.496708076722,100.0,1
755,4.108118177494623e-05,0.0,0.015304346828301618,80.6,0.0,55.3570757280581,4392.493827599248,100.0,1
756,4.108117892659728e-05,0.0,0.015314484295572584,80.6,0.0,55.58611080691483,4392.490935177444,100.0,1
757,4.10811760664822e-05,0.0,0.015324619801390327,80.6,0.0,55.81514588577157,4392.488030811285,100.0,1
758,4.108117319460092e-05,0.0,0.01533475333764045,80.6,0.0,56.0441809646283,4392.485114500749,100.0,1
759,4.108117031095337e-05,0.0,0.015344884896236977,80.6,0.0,56.273216043485036,4392.482186245811,100.0,1
760,4.108116741553948e-05,0.0,0.01535501446909393,80.6,0.0,56.50225112234177,4392.479246046447,100.0,1
761,4.108116450835918e-05,0.0,0.015365142048139546,80.6,0.0,56.7312862011985,4392.476293902633,100.0,1
762,4.1081161589412405e-05,0.0,0.015375267625259426,80.6,0.0,56.96032128005524,4392.473329814346,100.0,1
763,4.108115865869907e-05,0.0,0.015385391192381803,80.6,0.0,57.18935635891197,4392.47035378156,100.0,1
764,4.1081155716219116e-05,0.0,0.015395512741406492,80.6,0.0,57.418391437768705,4392.467365804253,100.0,1
765,4.108115276197246e-05,0.0,0.015405632264247515,80.6,0.0,57.64742651662544,4392.464365882399,100.0,1
766,4.108114979595904e-05,0.0,0.015415749752818897,80.6,0.0,57.876461595482176,4392.4613540159735,100.0,1
767,4.108114681817877e-05,0.0,0.01542586519902045,80.6,0.0,58.10549667433891,4392.458330204953,100.0,1
768,4.10811438286316e-05,0.0,0.015435978594780408,80.6,0.0,58.33453175319564,4392.455294449312,100.0,1
769,4.108114082731743e-05,0.0,0.015446089932012796,80.6,0.0,58.56356683205237,4392.452246749025,100.0,1
770,4.10811378142362e-05,0.0,0.015456199202603216,80.6,0.0,58.792601910909106,4392.449187104069,100.0,1
771,4.108113478938784e-05,0.0,0.015466306398479901,80.6,0.0,59.021636989765845,4392.446115514418,100.0,1
772,4.1081131752772275e-05,0.0,0.015476411511542665,80.6,0.0,59.25067206862258,4392.443031980048,100.0,1
773,4.108112870438941e-05,0.0,0.015486514533719742,80.6,0.0,59.47970714747931,4392.439936500931,100.0,1
774,4.108112564423921e-05,0.0,0.015496615456896734,80.6,0.0,59.70874222633604,4392.436829077044,100.0,1
775,4.1081122572321564e-05,0.0,0.015506714273001876,80.6,0.0,59.93777730519278,4392.433709708363,100.0,1
776,4.108111948863641e-05,0.0,0.015516810973949191,80.6,0.0,60.166812384049514,4392.430578394859,100.0,1
777,4.1081116393183674e-05,0.0,0.015526905551624282,80.6,0.0,60.39584746290625,4392.427435136509,100.0,1
778,4.108111328596328e-05,0.0,0.015536997997955382,80.6,0.0,60.62488254176298,4392.424279933287,100.0,1
779,4.1081110166975154e-05,0.0,0.015547088304856516,80.6,0.0,60.85391762061971,4392.421112785166,100.0,1
780,4.108110703621921e-05,0.0,0.015557176464213285,80.6,0.0,61.082952699476444,4392.417933692122,100.0,1
781,4.108110389369538e-05,0.0,0.015567262467968135,80.6,0.0,61.31198777833644,4392.414742654128,100.0,1
782,4.108110073940359e-05,0.0,0.015577346308006668,80.6,0.0,61.54102285719316,4392.411539671157,100.0,1
783,4.108109757334375e-05,0.0,0.015587427976257118,80.6,0.0,61.7700579360499,4392.4083247431845,100.0,1
784,4.108109439551579e-05,0.0,0.015597507464605087,80.6,0.0,61.99909301490664,4392.405097870184,100.0,1
785,4.108109120591964e-05,0.0,0.0156075847649646,80.6,0.0,62.22812809376337,4392.401859052129,100.0,1
786,4.108108800455521e-05,0.0,0.015617659869263889,80.6,0.0,62.457163172620106,4392.398608288993,100.0,1
787,4.108108479142243e-05,0.0,0.01562773276940277,80.6,0.0,62.68619825147683,4392.39534558075,100.0,1
788,4.1081081566521205e-05,0.0,0.015637803457281052,80.6,0.0,62.91523333033357,4392.392070927372,100.0,1
789,4.108107832985148e-05,0.0,0.015647871924812762,80.6,0.0,63.14426840919031,4392.388784328833,100.0,1
790,4.108107508141316e-05,0.0,0.015657938163911922,80.6,0.0,63.373303488047036,4392.3854857851065,100.0,1
791,4.108107182120617e-05,0.0,0.015668002166492556,80.6,0.0,63.602338566903775,4392.382175296166,100.0,1
792,4.1081068549230435e-05,0.0,0.015678063924440266,80.6,0.0,63.8313736457605,4392.3788528619825,100.0,1
793,4.108106526548586e-05,0.0,0.015688123429683287,80.6,0.0,64.06040872461723,4392.375518482532,100.0,1
794,4.108106196997238e-05,0.0,0.01569818067412143,80.6,0.0,64.28944380347397,4392.372172157785,100.0,1
795,4.1081058662689915e-05,0.0,0.015708235649668723,80.6,0.0,64.5184788823307,4392.368813887714,100.0,1
796,4.1081055343638365e-05,0.0,0.015718288348224974,80.6,0.0,64.74751396118744,4392.365443672294,100.0,1
797,4.108105201281767e-05,0.0,0.01572833876171842,80.6,0.0,64.97654904004416,4392.362061511494,100.0,1
798,4.1081048670227735e-05,0.0,0.01573838688202045,80.6,0.0,65.2055841189009,4392.358667405289,100.0,1
799,4.108104531586849e-05,0.0,0.01574843270107351,80.6,0.0,65.43461919775764,4392.355261353651,100.0,1
800,4.108104194973984e-05,0.0,0.015758476210777417,80.6,0.0,65.66365427661437,4392.351843356551,100.0,1
801,4.108103857184171e-05,0.0,0.01576851740303198,80.6,0.0,65.8926893554711,4392.3484134139635,100.0,1
802,4.108103518217402e-05,0.0,0.01577855626975122,80.6,0.0,66.12172443432783,4392.3449715258575,100.0,1
803,4.108103178073668e-05,0.0,0.015788592802834955,80.6,0.0,66.35075951318457,4392.341517692207,100.0,1
804,4.108102836752961e-05,0.0,0.015798626994197207,80.6,0.0,66.57979459204131,4392.338051912983,100.0,1
805,4.1081024942552725e-05,0.0,0.015808658835737788,80.6,0.0,66.80882967089804,4392.334574188158,100.0,1
806,4.1081021505805934e-05,0.0,0.01581868831937072,80.6,0.0,67.03786474975477,4392.331084517701,100.0,1
807,4.108101805728917e-05,0.0,0.015828715437010032,80.6,0.0,67.26689982861151,4392.327582901587,100.0,1
808,4.108101459700235e-05,0.0,0.015838740180541322,80.6,0.0,67.49593490746824,4392.324069339787,100.0,1
809,4.108101112494536e-05,0.0,0.015848762541907035,80.6,0.0,67.72496998632498,4392.320543832269,100.0,1
810,4.108100764111814e-05,0.0,0.015858782512978564,80.6,0.0,67.9540050651817,4392.3170063790085,100.0,1
811,4.10810041455206e-05,0.0,0.015868800085669932,80.6,0.0,68.18304014403844,4392.313456979974,100.0,1
812,4.108100063815266e-05,0.0,0.015878815251909373,80.6,0.0,68.41207522289518,4392.309895635137,100.0,1
813,4.108099711901422e-05,0.0,0.01588882800358249,80.6,0.0,68.64111030175191,4392.30632234447,100.0,1
814,4.1080993588105203e-05,0.0,0.015898838332603304,80.6,0.0,68.87014538060865,4392.302737107941,100.0,1
815,4.108099004542552e-05,0.0,0.01590884623087163,80.6,0.0,69.09918045946537,4392.2991399255225,100.0,1
816,4.1080986490975076e-05,0.0,0.015918851690301494,80.6,0.0,69.32821553832211,4392.295530797185,100.0,1
817,4.10809829247538e-05,0.0,0.015928854702792705,80.6,0.0,69.55725061717885,4392.2919097229,100.0,1
818,4.1080979346761605e-05,0.0,0.015938855260259288,80.6,0.0,69.78628569603558,4392.288276702635,100.0,1
819,4.1080975756998393e-05,0.0,0.015948853354601056,80.6,0.0,70.01532077489232,4392.284631736364,100.0,1
820,4.108097215546407e-05,0.0,0.015958848977732032,80.6,0.0,70.24435585374904,4392.280974824054,100.0,1
821,4.1080968542158564e-05,0.0,0.01596884212155203,80.6,0.0,70.47339093260904,4392.277305965678,100.0,1
822,4.1080964917081776e-05,0.0,0.01597883277796086,80.6,0.0,70.70242601146576,4392.273625161204,100.0,1
823,4.108096128023363e-05,0.0,0.01598882093887255,80.6,0.0,70.9314610903225,4392.269932410603,100.0,1
824,4.108095763161402e-05,0.0,0.01599880659618691,80.6,0.0,71.16049616917924,4392.266227713845,100.0,1
825,4.108095397122287e-05,0.0,0.016008789741817964,80.6,0.0,71.38953124803596,4392.2625110709,100.0,1
826,4.108095029906008e-05,0.0,0.016018770367665525,80.6,0.0,71.6185663268927,4392.258782481736,100.0,1
827,4.108094661512556e-05,0.0,0.016028748465629405,80.6,0.0,71.84760140574944,4392.255041946323,100.0,1
828,4.108094291941923e-05,0.0,0.01603872402762363,80.6,0.0,72.07663648460617,4392.251289464632,100.0,1
829,4.1080939211940994e-05,0.0,0.0160486970455338,80.6,0.0,72.30567156346291,4392.2475250366315,100.0,1
830,4.1080935492690765e-05,0.0,0.01605866751130236,80.6,0.0,72.53470664231963,4392.24374866229,100.0,1
831,4.108093176166844e-05,0.0,0.016068635416800703,80.6,0.0,72.76374172117637,4392.239960341578,100.0,1
832,4.108092801887394e-05,0.0,0.016078600753957062,80.6,0.0,72.99277680003311,4392.236160074464,100.0,1
833,4.108092426430717e-05,0.0,0.01608856351464283,80.6,0.0,73.22181187888984,4392.232347860918,100.0,1
834,4.108092049796804e-05,0.0,0.016098523690800448,80.6,0.0,73.45084695774658,4392.228523700906,100.0,1
835,4.1080916719856445e-05,0.0,0.016108481274315523,80.6,0.0,73.6798820366033,4392.2246875944,100.0,1
836,4.1080912929972314e-05,0.0,0.016118436257087865,80.6,0.0,73.90891711546004,4392.220839541367,100.0,1
837,4.108090912831554e-05,0.0,0.0161283886310315,80.6,0.0,74.13795219431678,4392.216979541777,100.0,1
838,4.108090531488603e-05,0.0,0.016138338388046236,80.6,0.0,74.3669872731735,4392.213107595596,100.0,1
839,4.10809014896837e-05,0.0,0.016148285520046102,80.6,0.0,74.59602235203025,4392.2092237027955,100.0,1
840,4.1080897652708444e-05,0.0,0.016158230018916697,80.6,0.0,74.82505743088697,4392.205327863341,100.0,1
841,4.108089380396017e-05,0.0,0.016168171876572046,80.6,0.0,75.05409250974371,4392.201420077203,100.0,1
842,4.10808899434388e-05,0.0,0.01617811108491196,80.6,0.0,75.28312758860045,4392.197500344347,100.0,1
843,4.108088607114421e-05,0.0,0.016188047635836256,80.6,0.0,75.51216266745718,4392.193568664744,100.0,1
844,4.108088218707634e-05,0.0,0.016197981521273164,80.6,0.0,75.74119774631392,4392.18962503836,100.0,1
845,4.108087829123507e-05,0.0,0.016207912733094076,80.6,0.0,75.97023282517064,4392.185669465163,100.0,1
846,4.108087438362031e-05,0.0,0.016217841263213018,80.6,0.0,76.19926790402738,4392.181701945122,100.0,1
847,4.1080870464231965e-05,0.0,0.01622776710354401,80.6,0.0,76.42830298288412,4392.177722478203,100.0,1
848,4.108086653306994e-05,0.0,0.016237690245972658,80.6,0.0,76.65733806174084,4392.173731064374,100.0,1
849,4.108086259013415e-05,0.0,0.016247610682412983,80.6,0.0,76.88637314059758,4392.169727703603,100.0,1
850,4.108085863542448e-05,0.0,0.0162575284047648,80.6,0.0,77.11540821945432,4392.165712395857,100.0,1
851,4.108085466894083e-05,0.0,0.016267443404927917,80.6,0.0,77.34444329831105,4392.161685141103,100.0,1
852,4.108085069068313e-05,0.0,0.016277355674816363,80.6,0.0,77.57347837716779,4392.157645939308,100.0,1
853,4.108084670065125e-05,0.0,0.016287265206315737,80.6,0.0,77.80251345602451,4392.1535947904395,100.0,1
854,4.108084269884512e-05,0.0,0.016297171991340065,80.6,0.0,78.03154853488125,4392.149531694465,100.0,1
855,4.108083868526462e-05,0.0,0.016307076021789157,80.6,0.0,78.26058361373799,4392.145456651349,100.0,1
856,4.1080834659909676e-05,0.0,0.01631697728956283,80.6,0.0,78.48961869259472,4392.141369661062,100.0,1
857,4.108083062278017e-05,0.0,0.0163268757865751,80.6,0.0,78.71865377145146,4392.137270723567,100.0,1
858,4.1080826573876e-05,0.0,0.016336771504697367,80.6,0.0,78.94768885030818,4392.133159838832,100.0,1
859,4.108082251319709e-05,0.0,0.01634666443585786,80.6,0.0,79.17672392916492,4392.129037006825,100.0,1
860,4.108081844074331e-05,0.0,0.016356554571956394,80.6,0.0,79.40575900802166,4392.12490222751,100.0,1
861,4.1080814356514595e-05,0.0,0.01636644190489278,80.6,0.0,79.63479408688164,4392.120755500854,100.0,1
862,4.108081026051082e-05,0.0,0.016376326426552623,80.6,0.0,79.86382916573838,4392.116596826824,100.0,1
863,4.108080615273188e-05,0.0,0.016386208128864155,80.6,0.0,80.0928642445951,4392.1124262053845,100.0,1
864,4.108080203317769e-05,0.0,0.016396087003698767,80.6,0.0,80.32189932345185,4392.108243636503,100.0,1
865,4.108079790184815e-05,0.0,0.016405963042984695,80.6,0.0,80.55093440230857,4392.104049120145,100.0,1
866,4.108079375874315e-05,0.0,0.01641583623860754,80.6,0.0,80.77996948116531,4392.0998426562755,100.0,1
867,4.108078960386259e-05,0.0,0.016425706582467114,80.6,0.0,81.00900456002205,4392.09562424486,100.0,1
868,4.108078543720637e-05,0.0,0.016435574066477443,80.6,0.0,81.23803963887877,4392.091393885866,100.0,1
869,4.1080781258774396e-05,0.0,0.016445438682524127,80.6,0.0,81.46707471773551,4392.087151579257,100.0,1
870,4.108077706856656e-05,0.0,0.01645530042250698,80.6,0.0,81.69610979659224,4392.082897324999,100.0,1
871,4.1080772866582744e-05,0.0,0.016465159278340025,80.6,0.0,81.92514487544898,4392.078631123058,100.0,1
872,4.108076865282286e-05,0.0,0.016475015241908864,80.6,0.0,82.15417995430572,4392.074352973398,100.0,1
873,4.108076442728681e-05,0.0,0.01648486830512752,80.6,0.0,82.38321503316244,4392.070062875984,100.0,1
874,4.1080760189974486e-05,0.0,0.016494718459895807,80.6,0.0,82.61225011201918,4392.065760830783,100.0,1
875,4.1080755940885775e-05,0.0,0.016504565698099327,80.6,0.0,82.84128519087592,4392.061446837758,100.0,1
876,4.1080751680020575e-05,0.0,0.016514410011652103,80.6,0.0,83.07032026973265,4392.057120896874,100.0,1
877,4.108074740737879e-05,0.0,0.016524251392439737,80.6,0.0,83.29935534858939,4392.052783008096,100.0,1
878,4.108074312296032e-05,0.0,0.016534089832376253,80.6,0.0,83.52839042744611,4392.048433171389,100.0,1
879,4.1080738826765047e-05,0.0,0.016543925323347253,80.6,0.0,83.75742550630285,4392.044071386717,100.0,1
880,4.1080734518792875e-05,0.0,0.01655375785726676,80.6,0.0,83.98646058515959,4392.039697654045,100.0,1
881,4.1080730199043686e-05,0.0,0.016563587426020376,80.6,0.0,84.21549566401632,4392.035311973335,100.0,1
882,4.1080725867517385e-05,0.0,0.016573414021507915,80.6,0.0,84.44453074287306,4392.030914344555,100.0,1
883,4.108072152421386e-05,0.0,0.0165832376356434,80.6,0.0,84.67356582172978,4392.026504767667,100.0,1
884,4.108071716913302e-05,0.0,0.016593058260312432,80.6,0.0,84.90260090058652,4392.022083242634,100.0,1
885,4.108071280227473e-05,0.0,0.016602875887414825,80.6,0.0,85.13163597944326,4392.017649769422,100.0,1
886,4.108070842363891e-05,0.0,0.016612690508850392,80.6,0.0,85.36067105829999,4392.013204347993,100.0,1
887,4.108070403322544e-05,0.0,0.016622502116518945,80.6,0.0,85.58970613715672,4392.008746978313,100.0,1
888,4.108069963103422e-05,0.0,0.016632310702320297,80.6,0.0,85.81874121601345,4392.004277660343,100.0,1
889,4.108069521706513e-05,0.0,0.01664211625815426,80.6,0.0,86.04777629487019,4391.999796394049,100.0,1
890,4.108069079131807e-05,0.0,0.016651918775906438,80.6,0.0,86.27681137372693,4391.995303179391,100.0,1
891,4.1080686353792926e-05,0.0,0.016661718247490853,80.6,0.0,86.50584645258365,4391.990798016336,100.0,1
892,4.10806819044896e-05,0.0,0.016671514664793108,80.6,0.0,86.7348815314404,4391.986280904846,100.0,1
893,4.108067744340798e-05,0.0,0.016681308019713015,80.6,0.0,86.96391661029712,4391.981751844884,100.0,1
894,4.108067297054795e-05,0.0,0.016691098304150387,80.6,0.0,87.19295168915386,4391.977210836411,100.0,1
895,4.10806684859094e-05,0.0,0.016700885510005037,80.6,0.0,87.4219867680106,4391.972657879394,100.0,1
896,4.108066398949222e-05,0.0,0.016710669629176778,80.6,0.0,87.65102184686732,4391.968092973792,100.0,1
897,4.1080659481296314e-05,0.0,0.01672045065355121,80.6,0.0,87.88005692572406,4391.963516119571,100.0,1
898,4.108065496132156e-05,0.0,0.01673022857502815,80.6,0.0,88.1090920045808,4391.958927316691,100.0,1
899,4.1080650429567844e-05,0.0,0.016740003385521618,80.6,0.0,88.33812708343753,4391.954326565116,100.0,1
900,4.1080645886035065e-05,0.0,0.016749775076903006,80.6,0.0,88.56716216229752,4391.9497138648085,100.0,1
901,4.1080641330723106e-05,0.0,0.01675954364108634,80.6,0.0,88.79619724115425,4391.94508921573,100.0,1
902,4.108063676363185e-05,0.0,0.016769309069971428,80.6,0.0,89.02523232001099,4391.940452617843,100.0,1
903,4.108063218476119e-05,0.0,0.016779071355429664,80.6,0.0,89.25426739886771,4391.9358040711095,100.0,1
904,4.108062759411102e-05,0.0,0.016788830489389284,80.6,0.0,89.48330247772445,4391.931143575493,100.0,1
905,4.1080622991681226e-05,0.0,0.016798586463721676,80.6,0.0,89.71233755658119,4391.926471130953,100.0,1
906,4.1080618377471685e-05,0.0,0.016808339270326655,80.6,0.0,89.94137263543792,4391.921786737454,100.0,1
907,4.1080613751482294e-05,0.0,0.016818088901118244,80.6,0.0,90.17040771429465,4391.917090394955,100.0,1
908,4.108060911371294e-05,0.0,0.016827835347982045,80.6,0.0,90.39944279315138,4391.912382103421,100.0,1
909,4.10806044641635e-05,0.0,0.01683757860280366,80.6,0.0,90.62847787200812,4391.9076618628105,100.0,1
910,4.1080599802833865e-05,0.0,0.0168473186574829,80.6,0.0,90.85751295086486,4391.902929673086,100.0,1
911,4.108059512972393e-05,0.0,0.016857055503919582,80.6,0.0,91.08654802972158,4391.89818553421,100.0,1
912,4.108059044483357e-05,0.0,0.016866789134013516,80.6,0.0,91.31558310857832,4391.893429446142,100.0,1
913,4.108058574816267e-05,0.0,0.016876519539650303,80.6,0.0,91.54461818743505,4391.888661408844,100.0,1
914,4.1080581039711116e-05,0.0,0.01688624671274397,80.6,0.0,91.77365326629179,4391.883881422278,100.0,1
915,4.108057631947879e-05,0.0,0.016895970645151692,80.6,0.0,92.00268834514853,4391.879089486403,100.0,1
916,4.108057158746559e-05,0.0,0.01690569132880171,80.6,0.0,92.23172342400525,4391.874285601182,100.0,1
917,4.1080566843671387e-05,0.0,0.01691540875557962,80.6,0.0,92.46075850286199,4391.869469766574,100.0,1
918,4.1080562088096065e-05,0.0,0.016925122917371027,80.6,0.0,92.68979358171872,4391.864641982541,100.0,1
919,4.108055732073952e-05,0.0,0.016934833806075744,80.6,0.0,92.91882866057546,4391.859802249042,100.0,1
920,4.108055254160162e-05,0.0,0.016944541413593583,80.6,0.0,93.1478637394322,4391.85495056604,100.0,1
921,4.1080547750682254e-05,0.0,0.016954245731824358,80.6,0.0,93.37689881828892,4391.850086933493,100.0,1
922,4.1080542947981306e-05,0.0,0.01696394675263946,80.6,0.0,93.60593389714566,4391.845211351363,100.0,1
923,4.108053813349866e-05,0.0,0.016973644467938698,80.6,0.0,93.8349689760024,4391.840323819609,100.0,1
924,4.108053330723419e-05,0.0,0.0169833388696361,80.6,0.0,94.06400405485913,4391.835424338191,100.0,1
925,4.108052846918778e-05,0.0,0.016993029949603056,80.6,0.0,94.29303913371587,4391.83051290707,100.0,1
926,4.1080523619359324e-05,0.0,0.017002717699739378,80.6,0.0,94.52207421257259,4391.825589526206,100.0,1
927,4.108051875774869e-05,0.0,0.01701240211194488,80.6,0.0,94.75110929142933,4391.820654195558,100.0,1
928,4.108051388435576e-05,0.0,0.017022083178119374,80.6,0.0,94.98014437028607,4391.815706915086,100.0,1
929,4.108050899918042e-05,0.0,0.01703176089012004,80.6,0.0,95.2091794491428,4391.810747684749,100.0,1
930,4.108050410222255e-05,0.0,0.017041435239875113,80.6,0.0,95.43821452799953,4391.805776504508,100.0,1
931,4.108049919348203e-05,0.0,0.017051106219270196,80.6,0.0,95.66724960685626,4391.800793374321,100.0,1
932,4.108049427295872e-05,0.0,0.01706077382019089,80.6,0.0,95.896284685713,4391.795798294148,100.0,1
933,4.108048934065253e-05,0.0,0.017070438034537005,80.6,0.0,96.12531976456974,4391.7907912639475,100.0,1
934,4.1080484396563327e-05,0.0,0.017080098854179937,80.6,0.0,96.35435484342646,4391.78577228368,100.0,1
935,4.108047944069099e-05,0.0,0.017089756271047918,80.6,0.0,96.5833899222832,4391.780741353304,100.0,1
936,4.108047447303539e-05,0.0,0.017099410276998128,80.6,0.0,96.81242500113993,4391.775698472778,100.0,1
937,4.108046949359642e-05,0.0,0.017109060863944592,80.6,0.0,97.04146007999667,4391.77064364206,100.0,1
938,4.108046450237394e-05,0.0,0.01711870802377291,80.6,0.0,97.27049515885341,4391.765576861111,100.0,1
939,4.108045949936785e-05,0.0,0.017128351748368686,80.6,0.0,97.49953023771013,4391.760498129887,100.0,1
940,4.1080454484578e-05,0.0,0.017137992029631732,80.6,0.0,97.72856531656687,4391.75540744835,100.0,1
941,4.1080449458004296e-05,0.0,0.01714762885944765,80.6,0.0,97.95760039542685,4391.750304816454,100.0,1
942,4.10804444196466e-05,0.0,0.01715726222970204,80.6,0.0,98.18663547428359,4391.745190234162,100.0,1
943,4.1080439369504775e-05,0.0,0.01716689213230893,80.6,0.0,98.41567055314033,4391.740063701429,100.0,1
944,4.1080434307578724e-05,0.0,0.01717651855913971,80.6,0.0,98.64470563199706,4391.734925218214,100.0,1
945,4.108042923386831e-05,0.0,0.017186141502079977,80.6,0.0,98.8737407108538,4391.729774784475,100.0,1
946,4.1080424148373406e-05,0.0,0.01719576095304376,80.6,0.0,99.10277578971052,4391.72461240017,100.0,1
947,4.1080419051093894e-05,0.0,0.017205376903888236,80.6,0.0,99.33181086856726,4391.719438065258,100.0,1
948,4.108041394202965e-05,0.0,0.017214989346541643,80.6,0.0,99.560845947424,4391.714251779696,100.0,1
949,4.1080408821180535e-05,0.0,0.017224598272861158,80.6,0.0,99.78988102628072,4391.70905354344,100.0,1
950,4.108040368854643e-05,0.0,0.017234203674760806,80.6,0.0,100.01891610513746,4391.703843356449,100.0,1
951,4.1080398544127225e-05,0.0,0.01724380554411198,80.6,0.0,100.24795118399419,4391.698621218681,100.0,1
952,4.1080393387922775e-05,0.0,0.0172534038728287,80.6,0.0,100.47698626285093,4391.693387130093,100.0,1
953,4.1080388219932966e-05,0.0,0.017262998652768147,80.6,0.0,100.70602134170767,4391.688141090642,100.0,1
954,4.108038304015766e-05,0.0,0.017272589875844346,80.6,0.0,100.9350564205644,4391.682883100285,100.0,1
955,4.108037784859674e-05,0.0,0.0172821775339429,80.6,0.0,101.16409149942113,4391.6776131589795,100.0,1
956,4.108037264525007e-05,0.0,0.017291761618935197,80.6,0.0,101.39312657827786,4391.672331266682,100.0,1
957,4.1080367430117534e-05,0.0,0.017301342122735264,80.6,0.0,101.6221616571346,4391.66703742335,100.0,1
958,4.108036220319899e-05,0.0,0.01731091903721449,80.6,0.0,101.85119673599134,4391.66173162894,100.0,1
959,4.108035696449433e-05,0.0,0.017320492354272687,80.6,0.0,102.08023181484806,4391.656413883408,100.0,1
960,4.10803517140034e-05,0.0,0.01733006206579546,80.6,0.0,102.3092668937048,4391.651084186712,100.0,1
961,4.1080346451726086e-05,0.0,0.017339628163654197,80.6,0.0,102.53830197256153,4391.645742538808,100.0,1
962,4.108034117766226e-05,0.0,0.017349190639762924,80.6,0.0,102.76733705141827,4391.6403889396515,100.0,1
963,4.1080335891811794e-05,0.0,0.01735874948599303,80.6,0.0,102.996372130275,4391.6350233892,100.0,1
964,4.1080330594174547e-05,0.0,0.01736830469424433,80.6,0.0,103.22540720913173,4391.6296458874085,100.0,1
965,4.10803252847504e-05,0.0,0.017377856256402424,80.6,0.0,103.45444228798847,4391.624256434234,100.0,1
966,4.108031996353922e-05,0.0,0.017387404164352915,80.6,0.0,103.68347736684521,4391.618855029632,100.0,1
967,4.108031463054088e-05,0.0,0.017396948409967194,80.6,0.0,103.91251244570194,4391.613441673559,100.0,1
968,4.1080309285755243e-05,0.0,0.017406488985159285,80.6,0.0,104.14154752455867,4391.60801636597,100.0,1
969,4.108030392918217e-05,0.0,0.01741602588180058,80.6,0.0,104.3705826034154,4391.6025791068205,100.0,1
970,4.108029856082155e-05,0.0,0.017425559091776677,80.6,0.0,104.59961768227214,4391.597129896068,100.0,1
971,4.1080293180673254e-05,0.0,0.017435088606987392,80.6,0.0,104.82865276112888,4391.591668733666,100.0,1
972,4.108028778873712e-05,0.0,0.017444614419304116,80.6,0.0,105.0576878399856,4391.58619561957,100.0,1
973,4.1080282385013044e-05,0.0,0.017454136520626662,80.6,0.0,105.28672291884234,4391.580710553737,100.0,1
974,4.108027696950088e-05,0.0,0.01746365490282642,80.6,0.0,105.51575799769907,4391.575213536121,100.0,1
975,4.10802715422005e-05,0.0,0.017473169557803203,80.6,0.0,105.74479307655581,4391.5697045666775,100.0,1
976,4.108026610311177e-05,0.0,0.017482680477442614,80.6,0.0,105.97382815541255,4391.564183645361,100.0,1
977,4.108026065223455e-05,0.0,0.017492187653630253,80.6,0.0,106.20286323426927,4391.558650772126,100.0,1
978,4.1080255189568715e-05,0.0,0.017501691078251724,80.6,0.0,106.43189831312601,4391.553105946929,100.0,1
979,4.108024971511413e-05,0.0,0.017511190743178418,80.6,0.0,106.66093339198274,4391.547549169723,100.0,1
980,4.108024422887067e-05,0.0,0.017520686640310146,80.6,0.0,106.88996847084273,4391.541980440465,100.0,1
981,4.1080238730838185e-05,0.0,0.01753017876153251,80.6,0.0,107.11900354969946,4391.536399759107,100.0,1
982,4.108023322101654e-05,0.0,0.017539667098731115,80.6,0.0,107.3480386285562,4391.530807125604,100.0,1
983,4.1080227699405615e-05,0.0,0.01754915164377735,80.6,0.0,107.57707370741294,4391.525202539911,100.0,1
984,4.1080222166005265e-05,0.0,0.017558632388571027,80.6,0.0,107.80610878626966,4391.519586001982,100.0,1
985,4.108021662081535e-05,0.0,0.01756810932499775,80.6,0.0,108.0351438651264,4391.513957511771,100.0,1
986,4.108021106383574e-05,0.0,0.017577582444928908,80.6,0.0,108.26417894398313,4391.508317069232,100.0,1
987,4.1080205495066296e-05,0.0,0.017587051740264315,80.6,0.0,108.49321402283987,4391.502664674319,100.0,1
988,4.1080199914506884e-05,0.0,0.01759651720287536,80.6,0.0,108.7222491016966,4391.497000326987,100.0,1
989,4.108019432215737e-05,0.0,0.01760597882464765,80.6,0.0,108.95128418055333,4391.491324027188,100.0,1
990,4.108018871801761e-05,0.0,0.017615436597480993,80.6,0.0,109.18031925941007,4391.485635774876,100.0,1
991,4.1080183102087474e-05,0.0,0.017624890513246783,80.6,0.0,109.40935433826681,4391.479935570005,100.0,1
992,4.108017747436682e-05,0.0,0.01763434056381641,80.6,0.0,109.63838941712353,4391.474223412529,100.0,1
993,4.1080171834855515e-05,0.0,0.017643786741089684,80.6,0.0,109.86742449598027,4391.4684993024,100.0,1
994,4.108016618355341e-05,0.0,0.01765322903695221,80.6,0.0,110.096459574837,4391.462763239572,100.0,1
995,4.1080160520460374e-05,0.0,0.01766266744327538,80.6,0.0,110.32549465369374,4391.4570152239985,100.0,1
996,4.108015484557627e-05,0.0,0.017672101951959007,80.6,0.0,110.55452973255048,4391.4512552556325,100.0,1
997,4.108014915890095e-05,0.0,0.01768153255487448,80.6,0.0,110.7835648114072,4391.445483334426,100.0,1
998,4.108014346043429e-05,0.0,0.01769095924389319,80.6,0.0,111.01259989026394,4391.439699460333,100.0,1
999,4.1080137750176134e-05,0.0,0.01770038201091495,80.6,0.0,111.24163496912067,4391.433903633306,100.0,1
1000,4.108013202812635e-05,0.0,0.017709800847825363,80.6,0.0,111.4706700479774,4391.428095853296,100.0,1
