particle_id,birth_time_s,x_mm,y_mm,z_mm,vx_m_s,vy_m_s,vz_m_s,mass_amu,charge_state
1,0,-0.24541767965190295,-0.11094660251721887,-0.72714317912285364,30.775276988412724,-33.580410146141894,1914.0993366368348,100,1
2,0,0.43190097098859503,-0.22072938245966039,-0.72380565171197375,-3.7360132200931715,4.6268057265109084,1920.5134280339325,100,1
3,0,-0.15837569462468323,0.27164268277797093,-2.3382813893367196,85.215128115418779,-44.357873842842267,1939.5192549159376,100,1
4,0,0.023500387523745125,0.4108876230717014,-1.0807097881880767,-25.237161909167497,-13.697386037387098,1925.9952612071634,100,1
5,0,0.36485816190097586,0.26816776907092854,-1.9586760822334044,14.226911933272364,24.427799472072898,1958.4437255577454,100,1
6,0,-0.031258776952841051,0.45393322197202629,-2.4422517433885185,-29.018965842623416,-16.231842884352066,1952.8318723289065,100,1
7,0,-0.40882852536292086,0.21951470005523513,-2.3337680138824286,24.299673552560339,-14.218577067408745,2009.415415175315,100,1
8,0,-0.425936166057163,-0.16016350833853402,-0.71302384259951346,39.61030644683045,-93.428075001873538,1978.1104655344384,100,1
9,0,0.19138200361309082,0.016491309733050741,-1.5000737798260773,18.46348162315849,-32.897252951206028,1939.5993512629916,100,1
10,0,0.012474148206777051,0.43823202533530825,-0.78523193090813204,25.694675096837731,-48.316850734308886,2045.2260168231994,100,1
11,0,0.26469103260251065,-0.16467697341801596,-2.2487033970013419,-3.3939374474676063,37.036703688381877,1964.6049185787426,100,1
12,0,0.14367339765784007,-0.38491003520182665,-0.6316703538090217,36.466716818822505,2.705020066085285,1923.2246836372424,100,1
13,0,0.42417391442656971,0.12998168505180591,-0.91174437195450486,65.336036246020782,-8.0482445618049887,1920.9326756180219,100,1
14,0,0.19405764482722462,-0.27239114862921415,-2.2364675807463126,-23.043840119382093,91.993447403190245,2023.5874969384574,100,1
15,0,0.42013484655108796,0.11932131439539756,-1.919598767952954,-27.907206966909492,-17.000534118105396,1946.2682803273365,100,1
16,0,0.098042826559511645,0.46074502022479913,-1.8491071863179052,39.505812440307871,42.314584129111964,1936.0237386314986,100,1
17,0,-0.43713141742827016,0.15809316514401686,-0.41352701235591272,7.2034226644624688,17.136574746553926,2036.8306862595634,100,1
18,0,-0.074908296966734164,-0.15066827130821153,-2.4097315758458935,-23.187973663194338,3.4146511196200913,1910.2323248325249,100,1
19,0,-0.13678848884763256,-0.31963959085786997,-1.3839859701831234,-14.072359828941632,36.87275889296712,1921.9266151312511,100,1
20,0,0.40243665910133036,-0.16322824812765421,-2.3016984980944333,-64.875289081742153,-37.191817783079152,1922.4461447540266,100,1
21,0,0.40411487876192814,0.17194412950489676,-1.4532254888215752,0.70409527172020159,23.732965083458396,2003.3877736848087,100,1
22,0,0.25069931033872805,-0.031897003504162212,-0.56082622279122074,18.062681917604841,0.78210166563640759,1966.0697848290527,100,1
23,0,-0.27031963703781564,-0.23720832326555111,-1.6831985855708622,42.535844790307053,11.740672092865996,1979.5898757830307,100,1
24,0,-0.054164041921582314,-0.079546201211484993,-0.59370861729637636,7.9913301894497826,-19.48225181846,1914.332122916195,100,1
25,0,0.41431389322970452,0.12580592957131848,-1.9571209016796292,-44.72312096849182,52.203271059278663,1937.129639461109,100,1
26,0,0.25640074367981275,-0.26832249926540913,-0.46934719831062832,-2.6360484662927353,49.154506910805694,2000.5050579170102,100,1
27,0,0.254921524542152,-0.29620308561817721,-1.5513770114026675,58.728050604438785,-9.7476850831990145,2001.7404125362111,100,1
28,0,0.079078296568998077,0.16880567171186217,-0.90237276467737915,1.1333683790581501,-6.4057619377771546,1959.3448909607816,100,1
29,0,-0.45864609534359108,0.13413604438369203,-2.0896360345663147,4.9628134817983423,35.398353021336831,1916.9013534229953,100,1
30,0,0.16618905987580077,0.059647216893898972,-0.64659919802398691,-27.542227142714612,-36.51578976639501,1920.180878322567,100,1
31,0,0.46009278971470141,-0.13162303765092265,-1.9270442494482123,16.963343039723785,11.899060202758701,1918.6642572838584,100,1
32,0,0.25218397630461054,0.13271705460563968,-0.46993752473199879,69.206393024100493,6.0899840833212933,1973.5766525126348,100,1
33,0,0.11697435921352509,-0.13095709454405796,-1.3543643215240471,-71.317997761963596,-7.7333633041676135,2005.7910183234374,100,1
34,0,-0.28377855441445943,0.21991896585525661,-2.0771655733438932,19.765966469434709,-34.159422076208926,1975.3585575953516,100,1
35,0,-0.41720781891595027,-0.25204134389552679,-1.0506079800441674,32.882690149044052,-33.167943954004535,1953.8941436698851,100,1
36,0,5.2077618665349991e-05,-0.35639506420340056,-2.2501679852374989,-4.176907410613115,53.066471716795384,1987.9852436242174,100,1
37,0,0.087871025565245675,-0.38759656357598832,-2.0095560998883983,-24.103725464518281,18.290534973910848,1980.6352621877816,100,1
38,0,-0.11011615399773152,-0.081690462668649474,-1.6839846282862578,-17.961527095465886,21.088932779535916,1944.1060260600475,100,1
39,0,0.18662184265588908,0.077760111574200722,-0.84693937117024032,-11.849733287301818,-40.399335645521418,1911.9282597442409,100,1
40,0,0.4716059155562618,-0.079578903819243471,-2.5041287357377522,-9.0081598003572125,9.7259623566055602,2004.1561715248974,100,1
41,0,-0.32207838404885342,-0.11724878242965894,-1.6159535932415858,17.087239475248541,-46.984107442950908,2020.4103526159677,100,1
42,0,0.11281878816580367,0.21981653369716717,-0.42800755820671355,8.268277859238566,39.979648530110119,1957.6021130551999,100,1
43,0,-0.27186505950516227,0.016198928541003604,-1.0140657408545311,-74.586631656795561,5.1406194052582803,1844.526784692978,100,1
44,0,-0.38177826106185908,-0.14729246902381016,-2.134289932687695,26.773639010944986,28.050583081259326,2016.9102973607653,100,1
45,0,0.35033241679197269,0.097369688738242685,-0.86783873843809134,-18.422207279495574,-14.985318089379714,1879.7402548519533,100,1
46,0,0.080240064519198781,0.0048262313045304159,-0.87843187436813797,-0.85575658746083394,-1.241678589788161,1945.2833969602193,100,1
47,0,-0.33602749657262132,-0.30377993630837213,-2.1841024566543275,86.015746955116839,43.879595989295005,1919.0149276805771,100,1
48,0,0.3351523567803627,-0.053013302727326753,-1.0078944188716985,-9.5368535393670513,-26.591278331884968,1985.0992198755503,100,1
49,0,-0.3910094342099838,0.13944786387143029,-2.4829558376830807,6.1389745076332263,10.754387602594946,2036.6259512574893,100,1
50,0,-0.33750837362965719,-0.034495504910746787,-0.61227112855247279,-108.27063176488531,-100.22647514334426,1946.8323588540322,100,1
51,0,-0.11729808379738905,0.15383946642767596,-1.027049699770693,-34.858210851428389,36.294550036177959,2008.5661417337544,100,1
52,0,0.1593956058592309,-0.17158202097446257,-1.6613653913901032,8.4217384294400492,8.3425662254615194,2073.3986878163032,100,1
53,0,-0.37589366604025731,0.12900261888655415,-1.6135503711291215,-11.013205816983699,71.620843499143973,1880.0952164324119,100,1
54,0,-0.37703005264565514,-0.26161005260885739,-1.9852526678661315,20.405916176206915,-81.945591225789855,1925.3986122195217,100,1
55,0,0.25566524506342359,0.15168484091870629,-1.4951550685245902,32.465097944853134,-69.273979129073439,1949.1847855249987,100,1
56,0,0.034710789665720415,-0.32426759996972865,-2.0044022753267834,1.3966701807164752,-9.8991763162215722,2049.6790570889989,100,1
57,0,-0.31059531897405318,0.30922406185588164,-1.6524954043000721,52.77543341203085,0.47842779403708263,1942.0194716896915,100,1
58,0,-0.37235775461538739,0.29725213932896666,-1.7818320237112939,-3.2273651416334164,-23.488191344962686,1971.69547416877,100,1
59,0,-0.22551406742734309,0.36487529973588373,-0.40060945439865048,-32.395641661729542,-3.7972744924956983,1923.7972415333777,100,1
60,0,0.15871715680248774,0.34793386077547966,-1.3822333833028937,-51.515301180497652,7.9933589715622677,1929.1860749435123,100,1
61,0,0.15200623328670859,-0.44719842568238655,-0.77707984956246356,-3.5367568116268431,-10.722756589355125,1945.2236713000709,100,1
62,0,-0.29230249788970292,0.34331112338500097,-2.3256457426805004,5.7081558751707169,33.781415271096762,1996.2393391482112,100,1
63,0,0.43403562730103845,-0.15341538834593443,-2.0070351919005867,73.278054630674617,-6.6402760685640869,1965.2707267268415,100,1
64,0,0.4106081765611781,-0.16573709392270847,-0.52977653155879056,14.173540091489501,-8.8462453637043534,1907.5661894392993,100,1
65,0,0.33950035896026898,-0.0091226560039470665,-2.4945339338339259,-36.141898587364807,63.386187974010795,2094.5908960379156,100,1
66,0,0.016108545987206822,0.17360334603172073,-0.42178612916043634,24.600489787761141,-93.156198794035674,2013.030835391445,100,1
67,0,0.41174495466513572,0.031869932450047447,-1.3224480863419248,-28.834801833561805,-41.329344905552929,2006.3740360615138,100,1
68,0,-0.14158558218222511,0.45540209024601419,-2.4895911061826843,-15.518135952636694,56.852569610013148,1892.8122052712918,100,1
69,0,0.35319377537296226,0.1920042197327308,-1.3503575549118019,-127.65151563490664,-16.854515850376352,2019.3468705445225,100,1
70,0,-0.44982972255454545,-0.07122003056936381,-0.44625649632519049,9.534147344107577,-18.643114074346474,1990.2423005788824,100,1
71,0,-0.070676387981274888,0.058529676789937264,-1.2265127216532488,-6.442135281373309,-11.505343939416537,1940.8120114617855,100,1
72,0,0.31910013913009949,0.15112645367939398,-1.1886512265342097,40.696909161494901,24.116203503469773,1927.5912356802974,100,1
73,0,0.21914806670337897,0.18452213473445059,-1.6738736901439459,-44.111198043076207,-50.010199789793411,1934.8026799985819,100,1
74,0,0.040085339653614688,-0.29641854010584967,-0.91363234435326168,3.5934791704317712,-22.604862818750963,1981.6631746009505,100,1
75,0,0.40368418723726224,-0.23770263737438865,-2.3388883572914989,31.413274031993463,27.343712046423768,1874.5944539614397,100,1
76,0,0.082810300739439402,0.19127759025055754,-0.41212529479351656,-15.417316113086565,-1.221032329259615,1925.561960038935,100,1
77,0,0.013991661242811088,-0.065447165710862815,-0.90147562956995164,-23.854554612257672,-17.035042194141624,1986.2726950228148,100,1
78,0,-0.34213586140750873,-0.0032235806119458145,-0.67987052678577842,0.83644332482259842,-20.52647841764578,1984.3585182220761,100,1
79,0,0.12230791264545547,-0.0068660952332413741,-1.1182543758219219,7.4943887978951711,-15.51274298949072,1936.4142648549448,100,1
80,0,0.031107720787162171,-0.22741394764475131,-0.79941789807853103,54.789362751628857,-5.0398101794559444,1983.6710328784095,100,1
81,0,-0.30426796704439629,0.29237175701651713,-0.4767369155772434,-17.213944532346488,9.2652137992002412,1854.5318088097729,100,1
82,0,-0.48944497664260977,0.052916201753769196,-1.1623286702325766,99.032169261637108,41.746413142382188,1937.2062525852602,100,1
83,0,0.061343189838851953,0.30677571291596134,-1.1708083064288877,2.3299341543982948,0.57480830389391724,1971.6001234212074,100,1
84,0,-0.34387977623439359,-0.19149031180854792,-1.945721163347941,64.178365183899615,28.090716011349048,2044.2298472116795,100,1
85,0,0.2530514461290666,0.16208594031036339,-2.2983876720455045,-22.821587825587876,-33.552689702218046,1904.0937959629769,100,1
86,0,-0.22115634837253262,-0.21572872925329858,-2.3427346023794429,64.956324711206364,-57.06959833525201,1896.313100334628,100,1
87,0,-0.026834810039810496,0.37540196910365098,-2.265365491272747,-57.828622700662542,-54.954931499498969,1934.7250886513291,100,1
88,0,0.04169199661465188,-0.2485735675644003,-0.51985244837758915,-12.072771582452457,-44.078610964628936,1902.1779046547108,100,1
89,0,0.43766025421230931,0.24161104494978519,-0.49322685531027832,30.571974955744558,25.82595457628474,1972.8995825477809,100,1
90,0,-0.33854132859047514,0.19258249196061544,-2.4409489558533974,-21.364798257032334,37.898711379630107,1960.1657166217565,100,1
91,0,-0.10020101021757401,-0.29493680677008888,-0.41904858810450207,29.139196942924119,80.097275323661947,1919.7535795747519,100,1
92,0,-0.40570049022960164,-0.16739414033776209,-0.55588052165647739,-8.4857387463407576,3.2862567538116143,1997.7480538449188,100,1
93,0,-0.27560514822596421,-0.165234270033321,-1.261262624722495,37.535688749431088,-27.672460317635679,1931.0759565667895,100,1
94,0,0.32657210219088856,-0.31894229323781303,-2.5682581478407416,29.056365142333902,-11.512120870376345,1903.8427021958396,100,1
95,0,-0.2619996597903263,-0.16666925865921492,-1.4180453550216816,-27.23787975548958,9.1200058709488889,1962.8733454171211,100,1
96,0,-0.30217586079432873,-0.24213636848593745,-1.9200907908620395,6.5967556200565145,2.4231601889805909,2036.7305283064541,100,1
97,0,0.31838819501244914,-0.12706301342213999,-1.6415340155867755,16.294852849365927,-21.100431776299477,1909.0305095489291,100,1
98,0,0.053542674721376818,0.0047816956253078774,-1.040237239562994,-35.524735824696279,20.379880169167421,2007.0310967876078,100,1
99,0,-0.23650418176354002,-0.086101121178652901,-1.136504432888092,6.3732841173561638,43.931875063648064,1868.5192187031128,100,1
100,0,-0.29228458225401194,0.22824405302122341,-1.2818462479665835,32.82599940857898,-40.895444463982315,1953.0131327015147,100,1
101,0,0.31903748469528465,0.097156050561531926,-2.0464780297651979,39.143123675596762,34.252433628281807,1830.8708547053991,100,1
102,0,-0.052407797725187014,0.30576771663457941,-0.9499307638001494,2.9029151506772011,1.8167357407021709,2020.9820738826531,100,1
103,0,-0.059391760152488579,0.29458624513489062,-1.4460167019740968,-37.165350193536447,-11.733272462727376,1926.7967429012951,100,1
104,0,0.018916040108218547,0.44094181675114907,-0.78212835011995752,-1.4935077783296336,-32.079942201283565,1979.4703223156434,100,1
105,0,0.23928280204972741,-0.074981045011958777,-2.0597022752303538,6.6668963231653802,-23.768589967855679,1948.9364659867106,100,1
106,0,0.059099895651933555,0.060970472259009534,-1.6962319544818816,-8.094388833559389,-0.92458978632754918,2032.6565822250013,100,1
107,0,0.25914747061757276,-0.34138414314551763,-2.0411746485995703,10.232819786293968,6.2867457548310037,2017.8138346971887,100,1
108,0,-0.3173229675159227,0.08797442221990695,-1.2713120727818175,-16.90928200648073,-23.020308987726334,2038.6367392108239,100,1
109,0,0.089789780604571975,-0.06389421208160638,-0.85957777943979596,5.3513239596896689,9.2354375258783445,1948.3773115130223,100,1
110,0,-0.16832175893416457,-0.10792246793991707,-2.295062963852621,75.913044296388449,11.401516156085528,1978.0485551728007,100,1
111,0,0.25492768812394812,0.06981492887074163,-1.1108237382181685,-30.772364779449422,-90.050897161505887,1923.3370424338548,100,1
112,0,0.24915611420914313,-0.095567179831324997,-2.074934166462004,-6.5054544116435888,51.21402022418507,1936.9209806620715,100,1
113,0,-0.18028196316291151,0.21843594275913905,-1.8878772203344021,17.060848425973678,8.7766967317242877,2004.2577569399004,100,1
114,0,0.34332843939028357,0.2415604901122051,-0.51294104479365676,24.479073967953617,6.4015885530054,1934.0239796768567,100,1
115,0,0.3388185864520144,0.2818016459506163,-0.76246920196445644,37.448086003005741,-34.401851412613652,1907.9678151327516,100,1
116,0,0.17565029429761947,0.20284726115515156,-1.3736721144214441,-3.027747935148545,-39.035467835290802,1929.3584199548013,100,1
117,0,-0.18422188702613065,-0.052218655967112074,-1.0899665072573963,-78.813150550155072,16.36098576428456,1973.8997206490349,100,1
118,0,0.098974619249894522,-0.43212772290068624,-2.0936695910163672,-49.559414199561672,70.183139160593697,1969.5411754437071,100,1
119,0,-0.10787465805320687,0.014206253385205222,-1.3412253106930561,22.200369528673143,32.703304728212096,1966.7355561969061,100,1
120,0,-0.31926979244897924,0.22184180052773167,-1.6177242116349257,9.1544100365946957,-16.104835168050975,2014.0868590117232,100,1
121,0,0.038968246161024907,-0.37548545763802549,-2.259587290319653,-22.466756172435698,-62.312738487089547,1910.6427263399864,100,1
122,0,0.33264850113924427,0.25380056058766409,-1.9257110176028513,17.567989080441851,-50.193207788173076,1926.1927616402586,100,1
123,0,0.065166990285873735,-0.10298008789177256,-2.0198913293657133,39.736478454005479,32.15272127649208,1879.2842002684438,100,1
124,0,0.32950334276588539,0.3094187711522845,-2.089284923931169,15.686320811285684,41.480539335689564,1966.8912604627492,100,1
125,0,0.028831785435518724,0.11307555400038145,-2.3396510988330435,-21.979457357353667,16.72968131789894,2009.8676806073286,100,1
126,0,0.12833486295402444,0.47884783759754185,-1.5977904549448143,11.608405103037793,-38.885853827140828,2015.293200017984,100,1
127,0,-0.25946351936712975,0.044147857974510096,-1.9395393164860861,47.651750056637766,-23.321374154561479,2047.1236115171769,100,1
128,0,0.32547000907488022,0.33513464714659447,-0.54581026857602821,-49.186633557503058,129.53619284572289,2088.605551798521,100,1
129,0,0.28354783767963476,0.31812974677125216,-2.1994574935841769,-24.608301151386726,0.84095739754851773,1921.1993407448492,100,1
130,0,-0.30084412388949955,-0.069581031644319127,-0.88346554146827916,28.680549569595733,0.48378936035351688,1964.8041226372341,100,1
131,0,-0.047414671130838824,0.172088091750706,-1.1499375328784636,43.910779505300546,-28.360100804706221,1932.0575140502167,100,1
132,0,0.31815228668836809,-0.031840712713167345,-1.3764095790913113,16.134598477249451,29.092770827200621,1914.4556290865003,100,1
133,0,-0.47884692535635387,-0.097542828234561368,-1.7714284330558623,-25.277482705412488,-29.782983254644396,1926.096425228164,100,1
134,0,-0.3681219677567088,-0.00068934890767258488,-0.48510008657695702,-43.7689749149893,-63.764280567377597,2004.2691071008055,100,1
135,0,0.1890978254315985,0.35475312792885932,-2.3080639943021284,8.7604104953505768,17.230624416477312,1826.0143022348807,100,1
136,0,-0.36802784056004334,0.26024172239131249,-1.9773367026666351,-62.892714095018015,-3.47930420202696,1941.7414588651022,100,1
137,0,0.2707191125354767,0.38621762906261609,-1.631089155706017,33.730705413788513,-42.656433494814479,1958.0127071083098,100,1
138,0,-0.24522110053490975,0.04332979276886887,-0.95984646596637324,47.466539711260886,-33.689293985382015,2061.0140272831109,100,1
139,0,0.26005069176561124,0.16194684215131089,-2.3803825910629612,-22.24031393903347,35.145864652118412,1895.2339085041219,100,1
140,0,-0.099681379086141858,0.42519295790375256,-1.257745933572417,34.473953071870184,8.9662869020007285,1970.2143211776597,100,1
141,0,-0.15202680925870657,0.38745640217928878,-2.3165624218063421,27.521150438648537,7.6068910410624806,2037.7314621612488,100,1
142,0,-0.27635780677463151,0.069292137448223962,-1.9605900635198585,-35.668286465413281,-14.635202585300998,2024.8444554483592,100,1
143,0,-0.1040039609172614,-0.22702632218377508,-1.1069431836639216,-19.782460042424962,-25.102899617953561,2021.2274047094861,100,1
144,0,-0.25560855059652327,-0.0092153393921923163,-1.2817244847846652,-30.601259458155784,16.712607230553996,1905.8563383885175,100,1
145,0,-0.35323122206999308,-0.050745295702634481,-0.99596567261906721,10.018425882904774,48.857518646618722,1946.2389608720046,100,1
146,0,-0.14321788916614778,0.45508808789535493,-1.8436956999515788,-9.9222958785128998,8.0843770539616351,2067.2460142600085,100,1
147,0,-0.32836981896655287,0.24601650992571777,-0.42423419858730282,-90.730549748143218,38.24656365013275,1955.5022440590219,100,1
148,0,0.37269749342789704,0.15270690949440663,-1.3907930317777402,9.4397481367086851,21.614038838028204,1964.7810351342835,100,1
149,0,0.017498746261654936,0.12136424957012497,-1.7993323235771836,-54.267574005485557,41.519027363521808,1986.4626261468516,100,1
150,0,-0.38753513417576602,-0.30006352438263673,-1.0178583625050992,36.426240991059267,11.250768108312201,1942.9450995282909,100,1
151,0,-0.16471160413384395,0.30771677099544625,-2.033144122835981,22.691514199815163,-10.672746979748021,1925.2705936933805,100,1
152,0,-0.09396135770266914,-0.063487362591289564,-1.6393515282698969,-23.426734260433033,5.4405461866945002,1952.8875428820625,100,1
153,0,0.25756366233282818,-0.22094266529908041,-0.75403796896456954,-22.586348866594815,80.982597305479445,2023.1477238309642,100,1
154,0,-0.38583171042693543,-0.052170447193132317,-2.0950460643537516,-9.9746131453727802,9.3924104807105344,1932.4952882321277,100,1
155,0,0.11907635439525407,0.19932126964182598,-2.4300433231865783,-27.817844963827866,-55.798715960294722,2016.4721493139712,100,1
156,0,0.024738656305530272,0.12292879206106151,-1.5912142554528441,16.00272385936594,-55.564677243644176,1971.8269299549995,100,1
157,0,0.28546214874064613,0.36679789957833608,-0.40706586930779887,-53.791004818718164,-22.110839382126503,1983.1823614345969,100,1
158,0,0.09045397388370828,0.10125188072475361,-0.44007184655630049,76.00034664020221,-4.4483188519592236,1991.5220277684875,100,1
159,0,0.13680947465758977,-0.17729868661203407,-0.9445482222624596,-0.89103909815618787,-9.3867680836194065,1989.3852435360225,100,1
160,0,0.068342572435625484,0.24191395693415663,-1.8434344521728216,-25.378628352740627,46.452215918087276,1980.9073076382892,100,1
161,0,-0.14402974809231595,-0.18671126430613727,-1.31162934847234,21.042423467944893,-32.159593687292606,1957.5002661222886,100,1
162,0,0.011771266641576249,-0.49135182582155196,-0.63345704840779182,19.974573615733167,-37.290347707242567,1952.0079323912532,100,1
163,0,-0.16353400416408179,-0.29429926222060038,-2.5500383150369821,-12.846300249753616,3.2841216005737928,1972.397397961405,100,1
164,0,-0.17676715395563,-0.16448857825539237,-1.5303983686925988,-0.82143251308194465,76.659470867882874,2032.3749371514705,100,1
165,0,-0.20500333471014603,-0.36665152093329284,-1.1538556448544781,71.741530887086753,-58.087904492961904,1873.9960314576865,100,1
166,0,0.43337529232536381,0.058794856972181321,-0.50254491887151198,-99.265633686485899,-42.65143922479124,1977.0024705557789,100,1
167,0,-0.017879396208779267,0.24934298105001657,-1.269844856670046,-49.90896611233957,-19.684641386034027,1967.4931910129017,100,1
168,0,0.43976553161798726,-0.23161036436136501,-2.3527563586471678,-58.873073484171286,-7.8682180413356777,1947.7124201447639,100,1
169,0,-0.12847012266529559,-0.23973655462352006,-0.93069489614587531,-5.3807895606586387,-67.614401975172242,1924.1267886523067,100,1
170,0,0.020812434025095503,0.30157911358075362,-0.63517054884872426,6.3184645832691251,-35.438541768446484,1994.5770096660769,100,1
171,0,0.2834596771385493,0.041559064729649584,-2.224035779328414,34.60444578677663,-7.1392097255277207,1963.4006012878194,100,1
172,0,0.016485065403896822,0.45305669265339354,-2.0902464433021644,1.4244355031273668,1.1414993081408908,1995.0872250001453,100,1
173,0,-0.26441298114318551,0.38170870369924348,-0.87380539462045059,23.47620980551228,-19.341414774764722,1994.2313361118436,100,1
174,0,-0.045138577894799026,-0.17105139946523051,-0.57044756666415453,-0.71936217685979487,53.25216713489862,2007.1540311897529,100,1
175,0,0.02279456486165745,0.37955788738752644,-2.1886303213199216,-23.211014883810545,37.002438400034052,1965.8659356277042,100,1
176,0,-0.10292429111192866,0.25915207932988471,-1.1976362454338574,24.807139241424281,8.6928883920838285,1982.9447769386707,100,1
177,0,-0.19671647214333224,0.33477524426673733,-0.69558153482252671,24.404867751316946,22.65816117076529,1962.5986184481744,100,1
178,0,-0.12325480255830426,0.015631127101146714,-0.84334899062649926,34.733373591875598,-57.500340428715582,1894.4371846090828,100,1
179,0,-0.1745738202720056,-0.24099697719699897,-1.1543737945104817,-0.42864425123750827,14.824586242400851,1983.5665276084223,100,1
180,0,0.26369183309014943,-0.14145393461407432,-2.3893403496412935,41.744022489687126,-5.7906649410915252,2015.2489724352058,100,1
181,0,-0.29091331596458347,-0.1833613840189813,-0.61130899434390018,-45.884097953250162,21.887525524693931,1942.3901602888373,100,1
182,0,0.18424636562213156,-0.17879460809256159,-1.0826223035445484,-17.840726850684071,-40.129652012788775,1986.8930313722124,100,1
183,0,-0.098783792828074965,-0.27378615666453021,-1.8257072253810751,4.366134444064345,22.136678180548614,1974.2258689505745,100,1
184,0,-0.13047913258397173,-0.062973481398838085,-1.5049863441750173,27.281944564322423,59.680546489508849,1869.0004980613066,100,1
185,0,0.45407321396144562,0.080713964147958076,-0.80187797497525148,16.864875950361608,109.63411915382757,1942.5047160787863,100,1
186,0,-0.015641745536863687,0.34364767067031632,-2.4644622877936331,-6.7188011142308017,15.251923576300507,1967.4472728925703,100,1
187,0,-0.3200557481341092,-0.24756322367323558,-0.43366770781289232,17.53899052052347,-13.867684714331444,2115.3826351767739,100,1
188,0,-0.26916090427738865,0.070881132841259589,-1.0111959471721574,-3.4966492119068433,-39.266241320952417,1943.2659690570244,100,1
189,0,0.43593437555668507,-0.11762638177517686,-1.4074055555214868,-26.84645425305181,45.149393053265783,1869.9320657718586,100,1
190,0,-0.1613025496607548,0.25138141978739392,-0.65011384246367898,41.864763153240069,-32.807271906935824,1997.7071574186327,100,1
191,0,0.3058982531112398,-0.067198596048432827,-1.4965246849203269,-7.5341501618575952,15.047600518069105,1978.969211886402,100,1
192,0,0.054356663023633539,-0.049821601512053254,-2.539126417668633,76.437065966766184,29.96980319937574,2037.2585385578564,100,1
193,0,-0.1434971851371071,-0.13264608843485912,-1.0285372475548522,79.148898569990081,19.315243547756662,2052.9114479436485,100,1
194,0,0.034609580065032307,0.48193121074660977,-0.99403222324240259,15.226352902686029,-73.749415752647977,1937.6872070087061,100,1
195,0,0.15981428145045007,0.098485295051966973,-1.7283533609921493,25.228122469332554,-33.626497462946759,1931.6868375618863,100,1
196,0,0.19732392933277326,-0.35980959494178855,-1.9681631057564808,54.483564818138802,35.951926299636817,1987.3981725856975,100,1
197,0,0.038464892786844083,-0.020616434623772485,-0.52206734847990199,25.303527337501926,28.293631986982071,1966.3314302680253,100,1
198,0,-0.31764287742107566,-0.17948560667448468,-2.1434285455212412,-52.735526292334441,-29.615324970620577,1981.1040046109802,100,1
199,0,-0.13666527711663887,0.060276323330868326,-2.3308998015494651,14.631066534901919,-11.558396727466056,1913.0612658682053,100,1
200,0,0.2363034322143632,0.11058100474958295,-1.0765229412293862,-31.503128485211903,49.676494407993573,2020.2278326890355,100,1
201,0,0.35004997641873831,0.1932635239914697,-2.0161851229526553,-4.2008168123897258,49.242525187163089,1971.1170795453256,100,1
202,0,0.34247113284125247,0.35010887272648716,-2.1079159727837369,-21.104124191576641,55.714671764103912,1961.3982896209241,100,1
203,0,-0.10186106837750206,0.09383678169944791,-2.095683924347695,-20.916415910362186,-6.6217751660931654,1917.0071185393933,100,1
204,0,0.078025080017046958,-0.20322954207729846,-2.056073211204378,8.059235036849012,7.169891562616491,1970.2358602069733,100,1
205,0,0.047470006078972726,0.043593542855817097,-0.85757874348564012,-29.630983157183621,-57.981731757374348,2061.7093623850765,100,1
206,0,-0.32730419494742258,0.12099668113034952,-1.5154347745475787,19.992392442641052,-3.3150303486729364,1968.4332755437342,100,1
207,0,0.065352193584855806,0.40832407350411193,-1.9924997669186952,7.6655658280489236,50.652531008111445,1915.5895583507415,100,1
208,0,0.16661583385483875,-0.22655263174409465,-1.415290406073296,-46.768986303051406,59.083022227806232,1954.5570066304815,100,1
209,0,-0.087865136213076359,0.42044797122336924,-1.7215378344735486,-0.21965778706017305,57.075758840459557,2109.6503807227687,100,1
210,0,0.33514682608222374,-0.029574608812644041,-0.66707039540382584,36.655667327723819,-36.840936860929197,1936.7284209389591,100,1
211,0,0.10679347600933387,0.22368423686325584,-0.78540658646708905,-6.4383456930660703,-7.0174773120449148,1942.26797217379,100,1
212,0,0.12431773305179669,-0.192587873259813,-2.2785215846463327,-54.50761210069254,-64.290900204029953,1941.3117499201633,100,1
213,0,-0.13740261541815488,-0.0097892235183176472,-0.46131440138128466,-12.95101517499152,-52.285904377789457,1994.4786866707591,100,1
214,0,0.34996703221460501,-0.31572363795529046,-0.80129185982897577,41.412644489543972,-36.818742756735404,1964.9555951637817,100,1
215,0,0.37305737316328114,-0.044699915617474266,-2.3506604238677413,-27.457916694419961,-7.7999349277581453,2035.4798328419186,100,1
216,0,0.12951619254652133,-0.3695385618119274,-1.3090177611784615,-32.786904866585388,30.292607401880833,1926.7038150048629,100,1
217,0,0.26348258481619924,0.32758796492523801,-0.54617444880763344,63.853331164269818,-26.421122235083647,1995.3624167663795,100,1
218,0,-0.11604675586758566,-0.45793959942691786,-2.5511039070278292,11.031945586818411,-60.252536616437759,2004.3648997328883,100,1
219,0,-0.408063246134373,-0.2137959867873136,-1.8601993788968665,-19.86574763699463,-33.995409087158201,1914.1308641208409,100,1
220,0,0.28909016159786821,0.14745503987062542,-1.5486975524983555,-13.441535511160204,12.335594121801192,1929.2344329782495,100,1
221,0,-0.27493544593287461,-0.099527072634299094,-0.69512680917710512,34.650451644525042,5.5329908852381173,1956.2629846062682,100,1
222,0,0.12141617911998209,-0.3374690092213567,-0.74352673840713401,-2.9672922611781156,27.070371235132978,1979.6825013228131,100,1
223,0,-0.45612740492073078,-0.20031082144937121,-1.3823694022917825,74.057951438451113,59.768744503275819,1989.4558975899536,100,1
224,0,0.46350065937010654,-0.10512320839308222,-2.1584634173335857,16.387170443674115,-32.105450963612348,1933.5562946997834,100,1
225,0,0.44185156339072851,-0.2185605341432634,-2.4725009762935413,-82.265861276751309,-27.539617460660484,2012.0467620283669,100,1
226,0,-0.20355387901144126,-0.077973214386073755,-1.7304532033186373,-12.679234994132191,-42.986316392056168,1978.6781087359836,100,1
227,0,0.41245244519784957,0.0047165542111983266,-2.5042630587502259,34.41454112054911,24.121941817138914,2119.6976860314021,100,1
228,0,-0.14898041873446008,-0.39997008296451164,-1.3728433898908019,-8.7384916592553292,-58.890016165487687,2042.3023536710373,100,1
229,0,-0.14631564368073099,0.054781710022897098,-2.4216862531298373,-50.799255515865013,25.635187833325009,1951.6577369913059,100,1
230,0,0.13267789221999401,-0.11367895253350509,-1.9333409989456061,-8.5945137959913236,-20.40361688171286,1920.3167709592572,100,1
231,0,0.052292290542894894,-0.29180182465475379,-1.243798059233844,11.331090431173811,65.683231021884694,1912.6604144978996,100,1
232,0,-0.2104036454904171,0.25816603323337955,-1.720757483284628,-18.493250217610516,24.706278925001563,2022.7306193007378,100,1
233,0,0.38520841149692892,0.15014898408296479,-1.7514050210937897,19.668155615209319,1.3273888010177846,2077.7281982624527,100,1
234,0,-0.16797945340210735,-0.081806035477996045,-1.19627717155026,-23.65283973311449,-14.771652129559074,1926.628359253725,100,1
235,0,-0.26176708235290075,-0.27487161088886247,-1.1106960959407184,-61.864047026042108,-9.5955708955479349,1961.6592564975995,100,1
236,0,0.49356021814544665,0.045756619069966441,-1.9036211620425518,87.950618612623884,-41.848454836327129,1956.8275170741313,100,1
237,0,-0.078496942136373357,0.43241735504499806,-1.2331905938820042,-19.027006689243215,-22.196344724831597,1927.459826941255,100,1
238,0,-0.23620532275653752,-0.35288664330103298,-0.68891023593536627,56.721633822961103,22.724223182339689,1905.4231823119526,100,1
239,0,-0.28312999584569531,-0.28958562217315531,-1.2572272585755357,-25.078284403906355,75.122796009786583,2084.3739244749531,100,1
240,0,0.20086604238126551,-0.2980587663067778,-0.93927797280504888,1.5215468503686356,-5.2724453564021898,1969.5307497750446,100,1
241,0,-0.031817347050836678,-0.056895565723603193,-2.1366530642447255,86.108157806096187,35.985111638296729,1974.8349166072662,100,1
242,0,-0.16961606122252892,-0.4700420913012015,-2.0196092217054993,-27.195488625058786,31.89066106301798,1929.2169397947755,100,1
243,0,-0.057047599108555155,-0.49093777183889459,-1.4054134534507983,-38.454200917767949,-10.093901543207204,1980.1102681152786,100,1
244,0,0.33034256789051358,-0.1443051810275611,-1.7208996992022945,10.120735486945319,6.8151950176452409,1978.8172130116284,100,1
245,0,-0.24928353872827247,-0.030318261530651362,-1.6576206401351128,-17.052300819841562,13.327312792613368,2041.4364565840067,100,1
246,0,0.17673864961696195,-0.33469703973342546,-1.5255645846442054,-5.5168306338735569,50.524623004188669,1933.4604907607613,100,1
247,0,-0.059101934903537642,-0.41185014707488238,-2.0199431444170357,16.037328512733477,-15.779199494675254,1993.1351779203819,100,1
248,0,0.065521818578153063,0.41245699335370423,-1.8054111478876811,-42.677825349540761,-19.358000973587963,2059.4033082306632,100,1
249,0,0.13923895879981685,-0.11016951587124497,-0.85604936874368209,-64.15535697489301,9.7666650103272374,1978.6354736616292,100,1
250,0,-0.41666058654435634,-0.028758024424116659,-2.080132002507924,15.143021938409953,37.478253703991001,1978.9716723441193,100,1
251,0,0.20128303502497566,0.37171714317580962,-2.2927337478715293,-12.865955058262937,63.370513058529909,2051.2762283614729,100,1
252,0,0.29868481068695707,-0.2789771319085611,-0.82840863036390433,21.586760375919592,28.018131191347901,1958.6822033683331,100,1
253,0,-0.16799782565015237,0.14616863203891128,-1.9151656249131024,-3.698657259677856,-25.631531108712572,1976.8867716032519,100,1
254,0,-0.39984198389418935,0.12523072940113117,-0.85144882807437139,-45.843739245563711,-10.521158257190407,1913.235845486261,100,1
255,0,-0.44783360467952898,-0.20728380761135756,-1.2210313718790617,13.679084102148311,64.00415202936145,2008.7845761370834,100,1
256,0,-0.1332055514004728,-0.47169791624700019,-2.1428142710674698,27.947347863123518,4.753358196995503,1919.0321315896931,100,1
257,0,0.13366871091138724,-0.35618347880350315,-1.7923252342012392,-19.622551821808955,-8.1573368820530288,1996.0429034871242,100,1
258,0,-0.29159075418975927,-0.38459601029395213,-1.0722299942166991,92.459917837581898,29.837034966993816,1901.1895000502998,100,1
259,0,0.22641152631629302,0.40274722825828391,-0.83101358649667278,17.032941997055762,9.9885004562692448,2042.9876791179006,100,1
260,0,-0.028406193796203003,0.36551584055993402,-0.82815206435888067,20.946746768626817,8.5343594958249227,1879.6486330278062,100,1
261,0,0.36851635084189172,0.019903921742973337,-0.85213333920547263,36.855940100032122,-0.92440296339939843,2004.3228258733736,100,1
262,0,-0.43580306490126047,-0.13671909650244471,-2.0712836329424951,12.655980672015076,8.5156985056110734,1922.7466505871282,100,1
263,0,0.26336118013506898,0.3510657658674593,-1.9577112090477151,-22.020144044108296,23.714702751895228,1985.6404998174457,100,1
264,0,0.077787537660973224,0.15879824354126079,-2.3602409012571082,40.979970835564679,15.846093539218185,1967.3911683639733,100,1
265,0,-0.30068009144792374,-0.043308700188295517,-1.1385259343634786,-78.443794103069877,-12.370429565889173,1979.3122090666859,100,1
266,0,0.062889041984769425,0.45980669869594537,-1.6722894614557486,10.810780685479308,5.0979316022167724,1873.8865288116947,100,1
267,0,-0.04375526004463598,0.30971996811968727,-1.5532908722909096,-38.141468446122381,-47.504117931134388,1952.154479058479,100,1
268,0,0.186857844726913,-0.10335154375405001,-1.9650859042850766,-34.10734406103694,-36.11377290695075,2034.6954671473366,100,1
269,0,-0.12790574721118117,0.055597599630915692,-1.717537334213759,-51.182490211920893,1.9435708062622643,2016.2272363107368,100,1
270,0,-0.094337642433429389,-0.314064501879531,-0.76530872099915326,42.645467818216922,0.07902650311788724,1995.3535579214467,100,1
271,0,0.031633859970899764,-0.41716190691191402,-2.3612796589316849,-26.704996267883704,-49.978329537495583,2038.3925643775194,100,1
272,0,0.094952723267159866,0.31621273930694194,-1.8934252714608624,-32.807105840676236,-49.007005741762825,1966.6682593852599,100,1
273,0,-0.099873146822289496,-0.0045279065805275687,-1.2546770910658449,24.532194828933836,14.4962367336084,1922.5808709167259,100,1
274,0,-0.4483287961215015,0.1766331049675291,-1.7466557464906922,-54.309747739110172,-8.0134710711283947,1948.9547931265042,100,1
275,0,-0.063011154147292706,0.39612425390978484,-1.2665122612115867,-0.015014624326870847,-27.513968894398932,1942.3692574924291,100,1
276,0,-0.33886168173284542,0.11513044799227601,-2.3389194772107196,-21.408329111674274,-11.548592501971005,1960.2406189330156,100,1
277,0,0.48533568412599604,-0.10703014248604681,-2.4577540309940575,15.259504291496656,6.094598295165472,1988.1419877062317,100,1
278,0,0.087101971027036207,0.44974180358086607,-1.111847239420469,43.43815154317894,-37.940944537747562,1912.0255155971122,100,1
279,0,0.255869061106267,-0.28354807545863225,-0.96118673354910555,9.4126512471045505,-45.656576763620471,2019.4362763568529,100,1
280,0,0.19940823749238223,-0.24139985177531897,-1.1801784369554136,5.6107459204261305,-19.485533741018571,1990.6004019615514,100,1
281,0,0.0016144718422424814,0.26687453625448027,-0.92612678767567569,-27.148827523547691,-41.97904726194875,1958.9105091378005,100,1
282,0,-0.37149781472995069,0.26659794478941529,-1.1900005496450228,-74.095909566690935,-73.735233715118582,1966.671227197477,100,1
283,0,-0.13759586781972458,0.066847107410146725,-2.4760962031773581,-10.363750668804924,-10.727978572128071,1989.5239751646841,100,1
284,0,-0.36543480097720421,0.16815594437095946,-1.0237684879276898,-37.41740772338057,7.5807190341340736,1878.0781975103923,100,1
285,0,0.089341414919644022,0.19460340723575181,-1.2405697009434145,18.287255584216865,-34.634289507131413,1940.6320555665666,100,1
286,0,0.10314750194923726,0.064293669384991509,-1.6640380235070811,-35.07705956499619,22.170158429652894,1993.7912838166269,100,1
287,0,-0.25110720913264412,0.086558977285675048,-1.3005233449033651,17.264373890991948,-19.193797501068246,1977.6762766018596,100,1
288,0,-0.089006627975927344,0.25000552293706596,-1.6111627094671472,-12.593465309486675,-20.725567594770467,1893.0525899025911,100,1
289,0,-0.16129803448214763,0.30758131649184245,-1.9929993415993037,9.9302216342731775,28.768296226472877,1896.8712127653228,100,1
290,0,-0.27454772937484845,0.26651744947040612,-1.3334030019620038,-22.346885739438317,10.548799488464072,1926.5520935930483,100,1
291,0,-0.27165469765604161,0.21494588778140844,-1.6505437335749862,-2.2504411748498665,40.137721103980603,1990.0530559941615,100,1
292,0,0.1861086449181146,-0.061690681111113886,-1.3063678779620831,-4.5919203667152884,-13.185905499611659,1937.5591361013683,100,1
293,0,-0.09321467764206591,-0.053940258809051192,-0.49449991862261622,32.107784117426583,-26.608980820204195,1961.4459844100395,100,1
294,0,-0.21820885154381126,-0.14660003580864306,-0.80117959659045823,-25.47884599358731,112.87711798450381,2004.8819721061816,100,1
295,0,-0.18013630964880223,0.095020573901837616,-0.88294616765301703,28.358588314278904,29.130166346804753,1967.8319388081277,100,1
296,0,-0.35778103698764857,-0.13292764563580031,-2.0864492392706788,-55.501200774110082,4.3290216493355276,2030.5495698161499,100,1
297,0,0.059549497203266348,-0.33355943561298596,-1.9163365990605135,-34.842095351256056,-33.626786148388895,1985.1042930899616,100,1
298,0,-0.25051342098794954,0.059283624395332288,-1.6008924010963763,-95.01569958630121,-12.974288627440931,1944.8130564554599,100,1
299,0,-0.44202813617145337,0.023276144818969988,-2.277382443227522,30.515203035358187,-5.8712258991816277,1963.614003680965,100,1
300,0,0.21793907828472575,0.1860756884103735,-1.020273984675208,-112.98743219516683,43.290050405987046,1958.5127871215066,100,1
301,0,-0.31382866783705782,0.27485677318536389,-2.3700259529271035,48.258656912770121,17.562674413976026,1872.225093264253,100,1
302,0,-0.14539968059292493,0.21484092307467409,-1.7486515684891639,-6.9427877763090065,-3.3967593379727026,1958.5037535152853,100,1
303,0,0.24922159464728855,0.24674276554500799,-2.137991661666776,2.8712107343706683,21.744553047280402,1958.1478954547913,100,1
304,0,0.1537497198237375,-0.055262550252598748,-0.99349277523278057,50.808018486732699,29.53641841405577,1988.0030323984656,100,1
305,0,0.15371024490843854,0.20822580951586314,-1.9727575054505972,2.4984269163334276,17.875071340202677,1965.1454939907826,100,1
306,0,-0.34413144361382331,-0.0079047009816675048,-2.0660134937282311,-54.641280345874826,22.402910331518711,1992.9393067630028,100,1
307,0,0.21904479278940189,0.079182680620905083,-1.0356184430213715,40.875256806530963,-29.354012532259642,1984.1742042275546,100,1
308,0,-0.13956001852091257,0.033944409258959703,-1.1263800952154113,27.096029812395322,-10.589834563306328,2013.6505620205221,100,1
309,0,-0.096274645200407696,0.045756621484573753,-0.772561087523426,19.65522032157326,-53.119121364841121,1946.2837030682222,100,1
310,0,-0.37902255661166195,0.07732147229695259,-1.3782174296245793,-9.9779448011479772,-26.226486744194013,2048.256995644118,100,1
311,0,-0.34844451703306106,0.020128569010647822,-0.77241834861329084,21.159488791895935,-49.95146514247179,2015.1321541716759,100,1
312,0,0.33912527237961337,-0.03028037442075723,-2.2047062767459806,24.563722555570806,1.4329407346733969,1891.6588476399952,100,1
313,0,0.20495559946372319,-0.20793968226301771,-2.2309255319231625,39.568611966463301,-16.284754104332801,1941.4951311474181,100,1
314,0,-0.33028834780149635,-0.14205028645116211,-1.2524470237032774,54.984588503166783,29.658349570994048,1922.9533271356695,100,1
315,0,0.36528185311966355,0.017074057858075999,-1.0480313768841019,13.278891300575468,-28.436373439414396,1979.7458664346352,100,1
316,0,0.11142147726655917,-0.0010727262252493289,-0.93316246166953065,-21.962535703688523,11.093235627254099,1918.7022936686319,100,1
317,0,0.27416453365314086,0.24116384670596011,-2.2082250534912538,51.16290181892186,40.741816092940248,1940.2348205595201,100,1
318,0,0.28174355580103422,0.01630319931649513,-0.67041145039711059,30.338482966403038,-4.3344439995131818,1939.8964553177941,100,1
319,0,-0.18621529901930839,-0.077999191125139256,-0.76698402506012975,-4.2257888818178442,34.442579530066553,1934.4844680756539,100,1
320,0,-0.39755917334748836,-0.062093945858786526,-2.4238345581376803,-25.35623629803391,-68.102298607365626,1985.7910801106202,100,1
321,0,0.43441667773347215,0.12977219937482451,-2.1345102639382105,16.781380034397195,6.5511193468188464,1927.8587692109395,100,1
322,0,0.14041278973639859,-0.10258785315347267,-0.87279370166278103,11.729621749338207,-16.577527193716225,1856.762059465844,100,1
323,0,0.14709923236005815,0.28460101677742117,-1.8731894138301008,21.097674860299321,4.659721854748244,1984.8233689853143,100,1
324,0,0.12446638918685748,0.33961618978616209,-2.2442072710443917,-29.510783409284993,-29.55639002383699,1930.5303316507911,100,1
325,0,-0.43506160024161261,-0.096795348764797048,-0.6002115190974302,49.165909501930216,0.83269241018990636,2054.4313186915715,100,1
326,0,0.41459117075551188,-0.072909237598223958,-1.7595277459815166,19.727167101525158,-0.093731193556962106,1915.2208550576486,100,1
327,0,0.26523852419957422,-0.2843147726140311,-1.917802916392557,-44.17137450811218,-37.130088433506792,1970.1270519576487,100,1
328,0,-0.056899581317734572,-0.053886335306778936,-0.43350480933585822,-33.829176293781018,10.059316731664271,1963.1186592563274,100,1
329,0,-0.15839185606167144,-0.2767552395233524,-2.5483487508330516,-16.11924402439459,-34.887714203070729,1972.9082157310868,100,1
330,0,-0.046399810241063211,-0.38965881209823761,-0.75560015125291502,34.161722307634555,14.192674046552074,2011.1353658209371,100,1
331,0,-0.13071340844475152,0.0088499339835122984,-1.6275157570214531,31.775832188694054,-22.01046853185203,2030.5475959827031,100,1
332,0,0.043087550084993161,-0.19666936731287732,-1.2635160484822903,-1.0833906627666556,3.0246445427345723,1900.1292366449486,100,1
333,0,0.11279732379934257,-0.23402726583036021,-1.0651981933928583,23.649068362454905,26.400515227898943,1861.4182347104929,100,1
334,0,0.13490560081092839,0.46986336142805618,-1.5249278191103632,-25.220608461629261,0.59695854529333869,1983.9400497401907,100,1
335,0,0.098925597331133264,0.0023641778607823211,-1.3745352683839061,56.736127632021422,7.888313906631871,1923.5121866109137,100,1
336,0,-0.43118535024936028,0.12541372947541088,-1.1985779156592287,-10.015084777978114,-16.276527992537645,1962.3242471310402,100,1
337,0,-0.21261651250998684,-0.18971449601564894,-0.42097196249126667,47.050192717602528,32.810394370733192,2000.9041332141624,100,1
338,0,-0.044907143975781244,0.20630747749244838,-2.0392946716827201,-60.426760576707061,45.333987502716987,1916.2452740239808,100,1
339,0,-0.19706887045182098,0.29832921969847981,-0.64134366378493024,-23.318892382337669,68.392301339759868,1945.027149162898,100,1
340,0,-0.10900098215886869,0.3396563222123048,-0.7452288554226929,4.930814393414134,1.662276411351904,1949.148648360281,100,1
341,0,0.055446687686751102,-0.098295997666786802,-0.89799136659048939,30.409108336091794,3.6184556075867911,1898.4764698958329,100,1
342,0,-0.079224264944151038,-0.38660995819307636,-1.634483717431312,-54.229022682509147,-0.26903240930669509,2024.4601955325193,100,1
343,0,-0.23670034797741066,-0.31322777853595302,-1.1316481991417413,36.433092047592801,-6.5429283457742669,1988.2549284739605,100,1
344,0,0.35393887546241593,-0.12323388832030935,-1.7781416786976771,31.809569296752457,11.516880887420687,1941.7083308497486,100,1
345,0,0.20110984566876938,0.38556734126518616,-1.0304273994716233,-2.7884909218311638,-41.018542302690548,1942.3452657449773,100,1
346,0,-0.065018786036557086,0.36705132356266507,-0.80289908366575935,-20.004362240220999,12.131916786581874,1981.6508506246089,100,1
347,0,0.42074340726567366,0.25413068848713166,-2.0620702678614893,-47.492961660542584,-25.243567266005833,1919.2665645014738,100,1
348,0,0.16144366792631118,0.21955012876644758,-2.1837101053514028,11.859658183767651,13.233075286433889,1930.0640584148709,100,1
349,0,-0.062608825614351771,-0.33137676149816919,-2.3338957656971764,-56.68585862867522,-33.836136500230047,2017.0959435031189,100,1
350,0,-0.1130540545155299,0.1632360729186734,-0.65359791837505665,-9.509171257197794,-13.626664165161145,1951.3908215279284,100,1
351,0,0.11423401169407844,-0.0038587116558677897,-2.5619761261557326,-17.817245466296249,-42.898033821043462,1999.5575780555878,100,1
352,0,-0.19755210249665778,0.34151153093495551,-2.0885776985160347,-15.251466791727976,-44.444239366112534,1964.6130337242623,100,1
353,0,0.28378608871079758,0.39499957429193838,-0.50993003250873503,11.276936821550255,2.4360015271220856,1986.3409011859087,100,1
354,0,-0.1780544097585483,0.020572957462285057,-1.5062700240575189,-29.096255695799705,-28.179972161354225,2059.1014364743546,100,1
355,0,0.16115262694440119,0.14014721882136585,-1.5191678764354937,-37.766861106320079,7.5356886719744018,1937.4066491069818,100,1
356,0,-0.088155512302199077,0.10678786359114285,-1.3563166780922684,-34.707871182927207,-58.876908917929462,1921.7239352267241,100,1
357,0,-0.21050003072319767,0.0071590203064851162,-1.556098649931889,36.523379152886633,-33.118990576502171,1993.3787842802283,100,1
358,0,-0.47060558321663437,0.14645349304391614,-1.3806979219791757,-76.771239173668121,-9.4339848797287189,2018.9456856241436,100,1
359,0,-0.26391036358303505,0.017654581787528052,-1.3094349137892825,-111.62167286338619,32.140631219249691,1988.4163908425717,100,1
360,0,0.30410639812154067,0.16333829590992571,-1.7888877617357182,24.578250810811618,-38.048615770311734,1924.6520758185306,100,1
361,0,-0.18277756130696013,0.23381814885888685,-1.705182045961998,5.7211983648844331,3.8868165876632443,1973.928336522484,100,1
362,0,0.033688689177367129,0.4143324566077396,-2.0653501988510556,-43.881920304866519,30.526391134361639,1988.1114286464656,100,1
363,0,-0.21067268333088165,0.22579390174647343,-2.3427517488968754,-4.2091525110469545,-2.2171661221543308,1976.81561069638,100,1
364,0,0.18325224732247122,-0.39276057046227386,-0.9290456986501554,41.44757511477254,-37.524293999287636,1906.4979990101226,100,1
365,0,0.24434850408743256,-0.23128367130713234,-2.1154424986253195,29.133516640048708,9.6429989115957468,2032.4683064520118,100,1
366,0,0.20732124654136244,0.45438638322312341,-1.8097611890380101,-66.070679877731081,19.121409855776481,1934.0947384358235,100,1
367,0,-0.036879014529499217,-0.2149952578473526,-1.215140653413763,-10.714112973082237,3.8522772254376543,2030.1120108608131,100,1
368,0,-0.37016371518527225,0.17616679922930828,-0.42940364416929788,-45.785939689113732,-81.027828417975471,2011.6699615410073,100,1
369,0,-0.058362050902663228,0.44011303615177649,-1.8742153187999313,19.61792158370567,15.331779494428741,1981.67679669478,100,1
370,0,0.40382134746031861,0.25284864674039559,-1.8602803432673403,-14.053688233637002,-17.444326100328688,1959.4876061666689,100,1
371,0,0.13290650117783748,-0.062002364977950933,-2.4941251684923347,68.06686583536866,-10.945697635397593,1956.8788090559349,100,1
372,0,-0.37358959473558029,0.30221619776785702,-1.7936888579306045,71.37305286486918,-20.79716962645243,1869.2293362761434,100,1
373,0,0.10408067598991615,-0.072090969531042381,-0.88460520282346156,49.05358717120415,27.439011589528508,1917.1947562825856,100,1
374,0,-0.1070327693881757,-0.43751289997260301,-1.251219698824779,-65.700298911969242,1.0351331478825903,1923.6742360023986,100,1
375,0,-0.02021971043742864,-0.4726876563444698,-2.2079497345416943,15.302895121784136,15.915183114786194,2034.5041848633507,100,1
376,0,-0.41113934338684199,0.017256374268400047,-1.1987331341831062,-23.395168240458183,15.71564917656826,2006.5666798808036,100,1
377,0,0.15316701822863976,-0.27375252069131162,-0.9671802324858122,-10.443611709854919,-50.586585310530367,1970.1275999224385,100,1
378,0,0.2828096353553996,-0.22425226925824915,-2.3688099054775469,-79.26615482518217,11.716588719786191,1938.4202326491427,100,1
379,0,0.11957207549846534,-0.16151443681911801,-0.94995812206481522,-4.2665762187455156,-36.097944783686422,2025.6049818432757,100,1
380,0,-0.36261798683989632,-0.28001872685310125,-0.56992655561539629,14.638063809436868,-0.0031934717760943305,1985.9085326352251,100,1
381,0,-0.41932626262001366,-0.097562225826483731,-0.94297520178443495,10.097127535837609,18.132006384260055,1974.5053659980267,100,1
382,0,-0.25773904958379973,0.091989595152130524,-0.46368224747544429,-12.483300875024575,73.621476532497212,2002.0645750288352,100,1
383,0,0.014588641090930714,-0.099245787934479912,-0.71195243742076986,-42.493743781328611,-17.406408334321576,1960.6650818173619,100,1
384,0,-0.096198660986074089,-0.30401506844364157,-0.79358687226667446,-7.1165924109248202,34.985498381401527,1936.3189328133824,100,1
385,0,0.17258960176572505,-0.30035015291347267,-0.52059898330197951,39.274380125106894,11.032005459026703,2035.5586825185753,100,1
386,0,-0.013795921911251964,0.44397682025247709,-2.0761207566513251,40.540181806457156,14.023924655006628,2020.9771344781043,100,1
387,0,-0.19208523535401992,0.36977902314637495,-1.074750229595788,3.0819449292454024,22.521792867706719,1983.4949305866821,100,1
388,0,0.029608592564831289,-0.1858964507278856,-1.0619614670087756,15.631881120056715,24.678591224415388,1975.184431628885,100,1
389,0,0.24210872375092743,-0.39774235744031178,-1.1029856781933427,-9.3162255308327797,-20.723766629392404,2014.9960484050068,100,1
390,0,0.28902537681789198,0.35290518823821476,-2.1636108126806839,3.9622149958285382,7.3610169354711754,2005.7703422020525,100,1
391,0,0.16439953844077831,0.24936437047537502,-1.259156480998133,58.982678094289369,-17.047959903766909,1953.4250610684296,100,1
392,0,0.055733191311377453,-0.08307928192582463,-1.1084481422850874,-64.526592030481055,-34.443081941063078,1895.4715903692543,100,1
393,0,0.2413235863426017,0.22904039672693549,-1.3951552144681929,-3.3830263701871992,77.050841721663346,1830.2363229243708,100,1
394,0,0.11848411160534539,-0.079368369675819034,-2.0341409148787339,-21.89377305462142,2.6867362443238516,1924.0100761235256,100,1
395,0,-0.24255443538257251,0.41997749544135593,-2.0306956864100947,44.580854478101259,-44.246728051327935,1994.8264488932455,100,1
396,0,-0.010705139022051899,-0.20813334593154267,-0.64804105613021501,-24.673742785158314,24.365078867660596,1910.3344269272866,100,1
397,0,-0.31857279681320766,0.2853031904471991,-2.1486190334165114,0.48867489681440918,36.392379993436421,2042.8508671590437,100,1
398,0,-0.34885831208240525,-0.15930249295435409,-1.058487770140357,14.170816554999046,26.930586566442969,2006.3208672716426,100,1
399,0,-0.15484018026259391,-0.095045529379469348,-1.7787795492611758,-18.708021524620523,-0.19828910272490796,1962.7148429618458,100,1
400,0,0.39680999931017913,0.025064679490519357,-2.0772604646863826,57.421095177266317,-4.78269563039325,2090.0737686322905,100,1
401,0,-0.25031585489943564,-0.053033837059131776,-1.3019002901820116,-8.7292348221726836,27.760956015456408,2010.969161910961,100,1
402,0,0.13148191023429034,-0.46409283282067004,-0.85633222403361586,-3.8330050970965028,6.5347560151918955,2067.5252837731809,100,1
403,0,0.15340131892997128,-0.31388459796933099,-1.6852300612827402,-22.406378613025151,0.61665033279007098,1979.9536742858299,100,1
404,0,-0.35048874554448534,-0.036570423829455002,-1.3783490643497789,6.9516707141864549,-19.805999062479625,1933.7972249606155,100,1
405,0,0.27781218513636702,0.03705044482321352,-2.4545824746515197,-5.7621437909745516,4.2475608355161754,1929.0537356026814,100,1
406,0,-0.13429951983625002,0.47303431860120404,-1.5361245697416228,-48.766814861365482,-6.0656669496833899,1985.3168654747367,100,1
407,0,0.057842747743989974,0.035686430454803506,-1.2522288688161824,-3.1044154965249962,36.259736992259533,1937.3105152866615,100,1
408,0,0.23571875578498411,0.14244759788541123,-1.2160196288492426,10.92739142208432,59.875341167282386,1926.9519536415803,100,1
409,0,0.1695582272521394,0.11134436294339332,-2.2329051508767415,-18.875731972841407,-34.476867311967098,1988.6723117350837,100,1
410,0,-0.16425241506132573,-0.079996819185205084,-2.4079099714608128,6.6178262540053892,-17.880954943502722,1954.8833495083747,100,1
411,0,0.45278571158861136,0.15349541867750741,-1.501701316243738,3.7571134572270317,15.149284302350095,1924.6667492697368,100,1
412,0,0.42406421799436239,0.055698626325309704,-0.74730081886887678,14.060931577812122,-7.0857519634064108,1893.8733480668836,100,1
413,0,0.11928060018876016,-0.19878024736316682,-0.60307557276033574,21.517308780054197,-51.27609022102552,1992.0919418002054,100,1
414,0,0.33781845503804803,0.2565271022934672,-1.0753130570192961,-31.121045903851826,91.658105530076369,1969.6844816065793,100,1
415,0,-0.31613150035115817,0.1634532251625363,-1.131502566778767,2.8022367419247947,-30.413918995623792,1957.567648720632,100,1
416,0,0.31557634560919751,0.066615124140831261,-1.4913603981366603,4.7977835407673375,-27.045273512605242,2077.7678529445666,100,1
417,0,0.25669492288983553,0.11056926929034699,-1.5427262585624291,-25.614903617720508,-17.760534090808132,1958.5839290802674,100,1
418,0,0.18200475197842286,0.46417719892554649,-1.8481561846922496,10.363445768337865,14.080527889634114,1907.9822148936137,100,1
419,0,0.12421606161798683,-0.12458871389770033,-2.1403298483618798,62.013779286270498,-60.292432895949354,1969.7082318600455,100,1
420,0,0.33634359611752762,-0.22340653364511415,-1.3329412545801254,-45.950866559629077,6.1651670700657171,1957.9209256452014,100,1
421,0,0.4269843578673474,-0.12150722425612302,-2.249956851982061,34.459440293553136,36.55248109280199,1920.4210208896061,100,1
422,0,0.13085452643751058,-0.35594575522823729,-1.3399816985942223,20.54235915063429,-51.905667957946719,2062.3886904719543,100,1
423,0,0.25169900855043292,0.34587481993075458,-1.5446393316862648,-3.8664239825203288,-6.6994967550750646,1924.0626575501856,100,1
424,0,0.33708068904185279,0.3322897610426982,-0.73545572361985256,-10.199236561065444,-18.744255053300531,1861.1229314647089,100,1
425,0,0.029930875667486586,-0.016159478217865553,-1.1510769401673318,14.001707254908728,33.084811574833296,1931.7196611585691,100,1
426,0,0.21977605193705521,-0.43442246012482649,-2.2284444028807018,21.209946967448197,-18.728597315076708,1959.9609727323916,100,1
427,0,-0.12850536032081786,-0.28691952502241258,-0.58970899479784122,-20.282563765817766,18.746196947536767,2052.4288300042886,100,1
428,0,0.29829422699696539,0.20210205551528296,-1.8281225400112269,18.736994159814394,-27.118837793409522,1965.0703523370817,100,1
429,0,-0.47998685057863527,0.1289081116173213,-2.3609348103650531,-63.627976561628088,23.387227717514847,1966.8134811715329,100,1
430,0,-0.029956267423171066,-0.24004649570635928,-1.6155414120680911,68.913204284662427,0.81493052782347919,1988.2498725148189,100,1
431,0,-0.072611477055651602,-0.22227746101811602,-1.2490199816060965,9.2584290527083208,-39.764652915101202,1949.6716844023322,100,1
432,0,0.16400057323257872,0.0097563945437297104,-1.9971372648745607,-3.5773713126172026,45.120356519766183,1973.7082749578205,100,1
433,0,0.020882213280383623,0.30910603279404381,-0.74597216640262543,-52.345431702553796,-21.571100374671293,1940.1785406629765,100,1
434,0,-0.0063750347658026816,-0.15917646089057658,-1.2327198831971904,-54.347164346812349,-1.7950162250712598,1963.0047309688196,100,1
435,0,-0.18312181650617904,-0.4346326706832826,-0.78682368115741796,-7.1889588455706734,39.914913321217192,1926.6452759543433,100,1
436,0,0.33214397866445639,0.049615506289297125,-0.51511790495386389,5.0906002343473782,-7.7410740853853772,1883.0894822893738,100,1
437,0,-0.029385208729543366,-0.073567831285128865,-0.58029622934507974,9.0993366076217175,-10.830453900530154,1966.3711817711128,100,1
438,0,-0.0052553823368186028,0.0015303262694866123,-0.41321918174572581,4.1812656153879457,44.892136377791118,2073.9666616518657,100,1
439,0,0.07368385337935153,0.35515544458226145,-0.94919507434952011,8.9888577013101045,38.21789905418585,1958.8836707566547,100,1
440,0,0.080785003517959725,0.41896742017136085,-1.8394274805972513,-7.2564870647609681,-27.504103420336239,2050.3046746794175,100,1
441,0,-0.18950072047258854,0.06659984380335969,-1.5074804426793793,23.223500204184742,10.945344095671384,1951.4312406650804,100,1
442,0,0.053027786598729275,0.42165193685536634,-2.1141483907282144,-14.760269232189218,-13.004571552073788,1976.4087880261927,100,1
443,0,0.274214081735911,-0.017531942871577222,-2.1883893758378679,6.5410710254303339,-53.560695057494115,1961.2888758143529,100,1
444,0,-0.11422910870899516,-0.13312263878217989,-0.68962734775575452,53.682086625128257,47.975164225026838,1980.3233408382746,100,1
445,0,0.12229021090032771,0.30347727301004013,-0.75890124951687077,-1.8070713118475514,-3.9275398043966177,1933.0940108283623,100,1
446,0,-0.26810277465389726,0.36761879578163947,-2.2667613201850938,44.152568196328417,4.1515867502099271,1926.6025878171756,100,1
447,0,0.49361271768748682,0.049886210697479748,-1.5809424371874248,10.935786843613705,-14.11783030087925,2031.522964262977,100,1
448,0,-0.37120494851607205,-0.17398134378160265,-1.7524516274174007,56.375973433370987,-24.983574508209543,1972.3998191900685,100,1
449,0,-0.21923035082689873,0.022519689335528826,-1.7466554900485425,-17.203053594128196,65.106594373207912,1991.1353700962698,100,1
450,0,0.27167764333586814,0.41568372112370422,-1.4943958830004234,25.241602545987845,-12.927721956851201,1987.8528870375742,100,1
451,0,0.0768755880124114,-0.23952044697969019,-0.91890599336115319,22.606537071856796,30.000210453382941,2122.5544014951925,100,1
452,0,-0.43802951286945724,-0.0039860647155319342,-0.48794973081389204,-18.801847822295326,-8.1051380249398512,1964.6492918076115,100,1
453,0,-0.36750453515813752,0.26925018845978982,-1.7419946679242744,0.73632415920463901,-2.0681632803817753,1922.8316588983089,100,1
454,0,0.39904613973513475,0.22694700991183236,-1.2298975866417887,86.161510760175062,15.905900054019529,1995.3103369187288,100,1
455,0,0.10184741314969302,0.47233567328607373,-1.0307701321364755,-42.850685783671523,-13.650820416191474,1905.1995211498036,100,1
456,0,-0.087845194578144922,0.1896422635494642,-1.9837389588171073,-1.0113059484307856,6.2405396403964346,1960.957899191794,100,1
457,0,0.22707017739433275,-0.39158521396769891,-1.4876174345409741,61.624283967425114,-33.948893899671255,1950.3855302489105,100,1
458,0,-0.053226633091763592,-0.1281386726944812,-2.4792167217313046,-28.537507002173975,-39.868202880917472,1877.3116527325035,100,1
459,0,0.33928278586168525,0.23944616584800957,-0.93335641805739478,26.618821583445502,-66.825909481044775,2019.9214658335989,100,1
460,0,-0.4786591497783011,-0.015934138241385114,-1.2083615796782321,-80.152596866882433,-51.580549696449118,1896.2191858463887,100,1
461,0,0.060132463959214268,0.2264746845787014,-1.181536408933612,108.69175474228155,65.12038702571094,2041.8250962130203,100,1
462,0,-0.34736223207220063,0.10260068108592185,-2.1184430604368956,67.031905658342708,25.482312894399215,1999.3705379292383,100,1
463,0,0.20134415249156473,0.42554823216701343,-0.80546301556624489,22.507935707693342,-2.6320463418311775,1974.0955228621781,100,1
464,0,0.13963414660976997,-0.31399366747005258,-2.45105821807284,22.511121590284866,-4.0945771625787462,1961.2542163585665,100,1
465,0,-0.25071306023704865,-0.19657957637141288,-2.0871306708684441,0.1788879513562614,14.607644930020069,1999.9069690657846,100,1
466,0,-0.11801250685786857,0.060720190135183538,-1.4790638134759038,-1.3316991929251496,-29.826579166590847,1981.3058368052557,100,1
467,0,0.26609227978345379,-0.34416005995787663,-0.95887803099217273,31.093667858720163,8.4430328707266149,1870.8910395995306,100,1
468,0,-0.18515507882839061,-0.032211163182183943,-2.3176614305143759,-41.277912702614827,-1.6506451570021368,1933.1469488130981,100,1
469,0,-0.18655562388820615,-0.17130753595519463,-0.66310336006706661,-19.804098930651204,1.6115287973551045,1934.02787955241,100,1
470,0,-0.1160624457892602,0.053161179320061813,-1.5207239142570519,-9.4295311144693343,-7.112604043143353,1941.0611857697536,100,1
471,0,0.1254491359119648,-0.15997394483179167,-1.0732448442178035,-31.961869221359503,11.345267895447575,1975.6789056379619,100,1
472,0,-0.24754648857498029,0.036613682807741806,-2.1083014306108243,51.799546454670171,-50.426961137017337,2018.3962272153244,100,1
473,0,-0.059728171908879323,0.039096940978150113,-1.7101616473161887,-28.968913866721088,36.998839610574947,1964.4548422100963,100,1
474,0,-0.16285603960814188,-0.19108479198070102,-2.1164356357543035,-48.812659458893187,-20.575185030801013,1940.1529639711116,100,1
475,0,-0.43768708284373276,0.037282974138183642,-2.1467213208377092,-26.686800477030808,-35.738394681158972,1907.8440083387773,100,1
476,0,-0.20001844345787234,-0.42566696960899375,-1.7965218487293861,-24.379849058444002,-36.064953323316679,1956.0438278515669,100,1
477,0,-0.46191923183693057,0.12362862391662849,-1.4532434342311322,-12.997084231998064,19.14972720046509,1994.0412055337758,100,1
478,0,-0.044864545184199758,-0.055629270695264257,-2.0229735871050445,16.032906384831684,-14.634301597330982,1977.8361578347806,100,1
479,0,-0.30190058092522065,0.21938995615693249,-1.3694282467710714,6.9247117977895014,-67.237384788290754,1967.6659363581655,100,1
480,0,-0.10568296401200789,-0.32722837981929137,-2.0004894312543766,-25.297220018327373,32.273938412606689,2013.3024145150757,100,1
481,0,-0.17711355860504463,-0.33602251663163329,-2.230563907126017,9.044813975911044,42.841580901530868,1948.958977956047,100,1
482,0,-0.1931522907135188,-0.38433591279042595,-1.7063588117612212,-70.83704501487604,-3.9846681404502937,1931.4183457969486,100,1
483,0,-0.12402725510693885,-0.19775892060311215,-1.3567642404418063,16.567230980914839,-3.9327561067815084,1962.0146170518076,100,1
484,0,-0.17939661415608613,0.20504152645243592,-2.4494720594487003,22.606730611298964,-58.830216615903268,1933.4031838375349,100,1
485,0,0.21660487370782455,-0.32696626480254021,-0.75350740226094659,-75.096007576567203,35.187486102440275,1970.2760550846881,100,1
486,0,0.25454304575895415,-0.12269113906337376,-2.4356067718717891,-40.67043678234505,-10.110458798464203,1911.6311798807401,100,1
487,0,0.047392917646816114,-0.18018617626046182,-2.4554930656196898,-22.757802091475174,-53.367561610044199,1946.0405379503768,100,1
488,0,0.18056619100007704,-0.016370014169836987,-0.99881706455791641,-48.38859032906123,-16.902590699438125,1991.3471590894376,100,1
489,0,-0.075038071945078014,-0.25936952981977557,-1.9869852978835612,-39.613805139305143,53.17274951669377,1888.0596462470912,100,1
490,0,-0.1217014476383417,0.18889261985699371,-1.2118055203087201,35.700116609517082,50.859477909192449,1928.8088867695551,100,1
491,0,0.10892822477423232,-0.33403790787297805,-0.53607799884282559,-21.935136161876432,-24.772138332675869,2028.7600913138381,100,1
492,0,0.08033438394484993,-0.010002647501124182,-1.084046458524454,31.002301608708937,39.615933478016167,2000.15281400698,100,1
493,0,0.20173125084281998,0.10731529892095562,-2.5658193980921888,-13.475251633342079,-54.464156324375246,2002.104050149728,100,1
494,0,0.020737633031905262,-0.48196229012777736,-1.1298719058923701,-6.9779177069429199,-27.961391990000848,1927.9834392907887,100,1
495,0,-0.023513623648868748,0.46124521091153364,-2.2506161474819617,16.268922038743682,-33.121818336906252,1904.5671328978322,100,1
496,0,0.1063355523605154,0.015566718241042783,-1.1283007940758012,-57.204653720403293,-3.114768170656498,2011.2201934657555,100,1
497,0,-0.21787361711822367,-0.031184660688457742,-1.7848233759126311,30.523512242872776,-41.094425163347154,1865.9804552874864,100,1
498,0,0.0046540516352693859,0.24715579740852917,-2.3183188787263695,-4.7923483231196871,36.802666570765979,1932.3318914090189,100,1
499,0,0.26644057900262036,0.086041845240669587,-2.1412308277680969,-17.651004502380282,-8.7945362358479375,1998.1593576090127,100,1
500,0,0.2006037251129498,0.18035561605672609,-1.8448761124617807,-40.804033845431441,84.615051984835659,1899.5320021321015,100,1
501,0,-0.17664772894968578,-0.3252897000059225,-0.42263451879604896,40.148927738476949,-1.8479295646816256,1782.0423880331696,100,1
502,0,0.4542766112185106,-0.11056066969211042,-2.2927814008456147,62.159031352657877,9.0092046225108167,1918.6687431369276,100,1
503,0,-0.16028345869407357,-0.35374039208538222,-2.5084066354092971,-49.920814480617764,14.747850142886834,1969.7260153204181,100,1
504,0,0.21398302292034885,-0.18701965045275043,-2.0129124718950115,-1.2590807136284858,-40.771312981384199,2025.327253194255,100,1
505,0,0.0025558106216669861,-0.35651292595387174,-0.50342526047057312,-30.794718683496342,-26.897279887640089,2003.1926433536105,100,1
506,0,0.088232534364955248,0.41512684665620075,-2.3525629014194416,-3.5386398546303481,11.232854256296639,1958.2841688420347,100,1
507,0,-0.093119596218571021,-0.0065702590740601722,-1.2493483686842548,86.263185549138981,10.475326747064525,1972.4834332315675,100,1
508,0,0.27880906689272672,0.29867958761276059,-0.51948422147702811,2.5935099119644147,2.8574594911790059,1975.0260817049948,100,1
509,0,0.19579580948053904,-0.30421180794377456,-1.4350118444976561,3.7567971597681069,58.321678309003268,2010.3382436764734,100,1
510,0,-0.050537460146014207,-0.053046414763969339,-2.4032605597079608,-37.386572922102502,18.771076264323881,1948.2560727065909,100,1
511,0,0.26664794361542765,-0.21436032675803024,-2.374686059569767,-43.094050894252419,-52.659114809739208,1965.5439120773328,100,1
512,0,-0.2654164787080136,-0.21734929741160156,-1.8868313267737926,-8.8554857123813413,-3.5692188702284833,1946.4535135808744,100,1
513,0,0.32826781240622144,0.28130849860422352,-1.2192611805242266,-7.3021846492780904,-15.082248468618641,1974.8986799039196,100,1
514,0,0.01002068595882572,0.040702819109556893,-1.2767383428636836,-1.2608638273441211,-88.855886074074377,1851.1380135173831,100,1
515,0,-0.25099561479271387,-0.16873181049549016,-2.5568767807942323,-24.448151952268116,44.373135751910475,1992.4812790545946,100,1
516,0,-0.13454206793646092,0.20348100324698243,-1.0880979966934605,3.9006221855413425,-76.561368021140751,1971.1878633940553,100,1
517,0,-0.28831113983010853,0.1348906904854856,-1.2896738447919409,-12.859328743314355,-38.488099198501295,1965.4410489914585,100,1
518,0,0.29477950001648068,-0.34067705484469402,-1.2239948190647341,-35.44146364300174,58.538826768084675,1943.2703747486723,100,1
519,0,-0.17093149473735922,-0.44174037112555792,-1.4102888869980721,5.8860826929870722,40.382695215793447,1831.4950320268747,100,1
520,0,0.23601703455316989,-0.30189540871294546,-1.6452628168821466,72.466702684909095,-5.7234816362103142,1939.8142755706542,100,1
521,0,-0.098081493865213948,-0.1954997295458473,-0.41509137896571802,24.674548701591867,10.008748670003897,1897.0539090459745,100,1
522,0,-0.062111002915681335,-0.01002889712818986,-2.1608837843808395,15.318390958830904,28.519939210928047,1940.905388332978,100,1
523,0,0.12219405803961025,-0.17464578363755218,-2.4341127089373091,-17.004431748613744,71.299092138384879,1922.8903981685246,100,1
524,0,-0.061501142336786878,-0.13520585930682777,-2.3949288227408059,-55.024899825192868,-15.951251644502365,1956.8180179664362,100,1
525,0,0.074189480292703544,-0.13445593164766184,-1.4137304919457854,-21.7620402431317,75.607434986887668,2051.7152892806539,100,1
526,0,-0.14606757079044408,-0.10203435110190687,-2.0793992452893093,-53.603579306972733,4.5271497098680324,1901.231360708538,100,1
527,0,0.28484263393593234,-0.094059585096455955,-2.0479915791524621,-3.7950812173209223,31.625436975000582,1982.8643032025916,100,1
528,0,0.13166195670790803,0.064963569363987311,-1.5371348546562844,56.556799161254226,-32.735151766569416,1896.4152000464692,100,1
529,0,0.39298670952273423,-0.15204333961394315,-0.75444784766870154,-17.842501671213629,-15.002014402565718,1930.7561618167829,100,1
530,0,0.074421303842529971,0.33050358206683705,-1.0545573391919338,-43.268035106283143,23.378017022061325,1958.3967954444777,100,1
531,0,-0.29932015784673055,-0.14778620185746866,-2.2072123414721636,-31.904166099736706,79.489846006500514,1859.7558848546657,100,1
532,0,-0.17566245329901897,-0.19559223954874175,-2.1666783739033137,-68.878863715977445,33.154182717703556,1922.7494403017836,100,1
533,0,-0.28546422826331413,0.0093102579304823949,-1.3516330627771516,2.1383848246067836,-20.619766886106355,1961.8496373102901,100,1
534,0,0.40235076744034542,0.21524596510110733,-1.8496093603538286,17.526105416021501,-27.7289103536034,1900.4113749064029,100,1
535,0,0.095765823387918905,-0.12147834111991596,-1.6833296113053637,-16.423454659554661,-38.167273588189381,1978.9569018636519,100,1
536,0,-0.029572591727798615,-0.28150537547275123,-1.3531888337512006,59.48743827769281,-0.33851341547087305,1985.0752217862992,100,1
537,0,-0.27548054076047429,0.39916898995634575,-0.60191767463314116,3.7625294865293308,-26.951039415568751,1944.8383504217488,100,1
538,0,-0.12440069567171623,0.48365405782074772,-0.77438816593300064,31.948107171446203,6.5685146840068498,2040.3682317138796,100,1
539,0,0.13049932493254349,-0.027985151347410177,-2.5735868617542326,-43.079966174363399,18.281919565753608,1991.4583393289292,100,1
540,0,-0.35333060152344264,-0.19626604703319864,-1.676857438156486,58.939054194150117,10.340781324498174,1975.0515192544453,100,1
541,0,0.45945240845425217,-0.054518546691960761,-1.7010115355903936,-100.73854390643301,35.510450580865395,1983.2323672870764,100,1
542,0,0.26377559913780008,-0.40469615067974796,-1.3791328729583836,18.167922452549604,49.628786752063512,2011.9198378808915,100,1
543,0,0.1876944202105299,0.34421653746717207,-0.92415624459387102,-0.87644487054296183,49.208589613162722,1999.8064770240569,100,1
544,0,-0.29890354125590457,0.19313383072931553,-1.1813583614699563,-2.5460484392873832,-24.187265685660577,2015.7922498870205,100,1
545,0,0.32990166247800984,0.25885245558774994,-1.4941935799635599,-48.316058266558592,-17.000201323766539,1956.3714182346257,100,1
546,0,-0.13309035471123029,0.3049418656272444,-0.46239469615835294,-5.6199682252606538,-12.523413128750684,1967.0569754727683,100,1
547,0,-0.34003800479112734,-0.01455823553896422,-2.0266107175640218,-0.36654708202022435,-53.340000567199738,1930.0223614930915,100,1
548,0,0.23317914554142949,0.11477075599820742,-0.89267380012971342,-25.895321548340043,-10.168519323375628,1947.6865362256185,100,1
549,0,0.2839351237855014,0.30402948556583231,-2.5017494495907062,19.963784744284737,-47.762770441413984,1894.4365131224056,100,1
550,0,0.013209669793881343,-0.26869022371488144,-2.589840267672666,-8.1555135346812104,4.9164075358667665,2014.0769032807596,100,1
551,0,-0.055395745672629754,-0.31016006373207899,-1.9987817451323959,9.7662646821331212,-38.683449811300633,1922.7616437290517,100,1
552,0,0.092629250759052997,0.22550784838161597,-2.4056643605243053,1.2156066808726884,3.3354583211273181,1964.4821181873572,100,1
553,0,0.15012451533645987,-0.22769337837272968,-1.7253998293809003,-25.216634352126029,78.415566644283714,1981.5164382023765,100,1
554,0,0.25311399724501327,0.010620400943893183,-2.2851357816456659,-22.662958095487738,80.055019123071105,1934.3243634193097,100,1
555,0,0.044313553992687799,-0.2633226467989474,-0.79816800142548006,-54.443909978049398,-19.097651220127585,1994.7579874243279,100,1
556,0,0.067294735700201572,0.35400287191980673,-0.94428970840305937,0.90757441568770236,-33.384360263929842,2014.643886567877,100,1
557,0,-0.1955178966739064,-0.04603418011423565,-0.78007784284655068,79.157640964709046,-50.112251396960318,2030.8179653884513,100,1
558,0,-0.19564939623110861,0.36037557014111499,-2.47495579297289,-67.221862518866416,24.811493337891445,2007.1853081532652,100,1
559,0,-0.14894945890856512,-0.30787546023696799,-2.3512035597729826,-59.133678587492234,30.640921048980832,1971.8937606553166,100,1
560,0,-0.1348710901275903,0.2581978448905346,-2.4727141029129731,2.3601018692789819,27.503685864152754,1974.688364322192,100,1
561,0,-0.3356798466451007,-0.15181620130476223,-2.1292535525864267,36.410246020605229,-41.758335829911118,1988.8627756372425,100,1
562,0,0.070088009035804685,-0.32061804647665293,-0.51119671336232753,-20.586813587117973,31.07870789862255,2071.2813099556088,100,1
563,0,0.038651388082025506,-0.18780314988363006,-0.4714201181265294,-34.20310216975578,27.984863418262279,2045.6163119994699,100,1
564,0,0.40765367520688023,0.12018357718813619,-2.2252858581745834,-8.8663627158873961,-13.313039733535854,1975.8613085208806,100,1
565,0,0.0884588214464547,-0.19427815238995652,-1.8380603357501004,-19.777545561800171,38.216884894766075,2025.7543829040148,100,1
566,0,0.095125479562102586,-0.14061648226280327,-1.5961698709188548,-3.141055892824276,-17.316700988272309,1945.6267407700439,100,1
567,0,-0.1499585096000183,0.44946700296433273,-2.0906893399568931,-23.470231621382904,-10.451648279997672,1889.2149286256608,100,1
568,0,0.13681216051848863,-0.15274541149484103,-0.62923797203430543,-0.10440030786363685,-27.951327863853432,1905.990061940262,100,1
569,0,0.011925339777246611,-0.49690723091554057,-1.5726098498558896,-15.298641550887099,50.698759113647782,1975.3228267578752,100,1
570,0,-0.49807137848117811,-0.015835357501185615,-2.2148789447060913,-35.812093182136906,13.0674560446129,1910.7280379480142,100,1
571,0,0.28316929259095736,0.090790989267511057,-1.5711837536453432,76.354095708698765,-15.959263255886944,2006.0866463566661,100,1
572,0,-0.29297399886454562,0.18310175960938788,-1.032770774262715,82.068625358278609,-21.968882100483142,1975.1640780029506,100,1
573,0,0.41217074017260674,-0.28189898268886365,-1.9389482456183129,16.124862284213489,32.011781002813493,1907.7913329406033,100,1
574,0,-0.43490859227485223,0.22078153533687292,-0.77241599858060095,11.954938593871743,-106.19187776617385,1954.0406548861745,100,1
575,0,-0.15010044490077853,-0.17659054676682298,-1.5828765076522076,21.220684062429847,14.553583558054846,2007.2039776982963,100,1
576,0,-0.12140690890104712,0.072048491690382896,-0.72505267254083272,-49.264827101502931,-47.631890337105162,1900.0002594728724,100,1
577,0,-0.17611100404854552,0.080336765265625512,-1.4575528152167589,1.8200204815572347,-11.964384625571967,1907.2616738805193,100,1
578,0,-0.31642422105743456,-0.10408038057759884,-0.77452207614237822,-2.1989277705576109,48.859830487181114,1974.6610291970132,100,1
579,0,0.31136293413455879,-0.3904498369223649,-0.54541471636716876,2.918165236577877,54.824616233950813,1874.5552635798754,100,1
580,0,-0.077305175332572779,-0.3407331122345828,-2.4775186729246048,-3.471855101494183,-34.448281490286938,1899.1858462949481,100,1
581,0,0.13343900301555073,-0.45033301417371913,-0.83284043756785797,-18.76289156003546,62.394432354059816,1876.3585494493182,100,1
582,0,0.0020210380043693787,-0.17820641594103434,-0.47315843030488636,-3.6548886168105601,3.6785421388320052,1975.9511415851882,100,1
583,0,0.014105997908695059,-0.14753090193144616,-2.329951657946836,2.7972453576281895,-27.937931981248244,1939.4601531905305,100,1
584,0,-0.19974081577616182,-0.38134563745037581,-0.69090087120577426,-36.627776012967857,-23.418430245210089,1941.4462851892222,100,1
585,0,-0.010198492391747079,-0.26649728283807383,-1.1960244969357519,12.540240437626027,-40.519553706721105,1871.0696437785994,100,1
586,0,-0.26635598330894422,0.42113846480800127,-0.71903246004440147,-3.717127823623156,-42.132478016320654,1955.7781625659666,100,1
587,0,-0.27235409104418051,0.046024465001427928,-2.5797558942234611,-22.542407149945447,70.78807629626057,1938.8369930051892,100,1
588,0,0.018548921368159926,-0.40208875257795246,-0.68495342112571644,-14.347503821853735,8.2140499121666952,1932.7904062251007,100,1
589,0,0.13461087309911621,-0.34262829648289717,-1.3826963097134835,32.251327985364341,-32.434523292298373,1981.6835879835596,100,1
590,0,-0.083268044176394884,-0.061530215687523523,-0.89721386365654476,-10.397640767338912,23.969978537468936,1941.430274703069,100,1
591,0,-0.013695301749067983,-0.23338041458949743,-0.74294483323693705,-30.58294069417525,33.080121427679387,2093.4447976932961,100,1
592,0,-0.14345879370436093,0.32933433208860929,-1.246775718362902,-7.3678093777448064,-15.139968056948678,1888.5422171602747,100,1
593,0,0.034922832618498073,0.045049590899730395,-0.99991295981001793,36.249483494154767,-16.378773877117666,1904.7876222746575,100,1
594,0,-0.063377865531608901,-0.19752815581136757,-1.3431473673564402,13.792862070648178,17.021132029370641,1991.0609876252729,100,1
595,0,-0.30965195245646665,-0.090227713049554695,-1.0466658214147937,37.141839543490235,8.5954394303820507,1980.6564269478993,100,1
596,0,-0.43472539778167757,0.13459203144090043,-1.1666266019835461,90.560073142261572,-37.342585911801756,1932.6701106331416,100,1
597,0,-0.23069268287072964,-0.079291244911803574,-0.97523090327791162,-28.437304342985829,-48.678370139216796,1888.8603908484927,100,1
598,0,-0.11597199931070831,-0.01947239195640153,-1.6781528111574369,-33.746747055612097,31.283982058713175,1899.5246383380863,100,1
599,0,0.33769492880982926,-0.002880323945030129,-1.4058155212255734,-8.8167673872117867,-30.457289161072378,1868.3348268452401,100,1
600,0,-0.22965992791756049,-0.24504676628900729,-2.5054646997290808,3.0743925561359076,-49.337357081236291,1970.5542506902132,100,1
601,0,0.43880268092707858,0.15744994865683878,-1.911394465177656,-94.663868901879681,-51.9119632780667,1992.8896964842702,100,1
602,0,-0.2452762910405103,-0.18245780559925628,-1.3891087911509894,10.767517076765849,35.600453048198595,1848.3272818871017,100,1
603,0,-0.078450311738200385,-0.47800582518798196,-1.1474319463583464,7.2620565995417117,-4.9624699128148553,1977.3271484474301,100,1
604,0,-0.020641707302137942,-0.38500212979612602,-1.8190068156126897,53.284685940487371,17.860575660757707,2065.8996327856021,100,1
605,0,-0.20420395938620306,0.14101452234347983,-1.5067822596394918,-22.558677326483842,-7.6370194701362051,1920.9921230592265,100,1
606,0,-0.22714250150528451,-0.34184478419109199,-0.49976541862612334,-2.2984032929475182,38.852333206033016,1984.2832960503315,100,1
607,0,0.45841200693985223,-0.11587133922596043,-2.1224601148999138,5.1899239632689564,18.355186469630873,2000.1558636030252,100,1
608,0,-0.13977570736328751,0.34762994655788865,-1.3460934402277867,-32.29876185653157,-0.58242421667792987,2043.6388829732437,100,1
609,0,0.3935246405299096,-0.062642716755817826,-1.436686729926191,16.635862355833105,-54.982675327596972,1913.9752048192486,100,1
610,0,0.32091726820228428,0.35592638114731667,-1.5312930265219711,36.39144867992848,-48.508219563541601,2057.8552742294842,100,1
611,0,-0.33686402216530603,0.04883730999176402,-1.0030566731822577,-39.754384244318338,-22.665335371279152,1886.4394810208576,100,1
612,0,0.25303073827777689,0.40784617077371776,-1.3885566190904493,10.262585416702526,5.6127672962280899,2030.5451971570296,100,1
613,0,0.083180111778207819,0.29596240280345176,-2.4911129425127241,93.563540800163651,-23.049644911101595,1944.9581561968218,100,1
614,0,0.13966735326108606,0.36207092026457305,-1.0224224248448797,-70.464961706645042,23.646820148538424,1914.7251938256657,100,1
615,0,0.028204881435533291,0.21448185688014137,-1.1620473851993247,38.24101316760796,-11.423598234347285,1964.3209089560819,100,1
616,0,-0.42747811557847926,0.21698254335165293,-0.48065747202229647,15.462964948835562,-60.886006884985882,1933.3156252630979,100,1
617,0,-0.18418329465369168,-0.13432817543777739,-1.2303052009891398,-27.991065682491865,-32.020777977450891,1897.0858844480465,100,1
618,0,0.2637167478954901,0.40122547476964909,-2.5298262436887509,17.27338110651316,2.3647263769587568,1982.2321936992,100,1
619,0,0.44824411306881301,-0.20133700095609225,-1.5643870417040899,-17.531644194052703,-41.888101369755887,1999.55387355679,100,1
620,0,-0.46443908039537046,0.015987116264518188,-0.5035702536716139,10.606252158686987,12.9596361088128,1973.4903295805389,100,1
621,0,0.060346897398927145,0.47731531524061499,-1.0059363327990103,39.800911456053392,-31.47571063117973,1955.7255027329004,100,1
622,0,-0.23032194741942602,-0.20834825466474469,-2.2342963542734311,-33.219501713611699,42.465726710981038,1914.4562436665085,100,1
623,0,0.23307638366805317,-0.28924372234533668,-1.8303230160286703,-58.371062974896077,-6.4313836814511722,1981.7569671204528,100,1
624,0,0.20875699211401241,0.18533276500536081,-0.49440728473898021,62.876786425083047,34.080482157335986,1932.8596517363258,100,1
625,0,-0.37200447784196861,-0.18227006513835561,-0.83177544786230206,-9.2840514485677694,-7.0200666228391668,1998.7476458037845,100,1
626,0,-0.21219038402033585,-0.17882982623962218,-1.8708238875357022,-3.4463447010011503,10.260005308624354,1983.4610016169941,100,1
627,0,-0.035804286904384544,0.34656246784179812,-1.8569602746071914,41.287251210893352,23.719600700854578,1955.8912536246394,100,1
628,0,0.1780810603039569,-0.07906378627260989,-1.3990046095979705,-66.442303467796108,-10.860789568543799,1982.9219183021842,100,1
629,0,0.027151562888411574,0.23505107470146663,-1.8976926946823711,-0.98194092990167969,6.1751299988648665,2011.9489407499088,100,1
630,0,-0.21851067109766037,0.27621024983648162,-1.2417408802460443,-8.759020773219202,6.4606609407707003,1920.5629136747652,100,1
631,0,-0.031360837433368677,0.44226484722152165,-1.3427713840868407,17.681944069441439,-35.466725373407293,2027.2964487442728,100,1
632,0,-0.087087670367004794,0.20740338631667257,-2.4146171441637914,-0.79876465174326239,-3.1548660959280106,1959.7521005655642,100,1
633,0,-0.047750535284111842,0.46711135752950866,-1.4456884822477696,33.630380608777045,14.993234409449908,1988.1779318746553,100,1
634,0,-0.14153481476806459,-0.060480981676778012,-2.1450088253374049,78.312872867985135,-7.864342733065631,1924.8819139733516,100,1
635,0,-0.35907850862925039,0.30214031241424988,-1.3043136066558467,-12.164817983026742,46.206471683404914,1936.5436725367808,100,1
636,0,0.30672981825773132,-0.30392791725602081,-1.903111437547935,-5.2957094101621918,-44.605605547915523,1935.8755568154802,100,1
637,0,0.36722405183137041,0.025228756924434867,-1.4587161579445189,1.0222733149195322,-5.7094978283379918,1948.4929555195881,100,1
638,0,0.24291500938510655,-0.16204977254022446,-0.76847784448004075,13.77192314294879,42.71218224467173,1957.7068360475578,100,1
639,0,0.27202381490205318,0.41573507919319491,-2.0049622727890393,11.907618947531564,-14.227881552078193,1951.6370288538367,100,1
640,0,-0.30389956535336882,-0.29693471673373134,-2.0218267289003773,-5.6468882940474412,49.066512170214203,2015.1538613787075,100,1
641,0,0.012035484069919694,-0.22530994639514718,-1.8868036817580327,13.471661298398681,-35.435951022438402,1983.4670236131162,100,1
642,0,-0.40882409252771157,0.067004990792372071,-1.6039213286735579,27.111585679657257,-5.3755611921391671,1988.9080178131326,100,1
643,0,0.16201554025561499,0.077968952620992835,-1.6169197642376409,77.825111333789579,-5.5872552368523829,1951.2912590448198,100,1
644,0,0.082691911937150711,-0.092835339423402372,-0.98488879344217239,-66.204560501506052,-40.41078463999451,2102.5899314126295,100,1
645,0,0.17515541051261785,-0.3441020775254382,-2.5893633084037413,-29.893052297717983,14.718287248067586,1957.4363219029694,100,1
646,0,-0.48415507536781427,-0.019648767008455262,-2.2775911762942767,22.621519426952396,60.769629350941088,1990.2642553728899,100,1
647,0,0.25167301162051814,-0.17666436512392114,-2.424372386973106,-21.371380563657738,19.356955601578196,1946.3643001673977,100,1
648,0,0.18807936205668455,-0.37145892123254509,-1.4897624426765663,32.681712679214748,17.992482220324472,2045.0401203087799,100,1
649,0,-0.044385245509584989,-0.34695409849271691,-2.0572800812106844,39.188954072796008,-26.636841401604826,1867.1332941874441,100,1
650,0,0.29503407226756379,-0.3412317798756524,-1.4041646101103433,-43.89279494521162,-3.8694796472250923,1912.1204043155817,100,1
651,0,-0.19121983294725042,-0.24280739443541269,-0.61518391499405234,-19.596561881805872,-76.811673547400446,1902.5651218625633,100,1
652,0,0.40946710680683401,-0.043902811388248808,-2.3698497387498576,-18.6060985914763,7.4591113777169733,1955.5609199220698,100,1
653,0,0.29530471505578387,0.37343588254364812,-1.2141346116814453,-26.348927542667965,5.6242044750489857,1932.7596832756242,100,1
654,0,0.062972564274829501,0.394331218924657,-0.67326624967862214,-12.259785727902036,52.144217236899344,2013.0800290456239,100,1
655,0,-0.068146975988762196,-0.061008767481068427,-2.4303671508955889,11.459560703417752,8.7994740349724658,1969.4685576125125,100,1
656,0,-0.45253652175913728,0.16536696581448387,-1.6189501594162747,-21.422762434827099,-47.353901046390554,1962.3599898926095,100,1
657,0,0.066700344029310007,0.044330135131004027,-2.5186724899185187,-37.194389659554545,-14.891204696692732,1916.8441065864909,100,1
658,0,0.15230809265608619,-0.12628189848815483,-0.9921345136826224,31.098222661907474,9.0446784202301096,1993.4249928211173,100,1
659,0,-0.13745997798894211,-0.36382099698890535,-1.6821353231493381,27.698716853242146,29.38926887498857,1926.5126467422124,100,1
660,0,0.19880420793952028,-0.14041296070937873,-1.5675652117800665,-28.112240538602087,8.2831092015227732,1996.4797673416826,100,1
661,0,0.083728345215647995,-0.048097758411659614,-1.7997582522664186,29.588595389714218,8.0903408845856557,1900.7551842480311,100,1
662,0,-0.29904998359176554,0.084645108533485947,-0.40993955106028412,6.7887090423170307,4.8698862402232601,1997.4476105811289,100,1
663,0,0.31079816016012396,-0.090339681652428547,-1.4965438334330163,-2.1618545275668306,15.562241606616036,1923.1920225136785,100,1
664,0,0.16385499798666672,0.46693165189744645,-2.5185879123901023,8.8986521390083997,-27.710324029601818,1980.6120394580057,100,1
665,0,-0.22259942893860521,0.18485667350174323,-0.56061520414670629,23.601099417576059,20.439964706822192,2011.4878425156271,100,1
666,0,-0.2719028906027619,-0.25701064842408822,-1.6997206637325939,-37.404987735069625,-16.697681610255675,1910.1777794560383,100,1
667,0,-0.32440848547642842,-0.3450088134840576,-0.90182833283415187,-21.115271896924703,-7.526653301835986,1924.4426077822659,100,1
668,0,0.29498469818334994,0.044731154902346741,-1.171051316422643,-70.674300625694158,-79.644335492991317,1940.0701291471858,100,1
669,0,-0.4626497084620107,0.0063756260107473775,-2.3674873519541153,-14.596934926915395,18.906812650452363,1984.1229945067789,100,1
670,0,-0.2673253016782059,0.024235810537564254,-0.92302337247880861,33.261426932309057,-34.137534903044688,1906.4783884360345,100,1
671,0,0.23103996461050577,0.1053747969196544,-1.2122809667423864,49.683048266564676,0.0056151180567831464,1995.8508382851253,100,1
672,0,-0.24796955523473052,-0.43404502014561824,-0.59301518524790153,-9.8354108818561485,1.0426906917224821,1987.8797456180962,100,1
673,0,0.39881283421278546,-0.10443989187958821,-1.7660118226857249,1.8572797002879955,-20.121066838300202,1919.5295859630191,100,1
674,0,-0.21760808308374477,0.34973898417777516,-2.2786603826176566,-41.385234684974989,-10.960036649569222,1942.0667279990398,100,1
675,0,0.15297811129763866,-0.027289381071483008,-1.2224636272221718,-3.1860582274798186,-7.4659918174020428,1895.0050816591079,100,1
676,0,-0.0198145178793275,0.42204407312091324,-0.77860995791578425,-28.08469423320771,23.946269244937142,2013.0536780266621,100,1
677,0,0.061640417156336239,-0.10388002782481999,-1.8256810071489191,3.5847186639754391,-2.3613107419377761,1944.8767670820353,100,1
678,0,-0.34226703845114015,0.35595296908336577,-2.1405173865709877,13.321914429685249,-20.012948770573082,2019.2371093528704,100,1
679,0,-0.41817850029607878,-0.21717288738073404,-1.5275269764449502,-19.911462380599957,30.142237092168219,1947.4608338523337,100,1
680,0,0.33713455063109815,-0.048413147841087245,-2.3013777165663205,44.067127028379012,-25.264078500172531,1893.3935322876866,100,1
681,0,0.081771318108684696,-0.22435679750695628,-0.86627590586245939,-34.359081956762509,-2.1833910907536676,1887.2696687171306,100,1
682,0,0.16537461065387041,0.42125757825287308,-2.5437467977820756,-42.973537975153427,12.813747482455925,1929.0906945339018,100,1
683,0,0.2747796296395113,-0.22248502824163485,-0.53664146185251937,-14.376702099756091,1.9081727501068306,1911.7274340524307,100,1
684,0,0.42318486129818661,-0.26515269731735591,-0.93879273416297515,34.401607757615132,17.641345403796663,1965.9360371494113,100,1
685,0,0.024838951290359262,0.22767477881731246,-2.5046858424595388,-40.012380346398331,5.7822098061309815,2040.287426177943,100,1
686,0,-0.23761098922706023,0.09644215876138483,-2.0137490556411315,10.018208522971795,14.024220124203589,2043.184061894201,100,1
687,0,-0.32093930571892249,0.29329219764344738,-1.6063184711557834,-36.837443706426157,32.098629652226286,2006.1769335523657,100,1
688,0,-0.073041727849771906,0.47470761724042854,-1.9089130177300782,90.470188049624653,-9.8274531608562832,1915.3549394924385,100,1
689,0,0.071072902300702984,-0.01058198079811638,-0.98967231896056462,-6.2367966719651529,42.263470227143721,1985.5987756685975,100,1
690,0,-0.32033555372522371,0.27356858520182548,-1.1084458849056624,14.099275416939197,6.9011969621323139,2015.6116474227133,100,1
691,0,0.014138324769304097,-0.37540008651394569,-2.2541203048269147,-21.148647895223114,78.276653912427193,1977.8991232773053,100,1
692,0,0.024189487509770714,0.16730678633967333,-0.92031358448420708,15.469772632117365,17.523630747415041,1896.8914797182231,100,1
693,0,0.45679349351783471,0.030327373216432786,-1.124986675148417,24.460409127741759,-18.319470295923043,1985.6559194925201,100,1
694,0,-0.13941945901189623,-0.042164504113608246,-0.84450173455384681,-39.607709130803279,-3.351422604430252,1920.363857949138,100,1
695,0,-0.29345218363854619,0.093885417331679932,-1.3361310094856718,5.6454904833665633,26.577057613392746,1961.510683743908,100,1
696,0,-0.020178540877167382,0.31073303350662745,-2.4790713862233487,-15.406412480018787,-7.7694247644312213,1967.8336143293277,100,1
697,0,-0.30885551979624692,-0.37716985653649898,-1.8159814197292568,16.095277662220614,32.169345448016195,1920.4820648315567,100,1
698,0,0.11650426404483154,0.2354763156762735,-1.0679103152859746,22.899422503311701,-78.804972237605313,1943.4824517019044,100,1
699,0,0.22039487620648757,0.24157766270958775,-0.97195358211945537,16.803690317909595,34.170974906729356,1931.2654307746086,100,1
700,0,0.283828258503459,0.26383900286170214,-0.71465945643349915,-62.137770931476112,22.518457240479545,1928.5679824141125,100,1
701,0,0.22165797271572313,0.060718920709738708,-1.5749389448414337,-7.5444979942555568,21.171137149806334,1952.3239101354759,100,1
702,0,0.035178712541241608,-0.16549113941133525,-1.3722180995232436,-66.030299650042011,1.5692910746699236,1912.7932885721361,100,1
703,0,-0.39050458771104263,0.1138056570943515,-0.914731369323315,100.76760500863537,-8.1328992540824618,1998.46144770406,100,1
704,0,0.27770019631032644,-0.11676547238874084,-1.026625660351614,9.327360202731267,-37.43633026614178,1809.0718586772148,100,1
705,0,-0.097744477022354975,-0.46058135559116248,-1.6754799369987712,5.9163399975009474,31.327096559683639,2037.2990683561084,100,1
706,0,0.44294702304862965,0.026101747160729702,-1.1897325912595649,-1.6524445436711859,-37.894254184549915,1990.2210624050044,100,1
707,0,0.11815850869519355,-0.061923810369163224,-1.6370373558276816,16.962158751800814,1.8466511190457349,1954.8033054769503,100,1
708,0,0.40979943113189488,0.075025082254393125,-2.0891189319988164,5.0805817186461564,32.933903200351253,1957.6778431472592,100,1
709,0,0.1535819230179985,-0.42215765517022569,-1.9194314420507035,20.211180383612927,2.4184226534147566,1915.4652089970261,100,1
710,0,-0.45581940417318012,-0.095839388828896616,-1.4422140689299892,-48.365871165403092,13.972571333573338,1929.5509984248972,100,1
711,0,0.23525444318764449,-0.063635392188922335,-0.45103604605413294,-40.664213281045207,-22.515254039098714,1945.0135787286351,100,1
712,0,0.29112053212833067,-0.36680413266567863,-1.3102243513208929,-87.781913717276495,-26.922976700212541,1915.0800501323756,100,1
713,0,0.30864251504703,-0.2071262389858072,-2.5473239034636412,-8.9305481254976122,-2.5602569801248145,2000.4111335240618,100,1
714,0,0.19939804312455278,-0.10129555735909004,-1.465427438491,50.868305988697834,-36.191560377965438,1956.2094662197978,100,1
715,0,0.31471625502278155,-0.24151994227114459,-1.8185695163461799,-33.009950292468488,48.559438715370433,1976.3047386117587,100,1
716,0,-0.086031898094794723,0.24465237549688437,-2.3199359717706791,58.289374818626769,37.746822670404292,1955.0208582608393,100,1
717,0,-0.30803913067041766,0.33062065356746284,-2.4059376843934954,-20.507968002528326,50.822402173843578,1979.3730608837789,100,1
718,0,0.1428624961189659,0.057525818219023049,-2.0168316224055109,-8.9043615050408551,-1.4002675257318702,2029.2919423395554,100,1
719,0,-0.022410993555488104,0.14257965385574292,-0.60426163309254743,20.764729633436112,-85.343659441649677,1913.8008002167446,100,1
720,0,-0.4084828523195923,-0.25966241791605738,-0.90940161701257272,-22.660811526394451,3.3414931251385154,2061.5652466071647,100,1
721,0,-0.42809548402189407,-0.25760927277430673,-2.4675118240881768,14.93974682892275,-31.219506672080144,1994.870657852453,100,1
722,0,0.015121411452284423,-0.40469399405182382,-0.42763823433869286,-40.08891837465422,2.6080125761084112,2012.3503654217961,100,1
723,0,0.38261608507010958,-0.11618497014437636,-1.3821015501049729,-37.860568516972556,-0.93429682713704265,2063.8120293699708,100,1
724,0,0.15378261825623363,0.19493787038859231,-1.9680747183340492,1.2573326908094891,-8.6060863430601096,2013.0965228348687,100,1
725,0,0.073995623043842537,0.13965666002685864,-2.0320871141721941,10.065457472992787,-41.814659127925253,1983.1227135394106,100,1
726,0,-0.34476443725975797,-0.038965638513082969,-2.439482083946372,-66.682612018132446,42.91734340832619,1975.5268616060423,100,1
727,0,-0.28140575524315037,0.14129631324920069,-0.88793970838441372,4.3780379233985807,23.258797114796948,1958.7505498014523,100,1
728,0,-0.26361829401353498,-0.32507286451805401,-1.1031766629905393,-15.542285640805146,-27.616812932296259,1940.2540848135338,100,1
729,0,-0.12197891154025305,0.18703229235231758,-1.549316891772105,21.150376258894624,-51.824904140564335,1928.2208856340226,100,1
730,0,0.31337652481154216,-0.025629425533281618,-1.1052198893237721,-12.172309229301092,-17.376857851747317,1881.484381002575,100,1
731,0,0.084447496776275652,-0.2529291082219981,-0.82235113027715989,24.473778997360615,-9.4097686338194855,1938.20539284808,100,1
732,0,0.39391337586044217,-0.20577469265506321,-2.4735357061088243,31.72954461886572,-30.233066975355865,1996.0272518713098,100,1
733,0,-0.036615123740632055,0.19098394116280465,-2.0564204142036795,63.284812350867874,-41.989602863961373,1990.2656287537977,100,1
734,0,-0.38154606281635545,-0.12829663402875296,-1.2394792514294928,-41.25441140534722,37.29741607313192,2059.5032238451558,100,1
735,0,0.4045402427607695,0.078353701872427739,-1.1794639792247428,10.069442728185379,7.6973873498739769,1943.6314426286024,100,1
736,0,-0.25667543699701723,0.19494222061835167,-1.3777150492054495,11.828644414564074,45.272507322278344,1996.5593228373573,100,1
737,0,-0.25766464333722905,0.33238973822706169,-2.5237205011410406,47.486153329064258,5.9040514076102077,1915.7594960307013,100,1
738,0,-0.38916072729391921,0.13193229347255339,-1.0710923265397729,-66.182294730622047,35.613475777030096,2021.1840329816189,100,1
739,0,0.41037494715482475,-0.23117174653694286,-2.3097310748215083,22.13704962637301,20.176819533315015,1941.0821004042079,100,1
740,0,-0.14026030199289627,-0.095350283431398897,-0.88650797509542079,-18.716091642349522,15.964007709558979,1932.8409183517876,100,1
741,0,0.1076148311001083,0.39190168862152308,-0.82563368637148193,-62.451941309454092,-18.006596212853889,1977.9133015830062,100,1
742,0,-0.17521020738549331,0.22830645226792537,-1.5620577484967464,-4.6849890416487163,97.349052162878408,2048.1829022456955,100,1
743,0,-0.052010206250757612,0.2693699076414165,-0.59410690517389875,33.374307086294237,-18.733674153978303,1961.1914892170971,100,1
744,0,0.20098277818136673,0.38529061683863675,-1.7730268984054107,32.29838706598229,14.143710327029444,2069.920858552221,100,1
745,0,0.19371528231735097,-0.30921333977109738,-2.1441858683334383,-22.695024010023733,-7.1596316668332021,1934.7187903877827,100,1
746,0,0.31366529650502106,0.3606364683561068,-2.3703381298236921,28.189239693654876,-45.533903388038311,2000.6552032072334,100,1
747,0,0.23482981691266627,-0.19645219710692463,-0.49442150084100511,3.5451955534057946,-67.589653661369042,2020.7526904893189,100,1
748,0,0.23469605216547135,-0.38285213400526324,-0.7886240135081557,73.269061298829342,39.460738646103465,1996.5771150240969,100,1
749,0,-0.064779685042234095,0.33838890637925995,-2.3139806891880244,72.158712617552453,51.446421603381836,1912.198692262928,100,1
750,0,0.41240419240100423,-0.040840557237306417,-2.0925373181053235,-14.884151297119793,42.156918454166032,1933.4432965294741,100,1
751,0,-0.38142497817962318,0.042388048796384158,-1.2029811958213819,4.8374999646922063,38.057856589905626,1932.2137660281869,100,1
752,0,0.38799539514959308,0.11471642990754263,-0.57551552108288939,-8.485680482893514,47.005824393482364,2043.8441995316707,100,1
753,0,0.061464530759519589,-0.1246007954813947,-2.3850147135977351,83.600112285565103,-39.103935692579967,2046.4218453276883,100,1
754,0,-0.029727567097057914,-0.052480783997659188,-1.3504280325970148,-2.5232765334662726,-37.023506579272762,1934.3508910561613,100,1
755,0,0.022411258858458454,-0.47852207284897819,-2.5427943977440579,14.954296878475123,23.771401969674347,1896.2648621496996,100,1
756,0,0.34061733609221134,-0.28706157819964612,-0.48637142876702688,72.884017163917903,-2.5909704912774529,1921.720743293446,100,1
757,0,-0.374136044194817,-0.049101703497291538,-2.0798866974703514,15.703236601245093,-21.512455814454523,2039.1234839183262,100,1
758,0,-0.098247636874293706,0.43979369355241027,-0.89370548755902701,-25.940864775872203,38.182585454124997,1910.6885126038474,100,1
759,0,0.12828083134010218,0.13389225538704799,-0.75864812370684009,-8.2772326680775947,-7.0614887575442005,1962.9524079876453,100,1
760,0,-0.11603700988773,-0.22352305717600859,-1.2227696888892963,-36.215077191849829,-44.006445403750369,1994.2578312816113,100,1
761,0,-0.116624309481263,-0.40814284719797167,-2.4076645370061631,-88.411707700496521,-43.830461384560913,2023.5651831802077,100,1
762,0,0.22786332565943931,-0.28532425845815673,-1.1744825720066374,-23.806849244342576,-17.058959525997267,1977.9223307098239,100,1
763,0,0.33465867380825093,-0.34590631151581769,-0.45663002312404077,-43.368711731874789,27.394407045565977,1941.8895060141897,100,1
764,0,0.34542266749037348,0.29098044410391122,-1.0439323933987643,14.089920333285825,40.367945603433384,2059.6698810347957,100,1
765,0,0.37919239679394512,-0.13501261336858583,-2.5317280177400585,-43.725963941924789,-25.65708636669476,1912.6909640104566,100,1
766,0,-0.13554225740928144,0.28858008634653143,-0.50261292748496111,-23.02581046346171,7.3032036100197191,1928.506561972061,100,1
767,0,-0.18991996618586898,-0.32646899774063198,-1.9824732757113326,-16.735677891825727,41.861218043227041,2023.5228770093231,100,1
768,0,0.13544809173933284,0.051745712239347173,-2.1446411930706222,56.912519647078241,-39.916472286583918,2043.7624111031841,100,1
769,0,-0.21114194112414805,0.17791528087175504,-0.73349440580633385,8.4121796086170537,-15.991161524101308,2005.8037436482475,100,1
770,0,-0.36936509712493382,0.20168696828550015,-1.4713254234387825,15.246949219858932,-27.230017144328006,1977.0847743291608,100,1
771,0,-0.41552915025046427,0.27512756883643946,-0.52826350858933735,-11.839074909500265,-53.818498409006821,1978.6524809932889,100,1
772,0,-0.19764449713855406,0.045164158951624317,-0.80653865380564815,16.060862174936926,32.142800420352607,1995.5094550203332,100,1
773,0,0.036653324671851624,0.31143054676016119,-0.50614467224245874,30.609276926984428,-21.350621792196716,1927.2026697710053,100,1
774,0,-0.4403822663478153,0.011081548659336906,-2.4057922841404449,38.25570825194481,19.131861488164937,1991.8775139306779,100,1
775,0,0.30473164159816557,-0.17788206598567885,-1.532722303849908,10.644781664836943,-33.120941544285522,1897.0867749538427,100,1
776,0,0.055463706440337365,0.017778658041059887,-2.2257257526410403,-1.0539098095303299,-22.019966977354688,2001.3967445122678,100,1
777,0,0.14799596649476263,0.27313158178614305,-2.1316078919428492,13.70457053015623,-6.4087828054715681,2049.5269714092406,100,1
778,0,0.44756300690438655,-0.095262433121013443,-1.5041877363417997,-30.797343755065789,62.032410269735358,2008.6996955538577,100,1
779,0,0.28697299232248619,0.31213863837569278,-1.1251376057131472,25.753606334683528,17.061063092225815,1902.925714647688,100,1
780,0,0.32615174759178267,0.17287541193469672,-1.4289041639094984,-27.998303217725407,-32.391607050294091,1906.490168401835,100,1
781,0,-0.34101159333246533,-0.15959589779878799,-0.65874396097847687,34.799870347224648,-45.02877950103241,1989.2115273613026,100,1
782,0,0.10442003004173117,0.0019341930852881854,-2.2346939489603903,-27.979554299144365,42.263616209652412,1955.4981363997247,100,1
783,0,-0.053611118707682322,0.3154877866996349,-2.0952904720339327,-27.491861527834601,7.243021121717387,1986.0281030873207,100,1
784,0,-0.0021884478530784621,-0.19674996251427071,-2.2740605379753065,-28.525169297318325,13.120478308266765,1829.3135532866406,100,1
785,0,0.091733979293215778,-0.013649646390447868,-1.4023928519776738,10.006681958635484,32.360355492949907,1964.3363820800278,100,1
786,0,-0.45647904606834394,-0.015533066180089277,-0.72752362551415328,26.304282280048778,-14.251746214759041,1992.6847197210579,100,1
787,0,0.37055252928777377,0.29547833110170424,-0.80935827792147153,7.7138820760691491,31.411874704299972,1907.1835774176268,100,1
788,0,-0.39311046503970892,-0.011870085661013453,-1.3903131463936889,-56.111857357168908,34.351867174180747,1969.3418759584085,100,1
789,0,-0.0265093044625372,-0.049204981723321779,-2.4904191465515555,8.4486339818632086,47.524979870964934,1931.0824515646657,100,1
790,0,0.16577759014284699,-0.15873114770333252,-2.5305628257638118,32.907931252375185,-0.33501456417253217,1956.4949403714063,100,1
791,0,0.20828590290379317,-0.26864332977004407,-1.4430003190074021,-51.725215006751732,-4.3111244091360978,1984.1372181507461,100,1
792,0,0.16120310460372111,-0.028103373292602804,-2.2634087058900341,-74.172067297104391,55.737247779280032,2021.9424399268112,100,1
793,0,-0.26516118695358371,0.25779744366148882,-1.8398819715310464,32.530206317869514,-2.5513454391163259,2002.7761965216762,100,1
794,0,0.13391028662793614,-0.32742166533373607,-1.2377206139320522,-29.784242290549738,-22.53825164709491,1866.6470932527097,100,1
795,0,-0.35339742776700139,0.34853643678818769,-2.2126980832530179,-9.4613363352070898,-10.989481695528161,1966.0385202671152,100,1
796,0,-0.27602708347490384,0.019642331146042993,-0.44688909125712728,33.721366254846167,-23.091913718022845,1934.0231619801816,100,1
797,0,0.18075467252464208,0.177818283009262,-1.8554007344784931,43.644154621287562,14.846561449498259,1953.1433231869401,100,1
798,0,-0.40897740440092933,-0.13603656164094527,-1.2196993330750692,-49.781443626719657,-17.644201961750074,1920.1417634116992,100,1
799,0,-0.20661615185874407,0.39509497331690324,-1.1529889706290919,10.564647627783534,24.152817230351967,1921.1117181241391,100,1
800,0,0.27274107840946704,0.3165352934424337,-2.2497370394914218,-11.222341580080705,25.733794079334995,2096.37339860577,100,1
801,0,-0.22270053465306522,0.40806770038241846,-0.69777168840707726,0.70679782664522117,-44.578864157199305,1917.8170771832495,100,1
802,0,-0.065201179712047974,0.054457220130483298,-0.81630253846426415,18.65114057761766,13.710562948468349,1901.5556486029177,100,1
803,0,0.11113212061456526,0.25251130882999101,-1.4306813333142994,41.321528470601535,-69.250684366565025,2042.2936092105601,100,1
804,0,-0.093746499503520597,0.09390669243554646,-0.6650015497868077,47.046262196019406,-39.707919816695693,1955.2529251948101,100,1
805,0,0.10781706072546612,0.031520463294527179,-1.399065589433506,-18.012509813096184,-19.756447849201063,2026.1708068471398,100,1
806,0,-0.30959081138073014,-0.21004203489599602,-1.8937479268957345,92.868437018863844,-17.815581963434003,1923.7704446309592,100,1
807,0,-0.29665759913237755,-0.014879920205069166,-2.5684984301744223,31.363533755931318,-66.422253828311455,1882.7176992413447,100,1
808,0,-0.050493107405407446,0.17087454098670779,-2.1120027534562693,23.276789585451596,-3.9058517940014563,2019.8834412412625,100,1
809,0,0.38198929559770506,0.20025831470130176,-0.61303461831926542,52.517223691698007,9.1921021469849311,1946.9963103241989,100,1
810,0,-0.052777169456515761,-0.26820790704182768,-2.4314036834524013,4.5253340941189117,11.224444610391483,1816.7863820214936,100,1
811,0,-0.19818492709745542,0.2183965158700123,-0.84486509466252546,14.441993533304057,-16.428333239346685,1985.6061963702425,100,1
812,0,-0.27812677953739795,-0.40284481606659323,-2.5229388008580358,11.731029201514062,35.799821851732361,1982.1344999882938,100,1
813,0,-0.037650852509688811,0.17342741103844753,-0.86705064442869462,36.903676847106013,-5.7779106736906032,2037.7725008006312,100,1
814,0,0.22304214511385298,0.18693710407171599,-1.2957889394941449,-11.274445216038567,-11.766932854895661,1964.3289175468624,100,1
815,0,-0.37287356233577174,-0.033064292782631621,-1.8403986127695176,-25.509038236500047,-29.720791674277731,1933.4673739579332,100,1
816,0,-0.269191006357972,-0.28224736055056365,-1.0035054890085515,8.1803680578802087,-9.5431443525557249,1930.9592215388298,100,1
817,0,-0.25069818764892826,-0.12469705752167426,-1.0629408772308802,-20.559288420109343,-74.868165504917414,2040.0613835037154,100,1
818,0,-0.40384875075240095,0.0021983192266756689,-1.3707696940517082,21.918764940582445,-5.7744230374779981,1930.9384117585607,100,1
819,0,-0.20268118934403614,-0.075955432635461284,-1.4907025420489419,48.515637536597218,-23.002939926791196,1937.2925993546023,100,1
820,0,-0.36520345846170382,-0.2938840368200959,-2.4593280491793661,3.0147708344154958,-57.326042292110607,2107.1023659658886,100,1
821,0,0.15083693823877356,0.31519329187175849,-2.3121069623394255,37.385257354428084,-15.791764599038816,2001.6690380130372,100,1
822,0,-0.21227345038568485,-0.14846882634854253,-2.3728463222260534,-18.229784839781175,-33.175425914720336,1921.7103113076666,100,1
823,0,-0.43260870163454118,-0.031534564621072417,-0.59383744340842926,4.2097637920998876,98.234022828376851,1917.6236951416752,100,1
824,0,-0.40220035714777069,-0.1417303901723253,-2.157779521339469,-15.252877174954483,29.541764322088852,1891.1801511447475,100,1
825,0,0.41359431842260236,0.23395882449031632,-1.9850009042529047,-67.678584248245116,30.898929336427759,1942.0208049727535,100,1
826,0,0.021030333697965038,0.29369643422514352,-2.5285103125869779,6.2534553318264754,-28.326011641382046,1996.8265025900503,100,1
827,0,0.38222499195989545,-0.23004471509688987,-1.8541232170738899,3.0509463576994618,50.134578406993789,2009.0470767396171,100,1
828,0,-0.25946966755649653,-0.17986348336416125,-0.69125684307165547,4.7084942492820492,-39.312945110398779,1937.337193982145,100,1
829,0,-0.14436325571361883,-0.37170883479829936,-0.47145271168233793,-27.354968574751098,14.274118420558478,2008.5169859195121,100,1
830,0,-0.32111843548494495,-0.23761806139107589,-0.90071284185799083,56.905122119008006,-8.2438705969297228,1998.9284896095314,100,1
831,0,0.18979998056456387,-0.13528583903022709,-2.354174617140623,-2.7384529725948683,31.04648696036227,1891.7267720242785,100,1
832,0,-0.39829169815560572,-0.10178972049704049,-1.963889298897368,6.1687467920323149,-16.095342045506708,1946.0431058152355,100,1
833,0,-0.086548316297686528,-0.412356242534965,-0.65977384553003238,-22.481913787961901,-43.148999407729647,1965.1015492455651,100,1
834,0,0.28856190006250237,-0.33339484016041693,-1.2651533941087305,-44.996386323213933,11.404061904458493,2026.2472860491375,100,1
835,0,-0.025816793604687322,-0.16005626738324641,-1.2354260549966556,-6.0834915919025851,-7.2508222908144644,1924.809188915943,100,1
836,0,-0.21342411429999153,-0.081761962628278548,-2.2988764605947063,29.930278889041094,39.243774837686082,2053.3545279142077,100,1
837,0,0.017118951465114898,0.45608262722476894,-2.2984877523093332,-9.3285488964658114,31.673166192043599,2007.3633278776833,100,1
838,0,-0.4865807242941847,-0.078280531297206579,-2.2442104362893351,47.474195135538586,-24.070092583928464,1965.4463935825186,100,1
839,0,0.061897631813953198,0.30469039647956542,-1.6348954514486884,39.122932684826772,-16.085776816123566,1916.7707217832585,100,1
840,0,0.25282428012625913,-0.3320600922644798,-1.1834166164668862,-56.843146584288043,22.798985116930414,1908.4836066770288,100,1
841,0,0.36144744356208841,0.18254009284961237,-1.5624720963369001,-21.319674558511014,-56.410494552793722,1926.8081372292486,100,1
842,0,0.30753913965924856,0.18424643192362633,-0.49835521684460748,-14.570818338158432,-45.717038339253435,1962.3045125183037,100,1
843,0,-0.49757200267126267,0.033149187764214924,-1.8213456477579384,43.499533973597792,-125.52314904689983,1921.8735260146882,100,1
844,0,-0.0048424477040840243,0.3898710904931712,-0.43888166840607346,3.6845620716157117,-12.036271864592228,1970.9605095918942,100,1
845,0,-0.072050292083469789,-0.023035991823684741,-1.6962266598328779,7.6118570005043491,12.631502770520674,1996.826833959235,100,1
846,0,-0.0696107251162566,0.26905554238189194,-1.9669816419282258,4.4499798821430305,11.772686781213549,1974.6986697711909,100,1
847,0,0.29358779455504508,-0.13155434878866731,-0.61816496961995349,23.696238221108636,5.0861028151100784,1930.5979560535534,100,1
848,0,-0.44919225708795485,0.18089172700181422,-2.562796035212024,-69.330467466347571,-54.072533553140893,2002.2073216488354,100,1
849,0,0.077518266359701604,-0.34824094858080012,-1.2124860143634031,-2.2687875945694413,40.893143734425173,2030.4255006297451,100,1
850,0,-0.11256997554681904,0.15031445997416096,-2.3140689673114778,-8.7041621264830127,-11.029235962400243,1959.0076838086784,100,1
851,0,0.090298267475493257,-0.43586349830772564,-2.5629126228030081,26.473326023866612,5.726830917679413,1931.2079290886404,100,1
852,0,0.1208417226782629,-0.36737693484400874,-1.4030041131542172,34.388850961902897,-19.07958360043013,1959.3059232086791,100,1
853,0,0.25964177561282109,0.1291907786059312,-1.8144204704428983,4.9360093669568395,-27.631092481835289,2036.4193265888125,100,1
854,0,-0.23921700148967762,0.070689907562292126,-0.66606505925356574,-35.59008778075485,76.120858208723106,1903.8205243839773,100,1
855,0,0.064000246510764719,0.14514519836204201,-2.3297474959962807,42.714453790938158,46.641548444280339,1986.1296605069795,100,1
856,0,0.19496017024438819,-0.45461819642796775,-0.95757218005667066,-32.385307113255443,52.222886195260486,1954.2912740191057,100,1
857,0,-0.22390668541434541,-0.44501073256916074,-2.0332654991569283,-22.504592590873788,3.7653038212905874,1928.5213614391896,100,1
858,0,0.30619402121809153,0.31519220946639748,-1.8693198948220313,-23.17749397072296,17.11496787804256,1960.6550446881656,100,1
859,0,-0.071877182057594552,-0.31727102432841542,-2.0096486712072315,-35.123446061651904,-22.349197880811733,1964.3890836322735,100,1
860,0,-0.057718998321228725,-0.4429153397463676,-1.9077703359105342,10.69314876641586,59.706355816587816,1911.4324716969406,100,1
861,0,0.14277438936657053,0.34269968272859774,-1.1664378380973635,39.310478660228107,19.732720394318918,1892.6179277435499,100,1
862,0,0.27469219263759009,0.28846153463057023,-1.158211532931841,-25.307822643839891,-43.789379482224575,1947.2107452706157,100,1
863,0,0.33765154106136641,0.12129911731292924,-2.3482940402005195,31.328656120114484,-26.630982453146895,1935.0873444342437,100,1
864,0,0.14530675114253641,0.22675041308408694,-1.0854559952458005,4.868443736059624,-0.57120284374079577,1948.3309890046878,100,1
865,0,-0.16168885434909627,0.15659320339505511,-1.4552828696220175,3.6913274057271948,-53.939165990471636,2013.2018543896731,100,1
866,0,-0.43691251058537794,-0.1783707019395338,-0.89298894186648947,-53.474528066804659,49.451014277048891,1874.4908477442582,100,1
867,0,0.1437110480158498,-0.32982605247136076,-1.4619057707612697,-49.587788196370006,-27.450627379636568,1960.516063510611,100,1
868,0,-0.32942795748961007,-0.058555751140851577,-1.2385620585922263,17.733883189994391,-20.02029089315457,2044.431383903735,100,1
869,0,0.20346458023631056,0.14108352580293243,-1.8060649437888321,-5.7204300819577325,-34.260471683476361,1968.4375278320972,100,1
870,0,-0.37059910405766455,-0.22886424061651131,-2.1180976304673678,10.371637521468704,-17.756581911481803,1904.7763359157532,100,1
871,0,0.40685080997310219,0.25304460462368267,-2.1970364024811415,67.761598898448355,32.863443275236769,1908.1923905916999,100,1
872,0,-0.20446783545153654,-0.11390042513104622,-0.4330593834598746,-26.527932453528333,-52.636609198288738,1930.8128346136525,100,1
873,0,0.30686753978141068,0.16641152162571893,-1.6493267195658352,-33.737992289942831,79.966145862165121,1883.987522871176,100,1
874,0,0.0037447841523905634,0.0058680818389980956,-1.3627142007751321,-20.923773932235978,-10.863518208482429,1949.2595574318605,100,1
875,0,0.20896232744449089,-0.27716327900907539,-0.55197817682090122,0.18579017697807268,-13.014116743234075,1877.4567824952744,100,1
876,0,0.35422296201317555,-0.10285316492491403,-1.1601520200747799,-12.011407438951343,6.2434488173973017,1910.8606934876782,100,1
877,0,0.088783163936167891,0.29255461612607631,-1.8385215585995716,7.5825261572313876,38.989607958615458,1997.7668819273017,100,1
878,0,-0.010374349041161319,-0.43655693581150828,-0.97193605372064562,-21.418758593502144,39.205161742341652,1926.9484196741134,100,1
879,0,0.19063175908851848,-0.25658909554690451,-1.5172549523310375,-55.844209115874733,10.444297301658178,1984.9671587790549,100,1
880,0,-0.23179957239531737,0.042917725900063916,-2.2483796996348726,-58.773304921781644,0.67095723484174941,1874.1706747693681,100,1
881,0,-0.21129177633590404,0.31710188801262007,-0.52585828861545569,32.732188542879591,-1.4778510906320386,2051.7314918283873,100,1
882,0,0.23628235909940834,-0.37176531909403765,-2.1846099847838429,11.354409607655862,-28.020234176055745,1980.8691104032866,100,1
883,0,0.21216563679042733,0.017215177282355887,-2.1891501610383726,5.5903490022660245,79.945514685266247,1947.1372932958768,100,1
884,0,-0.29370667841080123,0.018634140178128197,-0.47110392776349674,-45.983900371460706,-49.853117239330693,1995.3788505021982,100,1
885,0,-0.22165266416357721,0.41425952242603431,-1.6327117540795641,-53.611844640356679,-9.878901787645507,2001.2380070869517,100,1
886,0,0.017470950309984429,-0.42636782943378415,-1.0340276456639133,-28.714084059880168,-9.616559171152204,1978.6275509742368,100,1
887,0,-0.23034499013404136,-0.34591474059559135,-1.4613453433409593,26.415537065174096,-16.357963638031151,1938.4082671266367,100,1
888,0,-0.23923234385504152,-0.083401697351335458,-1.156519337491285,-13.410370756820258,-27.971389195619285,1945.3640190323156,100,1
889,0,0.036273283693692857,0.38321254991570708,-1.7702036345353773,-45.477122868287189,-65.22470774700632,1985.0531848024443,100,1
890,0,-0.34200200082137439,0.0039480208940091011,-0.53160021362851617,-11.338869524038488,-32.896920011843051,1979.7988099820068,100,1
891,0,0.41768562615976518,0.03163991698659345,-1.8383911969074949,88.321289107137019,3.9181149114544813,1958.6649434046835,100,1
892,0,0.35724701930843616,-0.061354644283519034,-1.315193412334805,25.536207965259042,70.768733868324503,1864.0120870487922,100,1
893,0,0.19748912326875426,0.07328146171300795,-0.74338509270094244,-16.904987975170481,12.274732584138331,1979.2291940112511,100,1
894,0,-0.19849843909407458,-0.02353942125908548,-1.0934236376724449,56.182007755546486,-6.3214370271705871,1989.9851687425521,100,1
895,0,0.0395110462418021,0.32883860596061226,-1.0584589817675152,-24.094743033084463,-15.007196039596762,1991.0809679119457,100,1
896,0,-0.096143016729091174,0.04949759601439449,-0.97264330937195098,-23.358175601005197,25.942657488990122,2007.7126958992144,100,1
897,0,0.4049437377148124,-0.0098272865350145355,-1.1477824218289916,-12.426510317025024,-46.134951338642367,1939.9519506953116,100,1
898,0,0.41058371987739478,-0.19424814839853438,-1.262826297625661,45.465590387781745,-45.474060673552479,2022.5533111717737,100,1
899,0,-0.46438617917901098,-0.12065126794452688,-0.87378182938953741,-19.379952360292563,-43.789463654240706,2090.893609229815,100,1
900,0,0.16493636271479195,-0.3797995562735258,-1.171263608010235,41.588901619437351,33.606161419586499,1911.6193023349665,100,1
901,0,-0.41272525778877694,0.0084928693268640255,-1.2040776803721129,-30.956641537233807,5.3788488530462644,1968.9935907337494,100,1
902,0,0.18164243782380773,-0.11214563855309806,-0.88282941571677542,-24.249659770473563,64.509519021738413,1994.5636668142477,100,1
903,0,0.38085784793873617,0.1625471538603187,-1.9736440599738141,-2.523177195232138,7.2946981684367778,2019.4631381396939,100,1
904,0,0.26312785095279606,0.41626815380983956,-1.2309191435186722,-9.5244690608978306,57.096594184769565,1980.6310718622228,100,1
905,0,0.25435188895883065,-0.14041888402937439,-2.4774016170467967,16.991246100582327,-8.793114734826279,1936.2390507580012,100,1
906,0,-0.046671249417878077,0.031153100750661526,-2.2430173420345914,-29.804828061985514,-30.684534737167525,1933.4989546464651,100,1
907,0,-0.0032317182916265326,-0.289564545609308,-0.52722737488347293,59.15293779123364,35.847836823711084,1895.3724067385631,100,1
908,0,0.11032740828295805,0.39342857546068455,-1.7878608121874084,74.624343489904177,-39.04964522358631,1994.014399398329,100,1
909,0,-0.42643692050645077,0.23943004312649616,-1.4106299767352617,37.611946460577052,29.209754609099296,2006.8901115941765,100,1
910,0,-0.2283871320610727,0.0067207034264191671,-0.65986326336309165,-51.992606362437087,15.957924819363944,2020.1601711603269,100,1
911,0,0.40229003555467913,0.079335324409786426,-1.8159791675971557,-0.1166797183801303,55.691555977193836,1954.5918444578117,100,1
912,0,0.2029284859201376,0.21942910372264088,-2.1060409091060253,0.92320464574404815,-20.212776253708611,1879.4896708449503,100,1
913,0,0.072020711930273831,-0.097648907223484516,-1.0825171662528112,-52.56390293221255,-34.963541510016405,2061.1110016476282,100,1
914,0,0.18013010663192214,-0.32244138918266207,-0.44245599875251851,32.413587835648606,-23.352385995078183,1993.139375420634,100,1
915,0,-0.30630460644850505,0.13024379911429804,-1.9073672073604817,-54.700201930205957,-46.793420090496369,1976.8482881540133,100,1
916,0,0.33900225392995503,0.0084198075215832762,-1.2610331296531474,-7.4393042540871051,-36.577062550254581,1968.6957588911753,100,1
917,0,-0.08381930018947549,0.18418439309543669,-1.9431636231936771,-60.898967680619293,-10.962165137160524,1927.0047935472558,100,1
918,0,-0.018881912190656047,-0.23839212863584058,-0.4205049175054083,-26.296879481968904,32.640522522378092,1924.5282288664891,100,1
919,0,-0.27101032704645256,-0.39643333996819591,-2.0998793249550491,1.5909232392784569,32.660880450441759,1994.7710493072866,100,1
920,0,-0.055049268119997934,0.12482382950878806,-1.8683341126066328,18.023554106438588,-17.627658243971258,1938.2365005438701,100,1
921,0,-0.25396831625147037,-0.31402993515079869,-2.5111119876405592,-18.837532806136899,-48.928451429244291,1926.5520176844541,100,1
922,0,0.055369532477375333,0.2680056472271326,-0.85136715596456891,-22.514773924552273,2.761675195610223,1930.0394498411124,100,1
923,0,0.19154216072872901,-0.16677064191629917,-2.3753691592150217,65.737629190311367,-3.2230220431055443,1983.4097390830568,100,1
924,0,0.09405168924130243,-0.047554240288618876,-1.3739102540386243,-30.319925543345381,-73.051990686435474,1976.4542638043911,100,1
925,0,0.15914494613600583,0.18841593195943121,-1.7134514611066307,-23.738734116816833,-49.700467577129764,2007.1155107602881,100,1
926,0,0.30033018991523902,-0.19123780378256136,-0.45993790227644493,33.862285096218059,12.775874864743358,1877.1969343588341,100,1
927,0,0.0040392838435737918,0.49928948494704295,-1.9318628650492702,-4.0412532788587043,20.722799178867024,1853.9783694045861,100,1
928,0,0.11247395701478027,0.33675850323136342,-1.3266443547571971,20.614798306383008,-27.073194762835477,1998.4428067026392,100,1
929,0,0.24721587140315868,0.31369101216922057,-0.7217305114482867,22.699526034916516,-63.52073883843039,1918.9086647134093,100,1
930,0,-0.0021772575308214507,-0.34806095364760942,-1.1295487974834493,-25.597992016593786,5.0639195182390138,1927.9031281411405,100,1
931,0,0.0018287175646268668,-0.31458670778317049,-1.6197541423250648,19.09177633180974,7.5453572735145933,1961.6202883163285,100,1
932,0,-0.038595661281657652,-0.23629253308545958,-1.6008669810768672,11.199377907959184,11.876848007902069,1969.76229172073,100,1
933,0,0.086785998199345224,0.029020890484038064,-1.1348555496398067,26.080429284310807,15.978491392616997,1965.8993252339392,100,1
934,0,-0.14300924057080655,-0.39236751405005349,-2.1421100032947336,31.401052922591465,37.221491550968118,1966.9237870591326,100,1
935,0,-0.013865916866268526,-0.23293860054370935,-0.97182590729024187,-78.953589847053891,-8.9430664269725373,1938.6397664489716,100,1
936,0,-0.081083333114083112,0.24569724969315945,-2.2299974701671661,-14.919635495744169,-28.948362395762896,1915.6469400624887,100,1
937,0,-0.082310393737027643,-0.22473573208233352,-0.64342295959358087,-11.210772200506925,-22.361467160401517,1917.3774757958718,100,1
938,0,0.048991015400482681,-0.11311229973942417,-2.4594434831112375,75.441264186965455,40.121369864974753,2024.6021816428035,100,1
939,0,-0.061945139272106375,-0.021279025386971042,-1.2398172003444921,13.076431669628438,-28.069601206771079,1948.3354382112047,100,1
940,0,0.23355065649522119,-0.17061620002222591,-1.4698364230171055,-5.6110329715139677,16.335440686711284,1909.2886968905198,100,1
941,0,0.37034028053874174,0.18372748930919308,-1.8662131095648991,70.830033461687265,33.027560293187072,2017.4666417718233,100,1
942,0,-0.38459954724150952,-0.11378751150676064,-0.77047740449857349,9.6111853034744499,19.786207427583861,1979.5075534521793,100,1
943,0,-0.095230981326554789,0.041250096734776254,-0.60835088911366042,5.5047092652573504,63.541459735326519,1932.3170071013894,100,1
944,0,-0.42603563294879321,-0.1147939186037895,-1.0459929518791391,48.174955701560478,-14.182065564193442,1974.0007639477747,100,1
945,0,-0.14337300571274222,-0.28259076076940959,-2.4127474487087537,-44.786228182489978,-4.1128235143957701,2009.8901029422527,100,1
946,0,-0.031439229195350568,-0.20134288834924693,-2.2844120824457503,-47.613942564392595,-8.6510377485423913,1960.9629028807256,100,1
947,0,0.29823411878010198,0.3763321622208371,-1.5317848277899895,12.883824529503618,55.843644661235238,1950.7751707140947,100,1
948,0,-0.30461768493972502,-0.10192288010819509,-0.87177106148646111,-1.8747274634076467,45.163317581893956,1902.7479597155946,100,1
949,0,-0.08224125081597683,-0.311557037890003,-2.4544738774763841,-3.9209612396319682,10.413099675804064,1901.1509736315304,100,1
950,0,-0.020332463245359336,0.058694782249719468,-0.99445810201842666,-73.021686376551131,57.735472568470492,1953.0960229265963,100,1
951,0,0.073509327898867272,0.062160276423855389,-0.76502566433193731,57.234306749488212,22.997017894314485,1998.3427868082231,100,1
952,0,-0.35477491341564682,0.023752916326193873,-1.0019483157654405,-40.189861676550315,3.4421696086981206,1898.8230580328657,100,1
953,0,-0.4268376596084415,-0.05463020412439442,-1.9333249935634274,33.716388053819053,-66.388799051140822,1887.8289208462647,100,1
954,0,-0.45991431655067433,-0.18684281051319798,-2.2222942339258966,-43.167856938357957,52.870734558242084,1987.5383547652975,100,1
955,0,0.20069242195733558,0.43954012240221052,-2.0633850870641575,51.524544645117523,24.770671386756497,2006.3483267985016,100,1
956,0,-0.27001976346154283,0.11141269022323561,-1.1210378256559872,20.284148188754184,26.038953254532302,1885.1003604407856,100,1
957,0,0.016764664375564259,-0.083117720419273247,-2.0528153903297115,-10.78792362888551,-53.093784348765546,1983.9221797565037,100,1
958,0,-0.39895482341411298,-0.14454489740878601,-1.6309565852229448,-21.64195202550648,-6.9142988236588101,2008.948344377256,100,1
959,0,0.13378503346783893,0.43696808266247339,-1.7110160105536703,-17.144864190889201,-15.668971749331815,1954.6300787579626,100,1
960,0,-0.11893107925181558,0.0057247185677648527,-1.1361285122602907,-51.226361519171967,4.2408316261399186,1954.2240172330578,100,1
961,0,-0.130140553099797,-0.32198336103064273,-2.1908374521364871,-81.529972402550598,64.844982441454931,1962.3796533279872,100,1
962,0,-0.025693687656640048,-0.11713504283851557,-0.54412098186874192,22.53431635397309,16.994123909487413,1950.3050172289984,100,1
963,0,-0.36116852423486312,-0.22154607231876988,-2.268737435515868,-1.2355709094427163,-63.074998941924292,1925.3729731409264,100,1
964,0,-0.42084825904381967,-0.14688865907998552,-0.71497760377111907,-58.160768946405696,-32.512168326766577,1978.9688308853888,100,1
965,0,0.29389846769120975,-0.21420644735504726,-2.459493506486961,-57.143329770754832,-10.518509946897241,2071.3640202278712,100,1
966,0,0.25327692840996252,-0.28268587804330719,-1.388362045333186,-1.7181120181964125,-7.1118784048268884,2024.6441260439292,100,1
967,0,-0.26899285954395258,0.12407962024669258,-0.43096912359510076,26.297036971535849,-12.091115232311473,1938.0002029383068,100,1
968,0,-0.15471159828764536,-0.44326103840066489,-1.2970943133736657,7.4092796164560895,-65.403264811859898,1916.2766690695273,100,1
969,0,-0.14997690834768521,0.41100674986171071,-0.82786842930430715,47.599851250463672,-15.260842030586637,1940.3393614280094,100,1
970,0,-0.10897758346784799,-0.081622255212765435,-2.1724756922963273,1.8581614115826519,41.844441607618585,1952.7153097833047,100,1
971,0,-0.38995779958014259,0.17054646871340287,-0.69657152455002203,-25.28346065306545,-24.721308527575509,1900.2687980811961,100,1
972,0,0.13880111718686849,-0.053321266695836915,-2.1361579506326307,5.3953176554142468,39.630231949019937,1987.6653750842233,100,1
973,0,0.17985984463260432,0.4076906111014349,-2.4619960327497239,-38.311609045134801,24.955414350203288,1947.5207222864908,100,1
974,0,-0.0099108463270342513,-0.033934129245410803,-0.76835741599601348,24.220873434848077,44.285660057222209,1995.6813043192192,100,1
975,0,-0.021098672090755072,0.09605785953858284,-1.6070742093150625,54.496323591152901,71.604149501418135,1933.6438181786625,100,1
976,0,-0.065892387128687002,0.18789201405946984,-2.3244900035242226,4.9861695505262817,49.117923509543154,1926.5118070340138,100,1
977,0,0.45490077029783083,0.1941416217603926,-0.7130672718840001,-27.901538828326132,-13.249126704204043,2034.6118011552383,100,1
978,0,-0.24512091563977784,-0.026593389590005498,-1.742849513792287,-27.607437067761268,-62.456304467066424,1950.5411656148108,100,1
979,0,-0.33969837748637738,-0.28779957564954062,-1.9579154514399462,57.671315113102601,45.458235405347814,1999.5496658535021,100,1
980,0,-0.23061441949872513,0.12649597589389472,-0.63561900491251866,20.722979834776144,35.580183573700211,1950.6996866297113,100,1
981,0,-0.073568978912236585,0.21885239857322367,-1.1761002571694046,69.990477319511896,-28.297153710722078,1925.3525764383526,100,1
982,0,0.24126881721398391,-0.31343934080128771,-0.73981981063951163,18.479132913686112,9.6026006390454413,1972.9640553853415,100,1
983,0,0.14667877781245731,-0.09201322203201498,-0.71695300914328974,66.609075936999304,-76.872870336092149,1984.4622119639039,100,1
984,0,-0.28849490131147904,-0.038426751582890648,-1.1159591683622601,-0.27078210213402509,-41.215048054455153,1939.6512731509133,100,1
985,0,0.33704797359951388,0.29740437482756343,-0.74380706061618407,37.913471934112202,-36.546313572098455,2011.7547610251909,100,1
986,0,0.22014916550536906,-0.27677092154804517,-0.4250048603587715,17.571108130096032,13.782891974071251,1951.3917096381701,100,1
987,0,-0.093298929375473183,0.42766474802062404,-2.3162878315940612,6.6486367840192191,-30.397989018644555,1988.4311924804986,100,1
988,0,0.089747849359078868,-0.19497349978393044,-0.89536698334334963,47.898617100390162,18.834191172284481,1952.537362678961,100,1
989,0,-0.45321036205808801,0.081106111938137271,-1.0247832201685769,-0.43833843587807203,55.738954241441107,2033.0228900678028,100,1
990,0,0.023216514267324944,0.1018595089950437,-1.7925310253087678,22.160032723801045,40.312797398988856,1948.6370038724831,100,1
991,0,-0.028088280978112522,-0.022566686440685487,-0.83895125610628141,55.720801105352486,-59.824694488254032,1929.9367451306039,100,1
992,0,0.4367869963426661,0.16124861971706783,-1.192690941706668,46.748020178591617,-9.1681793511863177,1920.0612301259687,100,1
993,0,0.39004818040196559,-0.23796854543378471,-1.7604502081561839,-12.928437265306863,3.0748280048209251,1878.1184550062942,100,1
994,0,0.12883247567756279,0.36348995311437571,-1.4706784978681655,14.91213872466682,-20.649308535105185,1917.5349906197539,100,1
995,0,0.11062807246506703,-0.24594367737958167,-1.7128871933551628,-9.8535558628535416,-25.321940579670891,1946.0909408531384,100,1
996,0,0.22597963972378551,0.39199414546947303,-0.66576037872176008,-44.876721828778372,19.589989836292176,1963.7443220894409,100,1
997,0,-0.34165532312726515,-0.17674690435914484,-1.6221465132990824,51.265980191091607,2.5884797083330779,1971.9174595032721,100,1
998,0,0.29851025349083371,-0.32474148741799996,-1.6658474338562488,15.410253468807696,-8.2812983769817503,2009.7535143846685,100,1
999,0,0.29772069579453564,-0.18470693510332861,-1.3425861118392954,-11.032275060044213,-31.83986721063431,2006.2348435389149,100,1
1000,0,-0.42796119455969195,-0.072433378726332348,-2.0180612813692664,13.574430784739949,-27.109073092080845,1982.3636757660333,100,1
